{"type":"FeatureCollection","features":[{"type":"Feature","properties":{"nom":"MEUSE 3","code":"B1R472","longueurKm":180748.720371,"strahler":5.0},"geometry":{"type":"MultiLineString","coordinates":[[[5.685,48.355],[5.686,48.366],[5.702,48.379],[5.695,48.386],[5.677,48.391],[5.675,48.393],[5.676,48.4],[5.682,48.406],[5.678,48.414],[5.674,48.415],[5.673,48.422],[5.677,48.423],[5.676,48.424],[5.679,48.428],[5.674,48.432],[5.675,48.438],[5.679,48.446],[5.684,48.444],[5.689,48.448],[5.693,48.448],[5.698,48.458],[5.704,48.461],[5.699,48.472],[5.707,48.475],[5.706,48.484],[5.713,48.49],[5.715,48.507],[5.722,48.518],[5.734,48.524],[5.736,48.529],[5.72,48.537],[5.715,48.535],[5.715,48.526],[5.712,48.525],[5.706,48.526],[5.7,48.528],[5.698,48.541],[5.689,48.546],[5.674,48.549],[5.674,48.558],[5.677,48.56],[5.68,48.559],[5.685,48.565],[5.687,48.577],[5.684,48.578],[5.687,48.586],[5.683,48.593],[5.686,48.594],[5.676,48.606],[5.68,48.607],[5.687,48.619],[5.686,48.621],[5.683,48.619],[5.681,48.622],[5.683,48.626],[5.707,48.633],[5.703,48.634],[5.707,48.642],[5.701,48.643],[5.699,48.647],[5.682,48.647],[5.686,48.657],[5.696,48.657],[5.715,48.661],[5.715,48.659],[5.719,48.66],[5.724,48.67],[5.719,48.684],[5.708,48.693],[5.711,48.697],[5.706,48.699],[5.71,48.702],[5.709,48.706],[5.705,48.706],[5.705,48.704],[5.701,48.706],[5.699,48.705],[5.678,48.709],[5.666,48.703],[5.665,48.706],[5.666,48.701],[5.661,48.701],[5.662,48.698],[5.655,48.699],[5.655,48.703],[5.647,48.694],[5.643,48.694],[5.643,48.696],[5.632,48.694],[5.626,48.702],[5.631,48.706],[5.63,48.711],[5.633,48.72],[5.643,48.722],[5.648,48.727],[5.644,48.73],[5.649,48.736],[5.633,48.737],[5.62,48.742]],[[5.69,48.714],[5.666,48.716],[5.666,48.732],[5.653,48.74],[5.634,48.743],[5.62,48.742]],[[5.62,48.742],[5.607,48.756]],[[5.607,48.756],[5.593,48.767],[5.575,48.772],[5.571,48.774],[5.568,48.778]],[[5.607,48.756],[5.614,48.765],[5.611,48.768],[5.603,48.768],[5.589,48.775],[5.577,48.775],[5.575,48.777],[5.573,48.775],[5.568,48.778]],[[5.568,48.778],[5.567,48.786],[5.572,48.795],[5.561,48.797],[5.559,48.794],[5.559,48.8],[5.536,48.803],[5.532,48.807],[5.536,48.814],[5.534,48.821],[5.53,48.823],[5.526,48.831],[5.518,48.832],[5.509,48.84],[5.516,48.849],[5.526,48.851],[5.529,48.848],[5.537,48.855],[5.547,48.857],[5.548,48.869],[5.534,48.871],[5.527,48.868],[5.523,48.87],[5.512,48.866],[5.514,48.864],[5.507,48.863],[5.507,48.86],[5.491,48.865],[5.491,48.87],[5.5,48.879],[5.513,48.885]],[[5.513,48.885],[5.529,48.885],[5.536,48.889]],[[5.513,48.885],[5.513,48.889],[5.536,48.889]],[[5.536,48.889],[5.543,48.897],[5.539,48.906],[5.52,48.916],[5.517,48.921],[5.508,48.923],[5.506,48.928],[5.501,48.927],[5.499,48.93],[5.496,48.929],[5.492,48.934],[5.498,48.936],[5.496,48.94],[5.504,48.95],[5.501,48.954],[5.506,48.968],[5.502,48.968],[5.495,48.973],[5.481,48.977],[5.481,48.98],[5.472,48.983],[5.465,48.997],[5.462,48.998],[5.462,48.997],[5.459,48.997],[5.458,49.0],[5.455,49.0],[5.457,49.003],[5.452,49.002],[5.443,49.007],[5.431,49.008],[5.434,49.014],[5.429,49.017],[5.428,49.02],[5.426,49.019],[5.417,49.023],[5.418,49.026],[5.414,49.028],[5.416,49.054],[5.411,49.059],[5.424,49.062],[5.414,49.069],[5.415,49.076],[5.423,49.077],[5.417,49.081],[5.421,49.084],[5.418,49.089],[5.403,49.095],[5.405,49.102],[5.401,49.107],[5.407,49.107],[5.41,49.111],[5.407,49.115],[5.414,49.117],[5.406,49.119],[5.41,49.124],[5.407,49.132],[5.393,49.135],[5.392,49.14],[5.379,49.142],[5.376,49.149],[5.386,49.157],[5.387,49.165],[5.383,49.171],[5.371,49.174]]]}},{"type":"Feature","properties":{"nom":"MEUSE 4","code":"B1R473","longueurKm":24827.8960546,"strahler":5.0},"geometry":{"type":"LineString","coordinates":[[5.371,49.174],[5.349,49.181],[5.356,49.191],[5.359,49.19],[5.369,49.196],[5.359,49.199],[5.363,49.202],[5.36,49.203],[5.369,49.21],[5.364,49.22],[5.355,49.218],[5.351,49.222],[5.338,49.222],[5.334,49.224],[5.31,49.219],[5.296,49.223],[5.295,49.233],[5.303,49.235],[5.301,49.241],[5.326,49.242],[5.329,49.246],[5.323,49.247],[5.332,49.253],[5.331,49.256],[5.32,49.259],[5.321,49.263],[5.316,49.266],[5.3,49.268],[5.298,49.269],[5.302,49.272]]}},{"type":"Feature","properties":{"nom":"MEUSE 5","code":"B1R474","longueurKm":83407.0941349,"strahler":5.0},"geometry":{"type":"MultiLineString","coordinates":[[[5.302,49.272],[5.285,49.282]],[[5.285,49.282],[5.28,49.286]],[[5.285,49.282],[5.283,49.283],[5.28,49.286]],[[5.28,49.286],[5.27,49.302]],[[5.27,49.302],[5.268,49.307],[5.264,49.313],[5.261,49.332],[5.25,49.333]],[[5.27,49.302],[5.265,49.304],[5.267,49.307],[5.264,49.311],[5.261,49.308],[5.255,49.309],[5.257,49.327],[5.255,49.332],[5.25,49.333]],[[5.241,49.331],[5.233,49.328],[5.228,49.329],[5.221,49.328],[5.201,49.335],[5.19,49.341],[5.187,49.348],[5.192,49.367],[5.19,49.373]],[[5.241,49.331],[5.24,49.328],[5.23,49.327],[5.218,49.328],[5.196,49.335],[5.191,49.335],[5.189,49.339],[5.184,49.339],[5.186,49.343],[5.181,49.344],[5.179,49.352],[5.18,49.357],[5.187,49.361],[5.185,49.365],[5.19,49.373]],[[5.25,49.333],[5.241,49.331]],[[5.19,49.373],[5.184,49.382]],[[5.184,49.382],[5.179,49.386]],[[5.184,49.382],[5.181,49.383],[5.179,49.386]],[[5.179,49.386],[5.177,49.39],[5.179,49.397],[5.196,49.407]],[[5.196,49.407],[5.211,49.455],[5.202,49.472]],[[5.196,49.407],[5.191,49.414],[5.201,49.425],[5.191,49.427],[5.194,49.433],[5.184,49.437],[5.186,49.44],[5.183,49.442],[5.189,49.446],[5.184,49.452],[5.193,49.453],[5.188,49.455],[5.193,49.456],[5.19,49.459],[5.195,49.46],[5.192,49.462],[5.195,49.465],[5.203,49.464],[5.202,49.472]],[[5.202,49.472],[5.188,49.483]],[[5.188,49.483],[5.183,49.484],[5.18,49.491]],[[5.188,49.483],[5.18,49.491]],[[5.18,49.491],[5.18,49.493]],[[5.18,49.493],[5.183,49.502],[5.175,49.514],[5.17,49.532],[5.166,49.54],[5.157,49.547]],[[5.18,49.493],[5.179,49.501],[5.173,49.501],[5.172,49.504],[5.176,49.509],[5.172,49.51],[5.175,49.513],[5.17,49.519],[5.172,49.521],[5.168,49.528],[5.169,49.53],[5.161,49.532],[5.164,49.538],[5.159,49.54],[5.157,49.547]],[[5.107,49.538],[5.091,49.535]],[[5.119,49.541],[5.111,49.538],[5.107,49.538]],[[5.119,49.541],[5.115,49.541],[5.107,49.538]],[[5.157,49.547],[5.151,49.55],[5.137,49.552],[5.128,49.548],[5.123,49.542],[5.121,49.541],[5.12,49.541],[5.119,49.541]]]}},{"type":"Feature","properties":{"nom":"MEUSE 6","code":"B1R475","longueurKm":62000.2116403,"strahler":6.0},"geometry":{"type":"MultiLineString","coordinates":[[[5.091,49.535],[5.088,49.537],[5.091,49.54],[5.089,49.545],[5.094,49.55],[5.096,49.558],[5.088,49.561],[5.081,49.56]],[[5.065,49.559],[5.062,49.561],[5.065,49.566],[5.083,49.576],[5.095,49.587],[5.092,49.601],[5.085,49.602],[5.077,49.607]],[[5.081,49.56],[5.069,49.558],[5.065,49.559]],[[5.081,49.56],[5.072,49.558],[5.071,49.555],[5.065,49.559]],[[5.077,49.607],[5.07,49.609],[5.067,49.612]],[[5.077,49.607],[5.067,49.612]],[[5.067,49.612],[5.034,49.623],[5.031,49.636]],[[5.031,49.636],[5.025,49.645],[5.004,49.65],[4.973,49.667]],[[5.031,49.636],[5.028,49.649],[5.025,49.65],[5.022,49.647],[5.01,49.656],[5.004,49.655],[5.009,49.653],[5.005,49.651],[4.997,49.655],[4.998,49.658],[4.985,49.663],[4.984,49.667],[4.973,49.667]],[[4.973,49.667],[4.969,49.669]],[[4.964,49.668],[4.969,49.669]],[[4.964,49.668],[4.949,49.674],[4.943,49.689],[4.934,49.697]],[[4.969,49.669],[4.967,49.672],[4.964,49.668]],[[4.868,49.693],[4.862,49.694],[4.855,49.699],[4.841,49.697]],[[4.881,49.693],[4.875,49.692],[4.868,49.693]],[[4.881,49.693],[4.868,49.693]],[[4.934,49.697],[4.936,49.705]],[[4.934,49.697],[4.943,49.699],[4.943,49.703],[4.936,49.705]],[[4.936,49.705],[4.933,49.709],[4.917,49.713]],[[4.898,49.706],[4.896,49.702],[4.9,49.7],[4.897,49.694],[4.891,49.693],[4.881,49.693]],[[4.917,49.713],[4.898,49.706]],[[4.917,49.713],[4.913,49.714],[4.911,49.722],[4.915,49.733],[4.909,49.738],[4.896,49.737],[4.891,49.734],[4.897,49.721],[4.898,49.706]]]}},{"type":"Feature","properties":{"nom":"MEUSE 7","code":"B1R476","longueurKm":41611.2070231,"strahler":6.0},"geometry":{"type":"MultiLineString","coordinates":[[[4.818,49.694],[4.807,49.696]],[[4.818,49.694],[4.812,49.696],[4.807,49.696]],[[4.807,49.696],[4.792,49.696],[4.779,49.699],[4.767,49.711],[4.773,49.718],[4.782,49.722],[4.784,49.731],[4.777,49.733],[4.775,49.737],[4.779,49.744]],[[4.841,49.697],[4.829,49.694],[4.823,49.694],[4.818,49.694]],[[4.779,49.744],[4.77,49.745],[4.759,49.751],[4.759,49.754]],[[4.779,49.744],[4.759,49.754]],[[4.759,49.754],[4.726,49.757]],[[4.726,49.757],[4.723,49.763]],[[4.726,49.757],[4.698,49.761],[4.69,49.756],[4.682,49.756],[4.676,49.759],[4.677,49.767],[4.681,49.767],[4.693,49.776],[4.7,49.771],[4.702,49.768],[4.716,49.765],[4.718,49.762],[4.723,49.763]],[[4.723,49.763],[4.733,49.769],[4.733,49.773]],[[4.741,49.773],[4.746,49.77],[4.752,49.773],[4.752,49.781],[4.758,49.794],[4.757,49.8],[4.742,49.81],[4.741,49.815]],[[4.733,49.773],[4.741,49.773]],[[4.733,49.773],[4.719,49.777],[4.718,49.783],[4.73,49.783],[4.741,49.773]]]}},{"type":"Feature","properties":{"nom":"MEUSE 8","code":"B1R477","longueurKm":104918.661752,"strahler":6.0},"geometry":{"type":"MultiLineString","coordinates":[[[4.741,49.815],[4.752,49.833]],[[4.752,49.833],[4.752,49.836],[4.756,49.838]],[[4.752,49.833],[4.756,49.838]],[[4.756,49.838],[4.764,49.84],[4.775,49.832],[4.779,49.834],[4.782,49.84],[4.777,49.849],[4.756,49.858]],[[4.756,49.858],[4.751,49.861]],[[4.756,49.858],[4.754,49.86],[4.751,49.861]],[[4.751,49.861],[4.736,49.858],[4.742,49.876],[4.734,49.888],[4.727,49.885],[4.728,49.881]],[[4.709,49.878],[4.704,49.889],[4.707,49.903],[4.704,49.909]],[[4.728,49.881],[4.73,49.876],[4.72,49.869],[4.714,49.87],[4.709,49.878]],[[4.728,49.881],[4.731,49.876],[4.72,49.868],[4.713,49.869],[4.709,49.878]],[[4.684,49.903],[4.676,49.912],[4.676,49.922]],[[4.684,49.903],[4.681,49.904],[4.673,49.914],[4.676,49.922]],[[4.704,49.909],[4.704,49.912],[4.701,49.914]],[[4.704,49.909],[4.701,49.914]],[[4.701,49.914],[4.696,49.915],[4.691,49.913],[4.689,49.904],[4.687,49.903],[4.686,49.903],[4.684,49.903]],[[4.676,49.922],[4.678,49.929],[4.674,49.933],[4.662,49.93],[4.651,49.924],[4.647,49.924],[4.645,49.931],[4.65,49.937],[4.646,49.94]],[[4.646,49.94],[4.646,49.945]],[[4.646,49.94],[4.638,49.94],[4.637,49.935],[4.631,49.931],[4.627,49.931],[4.621,49.936],[4.628,49.944],[4.646,49.945]],[[4.646,49.945],[4.652,49.947],[4.655,49.956],[4.663,49.966],[4.664,49.978],[4.67,49.981],[4.68,49.979]],[[4.688,49.978],[4.68,49.979]],[[4.688,49.978],[4.696,49.989],[4.702,49.989],[4.703,49.987]],[[4.68,49.979],[4.684,49.978],[4.688,49.978]],[[4.704,49.983],[4.703,49.987]],[[4.704,49.983],[4.708,49.982],[4.712,49.984],[4.715,49.993],[4.71,49.998],[4.699,49.994],[4.694,50.0]],[[4.703,49.987],[4.703,49.984],[4.704,49.983]],[[4.694,50.0],[4.698,50.009]],[[4.694,50.0],[4.694,50.006],[4.698,50.009]],[[4.698,50.009],[4.705,50.011],[4.716,50.01],[4.728,50.015]],[[4.728,50.015],[4.732,50.018],[4.732,50.021]],[[4.728,50.015],[4.732,50.021]],[[4.732,50.021],[4.723,50.027],[4.728,50.034],[4.725,50.044]],[[4.725,50.044],[4.722,50.063]],[[4.725,50.044],[4.722,50.048],[4.722,50.063]],[[4.722,50.063],[4.728,50.075],[4.726,50.087],[4.732,50.093]],[[4.732,50.093],[4.74,50.094]],[[4.732,50.093],[4.735,50.094],[4.74,50.094]],[[4.74,50.094],[4.751,50.092],[4.762,50.096],[4.769,50.111]],[[4.769,50.111],[4.77,50.113],[4.777,50.116],[4.784,50.116],[4.796,50.122]],[[4.769,50.111],[4.781,50.116],[4.785,50.114],[4.79,50.109],[4.791,50.103],[4.781,50.094],[4.782,50.089],[4.788,50.085],[4.8,50.087],[4.81,50.095],[4.81,50.101],[4.796,50.122]],[[4.796,50.122],[4.8,50.129],[4.826,50.135],[4.833,50.143]],[[4.833,50.143],[4.828,50.156],[4.822,50.162],[4.824,50.166]],[[4.833,50.143],[4.833,50.152],[4.824,50.161],[4.824,50.166]],[[4.824,50.166],[4.825,50.169]]]}},{"type":"Feature","properties":{"nom":"CHIERS 3","code":"B1R723","longueurKm":71317.2758076,"strahler":5.0},"geometry":{"type":"LineString","coordinates":[[5.382,49.52],[5.376,49.522],[5.372,49.522],[5.373,49.52],[5.37,49.521],[5.368,49.509],[5.354,49.51],[5.357,49.503],[5.353,49.5],[5.341,49.502],[5.334,49.499],[5.331,49.5],[5.329,49.505],[5.344,49.517],[5.343,49.521],[5.338,49.521],[5.336,49.525],[5.335,49.523],[5.327,49.523],[5.321,49.515],[5.311,49.512],[5.313,49.503],[5.291,49.508],[5.289,49.506],[5.286,49.509],[5.291,49.512],[5.306,49.512],[5.312,49.517],[5.303,49.519],[5.288,49.532],[5.282,49.533],[5.283,49.535],[5.274,49.53],[5.272,49.52],[5.266,49.521],[5.257,49.531],[5.237,49.539],[5.235,49.542],[5.237,49.542],[5.231,49.547],[5.226,49.547],[5.227,49.554],[5.232,49.558],[5.231,49.561],[5.234,49.562],[5.236,49.57],[5.24,49.572],[5.236,49.581],[5.24,49.583],[5.245,49.583],[5.247,49.588],[5.243,49.593],[5.243,49.597],[5.247,49.597],[5.24,49.601],[5.237,49.607],[5.229,49.612],[5.218,49.615],[5.201,49.611],[5.186,49.619],[5.182,49.617],[5.182,49.621],[5.177,49.622],[5.177,49.62],[5.164,49.63],[5.152,49.629],[5.149,49.632],[5.146,49.631],[5.143,49.639],[5.138,49.637],[5.138,49.639],[5.135,49.639],[5.136,49.651],[5.133,49.651],[5.124,49.66],[5.121,49.66],[5.122,49.658],[5.118,49.66],[5.117,49.657],[5.111,49.663],[5.109,49.66],[5.099,49.665],[5.098,49.663],[5.088,49.666],[5.076,49.671],[5.076,49.674],[5.072,49.674],[5.063,49.673],[5.055,49.666],[5.05,49.669],[5.039,49.667],[5.031,49.661],[5.021,49.663],[5.014,49.66],[5.012,49.662],[5.001,49.662],[4.994,49.658]]}},{"type":"Feature","properties":{"nom":"RHIN 1","code":"CR1","longueurKm":58644.2218808,"strahler":6.0},"geometry":{"type":"LineString","coordinates":[[7.585,47.576],[7.593,47.602],[7.574,47.617],[7.567,47.633],[7.539,47.648],[7.521,47.662],[7.52,47.684],[7.511,47.697],[7.514,47.704],[7.54,47.719],[7.548,47.731],[7.548,47.74],[7.528,47.781],[7.545,47.81],[7.55,47.824],[7.562,47.84],[7.563,47.853],[7.555,47.868],[7.557,47.88],[7.581,47.896],[7.584,47.903],[7.581,47.924],[7.583,47.931],[7.61,47.954],[7.622,47.972],[7.62,47.983],[7.612,47.996],[7.569,48.035]]}},{"type":"Feature","properties":{"nom":"FORSTLACH","code":"CR109","longueurKm":1619.32788385,"strahler":5.0},"geometry":{"type":"LineString","coordinates":[[7.448,48.214],[7.453,48.219],[7.455,48.226]]}},{"type":"Feature","properties":{"nom":"MODER 4","code":"CR155","longueurKm":20357.985886,"strahler":5.0},"geometry":{"type":"MultiLineString","coordinates":[[[7.865,48.768],[7.876,48.765],[7.897,48.752],[7.908,48.755],[7.923,48.752],[7.929,48.755],[7.941,48.755],[7.949,48.761],[7.974,48.771],[7.973,48.773]],[[7.804,48.78],[7.82,48.777],[7.832,48.772],[7.844,48.773],[7.865,48.768]],[[7.827,48.804],[7.834,48.796],[7.863,48.779],[7.867,48.772],[7.865,48.768]]]}},{"type":"Feature","properties":{"nom":"MODER 5","code":"CR156","longueurKm":20419.9044139,"strahler":5.0},"geometry":{"type":"LineString","coordinates":[[7.973,48.773],[7.967,48.776],[7.971,48.781],[7.998,48.781],[8.018,48.79],[8.017,48.792],[8.006,48.796],[8.003,48.802],[8.006,48.809],[8.033,48.809],[8.038,48.8],[8.051,48.799],[8.052,48.805],[8.067,48.82],[8.072,48.82],[8.076,48.816],[8.082,48.815],[8.098,48.817],[8.102,48.835],[8.108,48.839]]}},{"type":"Feature","properties":{"nom":"SAUER 3","code":"CR160","longueurKm":16579.4375139,"strahler":5.0},"geometry":{"type":"LineString","coordinates":[[8.045,48.855],[8.058,48.852],[8.065,48.854],[8.069,48.863],[8.062,48.868],[8.067,48.873],[8.077,48.874],[8.086,48.866],[8.088,48.872],[8.106,48.876],[8.112,48.882],[8.106,48.89],[8.114,48.892],[8.115,48.897],[8.12,48.899],[8.119,48.903],[8.129,48.916],[8.141,48.92],[8.159,48.916]]}},{"type":"Feature","properties":{"nom":"ILL 3","code":"CR18","longueurKm":16755.3263047,"strahler":5.0},"geometry":{"type":"LineString","coordinates":[[7.259,47.676],[7.26,47.68],[7.268,47.682],[7.267,47.686],[7.273,47.687],[7.278,47.692],[7.286,47.693],[7.298,47.705],[7.307,47.706],[7.3,47.713],[7.306,47.717],[7.307,47.723],[7.322,47.735],[7.329,47.75],[7.327,47.755],[7.33,47.764],[7.336,47.77],[7.35,47.775]]}},{"type":"Feature","properties":{"nom":"ILL 4","code":"CR19","longueurKm":42593.416257,"strahler":5.0},"geometry":{"type":"LineString","coordinates":[[7.35,47.775],[7.358,47.778],[7.361,47.782],[7.362,47.795],[7.357,47.799],[7.36,47.802],[7.355,47.804],[7.358,47.805],[7.356,47.808],[7.359,47.811],[7.36,47.821],[7.366,47.827],[7.364,47.834],[7.36,47.834],[7.358,47.837],[7.363,47.846],[7.357,47.85],[7.36,47.856],[7.353,47.861],[7.34,47.879],[7.35,47.886],[7.356,47.906],[7.355,47.91],[7.365,47.917],[7.377,47.933],[7.383,47.947],[7.395,47.959],[7.399,47.969],[7.398,47.975],[7.404,47.981],[7.406,47.998],[7.399,48.018],[7.41,48.024],[7.407,48.032],[7.418,48.042],[7.408,48.065],[7.4,48.072],[7.387,48.075],[7.384,48.094]]}},{"type":"Feature","properties":{"nom":"MOSELLE 3","code":"CR210","longueurKm":23630.1207463,"strahler":5.0},"geometry":{"type":"LineString","coordinates":[[6.567,48.114],[6.544,48.122],[6.543,48.116],[6.54,48.116],[6.531,48.123],[6.521,48.124],[6.521,48.127],[6.512,48.13],[6.514,48.137],[6.511,48.141],[6.498,48.147],[6.486,48.143],[6.476,48.142],[6.462,48.151],[6.451,48.153],[6.456,48.161],[6.453,48.166],[6.445,48.169],[6.45,48.178],[6.442,48.187],[6.45,48.195],[6.441,48.205],[6.446,48.231],[6.441,48.234],[6.441,48.24]]}},{"type":"Feature","properties":{"nom":"RHIN 2","code":"CR2","longueurKm":103645.339684,"strahler":6.0},"geometry":{"type":"MultiLineString","coordinates":[[[7.569,48.035],[7.574,48.055],[7.569,48.083],[7.579,48.1]],[[7.579,48.1],[7.571,48.112],[7.571,48.122],[7.591,48.156],[7.599,48.163],[7.612,48.168]],[[7.579,48.1],[7.578,48.122],[7.598,48.135],[7.599,48.156],[7.612,48.168]],[[7.612,48.168],[7.631,48.186],[7.648,48.211]],[[7.648,48.211],[7.661,48.216],[7.666,48.221],[7.688,48.276],[7.691,48.296],[7.696,48.304],[7.703,48.309]],[[7.648,48.211],[7.666,48.234],[7.682,48.298],[7.691,48.306],[7.703,48.309]],[[7.703,48.309],[7.734,48.318],[7.743,48.326],[7.745,48.332],[7.739,48.354]],[[7.739,48.354],[7.725,48.369],[7.721,48.385],[7.731,48.408],[7.743,48.417]],[[7.739,48.354],[7.731,48.375],[7.731,48.385],[7.734,48.399],[7.743,48.417]],[[7.743,48.417],[7.763,48.451],[7.767,48.462],[7.767,48.488],[7.773,48.494]],[[7.773,48.494],[7.782,48.499],[7.796,48.503],[7.804,48.512],[7.805,48.557]],[[7.773,48.494],[7.792,48.517],[7.8,48.55],[7.805,48.557]],[[7.805,48.557],[7.801,48.576]]]}},{"type":"Feature","properties":{"nom":"ILL 5","code":"CR20","longueurKm":51521.0949366,"strahler":5.0},"geometry":{"type":"MultiLineString","coordinates":[[[7.384,48.094],[7.389,48.113],[7.395,48.114],[7.397,48.122],[7.409,48.132],[7.407,48.137],[7.417,48.142],[7.416,48.144],[7.426,48.154],[7.424,48.155],[7.428,48.159],[7.425,48.163],[7.429,48.174],[7.427,48.176],[7.433,48.186]],[[7.433,48.186],[7.444,48.189],[7.448,48.196]],[[7.433,48.186],[7.438,48.194],[7.436,48.202],[7.445,48.224],[7.444,48.232],[7.45,48.24],[7.449,48.248],[7.454,48.254]],[[7.448,48.196],[7.454,48.2],[7.457,48.207]],[[7.448,48.196],[7.454,48.21]],[[7.457,48.207],[7.459,48.207],[7.474,48.226],[7.478,48.238]],[[7.457,48.207],[7.455,48.21]],[[7.455,48.21],[7.464,48.228],[7.463,48.234],[7.458,48.236],[7.459,48.243]],[[7.455,48.21],[7.454,48.21]],[[7.454,48.21],[7.457,48.22],[7.454,48.228],[7.456,48.236],[7.459,48.243]],[[7.478,48.238],[7.479,48.249],[7.487,48.255]],[[7.478,48.238],[7.484,48.24],[7.498,48.255],[7.502,48.255]],[[7.459,48.243],[7.459,48.248],[7.465,48.252]],[[7.465,48.252],[7.467,48.254]],[[7.465,48.252],[7.467,48.252],[7.476,48.252],[7.48,48.254]],[[7.48,48.254],[7.487,48.255]],[[7.48,48.254],[7.491,48.257],[7.492,48.26]],[[7.487,48.255],[7.497,48.255],[7.494,48.259]]]}},{"type":"Feature","properties":{"nom":"MOSELLE 4","code":"CR211","longueurKm":65586.4492591,"strahler":5.0},"geometry":{"type":"LineString","coordinates":[[6.441,48.24],[6.431,48.254],[6.424,48.26],[6.427,48.266],[6.419,48.275],[6.413,48.277],[6.402,48.276],[6.403,48.283],[6.398,48.288],[6.398,48.3],[6.403,48.308],[6.387,48.314],[6.377,48.322],[6.359,48.327],[6.354,48.336],[6.341,48.342],[6.332,48.355],[6.311,48.359],[6.301,48.368],[6.302,48.371],[6.298,48.371],[6.294,48.377],[6.277,48.376],[6.272,48.379],[6.274,48.387],[6.268,48.39],[6.258,48.405],[6.265,48.418],[6.27,48.421],[6.267,48.425],[6.271,48.428],[6.268,48.429],[6.279,48.432],[6.284,48.441],[6.291,48.444],[6.298,48.443],[6.297,48.448],[6.31,48.447],[6.31,48.452],[6.316,48.457],[6.309,48.476],[6.299,48.484],[6.302,48.489],[6.299,48.494],[6.301,48.498],[6.293,48.5],[6.295,48.505],[6.289,48.509],[6.284,48.521],[6.278,48.528],[6.265,48.532],[6.257,48.542],[6.247,48.544],[6.245,48.551],[6.236,48.551],[6.229,48.554],[6.229,48.56],[6.224,48.563],[6.206,48.567],[6.192,48.566],[6.185,48.576],[6.163,48.584],[6.149,48.604],[6.13,48.607],[6.119,48.607],[6.108,48.604],[6.103,48.606]]}},{"type":"Feature","properties":{"nom":"ILL 6","code":"CR21","longueurKm":43777.8892873,"strahler":5.0},"geometry":{"type":"MultiLineString","coordinates":[[[7.454,48.254],[7.457,48.256],[7.467,48.254],[7.475,48.254],[7.515,48.267],[7.52,48.274],[7.519,48.279],[7.514,48.28],[7.52,48.285],[7.516,48.285],[7.517,48.288]],[[7.517,48.288],[7.518,48.295]],[[7.517,48.288],[7.518,48.288],[7.519,48.288],[7.52,48.288],[7.526,48.291],[7.53,48.296]],[[7.518,48.295],[7.518,48.297]],[[7.518,48.295],[7.528,48.303],[7.527,48.313]],[[7.53,48.296],[7.536,48.299],[7.538,48.309],[7.546,48.314],[7.542,48.326]],[[7.53,48.296],[7.528,48.3],[7.532,48.306],[7.53,48.312],[7.527,48.313]],[[7.518,48.297],[7.526,48.303],[7.524,48.308],[7.526,48.314]],[[7.518,48.297],[7.516,48.301],[7.508,48.301],[7.51,48.307],[7.516,48.311],[7.521,48.311],[7.53,48.32]],[[7.527,48.313],[7.526,48.314]],[[7.526,48.314],[7.53,48.32]],[[7.53,48.32],[7.537,48.321],[7.542,48.326]],[[7.542,48.326],[7.544,48.332],[7.548,48.335],[7.547,48.341],[7.553,48.343],[7.563,48.343],[7.58,48.355],[7.586,48.354],[7.597,48.368],[7.601,48.369],[7.603,48.366],[7.609,48.368],[7.616,48.373],[7.621,48.382],[7.634,48.385],[7.661,48.406]]]}},{"type":"Feature","properties":{"nom":"ILL 7","code":"CR22","longueurKm":56073.4049097,"strahler":5.0},"geometry":{"type":"LineString","coordinates":[[7.661,48.406],[7.664,48.415],[7.669,48.419],[7.665,48.427],[7.676,48.431],[7.673,48.435],[7.678,48.441],[7.674,48.445],[7.681,48.456],[7.684,48.46],[7.696,48.463],[7.694,48.468],[7.707,48.482],[7.699,48.499],[7.7,48.504],[7.707,48.506],[7.699,48.515],[7.704,48.518],[7.709,48.534],[7.72,48.537],[7.725,48.542],[7.714,48.546],[7.712,48.548],[7.716,48.55],[7.727,48.549],[7.732,48.554],[7.727,48.562],[7.714,48.563],[7.714,48.57],[7.734,48.573],[7.738,48.58],[7.75,48.579],[7.763,48.588],[7.768,48.595],[7.775,48.599],[7.774,48.602],[7.765,48.604],[7.77,48.609],[7.768,48.614],[7.771,48.618],[7.785,48.618],[7.785,48.625],[7.789,48.629],[7.8,48.626],[7.804,48.627],[7.801,48.633],[7.793,48.637],[7.794,48.642],[7.8,48.64],[7.81,48.646],[7.82,48.644],[7.823,48.647],[7.819,48.652],[7.825,48.655],[7.843,48.655],[7.859,48.661],[7.868,48.66],[7.876,48.667],[7.882,48.665],[7.89,48.666],[7.905,48.684],[7.929,48.7],[7.935,48.702]]}},{"type":"Feature","properties":{"nom":"MOSELLE 5","code":"CR212","longueurKm":64193.1778135,"strahler":6.0},"geometry":{"type":"MultiLineString","coordinates":[[[6.103,48.606],[6.077,48.615],[6.076,48.618],[6.063,48.623],[6.049,48.623],[6.041,48.637],[6.041,48.648],[6.035,48.654],[6.021,48.661],[6.01,48.662],[5.998,48.653],[5.984,48.652]],[[5.902,48.648],[5.897,48.649],[5.897,48.652]],[[5.902,48.648],[5.897,48.652]],[[5.967,48.648],[5.945,48.643],[5.902,48.648]],[[5.897,48.652],[5.891,48.666],[5.907,48.683],[5.915,48.688],[5.935,48.689],[5.945,48.693],[5.968,48.711],[5.98,48.717],[5.984,48.732]],[[5.897,48.652],[5.901,48.66],[5.897,48.666],[5.897,48.671],[5.901,48.676],[5.91,48.68],[5.916,48.685],[5.934,48.687],[5.937,48.684],[5.946,48.689],[5.954,48.689],[5.956,48.695],[5.967,48.703],[5.97,48.71],[5.982,48.716],[5.985,48.722],[5.984,48.732]],[[5.984,48.652],[5.967,48.648]],[[5.984,48.652],[5.975,48.651],[5.967,48.648]],[[5.984,48.732],[6.017,48.753],[6.033,48.757],[6.059,48.756],[6.061,48.754],[6.055,48.748],[6.062,48.745],[6.097,48.759],[6.12,48.762],[6.133,48.767],[6.138,48.778],[6.142,48.781]]]}},{"type":"Feature","properties":{"nom":"MOSELLE 6","code":"CR213","longueurKm":172678.633184,"strahler":6.0},"geometry":{"type":"MultiLineString","coordinates":[[[6.136,48.776],[6.132,48.785],[6.116,48.791],[6.113,48.793]],[[6.142,48.781],[6.139,48.79],[6.124,48.79],[6.113,48.793]],[[6.113,48.793],[6.11,48.799],[6.116,48.806]],[[6.116,48.806],[6.124,48.811],[6.126,48.815],[6.125,48.819],[6.116,48.821]],[[6.116,48.806],[6.119,48.813],[6.116,48.821]],[[6.116,48.821],[6.103,48.824],[6.088,48.823],[6.083,48.827]],[[6.083,48.827],[6.075,48.84],[6.076,48.861],[6.055,48.895],[6.06,48.901]],[[6.083,48.827],[6.083,48.83],[6.089,48.838],[6.079,48.846],[6.077,48.862],[6.092,48.87],[6.094,48.875],[6.087,48.879],[6.077,48.876],[6.073,48.876],[6.068,48.886],[6.061,48.892],[6.06,48.901]],[[6.06,48.901],[6.054,48.907]],[[6.054,48.907],[6.045,48.914],[6.041,48.921],[6.04,48.931],[6.043,48.946],[6.031,48.973],[6.029,48.99],[6.04,49.002],[6.042,49.012],[6.054,49.029]],[[6.054,48.907],[6.043,48.918],[6.045,48.926],[6.042,48.932],[6.046,48.935],[6.055,48.934],[6.059,48.936],[6.058,48.939],[6.049,48.942],[6.047,48.945],[6.048,48.951],[6.056,48.959],[6.042,48.974],[6.043,48.98],[6.035,48.989],[6.046,49.0],[6.045,49.013],[6.055,49.02],[6.054,49.029]],[[6.054,49.029],[6.058,49.043],[6.064,49.049],[6.063,49.057],[6.069,49.061]],[[6.069,49.061],[6.074,49.07],[6.09,49.079]],[[6.069,49.061],[6.077,49.064],[6.079,49.07],[6.09,49.076],[6.09,49.079]],[[6.09,49.079],[6.091,49.087]],[[6.091,49.087],[6.099,49.094]],[[6.091,49.087],[6.097,49.093],[6.099,49.094]],[[6.099,49.094],[6.115,49.102],[6.126,49.104]],[[6.108,49.104],[6.126,49.104]],[[6.126,49.104],[6.138,49.104],[6.141,49.105],[6.142,49.107]],[[6.126,49.104],[6.142,49.107]],[[6.142,49.107],[6.142,49.115],[6.148,49.119]],[[6.148,49.119],[6.15,49.119]],[[6.148,49.119],[6.176,49.133]],[[6.15,49.119],[6.166,49.117],[6.194,49.131],[6.197,49.141]],[[6.15,49.119],[6.167,49.124],[6.176,49.133]],[[6.176,49.133],[6.191,49.137],[6.197,49.141]],[[6.197,49.141],[6.208,49.16],[6.21,49.173],[6.206,49.179],[6.189,49.184]],[[6.189,49.184],[6.18,49.198],[6.183,49.229],[6.18,49.252],[6.183,49.287]],[[6.189,49.184],[6.189,49.189],[6.201,49.201],[6.201,49.218],[6.187,49.233],[6.19,49.243],[6.183,49.253],[6.199,49.266],[6.188,49.272],[6.189,49.281],[6.183,49.287]],[[6.183,49.287],[6.18,49.293],[6.162,49.305],[6.162,49.31],[6.166,49.312]],[[6.166,49.312],[6.173,49.317],[6.169,49.325],[6.171,49.342],[6.163,49.348]],[[6.166,49.312],[6.169,49.317],[6.166,49.326],[6.168,49.342],[6.163,49.348]],[[6.163,49.348],[6.162,49.352],[6.172,49.358],[6.206,49.371],[6.207,49.376],[6.204,49.383],[6.206,49.387],[6.213,49.389],[6.225,49.387],[6.255,49.396]],[[6.255,49.396],[6.275,49.402]],[[6.255,49.396],[6.26,49.406],[6.268,49.402],[6.275,49.402]],[[6.275,49.402],[6.284,49.406],[6.282,49.416],[6.293,49.42],[6.301,49.429],[6.306,49.429],[6.312,49.423],[6.321,49.424],[6.32,49.438],[6.33,49.451],[6.343,49.452],[6.356,49.443],[6.368,49.449],[6.372,49.455],[6.367,49.47]]]}},{"type":"Feature","properties":{"nom":"MADON 3","code":"CR248","longueurKm":24381.394402,"strahler":5.0},"geometry":{"type":"MultiLineString","coordinates":[[[6.151,48.206],[6.149,48.214],[6.157,48.215],[6.165,48.223],[6.151,48.227],[6.153,48.237],[6.148,48.245],[6.154,48.249],[6.155,48.256],[6.159,48.258],[6.156,48.259],[6.157,48.263],[6.16,48.263],[6.158,48.268]],[[6.195,48.253],[6.191,48.257],[6.184,48.257],[6.171,48.26],[6.158,48.268]],[[6.158,48.268],[6.153,48.275],[6.14,48.272],[6.135,48.279],[6.137,48.284],[6.129,48.288],[6.142,48.295],[6.142,48.298],[6.137,48.301],[6.137,48.307],[6.146,48.31],[6.142,48.313],[6.136,48.312],[6.133,48.314]]]}},{"type":"Feature","properties":{"nom":"MADON 4","code":"CR249","longueurKm":57003.6822121,"strahler":5.0},"geometry":{"type":"LineString","coordinates":[[6.133,48.314],[6.126,48.319],[6.131,48.327],[6.137,48.33],[6.141,48.33],[6.146,48.325],[6.151,48.328],[6.147,48.329],[6.141,48.337],[6.141,48.346],[6.159,48.35],[6.16,48.353],[6.163,48.353],[6.161,48.36],[6.154,48.363],[6.148,48.363],[6.148,48.367],[6.159,48.372],[6.157,48.378],[6.168,48.386],[6.174,48.398],[6.179,48.397],[6.18,48.405],[6.185,48.408],[6.182,48.412],[6.176,48.411],[6.179,48.413],[6.174,48.415],[6.174,48.422],[6.169,48.426],[6.174,48.43],[6.179,48.431],[6.184,48.44],[6.195,48.446],[6.192,48.449],[6.182,48.45],[6.185,48.456],[6.177,48.461],[6.179,48.465],[6.165,48.479],[6.167,48.493],[6.162,48.498],[6.169,48.5],[6.172,48.497],[6.194,48.504],[6.174,48.51],[6.166,48.505],[6.162,48.505],[6.162,48.503],[6.156,48.507],[6.161,48.527],[6.16,48.53],[6.156,48.532],[6.145,48.529],[6.144,48.53],[6.147,48.531],[6.142,48.539],[6.134,48.543],[6.131,48.542],[6.132,48.545],[6.127,48.545],[6.126,48.551],[6.119,48.556],[6.12,48.558],[6.118,48.558],[6.115,48.563],[6.103,48.569],[6.108,48.576],[6.102,48.592],[6.108,48.597],[6.103,48.606]]}},{"type":"Feature","properties":{"nom":"MEURTHE 3","code":"CR279","longueurKm":38135.7144465,"strahler":5.0},"geometry":{"type":"LineString","coordinates":[[6.921,48.301],[6.916,48.306],[6.914,48.32],[6.909,48.321],[6.903,48.328],[6.897,48.326],[6.894,48.33],[6.887,48.33],[6.887,48.333],[6.884,48.333],[6.886,48.336],[6.881,48.349],[6.883,48.352],[6.871,48.359],[6.875,48.362],[6.874,48.374],[6.869,48.379],[6.87,48.381],[6.859,48.385],[6.862,48.388],[6.853,48.399],[6.845,48.401],[6.845,48.405],[6.834,48.41],[6.823,48.41],[6.812,48.413],[6.809,48.417],[6.811,48.42],[6.805,48.421],[6.796,48.418],[6.792,48.423],[6.789,48.422],[6.777,48.43],[6.776,48.433],[6.766,48.431],[6.762,48.433],[6.761,48.437],[6.754,48.438],[6.754,48.436],[6.749,48.436],[6.745,48.444],[6.734,48.456],[6.737,48.461],[6.718,48.469],[6.71,48.469],[6.711,48.475],[6.703,48.476],[6.703,48.478],[6.706,48.478],[6.705,48.481],[6.69,48.485]]}},{"type":"Feature","properties":{"nom":"MEURTHE 4","code":"CR280","longueurKm":35905.5469625,"strahler":5.0},"geometry":{"type":"LineString","coordinates":[[6.69,48.485],[6.674,48.494],[6.665,48.495],[6.66,48.5],[6.644,48.502],[6.638,48.51],[6.642,48.511],[6.638,48.513],[6.628,48.511],[6.629,48.514],[6.621,48.515],[6.614,48.522],[6.612,48.521],[6.614,48.516],[6.607,48.519],[6.608,48.517],[6.606,48.516],[6.597,48.519],[6.603,48.524],[6.59,48.525],[6.587,48.523],[6.581,48.524],[6.579,48.527],[6.57,48.527],[6.567,48.529],[6.574,48.539],[6.551,48.545],[6.556,48.548],[6.555,48.55],[6.552,48.549],[6.55,48.55],[6.554,48.555],[6.55,48.557],[6.545,48.556],[6.545,48.56],[6.543,48.561],[6.541,48.559],[6.534,48.565],[6.53,48.565],[6.53,48.571],[6.523,48.576],[6.513,48.577],[6.511,48.58],[6.503,48.58],[6.5,48.582],[6.487,48.58],[6.481,48.582],[6.472,48.582],[6.468,48.576],[6.474,48.567],[6.447,48.557]]}},{"type":"Feature","properties":{"nom":"MEURTHE 5","code":"CR281","longueurKm":15399.6406951,"strahler":5.0},"geometry":{"type":"LineString","coordinates":[[6.447,48.557],[6.437,48.557],[6.435,48.561],[6.43,48.562],[6.421,48.56],[6.416,48.562],[6.398,48.558],[6.388,48.563],[6.378,48.564],[6.37,48.577],[6.363,48.579],[6.366,48.582],[6.362,48.589],[6.351,48.591],[6.334,48.61],[6.339,48.612],[6.34,48.618],[6.336,48.625]]}},{"type":"Feature","properties":{"nom":"MEURTHE 6","code":"CR282","longueurKm":13198.1733708,"strahler":5.0},"geometry":{"type":"LineString","coordinates":[[6.336,48.625],[6.327,48.621],[6.318,48.625],[6.318,48.629],[6.315,48.628],[6.305,48.636],[6.291,48.635],[6.281,48.638],[6.269,48.646],[6.266,48.651],[6.26,48.654],[6.255,48.661],[6.233,48.66],[6.229,48.662],[6.231,48.667],[6.224,48.672],[6.215,48.674]]}},{"type":"Feature","properties":{"nom":"MEURTHE 7","code":"CR283","longueurKm":15939.5140828,"strahler":5.0},"geometry":{"type":"LineString","coordinates":[[6.215,48.674],[6.212,48.674],[6.203,48.692],[6.207,48.696],[6.202,48.7],[6.183,48.706],[6.174,48.714],[6.176,48.729],[6.171,48.735],[6.179,48.744],[6.162,48.747],[6.154,48.751],[6.142,48.764],[6.142,48.781]]}},{"type":"Feature","properties":{"nom":"RHIN 3","code":"CR3","longueurKm":41021.6813569,"strahler":6.0},"geometry":{"type":"LineString","coordinates":[[7.801,48.576],[7.803,48.591],[7.83,48.618],[7.842,48.644],[7.892,48.664],[7.964,48.722],[7.968,48.729],[7.967,48.748],[7.971,48.757],[7.982,48.761],[8.003,48.759],[8.014,48.761],[8.023,48.768],[8.026,48.783],[8.032,48.788],[8.043,48.791],[8.064,48.79],[8.079,48.796],[8.102,48.817],[8.106,48.823],[8.108,48.839]]}},{"type":"Feature","properties":{"nom":"RHIN 4","code":"CR4","longueurKm":20939.068561,"strahler":6.0},"geometry":{"type":"LineString","coordinates":[[8.108,48.839],[8.138,48.892],[8.181,48.936],[8.195,48.955],[8.203,48.96],[8.236,48.968],[8.269,48.985]]}},{"type":"Feature","properties":{"nom":"SARRE 2","code":"CR412","longueurKm":39031.8434999,"strahler":5.0},"geometry":{"type":"LineString","coordinates":[[7.013,48.677],[7.016,48.686],[7.022,48.687],[7.026,48.693],[7.024,48.694],[7.027,48.7],[7.021,48.708],[7.022,48.722],[7.032,48.729],[7.039,48.728],[7.048,48.732],[7.05,48.738],[7.056,48.743],[7.054,48.745],[7.059,48.748],[7.065,48.748],[7.062,48.748],[7.065,48.752],[7.063,48.754],[7.068,48.76],[7.065,48.761],[7.065,48.77],[7.058,48.772],[7.058,48.77],[7.055,48.771],[7.051,48.774],[7.052,48.779],[7.044,48.783],[7.041,48.782],[7.037,48.788],[7.022,48.786],[7.012,48.792],[7.003,48.792],[7.003,48.795],[7.011,48.799],[7.013,48.803],[7.005,48.814],[7.019,48.822],[7.017,48.823],[7.028,48.826],[7.028,48.84],[7.022,48.845],[7.025,48.848],[7.037,48.852],[7.033,48.857],[7.033,48.864],[7.048,48.868],[7.055,48.865],[7.061,48.866],[7.059,48.874]]}},{"type":"Feature","properties":{"nom":"SARRE 3","code":"CR413","longueurKm":52180.3806429,"strahler":5.0},"geometry":{"type":"LineString","coordinates":[[7.059,48.874],[7.055,48.878],[7.062,48.886],[7.06,48.887],[7.075,48.89],[7.066,48.904],[7.073,48.909],[7.081,48.909],[7.084,48.912],[7.084,48.92],[7.079,48.928],[7.083,48.94],[7.074,48.941],[7.061,48.935],[7.052,48.937],[7.052,48.939],[7.047,48.938],[7.043,48.942],[7.04,48.941],[7.043,48.946],[7.038,48.947],[7.04,48.949],[7.034,48.952],[7.038,48.954],[7.035,48.954],[7.036,48.959],[7.033,48.959],[7.032,48.964],[7.042,48.967],[7.039,48.974],[7.035,48.974],[7.041,48.977],[7.035,48.979],[7.038,48.981],[7.032,48.983],[7.03,48.986],[7.033,49.004],[7.045,49.008],[7.049,49.007],[7.048,49.009],[7.051,49.011],[7.052,49.009],[7.054,49.012],[7.063,49.013],[7.063,49.01],[7.064,49.012],[7.079,49.014],[7.084,49.02],[7.093,49.024],[7.101,49.03],[7.114,49.033],[7.122,49.04],[7.15,49.053],[7.149,49.056],[7.139,49.058],[7.116,49.06],[7.113,49.064],[7.12,49.069],[7.139,49.075],[7.131,49.087],[7.12,49.089],[7.104,49.087],[7.085,49.096],[7.077,49.103]]}},{"type":"Feature","properties":{"nom":"ORNE 2","code":"CR381","longueurKm":37477.4774356,"strahler":5.0},"geometry":{"type":"LineString","coordinates":[[5.862,49.167],[5.865,49.169],[5.881,49.168],[5.891,49.171],[5.892,49.176],[5.888,49.181],[5.892,49.186],[5.907,49.183],[5.914,49.185],[5.916,49.189],[5.909,49.195],[5.913,49.2],[5.926,49.202],[5.936,49.202],[5.95,49.21],[5.964,49.211],[5.967,49.205],[5.974,49.205],[5.977,49.211],[5.976,49.218],[5.989,49.219],[5.993,49.228],[6.002,49.226],[6.003,49.232],[6.012,49.235],[6.013,49.24],[6.02,49.238],[6.021,49.23],[6.027,49.229],[6.032,49.235],[6.03,49.244],[6.035,49.249],[6.054,49.247],[6.069,49.256],[6.094,49.255],[6.112,49.264],[6.121,49.265],[6.148,49.273],[6.162,49.273],[6.182,49.288]]}},{"type":"Feature","properties":{"nom":"SARRE 4","code":"CR414","longueurKm":12219.061188,"strahler":5.0},"geometry":{"type":"LineString","coordinates":[[7.077,49.103],[7.069,49.113],[7.054,49.112],[7.045,49.119],[7.046,49.138],[7.032,49.157],[7.033,49.164],[7.028,49.17],[7.035,49.191]]}},{"type":"Feature","properties":{"nom":"QUATELBACH","code":"CR65","longueurKm":14839.3348263,"strahler":5.0},"geometry":{"type":"LineString","coordinates":[[7.353,47.761],[7.359,47.766],[7.355,47.773],[7.37,47.784],[7.377,47.792],[7.375,47.798],[7.381,47.814],[7.374,47.829],[7.375,47.833],[7.363,47.836],[7.363,47.844],[7.371,47.857],[7.37,47.863],[7.359,47.864]]}},{"type":"Feature","properties":{"nom":"L'Argens du Caramy à la confluence avec la Nartuby","code":"DR108","longueurKm":57.37298107905,"strahler":5.0},"geometry":{"type":"MultiLineString","coordinates":[[[6.415,43.424],[6.414,43.421],[6.418,43.424],[6.422,43.421],[6.424,43.423]],[[6.381,43.424],[6.385,43.422]],[[6.382,43.426],[6.381,43.424]],[[6.385,43.422],[6.388,43.423],[6.386,43.428],[6.388,43.43],[6.401,43.427]],[[6.401,43.427],[6.415,43.424]],[[6.424,43.423],[6.425,43.427],[6.428,43.428]],[[6.428,43.428],[6.428,43.428]],[[6.428,43.428],[6.426,43.431]],[[6.426,43.437],[6.432,43.438]],[[6.432,43.438],[6.436,43.44],[6.442,43.44]],[[6.494,43.438],[6.5,43.437]],[[6.5,43.437],[6.508,43.438]],[[6.508,43.438],[6.51,43.438]],[[6.465,43.446],[6.466,43.446]],[[6.525,43.442],[6.534,43.443],[6.538,43.439]],[[6.474,43.445],[6.482,43.443]],[[6.442,43.44],[6.442,43.441]],[[6.488,43.44],[6.494,43.438]],[[6.483,43.44],[6.487,43.44]],[[6.487,43.44],[6.488,43.44]],[[6.523,43.438],[6.525,43.442]],[[6.442,43.441],[6.444,43.443]],[[6.444,43.443],[6.446,43.442],[6.447,43.444]],[[6.482,43.443],[6.483,43.44]],[[6.364,43.434],[6.364,43.429],[6.374,43.43],[6.382,43.426]],[[6.515,43.431],[6.52,43.429]],[[6.52,43.429],[6.523,43.431]],[[6.511,43.432],[6.515,43.431]],[[6.523,43.431],[6.524,43.434]],[[6.426,43.431],[6.427,43.435]],[[6.427,43.435],[6.426,43.437]],[[6.51,43.438],[6.512,43.438],[6.511,43.432]],[[6.351,43.447],[6.363,43.441],[6.372,43.443],[6.372,43.439],[6.364,43.434]],[[6.524,43.434],[6.523,43.438]],[[6.329,43.467],[6.33,43.466]],[[6.57,43.47],[6.572,43.47]],[[6.568,43.468],[6.57,43.47]],[[6.188,43.477],[6.195,43.477],[6.204,43.482]],[[6.241,43.479],[6.248,43.478]],[[6.234,43.481],[6.241,43.479]],[[6.292,43.48],[6.297,43.477]],[[6.225,43.484],[6.225,43.479],[6.23,43.482],[6.234,43.481]],[[6.271,43.479],[6.273,43.477],[6.276,43.479],[6.287,43.477],[6.288,43.482],[6.29,43.481]],[[6.262,43.481],[6.264,43.479],[6.271,43.479]],[[6.29,43.481],[6.292,43.48]],[[6.204,43.482],[6.211,43.482],[6.214,43.485],[6.223,43.483]],[[6.248,43.478],[6.25,43.479],[6.248,43.483],[6.253,43.485]],[[6.223,43.483],[6.224,43.484]],[[6.253,43.485],[6.255,43.481],[6.262,43.481]],[[6.224,43.484],[6.225,43.484]],[[6.314,43.46],[6.313,43.461],[6.321,43.465]],[[6.312,43.467],[6.308,43.462],[6.314,43.46]],[[6.563,43.452],[6.564,43.453]],[[6.321,43.465],[6.324,43.463],[6.329,43.467]],[[6.33,43.466],[6.332,43.464]],[[6.564,43.453],[6.569,43.46],[6.568,43.468]],[[6.297,43.477],[6.302,43.476],[6.299,43.47],[6.306,43.47],[6.312,43.467]],[[6.465,43.446],[6.465,43.446]],[[6.464,43.447],[6.465,43.446]],[[6.447,43.444],[6.453,43.447]],[[6.538,43.439],[6.542,43.44],[6.542,43.446],[6.545,43.448],[6.549,43.443],[6.557,43.443]],[[6.466,43.446],[6.471,43.447],[6.474,43.445]],[[6.341,43.452],[6.348,43.45],[6.351,43.447]],[[6.557,43.443],[6.559,43.451],[6.563,43.452]],[[6.459,43.448],[6.46,43.448]],[[6.453,43.447],[6.455,43.448]],[[6.463,43.447],[6.464,43.447]],[[6.46,43.448],[6.463,43.447]],[[6.455,43.448],[6.459,43.448]],[[6.332,43.464],[6.332,43.46],[6.325,43.457],[6.334,43.453],[6.336,43.455],[6.341,43.452]]]}},{"type":"Feature","properties":{"nom":"rivière la ligne","code":"DR11194","longueurKm":66.94068273107,"strahler":5.0},"geometry":{"type":"MultiLineString","coordinates":[[[4.338,44.475],[4.338,44.475]],[[4.33,44.489],[4.327,44.487],[4.332,44.483],[4.327,44.483],[4.338,44.475]],[[4.327,44.491],[4.33,44.489]],[[4.312,44.513],[4.316,44.512],[4.315,44.507],[4.322,44.504]],[[4.323,44.515],[4.318,44.511],[4.323,44.508],[4.322,44.504]],[[4.301,44.522],[4.312,44.513]],[[4.33,44.52],[4.323,44.515]],[[4.286,44.492],[4.288,44.498],[4.297,44.5]],[[4.297,44.5],[4.301,44.5]],[[4.301,44.5],[4.31,44.502]],[[4.32,44.5],[4.316,44.499],[4.318,44.494],[4.327,44.491]],[[4.31,44.502],[4.315,44.503],[4.32,44.5]],[[4.322,44.504],[4.322,44.501],[4.321,44.5],[4.32,44.5]],[[4.277,44.542],[4.279,44.539],[4.289,44.534],[4.289,44.531]],[[4.34,44.54],[4.341,44.536]],[[4.341,44.549],[4.34,44.54]],[[4.251,44.551],[4.269,44.542],[4.273,44.544],[4.277,44.542]],[[4.243,44.552],[4.245,44.55],[4.251,44.551]],[[4.342,44.557],[4.341,44.549]],[[4.333,44.57],[4.344,44.561],[4.342,44.557]],[[4.337,44.523],[4.337,44.522],[4.331,44.521],[4.331,44.52],[4.33,44.52],[4.33,44.52]],[[4.324,44.527],[4.329,44.524],[4.33,44.52]],[[4.296,44.53],[4.301,44.522]],[[4.341,44.536],[4.336,44.528],[4.337,44.523]],[[4.289,44.531],[4.296,44.53]],[[4.272,44.584],[4.277,44.581]],[[4.321,44.585],[4.32,44.58]],[[4.28,44.575],[4.282,44.574]],[[4.32,44.578],[4.317,44.571]],[[4.282,44.574],[4.287,44.571]],[[4.241,44.578],[4.237,44.576],[4.238,44.573]],[[4.32,44.58],[4.32,44.578]],[[4.277,44.581],[4.28,44.575]],[[4.224,44.596],[4.239,44.602],[4.247,44.6]],[[4.292,44.606],[4.3,44.605]],[[4.26,44.61],[4.27,44.607],[4.292,44.606]],[[4.252,44.598],[4.252,44.598]],[[4.252,44.598],[4.255,44.596]],[[4.247,44.6],[4.252,44.598]],[[4.3,44.605],[4.306,44.604],[4.306,44.602],[4.315,44.599]],[[4.318,44.587],[4.321,44.585]],[[4.27,44.585],[4.272,44.584]],[[4.218,44.595],[4.223,44.589],[4.24,44.585],[4.241,44.578]],[[4.267,44.589],[4.267,44.586],[4.27,44.585]],[[4.319,44.591],[4.318,44.587]],[[4.26,44.593],[4.262,44.589],[4.267,44.589]],[[4.317,44.593],[4.319,44.591]],[[4.315,44.599],[4.317,44.593]],[[4.255,44.596],[4.26,44.593]],[[4.24,44.557],[4.243,44.552]],[[4.286,44.564],[4.285,44.562]],[[4.24,44.557],[4.24,44.557]],[[4.235,44.562],[4.24,44.557]],[[4.285,44.562],[4.284,44.561]],[[4.316,44.556],[4.317,44.554],[4.321,44.554],[4.323,44.551],[4.316,44.546],[4.317,44.542],[4.31,44.543],[4.31,44.539],[4.323,44.536],[4.321,44.532],[4.325,44.531],[4.324,44.527]],[[4.284,44.561],[4.294,44.543],[4.291,44.539],[4.296,44.536],[4.296,44.53]],[[4.235,44.567],[4.235,44.562]],[[4.317,44.571],[4.32,44.561],[4.316,44.556]],[[4.287,44.568],[4.286,44.564]],[[4.287,44.571],[4.287,44.568]],[[4.238,44.573],[4.235,44.567]]]}},{"type":"Feature","properties":{"nom":"Le Vidourle de la confluence avec le Brestalou à Sommières","code":"DR134A","longueurKm":21.96874697228,"strahler":5.0},"geometry":{"type":"MultiLineString","coordinates":[[[4.078,43.793],[4.085,43.787]],[[4.076,43.803],[4.078,43.793]],[[4.075,43.803],[4.076,43.803]],[[4.065,43.837],[4.07,43.832]],[[4.07,43.846],[4.065,43.842],[4.065,43.837]],[[4.067,43.824],[4.075,43.803]],[[4.07,43.832],[4.067,43.824]],[[4.046,43.88],[4.055,43.877],[4.044,43.868],[4.042,43.86],[4.048,43.857]],[[4.074,43.874],[4.075,43.87]],[[4.073,43.876],[4.074,43.874]],[[4.023,43.874],[4.027,43.875],[4.026,43.881],[4.029,43.884],[4.037,43.879],[4.043,43.881]],[[4.043,43.881],[4.046,43.88]],[[4.075,43.866],[4.07,43.866],[4.064,43.856],[4.07,43.851],[4.07,43.846]],[[4.075,43.87],[4.075,43.866]],[[4.048,43.857],[4.055,43.861],[4.056,43.869],[4.059,43.873],[4.068,43.877],[4.073,43.876]]]}},{"type":"Feature","properties":{"nom":"Le Vidourle de Sommières à la mer","code":"DR134B","longueurKm":36.75755170993,"strahler":5.0},"geometry":{"type":"MultiLineString","coordinates":[[[4.14,43.539],[4.132,43.535]],[[4.139,43.542],[4.14,43.539]],[[4.136,43.555],[4.139,43.542]],[[4.149,43.598],[4.149,43.596]],[[4.156,43.6],[4.149,43.598]],[[4.15,43.585],[4.143,43.56],[4.136,43.555]],[[4.149,43.596],[4.15,43.585]],[[4.182,43.667],[4.183,43.667]],[[4.171,43.681],[4.174,43.677],[4.179,43.676],[4.177,43.673],[4.181,43.671],[4.182,43.667]],[[4.19,43.638],[4.177,43.62]],[[4.183,43.667],[4.195,43.654],[4.191,43.648],[4.194,43.642],[4.19,43.638]],[[4.162,43.604],[4.156,43.6]],[[4.177,43.62],[4.162,43.604]],[[4.13,43.741],[4.137,43.74]],[[4.104,43.749],[4.112,43.74]],[[4.093,43.753],[4.099,43.75]],[[4.092,43.76],[4.093,43.753]],[[4.085,43.787],[4.091,43.78],[4.086,43.771]],[[4.092,43.764],[4.092,43.76]],[[4.086,43.771],[4.086,43.766],[4.092,43.764]],[[4.1,43.749],[4.104,43.749]],[[4.099,43.75],[4.1,43.749]],[[4.143,43.737],[4.146,43.726],[4.151,43.723],[4.152,43.718],[4.156,43.713]],[[4.117,43.737],[4.12,43.737]],[[4.12,43.737],[4.125,43.74]],[[4.112,43.74],[4.117,43.737]],[[4.137,43.74],[4.143,43.737]],[[4.125,43.74],[4.13,43.741]],[[4.162,43.708],[4.167,43.699],[4.163,43.688],[4.171,43.681]],[[4.156,43.713],[4.162,43.708]]]}},{"type":"Feature","properties":{"nom":"L'Orb du Taurou à l'amont de Béziers","code":"DR151A","longueurKm":10.37611048533,"strahler":5.0},"geometry":{"type":"MultiLineString","coordinates":[[[3.194,43.36],[3.206,43.345]],[[3.185,43.357],[3.193,43.36]],[[3.193,43.36],[3.194,43.36]],[[3.17,43.373],[3.173,43.371]],[[3.167,43.373],[3.17,43.373]],[[3.176,43.37],[3.182,43.358],[3.185,43.357]],[[3.173,43.371],[3.176,43.37]],[[3.162,43.39],[3.164,43.386]],[[3.154,43.394],[3.162,43.39]],[[3.136,43.404],[3.138,43.401]],[[3.149,43.398],[3.149,43.397]],[[3.138,43.401],[3.139,43.398],[3.149,43.398]],[[3.15,43.394],[3.154,43.394]],[[3.149,43.397],[3.15,43.394]],[[3.166,43.38],[3.167,43.373]],[[3.164,43.386],[3.166,43.38]]]}},{"type":"Feature","properties":{"nom":"L'Orb de l'amont de Béziers à la mer","code":"DR151B","longueurKm":17.23780884264,"strahler":5.0},"geometry":{"type":"MultiLineString","coordinates":[[[3.31,43.263],[3.298,43.253],[3.3,43.245]],[[3.312,43.271],[3.31,43.263]],[[3.312,43.273],[3.312,43.271]],[[3.261,43.309],[3.269,43.299]],[[3.237,43.318],[3.243,43.317]],[[3.235,43.319],[3.237,43.318]],[[3.253,43.312],[3.254,43.31],[3.261,43.309]],[[3.243,43.317],[3.253,43.312]],[[3.281,43.285],[3.289,43.281],[3.308,43.282],[3.312,43.279],[3.312,43.273]],[[3.269,43.299],[3.277,43.294],[3.276,43.29],[3.281,43.285]],[[3.219,43.332],[3.225,43.331]],[[3.21,43.337],[3.213,43.335]],[[3.208,43.339],[3.21,43.337]],[[3.207,43.344],[3.208,43.339]],[[3.206,43.345],[3.207,43.344]],[[3.218,43.332],[3.219,43.332]],[[3.213,43.335],[3.218,43.332]],[[3.228,43.33],[3.235,43.319]],[[3.225,43.331],[3.228,43.33]]]}},{"type":"Feature","properties":{"nom":"L'Orb du Vernazobre au Taurou","code":"DR152","longueurKm":13.63461420578,"strahler":5.0},"geometry":{"type":"MultiLineString","coordinates":[[[3.133,43.404],[3.136,43.404]],[[3.13,43.406],[3.133,43.404]],[[3.132,43.412],[3.13,43.406]],[[3.114,43.429],[3.129,43.424]],[[3.107,43.431],[3.114,43.429]],[[3.101,43.437],[3.107,43.431]],[[3.135,43.423],[3.14,43.417],[3.132,43.412]],[[3.129,43.424],[3.135,43.423]],[[3.068,43.449],[3.076,43.444]],[[3.046,43.451],[3.049,43.452]],[[3.062,43.455],[3.068,43.449]],[[3.031,43.455],[3.039,43.451],[3.046,43.451]],[[3.049,43.452],[3.054,43.456]],[[3.054,43.456],[3.062,43.455]],[[3.079,43.441],[3.082,43.44]],[[3.076,43.444],[3.079,43.441]],[[3.089,43.437],[3.09,43.437]],[[3.101,43.438],[3.101,43.437]],[[3.09,43.437],[3.1,43.438]],[[3.1,43.438],[3.101,43.438]],[[3.082,43.44],[3.089,43.437]]]}},{"type":"Feature","properties":{"nom":"L'Orb de la confluence avec la Mare à la confluence avec le Jaur","code":"DR154A","longueurKm":16.06181760725,"strahler":5.0},"geometry":{"type":"MultiLineString","coordinates":[[[2.976,43.566],[2.971,43.562],[2.974,43.559]],[[2.978,43.568],[2.976,43.566]],[[2.993,43.571],[2.992,43.568],[2.988,43.569],[2.985,43.564],[2.978,43.568]],[[2.995,43.571],[2.993,43.571]],[[2.997,43.571],[2.996,43.571],[2.995,43.571]],[[3.025,43.572],[3.016,43.571]],[[3.007,43.572],[3.003,43.572]],[[2.999,43.573],[2.997,43.571]],[[3.003,43.572],[2.999,43.573]],[[3.016,43.571],[3.013,43.574],[3.01,43.573]],[[3.01,43.573],[3.007,43.572]],[[3.07,43.581],[3.069,43.58]],[[3.089,43.585],[3.083,43.585]],[[3.083,43.585],[3.079,43.586]],[[3.077,43.585],[3.07,43.581]],[[3.079,43.586],[3.077,43.585]],[[3.109,43.587],[3.105,43.587]],[[3.105,43.587],[3.101,43.587]],[[3.122,43.591],[3.119,43.589]],[[3.117,43.587],[3.109,43.587]],[[3.119,43.589],[3.117,43.587]],[[3.095,43.586],[3.089,43.585]],[[3.101,43.587],[3.095,43.586]],[[3.068,43.579],[3.068,43.577]],[[3.069,43.58],[3.068,43.579]],[[3.055,43.574],[3.052,43.574]],[[3.055,43.574],[3.055,43.574]],[[3.058,43.575],[3.055,43.574]],[[3.034,43.579],[3.028,43.577],[3.025,43.572]],[[3.052,43.574],[3.04,43.577]],[[3.068,43.577],[3.058,43.575]],[[3.04,43.577],[3.036,43.579],[3.034,43.579]]]}},{"type":"Feature","properties":{"nom":"L'Hérault du ruisseau de Gassac à la confluence avec la Boyne","code":"DR161A","longueurKm":26.70816076015,"strahler":5.0},"geometry":{"type":"MultiLineString","coordinates":[[[3.464,43.504],[3.465,43.497]],[[3.465,43.511],[3.464,43.504]],[[3.466,43.512],[3.465,43.511]],[[3.479,43.529],[3.479,43.521]],[[3.478,43.531],[3.479,43.529]],[[3.479,43.52],[3.466,43.512]],[[3.479,43.521],[3.479,43.52]],[[3.481,43.559],[3.486,43.555]],[[3.47,43.57],[3.481,43.559]],[[3.485,43.553],[3.482,43.551]],[[3.486,43.555],[3.485,43.553]],[[3.478,43.533],[3.478,43.531]],[[3.482,43.551],[3.478,43.533]],[[3.48,43.585],[3.477,43.58]],[[3.485,43.583],[3.486,43.585]],[[3.486,43.585],[3.48,43.585]],[[3.489,43.597],[3.493,43.583],[3.487,43.58],[3.485,43.583]],[[3.477,43.578],[3.48,43.574],[3.47,43.57]],[[3.477,43.58],[3.477,43.578]],[[3.498,43.602],[3.499,43.598]],[[3.5,43.61],[3.498,43.602]],[[3.498,43.622],[3.494,43.62],[3.496,43.617]],[[3.508,43.628],[3.498,43.622]],[[3.5,43.61],[3.5,43.61]],[[3.496,43.617],[3.5,43.61]],[[3.524,43.643],[3.521,43.643]],[[3.533,43.648],[3.524,43.643]],[[3.519,43.64],[3.516,43.636]],[[3.521,43.643],[3.519,43.64]],[[3.511,43.632],[3.508,43.628]],[[3.516,43.636],[3.511,43.632]],[[3.546,43.665],[3.534,43.664]],[[3.534,43.664],[3.532,43.661]],[[3.535,43.66],[3.537,43.656],[3.533,43.648]],[[3.532,43.661],[3.535,43.66]],[[3.495,43.598],[3.489,43.597]],[[3.499,43.598],[3.495,43.598]]]}},{"type":"Feature","properties":{"nom":"l'Hérault de la confluence avec la Boyne à la Méditerranée","code":"DR161B","longueurKm":34.5187075039,"strahler":5.0},"geometry":{"type":"MultiLineString","coordinates":[[[3.45,43.296],[3.445,43.29],[3.444,43.281]],[[3.453,43.298],[3.45,43.296]],[[3.457,43.299],[3.453,43.298]],[[3.473,43.321],[3.473,43.317]],[[3.476,43.326],[3.473,43.321]],[[3.47,43.315],[3.465,43.311],[3.463,43.301],[3.457,43.299]],[[3.473,43.317],[3.47,43.315]],[[3.436,43.36],[3.431,43.351],[3.45,43.344],[3.45,43.338]],[[3.438,43.38],[3.442,43.373]],[[3.439,43.392],[3.442,43.388],[3.449,43.386],[3.438,43.38]],[[3.445,43.363],[3.451,43.36],[3.448,43.356],[3.436,43.36]],[[3.442,43.373],[3.445,43.37],[3.445,43.363]],[[3.475,43.329],[3.476,43.326]],[[3.45,43.338],[3.46,43.336],[3.462,43.332],[3.475,43.329]],[[3.423,43.402],[3.422,43.399]],[[3.43,43.423],[3.425,43.422],[3.427,43.412],[3.42,43.406],[3.423,43.402]],[[3.431,43.445],[3.424,43.438],[3.424,43.435]],[[3.446,43.455],[3.441,43.45]],[[3.441,43.461],[3.44,43.458],[3.446,43.455]],[[3.438,43.45],[3.434,43.448],[3.431,43.445]],[[3.441,43.45],[3.438,43.45]],[[3.451,43.481],[3.444,43.473]],[[3.454,43.481],[3.451,43.481]],[[3.466,43.493],[3.462,43.485],[3.454,43.481]],[[3.465,43.497],[3.466,43.493]],[[3.445,43.472],[3.441,43.461]],[[3.444,43.473],[3.445,43.472]],[[3.425,43.435],[3.428,43.432],[3.43,43.423]],[[3.424,43.435],[3.425,43.435]],[[3.432,43.394],[3.439,43.392]],[[3.422,43.399],[3.427,43.398],[3.432,43.394]]]}},{"type":"Feature","properties":{"nom":"L'Orb de la confluence avec le jaur à la confluence avec le Vernazobre","code":"DR154B","longueurKm":23.0041395646,"strahler":5.0},"geometry":{"type":"MultiLineString","coordinates":[[[3.026,43.461],[3.031,43.455]],[[3.027,43.463],[3.026,43.461]],[[3.028,43.464],[3.027,43.463]],[[3.045,43.476],[3.048,43.473],[3.042,43.472]],[[3.043,43.486],[3.042,43.479],[3.045,43.476]],[[3.04,43.471],[3.032,43.469],[3.028,43.464]],[[3.042,43.472],[3.04,43.471]],[[3.031,43.499],[3.028,43.488]],[[3.007,43.501],[3.008,43.501]],[[3.008,43.501],[3.009,43.502]],[[3.013,43.5],[3.017,43.497],[3.031,43.499]],[[3.009,43.502],[3.013,43.5]],[[3.03,43.486],[3.043,43.486]],[[3.028,43.488],[3.03,43.486]],[[2.997,43.523],[2.993,43.521],[2.991,43.512],[2.985,43.509]],[[2.999,43.524],[2.997,43.523]],[[2.978,43.543],[2.966,43.541],[2.967,43.538]],[[2.972,43.538],[2.974,43.537]],[[2.983,43.537],[2.992,43.532]],[[2.974,43.537],[2.979,43.539],[2.983,43.537]],[[2.967,43.538],[2.972,43.538]],[[2.977,43.547],[2.979,43.547]],[[2.982,43.558],[2.978,43.554],[2.972,43.553],[2.972,43.55],[2.977,43.547]],[[2.976,43.558],[2.982,43.558]],[[2.974,43.559],[2.976,43.558]],[[2.98,43.545],[2.978,43.543]],[[2.979,43.547],[2.98,43.545]],[[2.999,43.525],[2.999,43.524]],[[2.992,43.532],[2.993,43.528],[2.999,43.525]],[[2.986,43.506],[3.001,43.5],[3.007,43.501]],[[2.985,43.509],[2.986,43.506]]]}},{"type":"Feature","properties":{"nom":"la Cesse en aval de la confluence avec la Cessière","code":"DR175B","longueurKm":22.47573727996,"strahler":5.0},"geometry":{"type":"MultiLineString","coordinates":[[[2.951,43.247],[2.951,43.247]],[[2.941,43.254],[2.946,43.251],[2.945,43.248],[2.951,43.247]],[[2.936,43.262],[2.939,43.254],[2.941,43.254]],[[2.892,43.286],[2.9,43.287],[2.902,43.284],[2.913,43.283],[2.915,43.28]],[[2.89,43.288],[2.892,43.286]],[[2.929,43.269],[2.936,43.262]],[[2.915,43.28],[2.92,43.273],[2.929,43.269]],[[2.869,43.305],[2.869,43.298]],[[2.868,43.313],[2.869,43.305]],[[2.87,43.298],[2.871,43.297]],[[2.869,43.298],[2.87,43.298]],[[2.876,43.295],[2.881,43.293],[2.885,43.287],[2.89,43.288]],[[2.871,43.297],[2.876,43.295]],[[2.877,43.318],[2.869,43.317]],[[2.879,43.324],[2.879,43.32],[2.877,43.318]],[[2.825,43.339],[2.833,43.337]],[[2.862,43.345],[2.864,43.343]],[[2.856,43.344],[2.862,43.345]],[[2.874,43.339],[2.875,43.333]],[[2.851,43.338],[2.855,43.336],[2.856,43.339]],[[2.823,43.34],[2.825,43.339]],[[2.833,43.337],[2.839,43.342],[2.851,43.338]],[[2.82,43.342],[2.823,43.34]],[[2.87,43.341],[2.874,43.339]],[[2.856,43.339],[2.856,43.344]],[[2.864,43.343],[2.87,43.341]],[[2.878,43.329],[2.879,43.324]],[[2.875,43.333],[2.878,43.329]],[[2.868,43.317],[2.868,43.313]],[[2.869,43.317],[2.868,43.317]]]}},{"type":"Feature","properties":{"nom":"L'Orbieu de la Nielle jusqu'à la confluence avec l'Aude","code":"DR176","longueurKm":27.21846153223,"strahler":5.0},"geometry":{"type":"MultiLineString","coordinates":[[[2.702,43.135],[2.709,43.14]],[[2.711,43.14],[2.714,43.139]],[[2.709,43.14],[2.711,43.14]],[[2.72,43.147],[2.72,43.147],[2.722,43.147],[2.724,43.148]],[[2.724,43.148],[2.728,43.152]],[[2.714,43.139],[2.72,43.147]],[[2.72,43.147],[2.72,43.147]],[[2.74,43.157],[2.74,43.159]],[[2.749,43.166],[2.747,43.172],[2.749,43.178],[2.752,43.178],[2.755,43.174]],[[2.74,43.159],[2.741,43.162]],[[2.741,43.162],[2.748,43.161],[2.749,43.166]],[[2.728,43.152],[2.732,43.156]],[[2.732,43.156],[2.74,43.157]],[[2.844,43.188],[2.849,43.193]],[[2.849,43.193],[2.848,43.196]],[[2.815,43.185],[2.833,43.188]],[[2.833,43.188],[2.837,43.186],[2.844,43.188]],[[2.865,43.212],[2.865,43.215]],[[2.865,43.215],[2.873,43.215],[2.881,43.22],[2.887,43.219],[2.899,43.232]],[[2.899,43.232],[2.9,43.233]],[[2.9,43.233],[2.9,43.233]],[[2.848,43.196],[2.847,43.198],[2.854,43.203]],[[2.854,43.203],[2.857,43.208],[2.863,43.206],[2.865,43.212]],[[2.78,43.181],[2.787,43.184],[2.794,43.181]],[[2.768,43.182],[2.773,43.183]],[[2.794,43.181],[2.803,43.186],[2.809,43.185],[2.811,43.187],[2.815,43.185]],[[2.778,43.178],[2.779,43.178]],[[2.755,43.174],[2.759,43.171],[2.769,43.178],[2.769,43.181]],[[2.769,43.181],[2.768,43.182]],[[2.779,43.178],[2.78,43.181]],[[2.773,43.183],[2.778,43.178]]]}},{"type":"Feature","properties":{"nom":"L'Hérault de sa source à la confluence avec la Vis","code":"DR173B","longueurKm":35.81814385608,"strahler":5.0},"geometry":{"type":"MultiLineString","coordinates":[[[3.683,43.948],[3.689,43.945],[3.69,43.94]],[[3.685,43.951],[3.683,43.948]],[[3.687,43.96],[3.685,43.951]],[[3.692,43.969],[3.691,43.967],[3.687,43.966]],[[3.685,43.974],[3.692,43.969]],[[3.688,43.962],[3.687,43.96]],[[3.687,43.966],[3.688,43.962]],[[3.684,43.992],[3.688,43.992],[3.686,43.989]],[[3.676,43.995],[3.679,43.992],[3.684,43.992]],[[3.678,44.003],[3.678,43.997],[3.676,43.995]],[[3.68,44.012],[3.68,44.01],[3.676,44.012],[3.674,44.01],[3.676,44.008],[3.675,44.005],[3.678,44.003]],[[3.684,43.975],[3.685,43.974]],[[3.686,43.989],[3.683,43.984],[3.685,43.981],[3.691,43.981],[3.684,43.977],[3.684,43.975]],[[3.68,44.022],[3.676,44.018],[3.68,44.017]],[[3.683,44.029],[3.685,44.024],[3.68,44.022]],[[3.673,44.04],[3.672,44.039]],[[3.681,44.045],[3.676,44.045],[3.673,44.04]],[[3.678,44.034],[3.683,44.029]],[[3.672,44.039],[3.678,44.034]],[[3.686,44.056],[3.691,44.05],[3.69,44.048],[3.686,44.049]],[[3.685,44.057],[3.686,44.056]],[[3.681,44.065],[3.685,44.057]],[[3.679,44.067],[3.681,44.065]],[[3.687,44.045],[3.681,44.045]],[[3.686,44.049],[3.687,44.045]],[[3.681,44.014],[3.68,44.012]],[[3.68,44.017],[3.681,44.014]],[[3.656,44.078],[3.661,44.077]],[[3.654,44.078],[3.656,44.078]],[[3.643,44.08],[3.648,44.079]],[[3.654,44.078],[3.654,44.078]],[[3.648,44.079],[3.654,44.078]],[[3.613,44.086],[3.614,44.086]],[[3.61,44.086],[3.613,44.086]],[[3.608,44.086],[3.61,44.086]],[[3.625,44.082],[3.628,44.082]],[[3.631,44.082],[3.643,44.08]],[[3.628,44.082],[3.631,44.082]],[[3.614,44.086],[3.625,44.082]],[[3.593,44.089],[3.599,44.088]],[[3.59,44.09],[3.593,44.089]],[[3.582,44.095],[3.585,44.092]],[[3.574,44.097],[3.582,44.095]],[[3.586,44.092],[3.59,44.09]],[[3.585,44.092],[3.586,44.092]],[[3.565,44.098],[3.568,44.097]],[[3.556,44.101],[3.565,44.098]],[[3.551,44.105],[3.551,44.102],[3.556,44.101]],[[3.544,44.115],[3.55,44.113],[3.551,44.105]],[[3.571,44.096],[3.574,44.097]],[[3.568,44.097],[3.571,44.096]],[[3.606,44.087],[3.608,44.086]],[[3.599,44.088],[3.606,44.087]],[[3.672,44.073],[3.679,44.067]],[[3.661,44.077],[3.664,44.078],[3.672,44.073]]]}},{"type":"Feature","properties":{"nom":"L'Aude de la Cesse à la mer Méditerranée","code":"DR174","longueurKm":27.06476766612,"strahler":6.0},"geometry":{"type":"MultiLineString","coordinates":[[[3.235,43.216],[3.24,43.213]],[[3.223,43.221],[3.235,43.216]],[[3.055,43.236],[3.059,43.236]],[[3.189,43.239],[3.198,43.239],[3.204,43.231],[3.223,43.221]],[[2.951,43.247],[2.955,43.246]],[[2.958,43.245],[2.959,43.245]],[[2.955,43.246],[2.958,43.245]],[[3.111,43.247],[3.118,43.248]],[[3.118,43.248],[3.125,43.249]],[[3.144,43.247],[3.147,43.247]],[[3.096,43.245],[3.111,43.247]],[[3.111,43.247],[3.111,43.247]],[[3.125,43.249],[3.144,43.247]],[[3.013,43.237],[3.034,43.237],[3.038,43.243],[3.049,43.239]],[[3.049,43.239],[3.052,43.237]],[[3.078,43.241],[3.082,43.242]],[[3.082,43.242],[3.083,43.242]],[[3.052,43.237],[3.055,43.236]],[[3.167,43.243],[3.186,43.243],[3.189,43.239]],[[3.059,43.236],[3.065,43.239]],[[3.065,43.239],[3.078,43.241]],[[3.147,43.247],[3.158,43.243],[3.162,43.244],[3.167,43.243]],[[3.083,43.242],[3.096,43.245]],[[2.959,43.245],[2.964,43.25],[2.969,43.25],[3.013,43.237]]]}},{"type":"Feature","properties":{"nom":"L'Hérault du barrage de Moulin Bertrand au ruisseau de Gassac","code":"DR169","longueurKm":26.6092436928,"strahler":5.0},"geometry":{"type":"MultiLineString","coordinates":[[[3.557,43.664],[3.556,43.664]],[[3.556,43.664],[3.551,43.665]],[[3.551,43.665],[3.546,43.665]],[[3.574,43.691],[3.574,43.687]],[[3.557,43.707],[3.557,43.701],[3.562,43.695],[3.572,43.694],[3.574,43.691]],[[3.562,43.67],[3.557,43.664]],[[3.574,43.687],[3.562,43.67]],[[3.551,43.728],[3.551,43.725]],[[3.554,43.733],[3.551,43.728]],[[3.563,43.744],[3.56,43.741]],[[3.555,43.735],[3.554,43.733]],[[3.56,43.741],[3.555,43.735]],[[3.556,43.709],[3.557,43.707]],[[3.551,43.725],[3.554,43.719],[3.553,43.711],[3.556,43.709]],[[3.636,43.765],[3.631,43.76],[3.624,43.759]],[[3.64,43.767],[3.636,43.765]],[[3.624,43.759],[3.624,43.759]],[[3.645,43.775],[3.644,43.772]],[[3.649,43.782],[3.645,43.775]],[[3.665,43.808],[3.668,43.79]],[[3.668,43.79],[3.666,43.789]],[[3.666,43.789],[3.656,43.787],[3.649,43.782]],[[3.666,43.789],[3.666,43.789]],[[3.642,43.77],[3.64,43.767]],[[3.644,43.772],[3.642,43.77]],[[3.599,43.749],[3.599,43.749]],[[3.599,43.749],[3.593,43.75]],[[3.624,43.759],[3.62,43.747]],[[3.618,43.746],[3.611,43.743],[3.599,43.749]],[[3.564,43.744],[3.563,43.744]],[[3.584,43.747],[3.579,43.749],[3.567,43.743],[3.564,43.744]],[[3.589,43.746],[3.584,43.747]],[[3.62,43.747],[3.618,43.746]],[[3.593,43.75],[3.589,43.746]],[[3.599,43.749],[3.599,43.749]]]}},{"type":"Feature","properties":{"nom":"L'Hérault de la Vis à la retenue de Moulin Bertrand","code":"DR171","longueurKm":23.95502130101,"strahler":5.0},"geometry":{"type":"MultiLineString","coordinates":[[[3.686,43.828],[3.68,43.824],[3.682,43.816],[3.673,43.816],[3.67,43.809],[3.665,43.808]],[[3.69,43.835],[3.686,43.828]],[[3.69,43.835],[3.69,43.835]],[[3.702,43.844],[3.692,43.841]],[[3.703,43.844],[3.702,43.844]],[[3.689,43.839],[3.687,43.837],[3.69,43.835]],[[3.692,43.841],[3.689,43.839]],[[3.726,43.882],[3.721,43.879],[3.724,43.876],[3.72,43.87],[3.721,43.864],[3.716,43.865],[3.714,43.863],[3.716,43.859]],[[3.732,43.885],[3.726,43.882]],[[3.707,43.862],[3.708,43.854]],[[3.716,43.859],[3.714,43.858],[3.709,43.862],[3.708,43.862],[3.707,43.862]],[[3.708,43.844],[3.703,43.844]],[[3.708,43.854],[3.711,43.847],[3.708,43.844]],[[3.737,43.913],[3.735,43.9]],[[3.737,43.915],[3.737,43.913]],[[3.733,43.916],[3.737,43.915]],[[3.725,43.921],[3.727,43.915],[3.733,43.916]],[[3.722,43.923],[3.723,43.922]],[[3.716,43.925],[3.722,43.923]],[[3.69,43.94],[3.693,43.938]],[[3.702,43.932],[3.703,43.931]],[[3.693,43.938],[3.702,43.932]],[[3.708,43.927],[3.716,43.925]],[[3.703,43.931],[3.708,43.927]],[[3.724,43.921],[3.725,43.921]],[[3.723,43.922],[3.724,43.921]],[[3.734,43.897],[3.731,43.892],[3.732,43.885]],[[3.735,43.9],[3.734,43.897]]]}},{"type":"Feature","properties":{"nom":"La Saône du Coney à la confluence avec le Salon","code":"DR1806A","longueurKm":104.3247216701,"strahler":6.0},"geometry":{"type":"MultiLineString","coordinates":[[[5.694,47.525],[5.693,47.53],[5.684,47.534]],[[5.705,47.527],[5.697,47.525],[5.695,47.524],[5.694,47.525]],[[5.753,47.533],[5.742,47.529]],[[5.718,47.54],[5.712,47.543],[5.705,47.527]],[[5.755,47.537],[5.753,47.533]],[[5.726,47.541],[5.718,47.54]],[[5.751,47.548],[5.754,47.543]],[[5.748,47.548],[5.751,47.548]],[[5.747,47.56],[5.745,47.558]],[[5.748,47.561],[5.747,47.56]],[[5.746,47.549],[5.748,47.548]],[[5.745,47.558],[5.739,47.553],[5.746,47.549]],[[5.755,47.539],[5.755,47.537]],[[5.742,47.529],[5.739,47.538],[5.726,47.541]],[[5.754,47.543],[5.755,47.539]],[[5.805,47.57],[5.802,47.569]],[[5.83,47.583],[5.831,47.581]],[[5.874,47.583],[5.875,47.58]],[[5.829,47.577],[5.823,47.576]],[[5.802,47.569],[5.789,47.569],[5.78,47.575],[5.78,47.58]],[[5.823,47.576],[5.816,47.574],[5.807,47.576],[5.808,47.571],[5.805,47.57]],[[5.77,47.58],[5.766,47.579]],[[5.78,47.58],[5.77,47.58]],[[5.831,47.581],[5.829,47.577]],[[5.752,47.57],[5.755,47.566],[5.748,47.561]],[[5.753,47.57],[5.752,47.57]],[[5.757,47.569],[5.753,47.57]],[[5.766,47.579],[5.766,47.571],[5.76,47.568],[5.757,47.569]],[[5.897,47.607],[5.887,47.607]],[[5.887,47.607],[5.882,47.607],[5.882,47.604],[5.871,47.6]],[[5.872,47.588],[5.872,47.586]],[[5.872,47.59],[5.872,47.588]],[[5.853,47.593],[5.847,47.592]],[[5.847,47.592],[5.844,47.595]],[[5.871,47.6],[5.872,47.59]],[[5.844,47.595],[5.837,47.598],[5.832,47.593]],[[5.967,47.613],[5.955,47.611]],[[5.899,47.615],[5.901,47.611],[5.904,47.61]],[[5.973,47.629],[5.98,47.625],[5.977,47.618]],[[5.917,47.627],[5.917,47.627]],[[5.923,47.63],[5.917,47.627]],[[5.972,47.616],[5.971,47.617]],[[5.908,47.62],[5.899,47.615]],[[5.955,47.611],[5.939,47.616]],[[5.971,47.617],[5.967,47.616],[5.967,47.613]],[[5.917,47.627],[5.908,47.62]],[[5.977,47.618],[5.972,47.616]],[[5.905,47.608],[5.903,47.608],[5.899,47.608],[5.897,47.607],[5.897,47.607]],[[5.904,47.61],[5.905,47.608]],[[5.875,47.58],[5.874,47.576],[5.864,47.575],[5.859,47.578],[5.856,47.585]],[[5.83,47.586],[5.83,47.583]],[[5.872,47.585],[5.874,47.583]],[[5.872,47.586],[5.872,47.585]],[[5.832,47.593],[5.83,47.586]],[[5.856,47.585],[5.853,47.593]],[[5.97,47.643],[5.97,47.642]],[[6.024,47.65],[6.022,47.65]],[[6.003,47.646],[5.995,47.65]],[[6.02,47.649],[6.003,47.646]],[[6.022,47.65],[6.02,47.649]],[[5.97,47.647],[5.97,47.643]],[[6.018,47.656],[6.018,47.656]],[[6.018,47.656],[6.021,47.656]],[[6.023,47.655],[6.024,47.654]],[[6.02,47.656],[6.023,47.655]],[[6.021,47.656],[6.023,47.655]],[[6.018,47.656],[6.02,47.656]],[[5.986,47.656],[5.982,47.658]],[[6.024,47.653],[6.024,47.65]],[[5.995,47.65],[5.993,47.651]],[[5.967,47.653],[5.97,47.647]],[[6.024,47.654],[6.024,47.653]],[[5.993,47.651],[5.986,47.656]],[[5.919,47.633],[5.923,47.63]],[[5.971,47.633],[5.973,47.629]],[[5.939,47.616],[5.938,47.62],[5.943,47.635],[5.94,47.64]],[[5.917,47.634],[5.919,47.633]],[[5.92,47.637],[5.917,47.634]],[[5.97,47.642],[5.971,47.633]],[[5.926,47.64],[5.923,47.637],[5.92,47.637]],[[5.934,47.641],[5.926,47.64]],[[5.94,47.64],[5.934,47.641]],[[6.04,47.676],[6.033,47.672]],[[6.033,47.672],[6.028,47.671]],[[6.041,47.696],[6.04,47.693]],[[6.044,47.697],[6.041,47.696]],[[6.033,47.709],[6.038,47.708],[6.04,47.705]],[[6.044,47.7],[6.044,47.697]],[[6.04,47.705],[6.044,47.7]],[[6.039,47.689],[6.041,47.685],[6.037,47.681],[6.04,47.676]],[[6.04,47.693],[6.039,47.689]],[[6.044,47.733],[6.045,47.732]],[[6.032,47.754],[6.036,47.748],[6.031,47.741],[6.038,47.734],[6.044,47.733]],[[6.048,47.728],[6.048,47.728]],[[6.045,47.732],[6.048,47.728]],[[6.007,47.781],[6.013,47.773]],[[6.002,47.787],[6.007,47.781]],[[5.985,47.804],[5.986,47.802]],[[6.0,47.79],[6.002,47.787]],[[5.986,47.802],[6.0,47.79]],[[6.014,47.765],[6.019,47.761],[6.03,47.759],[6.032,47.754]],[[6.013,47.773],[6.014,47.765]],[[6.037,47.722],[6.036,47.722]],[[6.032,47.722],[6.029,47.717],[6.033,47.709]],[[6.033,47.723],[6.032,47.722]],[[6.036,47.722],[6.035,47.723],[6.033,47.723]],[[6.048,47.728],[6.043,47.723],[6.042,47.722],[6.037,47.722]],[[5.982,47.807],[5.982,47.807]],[[5.984,47.808],[5.982,47.807]],[[5.952,47.821],[5.957,47.819]],[[5.968,47.819],[5.97,47.817]],[[5.97,47.817],[5.973,47.817],[5.973,47.82]],[[5.962,47.82],[5.968,47.819]],[[5.957,47.819],[5.962,47.82]],[[5.973,47.82],[5.974,47.82]],[[5.983,47.813],[5.984,47.808]],[[5.974,47.82],[5.981,47.817],[5.983,47.813]],[[5.93,47.825],[5.94,47.823]],[[5.929,47.827],[5.93,47.825]],[[5.921,47.832],[5.925,47.829]],[[5.918,47.842],[5.921,47.832]],[[5.927,47.827],[5.929,47.827]],[[5.925,47.829],[5.927,47.827]],[[5.931,47.858],[5.926,47.856]],[[5.933,47.859],[5.933,47.859]],[[5.937,47.861],[5.933,47.859]],[[5.932,47.859],[5.931,47.858]],[[5.933,47.859],[5.932,47.859]],[[5.917,47.846],[5.918,47.842]],[[5.926,47.856],[5.917,47.846]],[[5.942,47.822],[5.952,47.821]],[[5.94,47.823],[5.942,47.822]],[[5.981,47.806],[5.985,47.804]],[[5.982,47.807],[5.981,47.806]],[[5.944,47.867],[5.942,47.865]],[[5.953,47.872],[5.944,47.867]],[[5.956,47.88],[5.956,47.88]],[[5.969,47.882],[5.961,47.883],[5.956,47.88]],[[5.957,47.878],[5.953,47.872]],[[5.956,47.88],[5.957,47.878]],[[5.97,47.887],[5.972,47.886]],[[6.001,47.902],[5.987,47.902]],[[5.98,47.903],[5.979,47.892],[5.97,47.887]],[[5.987,47.902],[5.982,47.903],[5.98,47.903]],[[5.995,47.911],[6.001,47.902]],[[5.971,47.883],[5.969,47.882]],[[5.972,47.886],[5.971,47.883]],[[5.942,47.864],[5.937,47.861]],[[5.942,47.865],[5.942,47.864]],[[5.982,47.658],[5.976,47.661]],[[6.015,47.661],[6.018,47.656]],[[5.965,47.66],[5.967,47.653]],[[5.969,47.661],[5.965,47.66]],[[5.976,47.661],[5.974,47.661]],[[5.974,47.661],[5.969,47.661]],[[6.028,47.671],[6.019,47.667],[6.015,47.661]]]}},{"type":"Feature","properties":{"nom":"La Saône du Salon à la déviation de Seurre","code":"DR1806B","longueurKm":92.4858403071,"strahler":6.0},"geometry":{"type":"MultiLineString","coordinates":[[[5.206,47.076],[5.205,47.074]],[[5.225,47.082],[5.206,47.076]],[[5.232,47.086],[5.225,47.082]],[[5.26,47.101],[5.254,47.099],[5.242,47.091]],[[5.264,47.1],[5.26,47.101]],[[5.242,47.09],[5.232,47.086]],[[5.242,47.091],[5.242,47.09]],[[5.284,47.103],[5.276,47.101]],[[5.308,47.108],[5.297,47.102],[5.294,47.102],[5.288,47.103],[5.284,47.103]],[[5.314,47.108],[5.313,47.108]],[[5.316,47.109],[5.314,47.108]],[[5.312,47.108],[5.308,47.108]],[[5.313,47.108],[5.312,47.108]],[[5.271,47.101],[5.268,47.1],[5.264,47.1]],[[5.276,47.101],[5.271,47.101]],[[5.332,47.121],[5.325,47.116]],[[5.334,47.122],[5.332,47.121]],[[5.346,47.126],[5.334,47.122]],[[5.347,47.126],[5.346,47.126]],[[5.366,47.129],[5.366,47.128]],[[5.366,47.155],[5.371,47.145]],[[5.361,47.161],[5.366,47.155]],[[5.372,47.138],[5.366,47.129]],[[5.371,47.145],[5.372,47.138]],[[5.362,47.126],[5.358,47.126]],[[5.357,47.126],[5.354,47.126],[5.347,47.126]],[[5.358,47.126],[5.357,47.126]],[[5.366,47.128],[5.362,47.126]],[[5.366,47.129],[5.357,47.126]],[[5.324,47.113],[5.316,47.109]],[[5.325,47.116],[5.324,47.113]],[[5.355,47.175],[5.356,47.174]],[[5.358,47.182],[5.355,47.175]],[[5.38,47.192],[5.373,47.188]],[[5.382,47.194],[5.38,47.192]],[[5.366,47.189],[5.363,47.188],[5.358,47.182]],[[5.373,47.188],[5.366,47.189]],[[5.384,47.204],[5.386,47.2]],[[5.381,47.214],[5.384,47.204]],[[5.403,47.227],[5.403,47.219],[5.397,47.215]],[[5.403,47.23],[5.403,47.227]],[[5.388,47.219],[5.383,47.219],[5.381,47.214]],[[5.397,47.215],[5.388,47.219]],[[5.395,47.24],[5.393,47.238]],[[5.397,47.242],[5.395,47.24]],[[5.403,47.257],[5.408,47.25]],[[5.397,47.262],[5.403,47.257]],[[5.407,47.246],[5.397,47.242]],[[5.408,47.25],[5.407,47.246]],[[5.397,47.232],[5.403,47.23]],[[5.393,47.238],[5.392,47.234],[5.397,47.232]],[[5.383,47.195],[5.382,47.194]],[[5.386,47.2],[5.383,47.195]],[[5.357,47.165],[5.361,47.161]],[[5.356,47.174],[5.357,47.165]],[[5.411,47.291],[5.409,47.276],[5.402,47.275],[5.393,47.276]],[[5.411,47.291],[5.411,47.291]],[[5.426,47.311],[5.419,47.304]],[[5.434,47.314],[5.426,47.311]],[[5.417,47.295],[5.411,47.291]],[[5.419,47.304],[5.422,47.298],[5.417,47.295]],[[5.457,47.325],[5.453,47.325],[5.447,47.322]],[[5.471,47.329],[5.466,47.33]],[[5.461,47.326],[5.46,47.325],[5.459,47.325],[5.457,47.325]],[[5.466,47.33],[5.461,47.326]],[[5.427,47.322],[5.426,47.319],[5.434,47.314]],[[5.429,47.322],[5.427,47.322]],[[5.447,47.322],[5.436,47.319],[5.429,47.322]],[[5.495,47.34],[5.495,47.34]],[[5.49,47.354],[5.494,47.347]],[[5.489,47.356],[5.49,47.354]],[[5.495,47.345],[5.495,47.34]],[[5.494,47.347],[5.495,47.345]],[[5.498,47.398],[5.497,47.395]],[[5.548,47.405],[5.548,47.399],[5.544,47.396],[5.531,47.396],[5.517,47.399]],[[5.5,47.403],[5.498,47.398]],[[5.517,47.399],[5.509,47.4],[5.504,47.404]],[[5.504,47.404],[5.5,47.403]],[[5.545,47.411],[5.548,47.405]],[[5.536,47.426],[5.532,47.424],[5.533,47.419],[5.544,47.413]],[[5.552,47.438],[5.553,47.43],[5.536,47.426]],[[5.586,47.45],[5.57,47.448]],[[5.59,47.45],[5.586,47.45]],[[5.563,47.448],[5.554,47.445],[5.552,47.438]],[[5.57,47.448],[5.563,47.448]],[[5.545,47.412],[5.545,47.411]],[[5.544,47.413],[5.545,47.412]],[[5.497,47.389],[5.493,47.382],[5.495,47.376],[5.488,47.369],[5.489,47.356]],[[5.497,47.395],[5.499,47.39],[5.497,47.389]],[[5.624,47.467],[5.614,47.466],[5.617,47.46],[5.615,47.458]],[[5.668,47.478],[5.666,47.477]],[[5.64,47.469],[5.637,47.469]],[[5.629,47.47],[5.624,47.467]],[[5.637,47.469],[5.629,47.47]],[[5.666,47.477],[5.656,47.472],[5.652,47.475],[5.648,47.475],[5.64,47.469]],[[5.655,47.504],[5.653,47.497],[5.669,47.487]],[[5.658,47.509],[5.655,47.504]],[[5.656,47.514],[5.656,47.513]],[[5.657,47.52],[5.656,47.514]],[[5.658,47.51],[5.658,47.509]],[[5.656,47.513],[5.658,47.51]],[[5.669,47.48],[5.668,47.478]],[[5.669,47.487],[5.669,47.48]],[[5.684,47.534],[5.683,47.535]],[[5.683,47.535],[5.672,47.536],[5.66,47.535],[5.653,47.529]],[[5.653,47.523],[5.657,47.52]],[[5.653,47.529],[5.653,47.523]],[[5.595,47.45],[5.592,47.45],[5.59,47.45]],[[5.615,47.458],[5.605,47.458],[5.595,47.45]],[[5.49,47.328],[5.484,47.327],[5.481,47.332],[5.477,47.331]],[[5.473,47.329],[5.471,47.329]],[[5.477,47.331],[5.475,47.329],[5.474,47.329],[5.473,47.329]],[[5.495,47.34],[5.49,47.328]],[[5.388,47.272],[5.397,47.262]],[[5.393,47.276],[5.388,47.275],[5.388,47.272]]]}},{"type":"Feature","properties":{"nom":"la Cesse en amont de la confluence avec la Cessière","code":"DR175A","longueurKm":31.12728739028,"strahler":5.0},"geometry":{"type":"MultiLineString","coordinates":[[[2.811,43.342],[2.82,43.342]],[[2.796,43.344],[2.811,43.342]],[[2.789,43.347],[2.796,43.344]],[[2.714,43.347],[2.723,43.35]],[[2.723,43.35],[2.726,43.349]],[[2.776,43.353],[2.778,43.352]],[[2.783,43.35],[2.789,43.347]],[[2.726,43.349],[2.73,43.35]],[[2.778,43.352],[2.783,43.35]],[[2.689,43.357],[2.693,43.358]],[[2.661,43.37],[2.663,43.371],[2.664,43.369]],[[2.629,43.378],[2.626,43.377]],[[2.63,43.384],[2.629,43.378]],[[2.649,43.374],[2.651,43.367],[2.653,43.369],[2.661,43.37]],[[2.626,43.377],[2.632,43.373],[2.635,43.376],[2.638,43.372],[2.644,43.377],[2.648,43.376],[2.649,43.374]],[[2.629,43.403],[2.632,43.401]],[[2.622,43.415],[2.626,43.411],[2.625,43.408],[2.629,43.403]],[[2.621,43.416],[2.622,43.415]],[[2.601,43.429],[2.606,43.429],[2.608,43.426],[2.619,43.421],[2.621,43.416]],[[2.632,43.399],[2.633,43.393],[2.63,43.392],[2.63,43.384]],[[2.632,43.401],[2.632,43.399]],[[2.674,43.363],[2.68,43.361],[2.68,43.358],[2.683,43.356],[2.689,43.357]],[[2.664,43.369],[2.664,43.366],[2.668,43.366],[2.674,43.363]],[[2.705,43.351],[2.71,43.346],[2.714,43.347]],[[2.735,43.352],[2.741,43.354]],[[2.741,43.354],[2.747,43.353]],[[2.768,43.355],[2.776,43.353]],[[2.73,43.35],[2.735,43.352]],[[2.747,43.353],[2.752,43.349],[2.755,43.353],[2.761,43.353],[2.762,43.356]],[[2.762,43.356],[2.765,43.357],[2.768,43.355]],[[2.693,43.358],[2.705,43.351]]]}},{"type":"Feature","properties":{"nom":"La Saône de la confluence avec le Doubs à Villefranche sur Saône","code":"DR1807A","longueurKm":132.54628872797,"strahler":6.0},"geometry":{"type":"MultiLineString","coordinates":[[[4.744,46.018],[4.749,46.009],[4.75,45.985]],[[4.746,46.025],[4.744,46.018]],[[4.746,46.028],[4.746,46.025]],[[4.762,46.067],[4.76,46.062],[4.752,46.056]],[[4.754,46.081],[4.762,46.067]],[[4.745,46.036],[4.746,46.028]],[[4.752,46.056],[4.74,46.047],[4.745,46.036]],[[4.755,46.098],[4.748,46.091],[4.747,46.085],[4.749,46.082]],[[4.771,46.111],[4.768,46.107]],[[4.758,46.099],[4.755,46.098]],[[4.758,46.099],[4.758,46.099]],[[4.768,46.107],[4.758,46.099]],[[4.753,46.081],[4.754,46.081]],[[4.749,46.082],[4.753,46.081]],[[4.758,46.099],[4.752,46.087],[4.753,46.081]],[[4.776,46.122],[4.774,46.12]],[[4.791,46.134],[4.776,46.122]],[[4.802,46.152],[4.802,46.151]],[[4.796,46.14],[4.791,46.134]],[[4.802,46.151],[4.796,46.14]],[[4.792,46.164],[4.793,46.163]],[[4.789,46.165],[4.792,46.164]],[[4.78,46.182],[4.78,46.177]],[[4.78,46.187],[4.78,46.182]],[[4.782,46.173],[4.789,46.165]],[[4.78,46.177],[4.782,46.173]],[[4.8,46.158],[4.802,46.152]],[[4.793,46.163],[4.8,46.158]],[[4.772,46.114],[4.771,46.111]],[[4.774,46.12],[4.772,46.114]],[[4.793,46.202],[4.786,46.195]],[[4.793,46.21],[4.793,46.202]],[[4.797,46.222],[4.793,46.216]],[[4.798,46.225],[4.797,46.222]],[[4.793,46.215],[4.793,46.21]],[[4.793,46.216],[4.793,46.215]],[[4.807,46.237],[4.806,46.235]],[[4.809,46.242],[4.807,46.237]],[[4.811,46.26],[4.811,46.252]],[[4.81,46.247],[4.809,46.242]],[[4.811,46.252],[4.81,46.247]],[[4.801,46.23],[4.798,46.225]],[[4.806,46.235],[4.801,46.23]],[[4.827,46.277],[4.82,46.268]],[[4.831,46.291],[4.827,46.277]],[[4.846,46.319],[4.842,46.314]],[[4.85,46.324],[4.846,46.319]],[[4.832,46.296],[4.831,46.291]],[[4.842,46.314],[4.832,46.296]],[[4.851,46.353],[4.853,46.343]],[[4.851,46.354],[4.851,46.353]],[[4.853,46.34],[4.852,46.336]],[[4.853,46.34],[4.854,46.336]],[[4.853,46.343],[4.853,46.34]],[[4.853,46.33],[4.85,46.324]],[[4.852,46.336],[4.853,46.33]],[[4.854,46.336],[4.853,46.33]],[[4.812,46.261],[4.811,46.26]],[[4.82,46.268],[4.812,46.261]],[[4.78,46.189],[4.78,46.187]],[[4.786,46.195],[4.78,46.189]],[[4.879,46.392],[4.855,46.363]],[[4.888,46.403],[4.879,46.392]],[[4.888,46.409],[4.888,46.403]],[[4.892,46.441],[4.892,46.44]],[[4.897,46.449],[4.896,46.447]],[[4.898,46.449],[4.897,46.449]],[[4.893,46.443],[4.892,46.441]],[[4.896,46.447],[4.893,46.443]],[[4.889,46.434],[4.888,46.418]],[[4.888,46.418],[4.888,46.414]],[[4.888,46.414],[4.888,46.409]],[[4.892,46.44],[4.888,46.414]],[[4.892,46.44],[4.889,46.434]],[[4.916,46.465],[4.914,46.462]],[[4.916,46.468],[4.916,46.465]],[[4.914,46.48],[4.915,46.477]],[[4.914,46.483],[4.914,46.48]],[[4.916,46.473],[4.916,46.468]],[[4.915,46.477],[4.916,46.473]],[[4.929,46.504],[4.926,46.497],[4.918,46.491]],[[4.935,46.513],[4.929,46.504]],[[4.923,46.549],[4.937,46.527],[4.939,46.52]],[[4.938,46.517],[4.935,46.513]],[[4.939,46.52],[4.938,46.517]],[[4.915,46.487],[4.914,46.483]],[[4.918,46.491],[4.915,46.487]],[[4.931,46.599],[4.924,46.592]],[[4.933,46.603],[4.931,46.599]],[[4.952,46.626],[4.946,46.621]],[[4.953,46.627],[4.952,46.626]],[[4.944,46.616],[4.933,46.603]],[[4.946,46.621],[4.944,46.616]],[[4.955,46.654],[4.955,46.652]],[[4.944,46.688],[4.955,46.654]],[[4.939,46.699],[4.94,46.698]],[[4.938,46.701],[4.939,46.699]],[[4.941,46.696],[4.944,46.688]],[[4.94,46.698],[4.941,46.696]],[[4.955,46.646],[4.956,46.635],[4.953,46.627]],[[4.955,46.652],[4.955,46.646]],[[4.919,46.555],[4.923,46.549]],[[4.924,46.592],[4.914,46.579],[4.913,46.566],[4.919,46.555]],[[4.899,46.732],[4.912,46.72],[4.921,46.717]],[[4.855,46.761],[4.88,46.753],[4.884,46.746],[4.881,46.736],[4.885,46.732],[4.899,46.732]],[[4.868,46.784],[4.864,46.782]],[[4.855,46.779],[4.847,46.775],[4.845,46.769],[4.848,46.764],[4.855,46.761]],[[4.864,46.782],[4.855,46.779]],[[4.919,46.805],[4.918,46.804]],[[4.954,46.833],[4.942,46.825],[4.938,46.816]],[[4.958,46.836],[4.954,46.833]],[[4.937,46.815],[4.919,46.805]],[[4.938,46.816],[4.937,46.815]],[[4.881,46.798],[4.881,46.791],[4.868,46.784]],[[4.889,46.803],[4.881,46.798]],[[4.918,46.804],[4.913,46.798],[4.907,46.797],[4.889,46.803]],[[4.958,46.867],[4.956,46.862],[4.963,46.857]],[[4.963,46.875],[4.965,46.871],[4.958,46.867]],[[4.965,46.893],[4.954,46.89]],[[4.978,46.898],[4.972,46.897],[4.968,46.894],[4.966,46.894],[4.965,46.893],[4.965,46.893]],[[5.022,46.903],[5.011,46.907]],[[5.008,46.907],[4.994,46.897],[4.978,46.898]],[[5.011,46.907],[5.009,46.907],[5.008,46.907]],[[4.954,46.88],[4.963,46.875]],[[4.954,46.89],[4.952,46.884],[4.954,46.88]],[[4.963,46.848],[4.963,46.842],[4.958,46.836]],[[4.963,46.857],[4.963,46.848]],[[4.932,46.711],[4.938,46.701]],[[4.921,46.717],[4.932,46.711]],[[4.902,46.452],[4.898,46.449]],[[4.914,46.462],[4.902,46.452]],[[4.854,46.361],[4.851,46.354]],[[4.855,46.363],[4.854,46.361]]]}},{"type":"Feature","properties":{"nom":"La Saône de Villefranche sur Saône à la confluence avec le Rhône","code":"DR1807B","longueurKm":41.06171823455,"strahler":6.0},"geometry":{"type":"MultiLineString","coordinates":[[[4.809,45.776],[4.815,45.768],[4.828,45.768],[4.831,45.764],[4.824,45.753],[4.814,45.743],[4.814,45.735],[4.819,45.725]],[[4.816,45.787],[4.809,45.776]],[[4.827,45.795],[4.816,45.787]],[[4.852,45.829],[4.859,45.823],[4.854,45.817]],[[4.85,45.83],[4.852,45.829]],[[4.839,45.8],[4.836,45.798],[4.829,45.796],[4.828,45.796],[4.827,45.795],[4.827,45.795]],[[4.854,45.817],[4.844,45.811],[4.839,45.8]],[[4.834,45.845],[4.832,45.84]],[[4.835,45.849],[4.834,45.845]],[[4.84,45.859],[4.838,45.856]],[[4.836,45.867],[4.84,45.859]],[[4.836,45.851],[4.835,45.849]],[[4.838,45.856],[4.836,45.851]],[[4.843,45.833],[4.85,45.83]],[[4.832,45.84],[4.835,45.836],[4.843,45.833]],[[4.815,45.884],[4.827,45.88]],[[4.808,45.891],[4.815,45.884]],[[4.81,45.915],[4.811,45.908],[4.804,45.902]],[[4.797,45.922],[4.807,45.921],[4.81,45.915]],[[4.793,45.922],[4.797,45.922]],[[4.786,45.928],[4.793,45.922]],[[4.75,45.985],[4.754,45.976],[4.753,45.969],[4.748,45.962],[4.73,45.95]],[[4.73,45.943],[4.738,45.938]],[[4.73,45.95],[4.73,45.943]],[[4.773,45.939],[4.78,45.937],[4.786,45.928]],[[4.754,45.935],[4.758,45.935]],[[4.744,45.938],[4.754,45.935]],[[4.758,45.935],[4.768,45.938]],[[4.738,45.938],[4.744,45.938]],[[4.768,45.938],[4.773,45.939]],[[4.805,45.896],[4.808,45.891]],[[4.804,45.902],[4.805,45.896]],[[4.837,45.875],[4.836,45.867]],[[4.827,45.88],[4.835,45.879],[4.837,45.875]]]}},{"type":"Feature","properties":{"nom":"Le Doubs du Barrage de Crissey à la confluence avec la Saône","code":"DR1808","longueurKm":65.0608466996,"strahler":5.0},"geometry":{"type":"MultiLineString","coordinates":[[[5.071,46.895],[5.064,46.892],[5.049,46.894],[5.03,46.892],[5.027,46.893],[5.026,46.896]],[[5.026,46.896],[5.026,46.897]],[[5.026,46.897],[5.022,46.903]],[[5.083,46.902],[5.071,46.895]],[[5.207,46.922],[5.203,46.914]],[[5.203,46.914],[5.195,46.925]],[[5.233,46.922],[5.221,46.921],[5.216,46.924],[5.207,46.922]],[[5.089,46.914],[5.084,46.91],[5.085,46.904],[5.083,46.902]],[[5.353,46.923],[5.349,46.922]],[[5.349,46.922],[5.342,46.923]],[[5.342,46.923],[5.321,46.923]],[[5.321,46.923],[5.302,46.929]],[[5.117,46.94],[5.107,46.928],[5.092,46.92],[5.089,46.914]],[[5.236,46.927],[5.233,46.922]],[[5.195,46.925],[5.191,46.927]],[[5.365,46.93],[5.359,46.923],[5.353,46.923]],[[5.188,46.936],[5.182,46.929],[5.162,46.926]],[[5.162,46.926],[5.154,46.93],[5.155,46.935],[5.152,46.938]],[[5.191,46.927],[5.191,46.929]],[[5.236,46.928],[5.236,46.927]],[[5.249,46.93],[5.236,46.928]],[[5.268,46.928],[5.261,46.931],[5.255,46.929]],[[5.255,46.929],[5.249,46.93]],[[5.191,46.929],[5.188,46.936]],[[5.377,46.951],[5.376,46.951]],[[5.381,46.953],[5.377,46.951]],[[5.373,46.951],[5.362,46.944]],[[5.376,46.951],[5.373,46.951]],[[5.376,46.979],[5.375,46.972]],[[5.379,46.987],[5.376,46.979]],[[5.391,47.002],[5.384,47.003]],[[5.376,46.992],[5.379,46.987]],[[5.384,47.003],[5.377,47.001],[5.374,46.997],[5.376,46.992]],[[5.384,46.957],[5.381,46.953]],[[5.375,46.972],[5.384,46.957]],[[5.442,47.004],[5.428,47.003],[5.42,47.012]],[[5.42,47.012],[5.403,47.013]],[[5.447,47.02],[5.447,47.018]],[[5.445,47.027],[5.447,47.02]],[[5.448,47.013],[5.442,47.004]],[[5.447,47.018],[5.448,47.013]],[[5.474,47.054],[5.466,47.056],[5.454,47.05]],[[5.48,47.071],[5.469,47.066],[5.477,47.057],[5.477,47.055],[5.476,47.054],[5.475,47.054],[5.474,47.054]],[[5.483,47.082],[5.483,47.078]],[[5.484,47.075],[5.48,47.071]],[[5.483,47.078],[5.484,47.075]],[[5.447,47.046],[5.453,47.042],[5.454,47.037],[5.445,47.027]],[[5.454,47.05],[5.447,47.046]],[[5.396,47.003],[5.394,47.002],[5.392,47.002],[5.391,47.002]],[[5.403,47.013],[5.396,47.003]],[[5.364,46.935],[5.365,46.93]],[[5.121,46.941],[5.117,46.94]],[[5.3,46.936],[5.299,46.937]],[[5.152,46.938],[5.144,46.941],[5.141,46.94]],[[5.302,46.929],[5.3,46.936]],[[5.286,46.939],[5.268,46.928]],[[5.141,46.94],[5.137,46.939],[5.127,46.941],[5.121,46.941]],[[5.299,46.937],[5.291,46.941],[5.286,46.939]],[[5.362,46.944],[5.364,46.935]]]}},{"type":"Feature","properties":{"nom":"La Saône du début à la fin de la Déviation de Seurre","code":"DR1806C","longueurKm":18.5411733283,"strahler":6.0},"geometry":{"type":"MultiLineString","coordinates":[[[5.14,47.001],[5.142,47.0]],[[5.14,47.001],[5.14,47.001]],[[5.132,47.011],[5.134,47.005],[5.14,47.001]],[[5.114,47.047],[5.111,47.047],[5.112,47.043]],[[5.126,47.047],[5.126,47.045],[5.121,47.043],[5.114,47.047]],[[5.137,47.057],[5.134,47.052],[5.119,47.053],[5.119,47.051],[5.126,47.047]],[[5.143,47.062],[5.137,47.057]],[[5.122,47.021],[5.128,47.018],[5.132,47.011]],[[5.112,47.043],[5.116,47.027],[5.122,47.021]],[[5.198,47.069],[5.197,47.068]],[[5.167,47.074],[5.165,47.074]],[[5.202,47.072],[5.198,47.069]],[[5.205,47.074],[5.202,47.072]],[[5.165,47.074],[5.157,47.071]],[[5.169,47.072],[5.167,47.074]],[[5.141,47.068],[5.14,47.066],[5.143,47.062]],[[5.184,47.065],[5.179,47.065]],[[5.196,47.067],[5.191,47.065],[5.188,47.065],[5.184,47.065]],[[5.148,47.068],[5.145,47.069]],[[5.145,47.069],[5.141,47.068]],[[5.197,47.068],[5.196,47.067]],[[5.179,47.065],[5.173,47.065],[5.169,47.072]],[[5.151,47.068],[5.148,47.068]],[[5.157,47.071],[5.151,47.068]]]}},{"type":"Feature","properties":{"nom":"La Saône de la fin de la déviation de Seurre à la confluence avec le Doubs","code":"DR1806D","longueurKm":20.54535725797,"strahler":6.0},"geometry":{"type":"MultiLineString","coordinates":[[[5.053,46.921],[5.056,46.918],[5.054,46.913]],[[5.082,46.935],[5.077,46.938],[5.072,46.935]],[[5.05,46.924],[5.053,46.921]],[[5.035,46.897],[5.032,46.897]],[[5.029,46.899],[5.028,46.9]],[[5.032,46.897],[5.029,46.899]],[[5.029,46.899],[5.029,46.899]],[[5.028,46.9],[5.022,46.903]],[[5.054,46.913],[5.052,46.906],[5.035,46.897]],[[5.097,46.945],[5.094,46.945]],[[5.13,46.98],[5.131,46.977]],[[5.138,46.985],[5.132,46.983],[5.13,46.98]],[[5.142,47.0],[5.143,46.998]],[[5.143,46.998],[5.145,46.991]],[[5.143,46.988],[5.138,46.985]],[[5.145,46.991],[5.143,46.988]],[[5.12,46.963],[5.118,46.96],[5.107,46.958],[5.107,46.952],[5.097,46.945]],[[5.131,46.977],[5.129,46.974],[5.12,46.972],[5.12,46.963]],[[5.072,46.935],[5.07,46.941],[5.067,46.943]],[[5.09,46.942],[5.082,46.935]],[[5.063,46.942],[5.054,46.939],[5.048,46.933],[5.05,46.924]],[[5.067,46.943],[5.063,46.942]],[[5.094,46.945],[5.09,46.942]]]}},{"type":"Feature","properties":{"nom":"L'Aude du Fresquel à la Cesse","code":"DR182","longueurKm":66.17637040525,"strahler":6.0},"geometry":{"type":"MultiLineString","coordinates":[[[2.491,43.189],[2.499,43.186],[2.508,43.188]],[[2.508,43.188],[2.515,43.188]],[[2.482,43.191],[2.491,43.189]],[[2.565,43.194],[2.569,43.197]],[[2.429,43.207],[2.433,43.209]],[[2.422,43.21],[2.426,43.207],[2.429,43.207]],[[2.439,43.21],[2.447,43.205]],[[2.621,43.212],[2.621,43.216]],[[2.433,43.209],[2.439,43.21]],[[2.9,43.233],[2.918,43.232]],[[2.41,43.234],[2.413,43.23]],[[2.413,43.23],[2.408,43.228]],[[2.658,43.227],[2.663,43.235]],[[2.385,43.236],[2.39,43.237],[2.41,43.234]],[[2.644,43.221],[2.647,43.221],[2.655,43.225]],[[2.627,43.222],[2.629,43.224]],[[2.406,43.225],[2.408,43.22],[2.42,43.219],[2.422,43.21]],[[2.621,43.216],[2.627,43.222]],[[2.629,43.224],[2.636,43.225],[2.644,43.221]],[[2.655,43.225],[2.658,43.227]],[[2.408,43.228],[2.406,43.225]],[[2.447,43.205],[2.456,43.203],[2.463,43.195],[2.482,43.191]],[[2.626,43.199],[2.627,43.2]],[[2.588,43.199],[2.599,43.198]],[[2.549,43.199],[2.554,43.199],[2.565,43.194]],[[2.515,43.188],[2.519,43.191],[2.52,43.201]],[[2.52,43.201],[2.523,43.201]],[[2.54,43.2],[2.549,43.199]],[[2.569,43.197],[2.572,43.2]],[[2.586,43.2],[2.588,43.199]],[[2.572,43.2],[2.581,43.202],[2.586,43.2]],[[2.523,43.201],[2.54,43.2]],[[2.599,43.198],[2.604,43.204],[2.613,43.205],[2.626,43.199]],[[2.447,43.205],[2.447,43.205]],[[2.627,43.2],[2.626,43.208],[2.621,43.212]],[[2.935,43.244],[2.942,43.243],[2.95,43.247]],[[2.95,43.247],[2.951,43.247]],[[2.712,43.26],[2.714,43.26]],[[2.714,43.26],[2.72,43.261]],[[2.705,43.259],[2.712,43.26]],[[2.678,43.247],[2.679,43.248]],[[2.679,43.248],[2.687,43.252]],[[2.687,43.252],[2.694,43.255]],[[2.694,43.255],[2.698,43.255]],[[2.698,43.255],[2.705,43.259]],[[2.734,43.262],[2.736,43.263]],[[2.736,43.263],[2.741,43.265]],[[2.72,43.261],[2.73,43.261]],[[2.741,43.265],[2.749,43.258]],[[2.73,43.261],[2.734,43.262]],[[2.76,43.241],[2.766,43.236]],[[2.918,43.232],[2.928,43.235],[2.932,43.246]],[[2.891,43.241],[2.895,43.24],[2.896,43.234],[2.9,43.233]],[[2.863,43.235],[2.868,43.235]],[[2.868,43.235],[2.877,43.235]],[[2.663,43.235],[2.664,43.236]],[[2.766,43.236],[2.771,43.234],[2.779,43.234],[2.785,43.239]],[[2.837,43.241],[2.838,43.238],[2.845,43.24]],[[2.845,43.24],[2.846,43.241]],[[2.932,43.246],[2.935,43.244]],[[2.664,43.236],[2.665,43.244],[2.669,43.245]],[[2.887,43.243],[2.891,43.241]],[[2.877,43.235],[2.882,43.243]],[[2.785,43.239],[2.791,43.237],[2.799,43.239],[2.808,43.237],[2.817,43.239],[2.82,43.242]],[[2.882,43.243],[2.884,43.244]],[[2.847,43.242],[2.852,43.245],[2.863,43.235]],[[2.846,43.241],[2.847,43.242]],[[2.834,43.242],[2.837,43.241]],[[2.82,43.242],[2.822,43.244],[2.834,43.242]],[[2.884,43.244],[2.887,43.243]],[[2.669,43.245],[2.673,43.244],[2.678,43.247]],[[2.749,43.258],[2.755,43.249],[2.761,43.246],[2.76,43.241]]]}},{"type":"Feature","properties":{"nom":"L'Orbiel","code":"DR185","longueurKm":40.90210732637,"strahler":5.0},"geometry":{"type":"MultiLineString","coordinates":[[[2.439,43.214],[2.439,43.21]],[[2.438,43.218],[2.439,43.214]],[[2.434,43.221],[2.438,43.218]],[[2.43,43.236],[2.432,43.229]],[[2.418,43.244],[2.421,43.245],[2.43,43.236]],[[2.434,43.225],[2.434,43.221]],[[2.432,43.229],[2.434,43.225]],[[2.399,43.274],[2.398,43.268]],[[2.401,43.274],[2.399,43.274]],[[2.4,43.259],[2.401,43.259]],[[2.398,43.268],[2.4,43.259]],[[2.412,43.254],[2.412,43.246],[2.418,43.244]],[[2.401,43.259],[2.412,43.254]],[[2.403,43.286],[2.407,43.282]],[[2.402,43.289],[2.4,43.287],[2.403,43.286]],[[2.394,43.309],[2.398,43.3],[2.404,43.296],[2.402,43.289]],[[2.391,43.317],[2.395,43.313],[2.394,43.309]],[[2.404,43.275],[2.401,43.274]],[[2.407,43.282],[2.404,43.275]],[[2.378,43.334],[2.382,43.334],[2.384,43.328]],[[2.379,43.345],[2.377,43.343],[2.377,43.34],[2.38,43.339],[2.378,43.334]],[[2.373,43.355],[2.373,43.353]],[[2.375,43.356],[2.373,43.355]],[[2.378,43.346],[2.379,43.345]],[[2.373,43.353],[2.378,43.351],[2.378,43.346]],[[2.356,43.373],[2.357,43.37],[2.363,43.371]],[[2.346,43.374],[2.351,43.372],[2.353,43.374],[2.356,43.373]],[[2.376,43.367],[2.377,43.363],[2.382,43.362]],[[2.363,43.371],[2.368,43.368],[2.376,43.367]],[[2.381,43.359],[2.378,43.358],[2.376,43.36],[2.375,43.356]],[[2.382,43.362],[2.381,43.359]],[[2.312,43.416],[2.312,43.414],[2.324,43.41]],[[2.318,43.427],[2.312,43.416]],[[2.299,43.442],[2.309,43.435],[2.313,43.429],[2.318,43.427]],[[2.299,43.455],[2.299,43.442]],[[2.34,43.395],[2.346,43.389],[2.346,43.382],[2.343,43.381],[2.346,43.374]],[[2.324,43.41],[2.336,43.402],[2.34,43.395]],[[2.386,43.325],[2.386,43.32],[2.391,43.317]],[[2.384,43.328],[2.386,43.325]]]}},{"type":"Feature","properties":{"nom":"Le Fresquel de la Rougeanne à l'Aude","code":"DR188","longueurKm":15.91374488082,"strahler":5.0},"geometry":{"type":"MultiLineString","coordinates":[[[2.33,43.232],[2.334,43.229],[2.34,43.231]],[[2.329,43.232],[2.33,43.232]],[[2.382,43.236],[2.385,43.236]],[[2.374,43.238],[2.382,43.236]],[[2.364,43.24],[2.364,43.24]],[[2.373,43.238],[2.374,43.238]],[[2.364,43.24],[2.373,43.238]],[[2.362,43.238],[2.364,43.24]],[[2.34,43.231],[2.348,43.233]],[[2.328,43.234],[2.329,43.232]],[[2.348,43.233],[2.359,43.234],[2.362,43.238]],[[2.236,43.247],[2.24,43.248]],[[2.284,43.256],[2.296,43.255]],[[2.263,43.256],[2.264,43.258]],[[2.275,43.262],[2.284,43.256]],[[2.264,43.258],[2.268,43.261],[2.275,43.262]],[[2.305,43.25],[2.316,43.245]],[[2.24,43.248],[2.243,43.251],[2.259,43.253]],[[2.296,43.255],[2.305,43.25]],[[2.259,43.253],[2.263,43.256]],[[2.317,43.243],[2.319,43.237],[2.328,43.234]],[[2.316,43.245],[2.317,43.243]]]}},{"type":"Feature","properties":{"nom":"Le Rhône du barrage de Seyssel au pont d'Evieu","code":"DR2001","longueurKm":53.31052822024,"strahler":6.0},"geometry":{"type":"MultiLineString","coordinates":[[[5.658,45.638],[5.628,45.64]],[[5.628,45.64],[5.615,45.639],[5.604,45.654]],[[5.582,45.669],[5.578,45.669]],[[5.685,45.665],[5.689,45.648],[5.687,45.642],[5.676,45.638],[5.658,45.638]],[[5.604,45.654],[5.588,45.665]],[[5.588,45.665],[5.582,45.669]],[[5.71,45.689],[5.707,45.682],[5.685,45.665]],[[5.701,45.71],[5.7,45.709]],[[5.752,45.764],[5.74,45.759],[5.721,45.761],[5.707,45.754],[5.706,45.739],[5.699,45.728],[5.7,45.723]],[[5.757,45.768],[5.752,45.764]],[[5.7,45.71],[5.701,45.71]],[[5.7,45.723],[5.7,45.71]],[[5.703,45.699],[5.71,45.689]],[[5.7,45.709],[5.703,45.699]],[[5.773,45.783],[5.769,45.778]],[[5.781,45.81],[5.773,45.783]],[[5.802,45.849],[5.797,45.841],[5.799,45.832],[5.788,45.826],[5.784,45.814]],[[5.823,45.929],[5.827,45.913],[5.809,45.872]],[[5.828,45.939],[5.823,45.929]],[[5.801,45.855],[5.802,45.849]],[[5.809,45.872],[5.801,45.855]],[[5.835,45.953],[5.836,45.951]],[[5.834,45.962],[5.835,45.953]],[[5.834,45.972],[5.834,45.971]],[[5.834,45.971],[5.834,45.97]],[[5.834,45.962],[5.834,45.962]],[[5.834,45.97],[5.834,45.962]],[[5.833,45.942],[5.828,45.939]],[[5.836,45.951],[5.837,45.945],[5.833,45.942]],[[5.783,45.812],[5.781,45.81]],[[5.784,45.814],[5.783,45.812]],[[5.768,45.777],[5.757,45.768]],[[5.769,45.778],[5.768,45.777]]]}},{"type":"Feature","properties":{"nom":"Rhône de Chautagne","code":"DR2001A","longueurKm":9.90610344066,"strahler":6.0},"geometry":{"type":"MultiLineString","coordinates":[[[5.804,45.852],[5.802,45.849]],[[5.811,45.858],[5.804,45.852]],[[5.815,45.865],[5.811,45.858]],[[5.82,45.869],[5.819,45.868]],[[5.823,45.878],[5.82,45.869]],[[5.818,45.867],[5.815,45.865]],[[5.819,45.868],[5.818,45.867]],[[5.831,45.9],[5.824,45.887]],[[5.833,45.906],[5.831,45.9]],[[5.823,45.929],[5.825,45.925]],[[5.835,45.913],[5.834,45.91]],[[5.825,45.925],[5.832,45.921],[5.835,45.913]],[[5.834,45.908],[5.833,45.906]],[[5.834,45.91],[5.834,45.908]],[[5.823,45.88],[5.823,45.878]],[[5.824,45.887],[5.823,45.88]]]}},{"type":"Feature","properties":{"nom":"Rhône de Belley","code":"DR2001B","longueurKm":18.09113285466,"strahler":6.0},"geometry":{"type":"MultiLineString","coordinates":[[[5.752,45.707],[5.748,45.705],[5.741,45.709]],[[5.754,45.707],[5.752,45.707]],[[5.741,45.709],[5.732,45.71],[5.72,45.708],[5.701,45.71]],[[5.764,45.72],[5.76,45.714]],[[5.768,45.722],[5.764,45.72]],[[5.771,45.739],[5.772,45.737]],[[5.77,45.741],[5.771,45.739]],[[5.776,45.726],[5.768,45.722]],[[5.772,45.737],[5.776,45.726]],[[5.756,45.708],[5.754,45.707]],[[5.76,45.714],[5.756,45.708]],[[5.784,45.749],[5.78,45.743]],[[5.783,45.752],[5.784,45.749]],[[5.78,45.778],[5.782,45.767]],[[5.784,45.791],[5.78,45.778]],[[5.783,45.812],[5.783,45.808]],[[5.785,45.802],[5.784,45.791]],[[5.783,45.808],[5.785,45.802]],[[5.779,45.76],[5.783,45.752]],[[5.782,45.767],[5.779,45.76]],[[5.775,45.743],[5.77,45.741]],[[5.78,45.743],[5.775,45.743]]]}},{"type":"Feature","properties":{"nom":"Le Rhône de la frontière suisse au barrage de Seyssel","code":"DR2000","longueurKm":55.91193476325,"strahler":5.0},"geometry":{"type":"MultiLineString","coordinates":[[[5.828,45.977],[5.834,45.972]],[[5.82,45.982],[5.828,45.977]],[[5.811,45.988],[5.82,45.982]],[[5.81,46.001],[5.81,45.994]],[[5.809,46.006],[5.81,46.001]],[[5.81,45.992],[5.811,45.988]],[[5.81,45.994],[5.81,45.992]],[[5.807,46.013],[5.808,46.012]],[[5.805,46.016],[5.807,46.013]],[[5.808,46.018],[5.805,46.016]],[[5.813,46.026],[5.808,46.018]],[[5.811,46.01],[5.809,46.006]],[[5.808,46.012],[5.811,46.01]],[[5.807,46.044],[5.809,46.033]],[[5.807,46.045],[5.807,46.044]],[[5.813,46.052],[5.813,46.052]],[[5.813,46.053],[5.813,46.052]],[[5.808,46.061],[5.809,46.06]],[[5.809,46.07],[5.808,46.061]],[[5.814,46.054],[5.813,46.053]],[[5.809,46.06],[5.814,46.058],[5.814,46.054]],[[5.808,46.046],[5.807,46.045]],[[5.813,46.052],[5.808,46.046]],[[5.817,46.082],[5.816,46.081]],[[5.817,46.084],[5.817,46.082]],[[5.819,46.103],[5.824,46.098],[5.822,46.09]],[[5.848,46.093],[5.842,46.1]],[[5.842,46.1],[5.84,46.102]],[[5.82,46.088],[5.817,46.084]],[[5.877,46.086],[5.866,46.086]],[[5.889,46.087],[5.883,46.085],[5.877,46.086]],[[5.822,46.09],[5.82,46.088]],[[5.866,46.086],[5.857,46.086],[5.848,46.093]],[[5.811,46.078],[5.809,46.07]],[[5.816,46.081],[5.811,46.078]],[[5.811,46.029],[5.813,46.026]],[[5.809,46.033],[5.811,46.029]],[[5.915,46.128],[5.906,46.123]],[[5.956,46.132],[5.955,46.131]],[[5.932,46.129],[5.931,46.129]],[[5.916,46.129],[5.915,46.128]],[[5.931,46.129],[5.916,46.129]],[[5.955,46.131],[5.947,46.128],[5.934,46.129],[5.932,46.129]],[[5.965,46.145],[5.966,46.14]],[[5.966,46.147],[5.965,46.145]],[[5.975,46.158],[5.966,46.147]],[[5.992,46.177],[5.988,46.171],[5.982,46.173],[5.975,46.158]],[[6.011,46.177],[6.01,46.177]],[[6.042,46.197],[6.032,46.199]],[[6.029,46.193],[6.031,46.187],[6.011,46.177]],[[6.05,46.194],[6.042,46.197]],[[6.032,46.199],[6.029,46.193]],[[6.007,46.176],[6.004,46.175],[5.994,46.177],[5.992,46.177]],[[6.01,46.177],[6.007,46.176]],[[6.121,46.201],[6.118,46.201]],[[6.059,46.193],[6.05,46.194]],[[6.117,46.201],[6.11,46.203],[6.099,46.193],[6.09,46.194],[6.087,46.196],[6.094,46.209],[6.092,46.211]],[[6.118,46.201],[6.117,46.201]],[[6.092,46.211],[6.087,46.21],[6.08,46.203],[6.071,46.202],[6.066,46.195],[6.059,46.193]],[[5.966,46.138],[5.956,46.132]],[[5.966,46.14],[5.966,46.138]],[[5.821,46.104],[5.819,46.103]],[[5.84,46.102],[5.836,46.104]],[[5.886,46.106],[5.893,46.098],[5.889,46.087]],[[5.829,46.106],[5.825,46.104],[5.821,46.104]],[[5.836,46.104],[5.832,46.106],[5.829,46.106]],[[5.906,46.123],[5.904,46.12],[5.893,46.119],[5.886,46.106]]]}},{"type":"Feature","properties":{"nom":"L'Aude de la Sals au Fresquel","code":"DR197","longueurKm":49.82450767523,"strahler":5.0},"geometry":{"type":"MultiLineString","coordinates":[[[2.252,42.945],[2.25,42.954],[2.258,42.958]],[[2.258,42.958],[2.254,42.961],[2.257,42.964]],[[2.257,42.964],[2.259,42.967]],[[2.265,42.981],[2.264,42.982]],[[2.264,42.982],[2.261,42.99]],[[2.259,42.967],[2.26,42.971]],[[2.26,42.971],[2.265,42.981]],[[2.254,42.997],[2.254,42.998]],[[2.254,42.998],[2.251,43.0]],[[2.251,43.0],[2.249,43.011],[2.257,43.014]],[[2.257,43.014],[2.255,43.018]],[[2.261,42.99],[2.259,42.992]],[[2.259,42.992],[2.254,42.997]],[[2.253,43.037],[2.251,43.038]],[[2.251,43.038],[2.247,43.039]],[[2.239,43.046],[2.239,43.045]],[[2.239,43.045],[2.232,43.045],[2.228,43.047],[2.222,43.046]],[[2.215,43.058],[2.215,43.06]],[[2.215,43.06],[2.218,43.063]],[[2.222,43.046],[2.222,43.049]],[[2.222,43.049],[2.215,43.058]],[[2.247,43.039],[2.243,43.043]],[[2.243,43.043],[2.242,43.046],[2.241,43.046],[2.239,43.046]],[[2.225,43.073],[2.228,43.083]],[[2.228,43.083],[2.23,43.087]],[[2.224,43.068],[2.225,43.072]],[[2.225,43.072],[2.225,43.073]],[[2.25,43.098],[2.252,43.099]],[[2.246,43.096],[2.249,43.097]],[[2.234,43.096],[2.237,43.097]],[[2.241,43.099],[2.246,43.096]],[[2.237,43.097],[2.241,43.099]],[[2.249,43.097],[2.25,43.098]],[[2.23,43.087],[2.231,43.095]],[[2.231,43.095],[2.234,43.096]],[[2.218,43.063],[2.222,43.066]],[[2.222,43.066],[2.224,43.068]],[[2.255,43.018],[2.252,43.02]],[[2.252,43.02],[2.253,43.037]],[[2.27,43.109],[2.278,43.115]],[[2.278,43.115],[2.286,43.117]],[[2.303,43.133],[2.3,43.135],[2.305,43.142],[2.302,43.146]],[[2.302,43.146],[2.299,43.149],[2.295,43.148]],[[2.286,43.117],[2.296,43.117]],[[2.296,43.117],[2.305,43.124],[2.303,43.133]],[[2.26,43.103],[2.268,43.106]],[[2.268,43.106],[2.27,43.109]],[[2.3,43.157],[2.304,43.158],[2.308,43.163]],[[2.308,43.163],[2.306,43.165]],[[2.306,43.165],[2.303,43.167],[2.304,43.17]],[[2.304,43.17],[2.307,43.176]],[[2.323,43.184],[2.323,43.188]],[[2.323,43.188],[2.325,43.189]],[[2.332,43.193],[2.33,43.197]],[[2.325,43.189],[2.328,43.191]],[[2.328,43.191],[2.332,43.193]],[[2.307,43.176],[2.309,43.182]],[[2.309,43.182],[2.319,43.181],[2.323,43.184]],[[2.36,43.212],[2.368,43.224]],[[2.383,43.233],[2.385,43.236]],[[2.368,43.224],[2.37,43.224]],[[2.37,43.224],[2.38,43.226],[2.383,43.233]],[[2.351,43.204],[2.353,43.202],[2.359,43.202]],[[2.33,43.197],[2.33,43.2],[2.338,43.207],[2.351,43.205]],[[2.351,43.205],[2.351,43.204]],[[2.359,43.202],[2.36,43.212]],[[2.295,43.148],[2.295,43.152]],[[2.295,43.152],[2.3,43.157]],[[2.252,43.099],[2.259,43.102]],[[2.259,43.102],[2.26,43.103]]]}},{"type":"Feature","properties":{"nom":"Rhône de Bregnier-Cordon","code":"DR2001C","longueurKm":13.81018934062,"strahler":6.0},"geometry":{"type":"MultiLineString","coordinates":[[[5.633,45.612],[5.624,45.612]],[[5.634,45.613],[5.633,45.612]],[[5.637,45.622],[5.637,45.618]],[[5.635,45.614],[5.634,45.613]],[[5.624,45.612],[5.622,45.615]],[[5.637,45.618],[5.635,45.614]],[[5.646,45.624],[5.644,45.624]],[[5.641,45.624],[5.637,45.622]],[[5.622,45.615],[5.614,45.627]],[[5.644,45.624],[5.641,45.624]],[[5.614,45.627],[5.613,45.627]],[[5.658,45.638],[5.654,45.636]],[[5.604,45.636],[5.606,45.639]],[[5.603,45.651],[5.603,45.651]],[[5.603,45.651],[5.599,45.655],[5.587,45.659]],[[5.578,45.664],[5.578,45.669]],[[5.587,45.659],[5.585,45.66]],[[5.585,45.66],[5.578,45.664]],[[5.606,45.639],[5.604,45.643]],[[5.604,45.643],[5.603,45.651]],[[5.605,45.633],[5.605,45.634]],[[5.609,45.633],[5.605,45.634]],[[5.654,45.636],[5.65,45.631]],[[5.605,45.634],[5.604,45.636]],[[5.613,45.627],[5.611,45.628]],[[5.649,45.628],[5.646,45.624]],[[5.614,45.627],[5.611,45.632]],[[5.65,45.631],[5.649,45.628]],[[5.611,45.628],[5.605,45.633]],[[5.611,45.632],[5.609,45.633]]]}},{"type":"Feature","properties":{"nom":"Le Rhône du pont d'Evieu au défilé de St Alban Malarage","code":"DR2002","longueurKm":10.62701815936,"strahler":6.0},"geometry":{"type":"MultiLineString","coordinates":[[[5.578,45.669],[5.573,45.671]],[[5.573,45.671],[5.569,45.673]],[[5.569,45.673],[5.563,45.675]],[[5.56,45.68],[5.561,45.683]],[[5.563,45.675],[5.56,45.677]],[[5.56,45.677],[5.56,45.68]],[[5.556,45.69],[5.55,45.695],[5.549,45.7]],[[5.549,45.7],[5.554,45.705]],[[5.515,45.733],[5.511,45.736]],[[5.547,45.713],[5.527,45.716],[5.515,45.733]],[[5.554,45.705],[5.553,45.71]],[[5.553,45.71],[5.547,45.713]],[[5.561,45.683],[5.558,45.69]],[[5.558,45.69],[5.556,45.69]]]}},{"type":"Feature","properties":{"nom":"Le Rhône du défilé de St Alban à Sault-Brenaz","code":"DR2003","longueurKm":15.8341644321,"strahler":6.0},"geometry":{"type":"MultiLineString","coordinates":[[[5.511,45.736],[5.497,45.745]],[[5.497,45.745],[5.49,45.749]],[[5.49,45.749],[5.482,45.756]],[[5.482,45.756],[5.46,45.778]],[[5.46,45.778],[5.443,45.791]],[[5.423,45.81],[5.422,45.819]],[[5.422,45.819],[5.436,45.827]],[[5.418,45.842],[5.417,45.843]],[[5.436,45.827],[5.435,45.831]],[[5.435,45.831],[5.418,45.842]],[[5.443,45.791],[5.438,45.796]],[[5.438,45.796],[5.423,45.81]]]}},{"type":"Feature","properties":{"nom":"Le Rhône de Sault-Brenaz au pont de Jons","code":"DR2004","longueurKm":37.33234559431,"strahler":6.0},"geometry":{"type":"MultiLineString","coordinates":[[[5.222,45.769],[5.208,45.772],[5.2,45.771]],[[5.2,45.771],[5.193,45.771],[5.188,45.774]],[[5.125,45.811],[5.105,45.814],[5.09,45.811]],[[5.168,45.795],[5.153,45.796],[5.143,45.804],[5.125,45.811]],[[5.272,45.793],[5.222,45.769]],[[5.188,45.774],[5.187,45.782],[5.177,45.794]],[[5.177,45.794],[5.168,45.795]],[[5.294,45.827],[5.292,45.823]],[[5.302,45.848],[5.3,45.835]],[[5.298,45.833],[5.294,45.827]],[[5.3,45.835],[5.298,45.833]],[[5.28,45.806],[5.272,45.793]],[[5.292,45.823],[5.289,45.812],[5.28,45.806]],[[5.39,45.864],[5.384,45.866]],[[5.33,45.865],[5.323,45.862]],[[5.397,45.861],[5.39,45.864]],[[5.359,45.881],[5.357,45.882]],[[5.357,45.882],[5.352,45.884]],[[5.352,45.884],[5.348,45.883]],[[5.384,45.866],[5.376,45.871]],[[5.341,45.881],[5.33,45.865]],[[5.376,45.871],[5.359,45.881]],[[5.348,45.883],[5.341,45.881]],[[5.41,45.853],[5.401,45.859]],[[5.322,45.861],[5.312,45.857]],[[5.323,45.862],[5.322,45.861]],[[5.401,45.859],[5.397,45.861]],[[5.417,45.843],[5.418,45.845]],[[5.309,45.854],[5.302,45.848]],[[5.418,45.845],[5.41,45.853]],[[5.312,45.857],[5.309,45.854]]]}},{"type":"Feature","properties":{"nom":"Le Rhône du pont de Jons à la confluence Saône","code":"DR2005","longueurKm":36.93032851285,"strahler":6.0},"geometry":{"type":"MultiLineString","coordinates":[[[4.958,45.779],[4.948,45.775]],[[4.971,45.786],[4.958,45.779]],[[4.909,45.769],[4.909,45.768]],[[4.909,45.768],[4.904,45.769]],[[4.904,45.769],[4.902,45.773]],[[4.948,45.775],[4.945,45.777],[4.935,45.772],[4.909,45.769]],[[5.026,45.791],[5.025,45.79]],[[5.037,45.796],[5.03,45.794],[5.026,45.791]],[[5.09,45.811],[5.052,45.804],[5.037,45.796]],[[4.874,45.789],[4.853,45.786],[4.845,45.782],[4.84,45.773],[4.838,45.757],[4.821,45.735],[4.819,45.725]],[[4.902,45.773],[4.891,45.788]],[[4.891,45.788],[4.882,45.794]],[[4.994,45.795],[4.988,45.794],[4.971,45.783],[4.951,45.774],[4.943,45.774],[4.934,45.771],[4.918,45.768],[4.909,45.768]],[[5.025,45.79],[5.017,45.786],[5.006,45.787],[4.994,45.795]],[[4.882,45.794],[4.877,45.79],[4.876,45.79],[4.874,45.789],[4.874,45.789],[4.874,45.789]],[[4.878,45.794],[4.874,45.789]],[[4.882,45.794],[4.88,45.795],[4.878,45.794]]]}},{"type":"Feature","properties":{"nom":"Rhône de Donzère","code":"DR2007E","longueurKm":31.89034364791,"strahler":8.0},"geometry":{"type":"MultiLineString","coordinates":[[[4.674,44.214],[4.677,44.213]],[[4.677,44.213],[4.704,44.215]],[[4.704,44.215],[4.706,44.215]],[[4.662,44.247],[4.677,44.236]],[[4.649,44.263],[4.662,44.247]],[[4.651,44.326],[4.651,44.308]],[[4.651,44.33],[4.651,44.326]],[[4.651,44.28],[4.649,44.263]],[[4.651,44.308],[4.654,44.3],[4.651,44.28]],[[4.677,44.226],[4.674,44.214]],[[4.677,44.236],[4.677,44.226]],[[4.649,44.341],[4.65,44.334]],[[4.648,44.358],[4.649,44.341]],[[4.663,44.408],[4.663,44.407]],[[4.664,44.411],[4.663,44.408]],[[4.698,44.452],[4.695,44.445]],[[4.695,44.445],[4.683,44.439]],[[4.677,44.437],[4.67,44.434],[4.667,44.43],[4.664,44.411]],[[4.683,44.439],[4.677,44.437]],[[4.649,44.362],[4.648,44.358]],[[4.663,44.407],[4.664,44.396],[4.652,44.379],[4.649,44.362]],[[4.651,44.33],[4.651,44.33]],[[4.65,44.334],[4.651,44.33]]]}},{"type":"Feature","properties":{"nom":"Le Rhône d'Avignon à Beaucaire","code":"DR2008","longueurKm":48.60899222012,"strahler":8.0},"geometry":{"type":"MultiLineString","coordinates":[[[4.651,43.815],[4.653,43.806],[4.65,43.786]],[[4.648,43.819],[4.651,43.815]],[[4.636,43.832],[4.648,43.819]],[[4.699,43.896],[4.683,43.883],[4.662,43.877],[4.647,43.87],[4.627,43.866],[4.62,43.858],[4.622,43.85]],[[4.8,43.958],[4.779,43.94]],[[4.737,43.923],[4.724,43.907],[4.699,43.896]],[[4.779,43.94],[4.752,43.933],[4.737,43.923]],[[4.627,43.844],[4.636,43.832]],[[4.622,43.85],[4.627,43.844]],[[4.819,43.998],[4.817,43.996]],[[4.818,44.019],[4.819,43.998]],[[4.748,44.085],[4.767,44.073],[4.785,44.067],[4.788,44.054],[4.814,44.034],[4.818,44.019]],[[4.819,43.988],[4.817,43.976]],[[4.819,43.998],[4.819,43.988]],[[4.817,43.996],[4.814,43.993]],[[4.817,43.973],[4.816,43.97]],[[4.816,43.97],[4.813,43.963],[4.8,43.958]],[[4.817,43.976],[4.817,43.973]],[[4.814,43.993],[4.81,43.977],[4.816,43.97]]]}},{"type":"Feature","properties":{"nom":"Le Rhône de Miribel (du pont de Jons jusqu'à la confluence avec le canal de Jonage)","code":"DR2005A","longueurKm":18.3843196959,"strahler":6.0},"geometry":{"type":"MultiLineString","coordinates":[[[4.878,45.795],[4.878,45.794]],[[5.09,45.811],[5.08,45.814]],[[4.923,45.808],[4.914,45.805],[4.889,45.802],[4.878,45.795]],[[5.068,45.81],[5.061,45.809],[5.055,45.812]],[[5.055,45.812],[5.047,45.813],[5.037,45.81]],[[5.037,45.81],[5.013,45.811],[4.992,45.817]],[[5.08,45.814],[5.074,45.814],[5.068,45.81]],[[4.964,45.822],[4.947,45.819],[4.923,45.808]],[[4.992,45.817],[4.992,45.817]],[[4.992,45.817],[4.983,45.815],[4.972,45.821],[4.967,45.822],[4.964,45.822]]]}},{"type":"Feature","properties":{"nom":"Le Rhône de la confluence Saône à la confluence Isère","code":"DR2006","longueurKm":100.51607445404,"strahler":7.0},"geometry":{"type":"MultiLineString","coordinates":[[[4.859,45.059],[4.857,45.051],[4.84,45.035],[4.84,45.029],[4.845,45.022]],[[4.857,45.062],[4.859,45.059]],[[4.829,45.073],[4.835,45.069],[4.857,45.062]],[[4.827,45.103],[4.83,45.096]],[[4.828,45.08],[4.829,45.073]],[[4.83,45.096],[4.832,45.088],[4.828,45.08]],[[4.822,45.109],[4.823,45.108]],[[4.822,45.109],[4.822,45.109]],[[4.811,45.116],[4.814,45.113]],[[4.824,45.105],[4.827,45.103]],[[4.826,45.105],[4.827,45.103]],[[4.823,45.108],[4.826,45.105]],[[4.814,45.113],[4.824,45.105]],[[4.804,45.132],[4.804,45.127]],[[4.809,45.169],[4.815,45.163],[4.825,45.16],[4.829,45.156]],[[4.808,45.19],[4.812,45.182],[4.811,45.176]],[[4.81,45.203],[4.805,45.196],[4.808,45.19]],[[4.81,45.174],[4.809,45.169]],[[4.811,45.176],[4.81,45.174]],[[4.802,45.229],[4.806,45.219]],[[4.806,45.254],[4.802,45.248],[4.802,45.234]],[[4.81,45.275],[4.81,45.262],[4.806,45.254]],[[4.802,45.233],[4.802,45.229]],[[4.802,45.234],[4.802,45.233]],[[4.806,45.298],[4.809,45.29]],[[4.801,45.302],[4.806,45.298]],[[4.742,45.414],[4.756,45.397],[4.759,45.385]],[[4.747,45.424],[4.742,45.419],[4.742,45.414]],[[4.797,45.307],[4.801,45.302]],[[4.759,45.385],[4.783,45.354],[4.789,45.321],[4.797,45.307]],[[4.81,45.283],[4.81,45.275]],[[4.809,45.29],[4.81,45.283]],[[4.808,45.213],[4.81,45.203]],[[4.806,45.219],[4.808,45.213]],[[4.804,45.122],[4.811,45.116]],[[4.814,45.139],[4.809,45.13],[4.809,45.124],[4.822,45.109]],[[4.804,45.127],[4.804,45.122]],[[4.805,45.134],[4.804,45.132]],[[4.829,45.156],[4.826,45.15],[4.814,45.139]],[[4.808,45.136],[4.805,45.134]],[[4.814,45.139],[4.808,45.136]],[[4.757,45.455],[4.756,45.453]],[[4.781,45.462],[4.776,45.458],[4.769,45.457]],[[4.78,45.469],[4.781,45.462]],[[4.801,45.48],[4.787,45.474]],[[4.812,45.483],[4.801,45.48]],[[4.78,45.47],[4.78,45.469]],[[4.787,45.474],[4.78,45.47]],[[4.761,45.457],[4.757,45.455]],[[4.769,45.457],[4.761,45.457]],[[4.826,45.495],[4.825,45.493]],[[4.835,45.498],[4.826,45.495]],[[4.871,45.526],[4.861,45.516]],[[4.847,45.505],[4.835,45.498]],[[4.861,45.516],[4.847,45.505]],[[4.84,45.543],[4.859,45.539]],[[4.816,45.565],[4.828,45.55],[4.84,45.543]],[[4.779,45.583],[4.798,45.576]],[[4.777,45.586],[4.779,45.583]],[[4.814,45.568],[4.816,45.565]],[[4.798,45.576],[4.814,45.568]],[[4.868,45.536],[4.873,45.532],[4.871,45.526]],[[4.859,45.539],[4.868,45.536]],[[4.817,45.634],[4.808,45.615],[4.8,45.607]],[[4.844,45.698],[4.839,45.687],[4.836,45.659],[4.817,45.634]],[[4.819,45.725],[4.821,45.719]],[[4.821,45.719],[4.824,45.713],[4.835,45.709]],[[4.838,45.705],[4.844,45.698]],[[4.835,45.709],[4.838,45.705]],[[4.779,45.59],[4.777,45.586]],[[4.8,45.607],[4.788,45.595],[4.779,45.59]],[[4.819,45.489],[4.812,45.483]],[[4.825,45.493],[4.819,45.489]],[[4.758,45.432],[4.747,45.424]],[[4.756,45.453],[4.761,45.437],[4.758,45.432]]]}},{"type":"Feature","properties":{"nom":"Rhône de Vernaison","code":"DR2006A","longueurKm":11.80165278806,"strahler":7.0},"geometry":{"type":"MultiLineString","coordinates":[[[4.809,45.636],[4.807,45.621],[4.8,45.607]],[[4.814,45.645],[4.809,45.636]],[[4.838,45.705],[4.839,45.695],[4.834,45.678]],[[4.83,45.663],[4.827,45.65],[4.814,45.645]],[[4.834,45.678],[4.83,45.663]]]}},{"type":"Feature","properties":{"nom":"Rhône de Roussillon","code":"DR2006B","longueurKm":12.85953512062,"strahler":7.0},"geometry":{"type":"MultiLineString","coordinates":[[[4.801,45.297],[4.809,45.29]],[[4.801,45.297],[4.801,45.297]],[[4.798,45.3],[4.801,45.297]],[[4.765,45.32],[4.772,45.314]],[[4.761,45.325],[4.765,45.32]],[[4.794,45.303],[4.798,45.3]],[[4.772,45.314],[4.794,45.303]],[[4.762,45.344],[4.761,45.334]],[[4.769,45.357],[4.768,45.349],[4.762,45.344]],[[4.759,45.385],[4.759,45.384]],[[4.759,45.384],[4.754,45.37]],[[4.758,45.364],[4.769,45.357]],[[4.754,45.37],[4.758,45.364]],[[4.76,45.33],[4.761,45.325]],[[4.761,45.334],[4.76,45.33]]]}},{"type":"Feature","properties":{"nom":"Le Rhône de la confluence Isère à Avignon","code":"DR2007","longueurKm":124.93194530745,"strahler":7.0},"geometry":{"type":"MultiLineString","coordinates":[[[4.721,44.081],[4.725,44.079]],[[4.725,44.079],[4.748,44.085]],[[4.737,44.088],[4.748,44.085]],[[4.717,44.095],[4.721,44.081]],[[4.711,44.118],[4.711,44.118]],[[4.706,44.215],[4.711,44.208],[4.704,44.197]],[[4.706,44.215],[4.706,44.215]],[[4.712,44.123],[4.711,44.118]],[[4.704,44.197],[4.716,44.175],[4.72,44.147],[4.713,44.134],[4.712,44.123]],[[4.71,44.11],[4.711,44.105]],[[4.711,44.105],[4.714,44.1]],[[4.722,44.096],[4.728,44.091],[4.737,44.088]],[[4.714,44.1],[4.717,44.095]],[[4.711,44.118],[4.71,44.11]],[[4.712,44.123],[4.722,44.096]],[[4.731,44.284],[4.713,44.261]],[[4.742,44.297],[4.731,44.284]],[[4.734,44.344],[4.74,44.315]],[[4.73,44.37],[4.734,44.344]],[[4.707,44.413],[4.72,44.41]],[[4.696,44.435],[4.695,44.42],[4.7,44.415],[4.707,44.413]],[[4.729,44.378],[4.73,44.37]],[[4.72,44.41],[4.725,44.404],[4.729,44.378]],[[4.743,44.303],[4.742,44.297]],[[4.74,44.315],[4.743,44.303]],[[4.701,44.466],[4.701,44.465]],[[4.7,44.473],[4.701,44.466]],[[4.699,44.482],[4.699,44.482]],[[4.708,44.499],[4.703,44.493],[4.699,44.482]],[[4.699,44.48],[4.7,44.473]],[[4.699,44.482],[4.699,44.48]],[[4.715,44.558],[4.718,44.549]],[[4.738,44.599],[4.718,44.581],[4.715,44.558]],[[4.762,44.631],[4.761,44.63]],[[4.777,44.649],[4.762,44.631]],[[4.753,44.621],[4.738,44.599]],[[4.761,44.63],[4.753,44.621]],[[4.726,44.533],[4.728,44.522],[4.724,44.51],[4.708,44.499]],[[4.718,44.549],[4.726,44.533]],[[4.698,44.452],[4.696,44.435]],[[4.701,44.465],[4.698,44.452]],[[4.697,44.235],[4.698,44.225],[4.706,44.215]],[[4.713,44.261],[4.697,44.235]],[[4.783,44.662],[4.782,44.66]],[[4.788,44.676],[4.788,44.669],[4.783,44.662]],[[4.778,44.711],[4.784,44.694]],[[4.769,44.728],[4.769,44.722],[4.778,44.711]],[[4.76,44.771],[4.753,44.758],[4.756,44.752]],[[4.762,44.773],[4.76,44.771]],[[4.761,44.743],[4.769,44.737],[4.769,44.728]],[[4.756,44.752],[4.761,44.743]],[[4.788,44.677],[4.788,44.676]],[[4.784,44.694],[4.788,44.677]],[[4.783,44.798],[4.769,44.781]],[[4.798,44.805],[4.783,44.798]],[[4.812,44.825],[4.811,44.823]],[[4.812,44.826],[4.812,44.825]],[[4.809,44.82],[4.806,44.81],[4.798,44.805]],[[4.811,44.823],[4.809,44.82]],[[4.844,44.858],[4.838,44.852]],[[4.854,44.897],[4.861,44.874],[4.844,44.858]],[[4.885,44.941],[4.886,44.936],[4.872,44.92],[4.869,44.91]],[[4.882,44.949],[4.885,44.941]],[[4.856,44.902],[4.854,44.897]],[[4.869,44.91],[4.856,44.902]],[[4.821,44.842],[4.812,44.826]],[[4.838,44.852],[4.821,44.842]],[[4.857,44.982],[4.861,44.971],[4.871,44.962]],[[4.861,44.984],[4.857,44.982]],[[4.845,45.022],[4.854,45.014],[4.863,44.999]],[[4.867,44.989],[4.861,44.984]],[[4.863,44.999],[4.867,44.989]],[[4.873,44.961],[4.882,44.949]],[[4.871,44.962],[4.873,44.961]],[[4.766,44.779],[4.762,44.773]],[[4.769,44.781],[4.766,44.779]],[[4.778,44.653],[4.777,44.649]],[[4.782,44.66],[4.778,44.653]]]}},{"type":"Feature","properties":{"nom":"Bras d'Avignon et ses annexes","code":"DR2008A","longueurKm":14.55961428708,"strahler":8.0},"geometry":{"type":"MultiLineString","coordinates":[[[4.8,43.952],[4.792,43.943],[4.779,43.94]],[[4.852,43.988],[4.854,43.969],[4.848,43.962],[4.842,43.96],[4.829,43.96],[4.819,43.954],[4.806,43.954],[4.8,43.952]],[[4.849,43.992],[4.852,43.988]],[[4.818,44.019],[4.829,44.014]],[[4.841,44.012],[4.841,44.012]],[[4.829,44.014],[4.841,44.012]],[[4.842,44.011],[4.845,43.998],[4.849,43.992]],[[4.841,44.012],[4.842,44.011]]]}},{"type":"Feature","properties":{"nom":"Rhône de Beaucaire","code":"DR2008B","longueurKm":7.90678407755,"strahler":8.0},"geometry":{"type":"MultiLineString","coordinates":[[[4.648,43.797],[4.65,43.786]],[[4.637,43.823],[4.649,43.812],[4.648,43.797]],[[4.622,43.85],[4.623,43.843]],[[4.624,43.839],[4.626,43.83],[4.637,43.823]],[[4.623,43.843],[4.624,43.839]]]}},{"type":"Feature","properties":{"nom":"Le Rhône de Beaucaire au seuil de Terrin et au pont de Sylveréal","code":"DR2009","longueurKm":70.70744603976,"strahler":8.0},"geometry":{"type":"MultiLineString","coordinates":[[[4.387,43.562],[4.384,43.555],[4.37,43.549]],[[4.407,43.56],[4.399,43.56]],[[4.399,43.56],[4.391,43.562],[4.389,43.562],[4.387,43.562]],[[4.618,43.632],[4.639,43.626],[4.654,43.617],[4.658,43.612],[4.658,43.601],[4.662,43.59]],[[4.413,43.565],[4.407,43.56]],[[4.468,43.615],[4.475,43.606],[4.466,43.599],[4.461,43.59],[4.449,43.583],[4.427,43.586],[4.419,43.582],[4.403,43.573],[4.416,43.572],[4.413,43.565]],[[4.628,43.683],[4.628,43.681],[4.609,43.67]],[[4.439,43.647],[4.426,43.621],[4.441,43.61],[4.468,43.615]],[[4.599,43.654],[4.605,43.64],[4.618,43.632]],[[4.609,43.67],[4.601,43.662],[4.599,43.654]],[[4.615,43.731],[4.612,43.725]],[[4.615,43.733],[4.615,43.731]],[[4.612,43.725],[4.615,43.714]],[[4.624,43.75],[4.622,43.744]],[[4.626,43.759],[4.624,43.75]],[[4.629,43.765],[4.626,43.759]],[[4.65,43.786],[4.644,43.778],[4.629,43.765]],[[4.617,43.737],[4.615,43.733]],[[4.622,43.744],[4.617,43.737]],[[4.616,43.709],[4.614,43.705]],[[4.615,43.714],[4.616,43.709]],[[4.628,43.685],[4.628,43.683]],[[4.613,43.689],[4.606,43.686],[4.596,43.687],[4.578,43.698]],[[4.51,43.702],[4.496,43.702],[4.485,43.698],[4.476,43.685],[4.477,43.673],[4.453,43.666],[4.439,43.647]],[[4.578,43.698],[4.558,43.7],[4.538,43.708],[4.525,43.702],[4.51,43.702]],[[4.614,43.705],[4.617,43.693],[4.613,43.689]],[[4.616,43.709],[4.627,43.694],[4.628,43.685]]]}},{"type":"Feature","properties":{"nom":"L'Aude de l'Aiguette à la Sals","code":"DR201","longueurKm":30.81532467883,"strahler":5.0},"geometry":{"type":"MultiLineString","coordinates":[[[2.212,42.772],[2.22,42.782]],[[2.22,42.782],[2.22,42.783]],[[2.22,42.783],[2.222,42.785],[2.222,42.791],[2.227,42.798]],[[2.233,42.804],[2.237,42.806]],[[2.237,42.806],[2.236,42.81],[2.24,42.812]],[[2.227,42.798],[2.228,42.799]],[[2.228,42.799],[2.227,42.801],[2.233,42.804]],[[2.229,42.823],[2.226,42.827]],[[2.205,42.835],[2.204,42.843]],[[2.204,42.843],[2.204,42.849]],[[2.226,42.827],[2.224,42.83],[2.214,42.83],[2.211,42.832]],[[2.211,42.832],[2.205,42.835]],[[2.24,42.812],[2.228,42.816]],[[2.228,42.816],[2.228,42.82],[2.225,42.822],[2.229,42.823]],[[2.2,42.856],[2.194,42.857]],[[2.194,42.857],[2.191,42.859]],[[2.184,42.867],[2.187,42.87]],[[2.191,42.859],[2.192,42.864],[2.186,42.864]],[[2.186,42.864],[2.184,42.867]],[[2.204,42.849],[2.205,42.851]],[[2.205,42.851],[2.2,42.856]],[[2.185,42.871],[2.184,42.873]],[[2.184,42.873],[2.185,42.878]],[[2.186,42.879],[2.189,42.883]],[[2.189,42.883],[2.192,42.888]],[[2.185,42.878],[2.186,42.879]],[[2.186,42.879],[2.186,42.879]],[[2.189,42.907],[2.193,42.908]],[[2.197,42.913],[2.202,42.915],[2.207,42.914]],[[2.207,42.914],[2.208,42.917]],[[2.193,42.908],[2.197,42.913]],[[2.197,42.913],[2.197,42.913]],[[2.192,42.888],[2.193,42.891]],[[2.193,42.891],[2.186,42.898],[2.189,42.907]],[[2.219,42.928],[2.213,42.932]],[[2.213,42.932],[2.217,42.934],[2.225,42.931],[2.233,42.935]],[[2.247,42.94],[2.252,42.945]],[[2.233,42.935],[2.236,42.942],[2.238,42.941]],[[2.238,42.941],[2.247,42.94]],[[2.208,42.917],[2.216,42.923]],[[2.216,42.923],[2.219,42.925],[2.219,42.928]],[[2.187,42.87],[2.185,42.87]],[[2.185,42.87],[2.185,42.871]]]}},{"type":"Feature","properties":{"nom":"Rhône de Bourg-Les-Valence","code":"DR2007A","longueurKm":10.48925181915,"strahler":7.0},"geometry":{"type":"MultiLineString","coordinates":[[[4.881,44.945],[4.885,44.941]],[[4.859,44.968],[4.875,44.956],[4.881,44.945]],[[4.853,44.98],[4.859,44.968]],[[4.852,44.982],[4.853,44.98]],[[4.852,44.984],[4.852,44.982]],[[4.837,45.006],[4.838,45.005]],[[4.837,45.006],[4.837,45.006]],[[4.839,45.01],[4.837,45.006]],[[4.845,45.022],[4.839,45.01]],[[4.842,45.002],[4.852,44.994],[4.852,44.984]],[[4.838,45.005],[4.842,45.002]]]}},{"type":"Feature","properties":{"nom":"Rhône de Charmes-Beauchastel","code":"DR2007B","longueurKm":8.38030518918,"strahler":8.0},"geometry":{"type":"MultiLineString","coordinates":[[[4.808,44.808],[4.798,44.805]],[[4.819,44.812],[4.808,44.808]],[[4.824,44.84],[4.82,44.835],[4.823,44.818],[4.819,44.812]],[[4.844,44.858],[4.844,44.853]],[[4.844,44.851],[4.843,44.844]],[[4.844,44.853],[4.844,44.851]],[[4.841,44.842],[4.824,44.84]],[[4.843,44.844],[4.841,44.842]]]}},{"type":"Feature","properties":{"nom":"Rhône de Baix-Logis-Neuf","code":"DR2007C","longueurKm":9.35035556653,"strahler":8.0},"geometry":{"type":"MultiLineString","coordinates":[[[4.782,44.677],[4.783,44.662]],[[4.776,44.69],[4.782,44.677]],[[4.774,44.695],[4.776,44.69]],[[4.774,44.695],[4.774,44.695]],[[4.763,44.723],[4.764,44.716]],[[4.764,44.728],[4.763,44.723]],[[4.763,44.737],[4.764,44.728]],[[4.761,44.743],[4.763,44.737]],[[4.768,44.711],[4.772,44.706],[4.774,44.695]],[[4.764,44.716],[4.768,44.711]]]}},{"type":"Feature","properties":{"nom":"Rhône de Montélimar","code":"DR2007D","longueurKm":15.11014105015,"strahler":8.0},"geometry":{"type":"MultiLineString","coordinates":[[[4.695,44.486],[4.699,44.482]],[[4.693,44.488],[4.695,44.486]],[[4.69,44.491],[4.693,44.488]],[[4.693,44.545],[4.694,44.542]],[[4.692,44.548],[4.693,44.545]],[[4.696,44.52],[4.692,44.516]],[[4.694,44.542],[4.701,44.529],[4.696,44.52]],[[4.688,44.502],[4.69,44.491]],[[4.692,44.516],[4.688,44.502]],[[4.723,44.591],[4.715,44.586]],[[4.726,44.592],[4.723,44.591]],[[4.727,44.593],[4.726,44.592]],[[4.738,44.599],[4.727,44.593]],[[4.708,44.579],[4.705,44.574]],[[4.715,44.586],[4.708,44.579]],[[4.694,44.561],[4.692,44.548]],[[4.705,44.574],[4.701,44.567],[4.694,44.561]]]}},{"type":"Feature","properties":{"nom":"Le Drac de l'aval de St Bonnet à la retenue du Sautet","code":"DR2027A","longueurKm":17.70923589552,"strahler":5.0},"geometry":{"type":"MultiLineString","coordinates":[[[6.074,44.675],[6.069,44.682]],[[6.069,44.682],[6.066,44.688]],[[6.066,44.688],[6.065,44.691]],[[6.06,44.697],[6.057,44.7]],[[6.057,44.7],[6.052,44.701]],[[6.065,44.691],[6.065,44.691]],[[6.065,44.691],[6.06,44.697]],[[6.027,44.717],[6.018,44.722]],[[6.018,44.722],[6.016,44.724]],[[6.033,44.714],[6.029,44.716]],[[6.029,44.716],[6.027,44.717]],[[6.052,44.701],[6.045,44.707]],[[6.045,44.707],[6.038,44.709],[6.033,44.714]],[[6.013,44.726],[6.012,44.728]],[[6.012,44.728],[6.011,44.729]],[[6.011,44.729],[6.009,44.73]],[[6.009,44.73],[6.009,44.731]],[[6.016,44.724],[6.016,44.724]],[[6.016,44.724],[6.013,44.726]],[[6.004,44.737],[6.004,44.74]],[[6.004,44.74],[6.004,44.744]],[[5.987,44.771],[5.985,44.777]],[[5.985,44.777],[5.982,44.779]],[[6.004,44.744],[5.995,44.757]],[[5.995,44.757],[5.99,44.768],[5.987,44.771]],[[5.978,44.789],[5.978,44.791]],[[5.978,44.791],[5.976,44.792]],[[5.981,44.781],[5.979,44.787]],[[5.979,44.787],[5.978,44.789]],[[5.982,44.779],[5.981,44.78]],[[5.981,44.78],[5.981,44.781]],[[5.969,44.795],[5.968,44.795]],[[5.974,44.793],[5.973,44.793]],[[5.973,44.793],[5.969,44.795]],[[5.976,44.792],[5.975,44.792]],[[5.975,44.792],[5.975,44.793],[5.974,44.793],[5.974,44.793]],[[6.009,44.731],[6.006,44.732]],[[6.006,44.732],[6.004,44.737]]]}},{"type":"Feature","properties":{"nom":"L'Ognon du Lauzin à la Linotte","code":"DR2025","longueurKm":38.04418660348,"strahler":5.0},"geometry":{"type":"MultiLineString","coordinates":[[[6.24,47.413],[6.237,47.414]],[[6.237,47.414],[6.232,47.414],[6.227,47.421],[6.223,47.422]],[[6.214,47.424],[6.211,47.426]],[[6.223,47.422],[6.217,47.423]],[[6.217,47.423],[6.214,47.424]],[[6.206,47.432],[6.204,47.433]],[[6.261,47.429],[6.26,47.427]],[[6.211,47.426],[6.206,47.431]],[[6.25,47.425],[6.239,47.432],[6.233,47.43],[6.234,47.425],[6.242,47.419],[6.24,47.413]],[[6.257,47.428],[6.256,47.425],[6.25,47.425]],[[6.26,47.427],[6.258,47.428],[6.257,47.428]],[[6.206,47.431],[6.206,47.432]],[[6.283,47.452],[6.282,47.452]],[[6.302,47.469],[6.294,47.466]],[[6.285,47.458],[6.283,47.452]],[[6.282,47.452],[6.279,47.463],[6.267,47.465]],[[6.267,47.465],[6.259,47.462]],[[6.294,47.466],[6.285,47.458]],[[6.333,47.48],[6.333,47.478]],[[6.263,47.446],[6.261,47.429]],[[6.259,47.462],[6.263,47.446]],[[6.324,47.492],[6.321,47.492]],[[6.329,47.499],[6.327,47.492],[6.326,47.492],[6.324,47.491],[6.324,47.492]],[[6.32,47.489],[6.321,47.486]],[[6.321,47.492],[6.318,47.49],[6.32,47.489]],[[6.331,47.503],[6.331,47.503]],[[6.336,47.507],[6.331,47.503]],[[6.339,47.506],[6.336,47.507]],[[6.329,47.499],[6.329,47.499]],[[6.331,47.503],[6.329,47.499]],[[6.359,47.509],[6.353,47.508]],[[6.368,47.514],[6.359,47.509]],[[6.384,47.524],[6.378,47.523],[6.374,47.521]],[[6.394,47.528],[6.394,47.525],[6.384,47.524]],[[6.407,47.543],[6.402,47.534],[6.406,47.532]],[[6.406,47.532],[6.406,47.53]],[[6.407,47.528],[6.398,47.526],[6.396,47.528],[6.395,47.528],[6.394,47.528]],[[6.406,47.53],[6.407,47.528]],[[6.372,47.516],[6.368,47.514]],[[6.374,47.521],[6.372,47.516]],[[6.348,47.507],[6.347,47.505],[6.339,47.506]],[[6.353,47.508],[6.348,47.507]],[[6.3,47.483],[6.302,47.469]],[[6.333,47.478],[6.323,47.474],[6.312,47.481]],[[6.33,47.481],[6.333,47.48]],[[6.329,47.482],[6.33,47.481]],[[6.328,47.482],[6.329,47.482]],[[6.312,47.481],[6.305,47.485]],[[6.305,47.485],[6.3,47.483]],[[6.321,47.486],[6.328,47.482]]]}},{"type":"Feature","properties":{"nom":"La Durance du canal EDF au vallon de la Campane","code":"DR2032","longueurKm":13.02473712698,"strahler":6.0},"geometry":{"type":"MultiLineString","coordinates":[[[5.64,43.671],[5.638,43.67]],[[5.648,43.675],[5.64,43.671]],[[5.652,43.681],[5.652,43.681]],[[5.652,43.681],[5.648,43.675]],[[5.665,43.688],[5.656,43.686],[5.652,43.681]],[[5.744,43.718],[5.743,43.718]],[[5.734,43.717],[5.723,43.705],[5.726,43.7]],[[5.743,43.718],[5.734,43.717]],[[5.726,43.7],[5.718,43.696]],[[5.669,43.692],[5.665,43.688]],[[5.677,43.692],[5.673,43.692]],[[5.694,43.691],[5.689,43.692]],[[5.673,43.692],[5.669,43.692]],[[5.689,43.692],[5.688,43.695]],[[5.688,43.695],[5.685,43.697],[5.677,43.692]],[[5.718,43.696],[5.712,43.69],[5.697,43.693],[5.694,43.691]]]}},{"type":"Feature","properties":{"nom":"L'Argens de la Nartuby à la mer","code":"DR2033","longueurKm":21.15404610923,"strahler":5.0},"geometry":{"type":"MultiLineString","coordinates":[[[6.734,43.411],[6.735,43.411],[6.736,43.41],[6.736,43.408]],[[6.733,43.41],[6.734,43.411]],[[6.722,43.413],[6.726,43.411],[6.733,43.41]],[[6.675,43.442],[6.677,43.437],[6.685,43.436],[6.681,43.433]],[[6.621,43.45],[6.637,43.45]],[[6.659,43.445],[6.659,43.445]],[[6.659,43.445],[6.663,43.443],[6.668,43.445],[6.671,43.44],[6.675,43.442]],[[6.694,43.419],[6.708,43.421],[6.722,43.413]],[[6.681,43.433],[6.687,43.427],[6.694,43.424],[6.694,43.419]],[[6.652,43.452],[6.656,43.452]],[[6.612,43.466],[6.616,43.462],[6.615,43.457]],[[6.58,43.465],[6.588,43.467],[6.592,43.462],[6.603,43.463]],[[6.603,43.463],[6.605,43.462],[6.61,43.466]],[[6.61,43.466],[6.612,43.466]],[[6.572,43.47],[6.573,43.467],[6.58,43.465]],[[6.615,43.457],[6.615,43.453]],[[6.616,43.451],[6.621,43.45]],[[6.637,43.45],[6.641,43.45]],[[6.659,43.451],[6.661,43.45],[6.659,43.445]],[[6.656,43.452],[6.659,43.451]],[[6.641,43.45],[6.652,43.452]],[[6.615,43.453],[6.616,43.451]]]}},{"type":"Feature","properties":{"nom":"L'Agly du ruisseau de Roboul à la mer Méditerranée","code":"DR211","longueurKm":16.31839104367,"strahler":5.0},"geometry":{"type":"MultiLineString","coordinates":[[[2.96,42.752],[2.972,42.758]],[[3.018,42.771],[3.025,42.771],[3.033,42.778],[3.039,42.779]],[[2.972,42.758],[2.985,42.764],[2.999,42.766]],[[2.869,42.772],[2.878,42.774],[2.902,42.773],[2.91,42.769],[2.914,42.762],[2.933,42.759],[2.946,42.753],[2.96,42.752]],[[2.867,42.775],[2.869,42.772]],[[2.999,42.766],[3.018,42.771]]]}},{"type":"Feature","properties":{"nom":"L'Agly du Verdouble au ruisseau de Roboul","code":"DR212","longueurKm":16.37639873771,"strahler":5.0},"geometry":{"type":"MultiLineString","coordinates":[[[2.719,42.779],[2.759,42.774]],[[2.832,42.782],[2.84,42.781],[2.848,42.772],[2.859,42.775],[2.867,42.775]],[[2.759,42.774],[2.768,42.777],[2.77,42.782]],[[2.782,42.779],[2.782,42.775],[2.786,42.773]],[[2.781,42.781],[2.782,42.779]],[[2.786,42.773],[2.789,42.782],[2.794,42.787]],[[2.828,42.782],[2.832,42.782]],[[2.824,42.781],[2.828,42.782]],[[2.77,42.784],[2.781,42.781]],[[2.799,42.786],[2.818,42.779],[2.824,42.781]],[[2.77,42.782],[2.77,42.784]],[[2.794,42.787],[2.799,42.786]]]}},{"type":"Feature","properties":{"nom":"Le Verdouble","code":"DR213","longueurKm":46.77087880959,"strahler":5.0},"geometry":{"type":"MultiLineString","coordinates":[[[2.704,42.781],[2.707,42.779],[2.719,42.779]],[[2.706,42.783],[2.704,42.781]],[[2.717,42.789],[2.719,42.788],[2.714,42.782],[2.711,42.782],[2.711,42.785],[2.706,42.783]],[[2.739,42.807],[2.732,42.802],[2.723,42.8]],[[2.744,42.809],[2.739,42.807]],[[2.721,42.799],[2.722,42.794],[2.717,42.789]],[[2.723,42.8],[2.721,42.799]],[[2.742,42.814],[2.742,42.813]],[[2.748,42.818],[2.742,42.814]],[[2.747,42.822],[2.748,42.818]],[[2.754,42.833],[2.746,42.825],[2.747,42.822]],[[2.744,42.81],[2.744,42.809]],[[2.742,42.813],[2.744,42.81]],[[2.747,42.846],[2.748,42.844]],[[2.749,42.853],[2.749,42.85],[2.745,42.849],[2.747,42.846]],[[2.739,42.856],[2.742,42.857]],[[2.725,42.858],[2.739,42.856]],[[2.72,42.86],[2.725,42.858]],[[2.706,42.859],[2.72,42.86]],[[2.748,42.853],[2.749,42.853]],[[2.742,42.857],[2.748,42.853]],[[2.612,42.862],[2.617,42.862]],[[2.679,42.86],[2.69,42.864]],[[2.698,42.864],[2.703,42.865],[2.706,42.859]],[[2.617,42.862],[2.619,42.862]],[[2.695,42.864],[2.698,42.864]],[[2.69,42.864],[2.691,42.864]],[[2.691,42.864],[2.695,42.864]],[[2.755,42.837],[2.754,42.833]],[[2.748,42.844],[2.752,42.845],[2.755,42.837]],[[2.662,42.869],[2.665,42.869]],[[2.529,42.878],[2.534,42.878]],[[2.534,42.878],[2.535,42.879]],[[2.524,42.877],[2.529,42.878]],[[2.548,42.882],[2.557,42.884]],[[2.557,42.884],[2.565,42.887],[2.566,42.889],[2.569,42.888]],[[2.569,42.888],[2.57,42.889]],[[2.578,42.879],[2.579,42.878]],[[2.545,42.88],[2.548,42.882]],[[2.537,42.879],[2.545,42.88]],[[2.535,42.879],[2.537,42.879]],[[2.469,42.889],[2.464,42.88]],[[2.548,42.882],[2.548,42.882]],[[2.57,42.889],[2.573,42.889],[2.578,42.879]],[[2.497,42.871],[2.5,42.871]],[[2.496,42.871],[2.497,42.871]],[[2.471,42.868],[2.479,42.868]],[[2.479,42.868],[2.487,42.868],[2.489,42.871]],[[2.489,42.871],[2.496,42.871]],[[2.5,42.871],[2.511,42.874]],[[2.511,42.874],[2.512,42.876]],[[2.512,42.876],[2.512,42.876]],[[2.579,42.878],[2.582,42.877]],[[2.512,42.876],[2.521,42.875],[2.524,42.877]],[[2.464,42.88],[2.471,42.868]],[[2.589,42.863],[2.599,42.864]],[[2.599,42.864],[2.604,42.864]],[[2.604,42.864],[2.607,42.864]],[[2.636,42.866],[2.639,42.866]],[[2.634,42.865],[2.635,42.866]],[[2.635,42.866],[2.636,42.866]],[[2.671,42.868],[2.676,42.865],[2.679,42.86]],[[2.607,42.864],[2.609,42.862],[2.612,42.862]],[[2.619,42.862],[2.632,42.865]],[[2.632,42.865],[2.634,42.865]],[[2.665,42.869],[2.668,42.867],[2.671,42.868]],[[2.639,42.866],[2.642,42.866]],[[2.642,42.866],[2.646,42.868],[2.656,42.869]],[[2.656,42.869],[2.662,42.869]],[[2.582,42.877],[2.581,42.868],[2.589,42.863]]]}},{"type":"Feature","properties":{"nom":"La Durance du Coulon à la confluence avec le Rhône","code":"DR244","longueurKm":23.96929179588,"strahler":6.0},"geometry":{"type":"MultiLineString","coordinates":[[[4.987,43.856],[4.98,43.86],[4.978,43.867],[4.957,43.875]],[[4.957,43.875],[4.947,43.877],[4.94,43.884],[4.933,43.882]],[[4.896,43.893],[4.891,43.898]],[[4.891,43.898],[4.884,43.899]],[[4.913,43.889],[4.9,43.89]],[[4.9,43.89],[4.896,43.893]],[[4.924,43.888],[4.916,43.888]],[[4.933,43.882],[4.927,43.888]],[[4.924,43.888],[4.924,43.888]],[[4.927,43.888],[4.924,43.888]],[[4.916,43.888],[4.913,43.889]],[[4.848,43.911],[4.845,43.913],[4.834,43.913]],[[4.834,43.913],[4.821,43.913]],[[4.795,43.917],[4.784,43.917]],[[4.784,43.917],[4.778,43.919]],[[4.751,43.923],[4.737,43.923]],[[4.778,43.919],[4.774,43.919]],[[4.774,43.919],[4.751,43.923]],[[4.821,43.913],[4.811,43.913],[4.807,43.916],[4.795,43.917]],[[4.795,43.917],[4.795,43.917]],[[4.884,43.899],[4.875,43.906],[4.861,43.907],[4.859,43.912],[4.848,43.912]],[[4.848,43.912],[4.848,43.911]]]}},{"type":"Feature","properties":{"nom":"Le Verdon du Jabron à la retenue","code":"DR256","longueurKm":25.61960190668,"strahler":5.0},"geometry":{"type":"MultiLineString","coordinates":[[[6.379,43.74],[6.372,43.743],[6.359,43.736],[6.351,43.736],[6.344,43.742]],[[6.344,43.742],[6.33,43.745],[6.326,43.749]],[[6.303,43.764],[6.301,43.763]],[[6.301,43.763],[6.295,43.764]],[[6.326,43.749],[6.323,43.753],[6.317,43.754],[6.318,43.758],[6.312,43.759]],[[6.312,43.759],[6.303,43.764]],[[6.285,43.772],[6.284,43.772]],[[6.284,43.772],[6.274,43.776]],[[6.29,43.769],[6.285,43.772]],[[6.295,43.764],[6.292,43.766]],[[6.292,43.766],[6.29,43.769]],[[6.266,43.78],[6.262,43.782]],[[6.262,43.782],[6.262,43.785]],[[6.434,43.791],[6.433,43.792]],[[6.41,43.794],[6.407,43.79],[6.402,43.79]],[[6.258,43.796],[6.254,43.8],[6.249,43.802]],[[6.433,43.792],[6.424,43.79],[6.413,43.796]],[[6.413,43.796],[6.41,43.794]],[[6.262,43.785],[6.261,43.788]],[[6.402,43.79],[6.396,43.789]],[[6.261,43.788],[6.258,43.796]],[[6.389,43.775],[6.38,43.764],[6.379,43.74]],[[6.274,43.776],[6.269,43.777]],[[6.269,43.777],[6.266,43.78]],[[6.396,43.789],[6.389,43.775]]]}},{"type":"Feature","properties":{"nom":"Le Verdon du retour du tronçon court-circuité à la confluence avec la Durance ?","code":"DR250A","longueurKm":6.41185386772,"strahler":5.0},"geometry":{"type":"MultiLineString","coordinates":[[[5.747,43.719],[5.744,43.718]],[[5.764,43.722],[5.76,43.722]],[[5.815,43.728],[5.807,43.727]],[[5.757,43.724],[5.755,43.721],[5.747,43.719]],[[5.76,43.722],[5.758,43.723]],[[5.784,43.722],[5.778,43.722]],[[5.766,43.723],[5.764,43.722]],[[5.758,43.723],[5.757,43.724],[5.757,43.724]],[[5.778,43.722],[5.77,43.723]],[[5.77,43.723],[5.766,43.723]],[[5.807,43.727],[5.784,43.722]]]}},{"type":"Feature","properties":{"nom":"Le Verdon du Colostre au retour du tronçon court-circuité","code":"DR250B","longueurKm":10.99107136863,"strahler":5.0},"geometry":{"type":"MultiLineString","coordinates":[[[5.827,43.73],[5.815,43.728]],[[5.83,43.73],[5.828,43.731],[5.827,43.73]],[[5.84,43.733],[5.834,43.73],[5.83,43.73]],[[5.854,43.74],[5.849,43.738]],[[5.883,43.753],[5.875,43.747],[5.87,43.748],[5.854,43.74]],[[5.846,43.737],[5.84,43.733]],[[5.849,43.738],[5.846,43.737]],[[5.892,43.754],[5.891,43.754]],[[5.923,43.757],[5.915,43.754]],[[5.928,43.751],[5.927,43.752]],[[5.897,43.753],[5.892,43.754]],[[5.927,43.752],[5.926,43.757],[5.925,43.757],[5.924,43.757],[5.923,43.757]],[[5.915,43.754],[5.906,43.754],[5.899,43.753],[5.897,43.753]],[[5.884,43.753],[5.883,43.753]],[[5.891,43.754],[5.884,43.753]]]}},{"type":"Feature","properties":{"nom":"La Durance du vallon de la Campane à l'amont de Mallemort","code":"DR246A","longueurKm":49.70026782121,"strahler":6.0},"geometry":{"type":"MultiLineString","coordinates":[[[5.527,43.66],[5.523,43.66]],[[5.54,43.66],[5.533,43.659],[5.527,43.66]],[[5.523,43.66],[5.52,43.66]],[[5.541,43.661],[5.529,43.661]],[[5.52,43.66],[5.518,43.661]],[[5.518,43.661],[5.517,43.661]],[[5.541,43.661],[5.54,43.66]],[[5.542,43.661],[5.541,43.661]],[[5.509,43.665],[5.509,43.666]],[[5.638,43.67],[5.636,43.67]],[[5.622,43.667],[5.62,43.666]],[[5.636,43.67],[5.622,43.667]],[[5.469,43.672],[5.465,43.674]],[[5.442,43.682],[5.436,43.684]],[[5.436,43.684],[5.427,43.684]],[[5.411,43.693],[5.401,43.699]],[[5.401,43.699],[5.397,43.698]],[[5.427,43.684],[5.424,43.686]],[[5.424,43.686],[5.411,43.693]],[[5.465,43.674],[5.451,43.681]],[[5.451,43.681],[5.444,43.682],[5.442,43.682]],[[5.495,43.667],[5.494,43.667]],[[5.509,43.666],[5.506,43.667]],[[5.505,43.667],[5.503,43.667]],[[5.506,43.667],[5.505,43.667]],[[5.503,43.667],[5.495,43.667]],[[5.613,43.664],[5.611,43.663]],[[5.509,43.665],[5.505,43.667]],[[5.62,43.666],[5.613,43.664]],[[5.494,43.667],[5.486,43.67],[5.469,43.672]],[[5.572,43.663],[5.557,43.662]],[[5.605,43.66],[5.599,43.659]],[[5.517,43.661],[5.512,43.663]],[[5.529,43.661],[5.512,43.663]],[[5.599,43.659],[5.588,43.66],[5.584,43.662]],[[5.557,43.662],[5.556,43.66],[5.541,43.661]],[[5.557,43.662],[5.542,43.661]],[[5.584,43.662],[5.578,43.663]],[[5.578,43.663],[5.576,43.663],[5.572,43.663]],[[5.611,43.663],[5.605,43.66]],[[5.512,43.663],[5.509,43.665]],[[5.375,43.705],[5.375,43.707]],[[5.369,43.71],[5.368,43.711]],[[5.364,43.712],[5.363,43.713]],[[5.368,43.711],[5.365,43.712]],[[5.365,43.712],[5.364,43.712]],[[5.375,43.707],[5.37,43.71]],[[5.37,43.71],[5.369,43.71]],[[5.37,43.71],[5.363,43.711]],[[5.182,43.735],[5.181,43.735]],[[5.348,43.715],[5.34,43.72],[5.338,43.725],[5.327,43.725],[5.322,43.735]],[[5.202,43.739],[5.182,43.735]],[[5.277,43.741],[5.27,43.743]],[[5.202,43.74],[5.202,43.739]],[[5.322,43.735],[5.314,43.739],[5.307,43.74],[5.302,43.737],[5.297,43.74],[5.285,43.74]],[[5.284,43.739],[5.279,43.74]],[[5.285,43.74],[5.284,43.739]],[[5.204,43.741],[5.202,43.74]],[[5.279,43.74],[5.277,43.741]],[[5.21,43.745],[5.204,43.741]],[[5.215,43.747],[5.21,43.745]],[[5.27,43.743],[5.267,43.743],[5.269,43.748],[5.258,43.747]],[[5.22,43.748],[5.215,43.747]],[[5.228,43.746],[5.228,43.747],[5.221,43.748],[5.22,43.748]],[[5.258,43.747],[5.251,43.745],[5.245,43.749]],[[5.234,43.748],[5.234,43.746],[5.233,43.746],[5.228,43.746]],[[5.245,43.749],[5.234,43.748]],[[5.363,43.713],[5.361,43.713]],[[5.363,43.711],[5.361,43.713]],[[5.361,43.713],[5.361,43.713]],[[5.361,43.713],[5.353,43.716],[5.348,43.715]],[[5.397,43.698],[5.392,43.701]],[[5.392,43.701],[5.375,43.705]]]}},{"type":"Feature","properties":{"nom":"La Durance de l'Asse au Verdon","code":"DR267","longueurKm":23.88706478229,"strahler":6.0},"geometry":{"type":"MultiLineString","coordinates":[[[5.747,43.72],[5.744,43.718]],[[5.75,43.722],[5.747,43.72]],[[5.753,43.727],[5.75,43.722]],[[5.78,43.756],[5.774,43.753],[5.774,43.748],[5.767,43.746],[5.768,43.741]],[[5.767,43.74],[5.76,43.738],[5.753,43.727]],[[5.768,43.741],[5.767,43.74]],[[5.805,43.774],[5.804,43.774]],[[5.805,43.774],[5.801,43.771]],[[5.804,43.774],[5.796,43.774]],[[5.79,43.769],[5.79,43.769]],[[5.79,43.769],[5.788,43.759],[5.784,43.755],[5.78,43.756]],[[5.801,43.771],[5.79,43.769]],[[5.796,43.774],[5.79,43.769]],[[5.819,43.79],[5.813,43.787]],[[5.82,43.794],[5.819,43.79]],[[5.844,43.826],[5.837,43.823],[5.837,43.821]],[[5.845,43.827],[5.844,43.826]],[[5.836,43.818],[5.835,43.813],[5.826,43.808]],[[5.837,43.821],[5.836,43.818]],[[5.855,43.846],[5.847,43.837]],[[5.859,43.846],[5.855,43.846]],[[5.863,43.851],[5.859,43.846]],[[5.873,43.868],[5.863,43.858],[5.863,43.851]],[[5.845,43.832],[5.845,43.827]],[[5.847,43.837],[5.845,43.832]],[[5.822,43.802],[5.82,43.794]],[[5.826,43.808],[5.822,43.802]],[[5.806,43.775],[5.805,43.774]],[[5.813,43.787],[5.806,43.775]]]}},{"type":"Feature","properties":{"nom":"La Durance du Buëch au canal EDF","code":"DR278","longueurKm":16.2465809014,"strahler":6.0},"geometry":{"type":"MultiLineString","coordinates":[[[6.015,44.088],[6.013,44.087]],[[6.017,44.089],[6.015,44.088]],[[6.023,44.097],[6.017,44.089]],[[6.018,44.102],[6.022,44.101]],[[6.011,44.106],[6.018,44.102]],[[6.022,44.099],[6.023,44.097]],[[6.022,44.101],[6.022,44.099]],[[5.991,44.12],[5.994,44.119]],[[5.987,44.125],[5.991,44.12]],[[6.006,44.111],[6.006,44.111]],[[5.994,44.119],[6.002,44.117],[6.006,44.111]],[[6.01,44.107],[6.011,44.106]],[[6.006,44.111],[6.01,44.107]],[[5.985,44.131],[5.986,44.13]],[[5.981,44.135],[5.985,44.131]],[[5.98,44.136],[5.981,44.135]],[[5.979,44.136],[5.98,44.136]],[[5.986,44.13],[5.987,44.125]],[[5.986,44.13],[5.986,44.13]],[[5.973,44.142],[5.977,44.137]],[[5.972,44.142],[5.973,44.142]],[[5.967,44.152],[5.967,44.152]],[[5.96,44.153],[5.963,44.154],[5.967,44.152]],[[5.969,44.15],[5.972,44.142]],[[5.967,44.152],[5.969,44.15]],[[5.952,44.176],[5.952,44.175]],[[5.953,44.182],[5.952,44.176]],[[5.954,44.161],[5.954,44.154]],[[5.952,44.175],[5.954,44.161]],[[5.959,44.153],[5.96,44.153]],[[5.954,44.154],[5.959,44.153]],[[5.944,44.202],[5.945,44.2]],[[5.953,44.192],[5.953,44.192]],[[5.945,44.2],[5.953,44.192]],[[5.954,44.187],[5.953,44.182]],[[5.953,44.192],[5.954,44.187]],[[5.977,44.137],[5.979,44.136]],[[5.977,44.137],[5.977,44.137]]]}},{"type":"Feature","properties":{"nom":"La Durance de l'aval de Mallemort au Coulon","code":"DR246B","longueurKm":23.60663869736,"strahler":6.0},"geometry":{"type":"MultiLineString","coordinates":[[[5.181,43.735],[5.178,43.735]],[[5.178,43.735],[5.169,43.742]],[[5.169,43.742],[5.165,43.745],[5.158,43.745]],[[5.117,43.758],[5.112,43.76]],[[5.112,43.76],[5.105,43.764]],[[5.101,43.767],[5.093,43.771]],[[5.093,43.771],[5.09,43.772]],[[5.105,43.764],[5.104,43.764]],[[5.104,43.764],[5.101,43.767]],[[5.158,43.745],[5.15,43.75],[5.142,43.75],[5.129,43.757]],[[5.129,43.757],[5.124,43.759],[5.117,43.758]],[[5.067,43.783],[5.059,43.784]],[[5.059,43.784],[5.05,43.79]],[[5.044,43.793],[5.041,43.8]],[[5.041,43.8],[5.044,43.809],[5.036,43.821]],[[4.988,43.855],[4.987,43.856]],[[4.994,43.847],[4.994,43.85],[4.988,43.855]],[[5.036,43.821],[5.031,43.824],[5.029,43.829]],[[5.029,43.829],[5.018,43.835],[5.007,43.838],[5.005,43.841],[4.999,43.841],[4.994,43.847]],[[5.05,43.79],[5.047,43.79]],[[5.047,43.79],[5.044,43.793]],[[5.09,43.772],[5.084,43.777],[5.07,43.778]],[[5.07,43.778],[5.067,43.783]]]}},{"type":"Feature","properties":{"nom":"La Durance du canal EDF à l'Asse","code":"DR275","longueurKm":32.46022467795,"strahler":6.0},"geometry":{"type":"MultiLineString","coordinates":[[[5.876,43.873],[5.873,43.868]],[[5.876,43.876],[5.876,43.873]],[[5.878,43.878],[5.876,43.876]],[[5.883,43.886],[5.883,43.884]],[[5.887,43.888],[5.883,43.886]],[[5.883,43.88],[5.878,43.878]],[[5.883,43.884],[5.883,43.88]],[[5.889,43.901],[5.885,43.894]],[[5.888,43.904],[5.889,43.901]],[[5.894,43.935],[5.894,43.934]],[[5.896,43.941],[5.894,43.935]],[[5.889,43.91],[5.888,43.904]],[[5.894,43.934],[5.901,43.929],[5.889,43.91]],[[5.887,43.892],[5.887,43.888]],[[5.885,43.894],[5.887,43.892]],[[5.905,43.959],[5.904,43.963],[5.914,43.968]],[[5.912,43.976],[5.916,43.971],[5.914,43.968]],[[5.929,44.0],[5.92,43.994]],[[5.929,44.004],[5.929,44.0]],[[5.915,43.988],[5.918,43.983],[5.912,43.976]],[[5.92,43.994],[5.915,43.988]],[[5.905,43.957],[5.898,43.95],[5.896,43.941]],[[5.905,43.959],[5.905,43.957]],[[5.938,44.007],[5.932,44.008]],[[5.939,44.008],[5.938,44.007]],[[5.957,44.028],[5.951,44.022]],[[5.962,44.034],[5.957,44.028]],[[5.942,44.012],[5.939,44.008]],[[5.951,44.022],[5.953,44.018],[5.944,44.017],[5.942,44.012]],[[5.981,44.047],[5.98,44.044]],[[6.004,44.06],[5.995,44.053]],[[5.984,44.049],[5.983,44.045],[5.98,44.044]],[[5.983,44.049],[5.981,44.047]],[[5.984,44.049],[5.983,44.049]],[[5.995,44.053],[5.984,44.049]],[[5.968,44.039],[5.962,44.034]],[[5.98,44.044],[5.968,44.039]],[[6.008,44.07],[6.008,44.068]],[[6.008,44.078],[6.008,44.07]],[[6.013,44.087],[6.012,44.085]],[[6.011,44.084],[6.008,44.078]],[[6.012,44.085],[6.011,44.084]],[[6.008,44.067],[6.004,44.06]],[[6.008,44.068],[6.008,44.067]],[[5.93,44.006],[5.929,44.004]],[[5.932,44.008],[5.93,44.006]]]}},{"type":"Feature","properties":{"nom":"La Durance du torrent de Trente Pas au torrent de St Pierre","code":"DR292","longueurKm":25.92653191043,"strahler":6.0},"geometry":{"type":"MultiLineString","coordinates":[[[6.025,44.428],[6.025,44.427]],[[6.027,44.433],[6.025,44.428]],[[6.026,44.434],[6.027,44.433]],[[6.056,44.45],[6.046,44.444]],[[6.057,44.452],[6.056,44.45]],[[6.03,44.436],[6.026,44.434]],[[6.046,44.444],[6.038,44.439],[6.034,44.438],[6.031,44.436],[6.031,44.436],[6.03,44.436]],[[6.061,44.46],[6.06,44.459]],[[6.057,44.453],[6.057,44.452]],[[6.06,44.459],[6.057,44.453]],[[6.059,44.466],[6.061,44.46]],[[6.217,44.46],[6.212,44.46]],[[6.212,44.46],[6.209,44.46]],[[6.212,44.46],[6.212,44.46]],[[6.201,44.46],[6.201,44.46]],[[6.209,44.46],[6.207,44.46],[6.204,44.46],[6.201,44.46]],[[6.063,44.467],[6.059,44.466]],[[6.069,44.465],[6.063,44.467]],[[6.201,44.46],[6.179,44.462]],[[6.274,44.47],[6.272,44.468]],[[6.257,44.466],[6.255,44.465]],[[6.27,44.467],[6.257,44.466]],[[6.272,44.468],[6.27,44.467]],[[6.137,44.467],[6.135,44.467]],[[6.248,44.464],[6.239,44.465]],[[6.239,44.465],[6.233,44.464]],[[6.255,44.465],[6.248,44.464]],[[6.092,44.477],[6.087,44.477]],[[6.115,44.476],[6.108,44.475],[6.103,44.472],[6.099,44.474]],[[6.079,44.474],[6.076,44.468]],[[6.116,44.475],[6.115,44.476]],[[6.099,44.474],[6.097,44.476]],[[6.082,44.476],[6.079,44.474]],[[6.097,44.476],[6.092,44.477]],[[6.087,44.477],[6.082,44.476]],[[6.229,44.463],[6.225,44.462]],[[6.076,44.468],[6.075,44.465],[6.072,44.465],[6.069,44.465]],[[6.225,44.462],[6.217,44.46]],[[6.175,44.462],[6.149,44.463]],[[6.179,44.462],[6.178,44.462],[6.175,44.462]],[[6.076,44.468],[6.076,44.468]],[[6.233,44.464],[6.229,44.463]],[[6.149,44.463],[6.142,44.466]],[[6.142,44.466],[6.14,44.466]],[[6.14,44.466],[6.137,44.467]],[[6.135,44.467],[6.131,44.467],[6.116,44.475]]]}},{"type":"Feature","properties":{"nom":"La Durance du Guil au torrent de Trente Pas","code":"DR298","longueurKm":19.97310725456,"strahler":6.0},"geometry":{"type":"MultiLineString","coordinates":[[[6.481,44.549],[6.477,44.548]],[[6.492,44.554],[6.481,44.549]],[[6.493,44.553],[6.492,44.554]],[[6.498,44.555],[6.498,44.555]],[[6.501,44.556],[6.498,44.555]],[[6.495,44.554],[6.493,44.553]],[[6.498,44.555],[6.495,44.554]],[[6.518,44.573],[6.517,44.567],[6.513,44.564]],[[6.515,44.576],[6.518,44.575],[6.518,44.573]],[[6.513,44.562],[6.511,44.56]],[[6.513,44.564],[6.513,44.562]],[[6.505,44.558],[6.501,44.556]],[[6.511,44.56],[6.505,44.558]],[[6.519,44.584],[6.518,44.584]],[[6.529,44.591],[6.519,44.584]],[[6.533,44.596],[6.529,44.591]],[[6.535,44.598],[6.533,44.596]],[[6.515,44.578],[6.515,44.576]],[[6.518,44.584],[6.515,44.578]],[[6.537,44.603],[6.537,44.602]],[[6.539,44.607],[6.537,44.603]],[[6.548,44.622],[6.547,44.621]],[[6.55,44.624],[6.548,44.622]],[[6.545,44.618],[6.541,44.616],[6.539,44.607]],[[6.547,44.621],[6.545,44.618]],[[6.573,44.633],[6.568,44.632]],[[6.574,44.635],[6.573,44.633]],[[6.567,44.631],[6.553,44.629]],[[6.568,44.632],[6.567,44.631]],[[6.55,44.625],[6.55,44.624]],[[6.553,44.629],[6.55,44.625]],[[6.589,44.656],[6.586,44.652]],[[6.594,44.656],[6.589,44.656]],[[6.605,44.669],[6.601,44.665]],[[6.597,44.662],[6.594,44.656]],[[6.601,44.665],[6.597,44.662]],[[6.578,44.641],[6.574,44.635]],[[6.586,44.652],[6.581,44.648],[6.581,44.642],[6.578,44.641]],[[6.536,44.599],[6.535,44.598]],[[6.537,44.602],[6.536,44.599]]]}},{"type":"Feature","properties":{"nom":"Le Buëch médian de la confluence des deux Buëch au barrage de Saint-Sauveur","code":"DR281A","longueurKm":5.12881004433,"strahler":5.0},"geometry":{"type":"MultiLineString","coordinates":[[[5.716,44.415],[5.716,44.411]],[[5.715,44.422],[5.716,44.415]],[[5.722,44.449],[5.712,44.442],[5.712,44.437]],[[5.712,44.437],[5.712,44.433],[5.717,44.431]],[[5.715,44.424],[5.715,44.422]],[[5.717,44.431],[5.715,44.424]]]}},{"type":"Feature","properties":{"nom":"Le Buëch aval","code":"DR281B","longueurKm":37.44945816951,"strahler":5.0},"geometry":{"type":"MultiLineString","coordinates":[[[5.933,44.201],[5.944,44.202]],[[5.875,44.215],[5.878,44.211]],[[5.873,44.216],[5.875,44.215]],[[5.884,44.21],[5.885,44.208]],[[5.878,44.211],[5.884,44.21]],[[5.912,44.206],[5.919,44.201],[5.933,44.201]],[[5.887,44.207],[5.887,44.207]],[[5.892,44.207],[5.896,44.207]],[[5.888,44.206],[5.89,44.206]],[[5.89,44.206],[5.891,44.206]],[[5.887,44.207],[5.888,44.206]],[[5.891,44.206],[5.892,44.207]],[[5.901,44.207],[5.912,44.206]],[[5.896,44.207],[5.901,44.207]],[[5.885,44.208],[5.887,44.207]],[[5.873,44.225],[5.872,44.224]],[[5.872,44.225],[5.873,44.225]],[[5.872,44.224],[5.873,44.218]],[[5.867,44.232],[5.871,44.226]],[[5.864,44.233],[5.867,44.232]],[[5.861,44.236],[5.862,44.235]],[[5.861,44.238],[5.861,44.236]],[[5.863,44.234],[5.864,44.233]],[[5.862,44.235],[5.863,44.234]],[[5.872,44.226],[5.872,44.225]],[[5.871,44.226],[5.872,44.226]],[[5.859,44.245],[5.86,44.245]],[[5.847,44.25],[5.859,44.245]],[[5.843,44.251],[5.847,44.25]],[[5.836,44.257],[5.839,44.251]],[[5.835,44.258],[5.836,44.257]],[[5.828,44.263],[5.828,44.262]],[[5.827,44.267],[5.828,44.263]],[[5.828,44.261],[5.835,44.258]],[[5.828,44.262],[5.828,44.261]],[[5.842,44.251],[5.843,44.251]],[[5.839,44.251],[5.842,44.251]],[[5.86,44.244],[5.861,44.238]],[[5.86,44.245],[5.86,44.244]],[[5.873,44.217],[5.873,44.216]],[[5.873,44.218],[5.873,44.217]],[[5.822,44.276],[5.826,44.274],[5.825,44.27]],[[5.826,44.281],[5.822,44.276]],[[5.834,44.29],[5.835,44.289]],[[5.836,44.298],[5.834,44.29]],[[5.826,44.284],[5.826,44.281]],[[5.835,44.289],[5.831,44.284],[5.826,44.284]],[[5.821,44.308],[5.822,44.308]],[[5.802,44.313],[5.821,44.308]],[[5.822,44.308],[5.829,44.303]],[[5.835,44.299],[5.836,44.298]],[[5.829,44.303],[5.835,44.299]],[[5.788,44.32],[5.79,44.317],[5.798,44.316]],[[5.787,44.328],[5.788,44.32]],[[5.782,44.332],[5.785,44.332]],[[5.779,44.337],[5.782,44.332]],[[5.788,44.331],[5.787,44.328]],[[5.785,44.332],[5.788,44.331]],[[5.769,44.345],[5.773,44.343]],[[5.767,44.348],[5.769,44.345]],[[5.767,44.349],[5.767,44.348]],[[5.775,44.341],[5.779,44.337]],[[5.773,44.343],[5.775,44.341]],[[5.744,44.371],[5.751,44.365],[5.751,44.361],[5.761,44.353]],[[5.741,44.383],[5.744,44.371]],[[5.731,44.397],[5.732,44.39]],[[5.729,44.398],[5.731,44.397]],[[5.737,44.384],[5.741,44.383]],[[5.732,44.39],[5.737,44.384]],[[5.724,44.403],[5.724,44.402]],[[5.722,44.404],[5.724,44.403]],[[5.718,44.406],[5.722,44.404]],[[5.716,44.411],[5.718,44.406]],[[5.725,44.399],[5.729,44.398]],[[5.724,44.402],[5.725,44.399]],[[5.766,44.351],[5.767,44.349]],[[5.761,44.353],[5.761,44.351],[5.766,44.351]],[[5.798,44.315],[5.802,44.313]],[[5.798,44.316],[5.798,44.315]],[[5.826,44.269],[5.827,44.267]],[[5.825,44.27],[5.826,44.269]]]}},{"type":"Feature","properties":{"nom":"La Durance de la confluence avec la Gyronde à la confluence avec le Guil","code":"DR305C","longueurKm":16.25403465709,"strahler":5.0},"geometry":{"type":"MultiLineString","coordinates":[[[6.606,44.688],[6.608,44.682],[6.605,44.669]],[[6.604,44.69],[6.606,44.688]],[[6.607,44.694],[6.604,44.69]],[[6.589,44.716],[6.593,44.713]],[[6.585,44.727],[6.589,44.716]],[[6.595,44.708],[6.603,44.703]],[[6.593,44.713],[6.595,44.708]],[[6.607,44.697],[6.607,44.694]],[[6.603,44.703],[6.607,44.697]],[[6.559,44.783],[6.56,44.77],[6.57,44.76]],[[6.559,44.786],[6.559,44.783]],[[6.561,44.792],[6.559,44.786]],[[6.56,44.797],[6.561,44.792]],[[6.576,44.749],[6.582,44.74],[6.58,44.734]],[[6.57,44.76],[6.576,44.749]],[[6.583,44.729],[6.585,44.727]],[[6.58,44.734],[6.583,44.729]]]}},{"type":"Feature","properties":{"nom":"Le Guil de la confluence avec le torrent d'Aigue Agnelle à la confluence avec le Cristillan","code":"DR305A","longueurKm":15.64413321577,"strahler":5.0},"geometry":{"type":"MultiLineString","coordinates":[[[6.696,44.68],[6.693,44.677]],[[6.699,44.687],[6.696,44.68]],[[6.706,44.694],[6.699,44.687]],[[6.716,44.701],[6.715,44.701]],[[6.73,44.708],[6.722,44.704]],[[6.733,44.708],[6.73,44.708]],[[6.722,44.704],[6.716,44.701]],[[6.722,44.704],[6.722,44.704]],[[6.706,44.694],[6.706,44.694]],[[6.715,44.701],[6.706,44.694]],[[6.762,44.717],[6.75,44.715]],[[6.78,44.752],[6.774,44.748],[6.769,44.737]],[[6.786,44.754],[6.783,44.754],[6.78,44.753],[6.78,44.752],[6.78,44.752],[6.78,44.752]],[[6.818,44.762],[6.809,44.759]],[[6.788,44.754],[6.786,44.754]],[[6.809,44.759],[6.788,44.754]],[[6.769,44.733],[6.764,44.729],[6.762,44.717]],[[6.769,44.737],[6.769,44.733]],[[6.743,44.712],[6.735,44.708],[6.733,44.708]],[[6.75,44.715],[6.745,44.712],[6.744,44.712],[6.743,44.712],[6.743,44.712]]]}},{"type":"Feature","properties":{"nom":"Le Guil de la confluence avec le Cristillan à la confluence avec la Durance","code":"DR305B","longueurKm":8.26005916869,"strahler":5.0},"geometry":{"type":"MultiLineString","coordinates":[[[6.62,44.665],[6.605,44.669]],[[6.623,44.663],[6.62,44.665]],[[6.693,44.677],[6.691,44.676]],[[6.69,44.676],[6.685,44.675]],[[6.691,44.676],[6.69,44.676]],[[6.674,44.67],[6.668,44.667],[6.661,44.669]],[[6.644,44.672],[6.636,44.671],[6.63,44.668],[6.625,44.664],[6.624,44.663],[6.623,44.663]],[[6.661,44.669],[6.644,44.672]],[[6.685,44.675],[6.679,44.67],[6.677,44.67],[6.675,44.67],[6.674,44.67]]]}},{"type":"Feature","properties":{"nom":"L'Isère de la Bourne au Rhône","code":"DR312","longueurKm":41.26759985701,"strahler":7.0},"geometry":{"type":"MultiLineString","coordinates":[[[4.916,45.016],[4.91,45.015],[4.905,45.007],[4.889,45.006],[4.882,44.999],[4.873,44.998],[4.867,44.989]],[[4.943,45.02],[4.926,45.013],[4.916,45.016]],[[4.944,45.021],[4.943,45.02]],[[5.044,45.03],[5.033,45.027],[5.013,45.033],[5.003,45.033]],[[5.003,45.033],[4.996,45.032],[4.984,45.036]],[[4.984,45.036],[4.964,45.041]],[[4.957,45.041],[4.95,45.039]],[[4.964,45.041],[4.957,45.041]],[[4.936,45.035],[4.932,45.032],[4.933,45.029],[4.946,45.024],[4.946,45.023],[4.946,45.022],[4.945,45.021],[4.945,45.021],[4.944,45.021]],[[4.95,45.039],[4.936,45.035]],[[5.162,45.065],[5.162,45.056],[5.159,45.054]],[[5.163,45.066],[5.162,45.065]],[[5.245,45.067],[5.233,45.07],[5.226,45.08],[5.209,45.084]],[[5.209,45.084],[5.186,45.085]],[[5.181,45.084],[5.173,45.076],[5.171,45.069],[5.163,45.066]],[[5.186,45.085],[5.181,45.084]],[[5.142,45.051],[5.132,45.044]],[[5.159,45.054],[5.142,45.051]],[[5.123,45.037],[5.113,45.035],[5.101,45.039]],[[5.046,45.042],[5.043,45.039],[5.044,45.03]],[[5.094,45.04],[5.071,45.039],[5.061,45.041],[5.051,45.042],[5.046,45.042]],[[5.101,45.039],[5.094,45.04]],[[5.132,45.044],[5.123,45.037]]]}},{"type":"Feature","properties":{"nom":"L'Isère de la confluence avec le Drac à la confluence avec la Bourne","code":"DR319","longueurKm":55.12363680605,"strahler":7.0},"geometry":{"type":"MultiLineString","coordinates":[[[5.271,45.082],[5.262,45.069],[5.245,45.067]],[[5.323,45.122],[5.296,45.116],[5.273,45.108],[5.271,45.082]],[[5.324,45.122],[5.323,45.122]],[[5.354,45.134],[5.343,45.127],[5.339,45.127]],[[5.357,45.138],[5.354,45.134]],[[5.332,45.125],[5.324,45.122]],[[5.339,45.127],[5.332,45.125]],[[5.365,45.156],[5.363,45.154]],[[5.397,45.176],[5.388,45.171]],[[5.424,45.193],[5.42,45.19],[5.417,45.181],[5.397,45.176]],[[5.371,45.162],[5.365,45.156]],[[5.388,45.171],[5.371,45.162]],[[5.361,45.148],[5.361,45.142],[5.357,45.138]],[[5.363,45.154],[5.361,45.148]],[[5.48,45.219],[5.468,45.209]],[[5.504,45.245],[5.5,45.241]],[[5.5,45.24],[5.488,45.234],[5.486,45.229]],[[5.5,45.241],[5.5,45.24]],[[5.579,45.295],[5.575,45.296]],[[5.6,45.302],[5.591,45.302],[5.579,45.295]],[[5.615,45.296],[5.612,45.3],[5.604,45.302]],[[5.604,45.302],[5.6,45.302]],[[5.513,45.257],[5.504,45.245]],[[5.659,45.236],[5.657,45.239]],[[5.575,45.296],[5.565,45.298],[5.557,45.293],[5.543,45.293],[5.531,45.289],[5.52,45.266],[5.513,45.257]],[[5.657,45.239],[5.647,45.25],[5.626,45.265],[5.62,45.274],[5.615,45.296]],[[5.673,45.217],[5.667,45.224]],[[5.487,45.224],[5.48,45.219]],[[5.486,45.229],[5.487,45.224]],[[5.667,45.224],[5.659,45.236]],[[5.464,45.207],[5.454,45.201],[5.43,45.199],[5.425,45.196],[5.424,45.193]],[[5.468,45.209],[5.464,45.207]]]}},{"type":"Feature","properties":{"nom":"Le Petit Buëch, la Béoux, et le torrent de Maraise","code":"DR288B","longueurKm":96.76937276649,"strahler":5.0},"geometry":{"type":"MultiLineString","coordinates":[[[5.882,44.43],[5.875,44.433]],[[5.875,44.433],[5.871,44.436]],[[5.871,44.436],[5.87,44.437]],[[5.87,44.438],[5.87,44.439]],[[5.87,44.439],[5.867,44.441]],[[5.87,44.437],[5.87,44.438]],[[5.87,44.438],[5.87,44.438]],[[5.749,44.451],[5.743,44.451]],[[5.754,44.453],[5.749,44.451]],[[5.857,44.449],[5.85,44.452]],[[5.867,44.441],[5.861,44.444]],[[5.861,44.444],[5.857,44.449]],[[5.765,44.456],[5.764,44.454]],[[5.756,44.464],[5.749,44.463]],[[5.77,44.46],[5.765,44.456]],[[5.836,44.454],[5.829,44.46]],[[5.749,44.463],[5.742,44.459]],[[5.77,44.461],[5.77,44.46]],[[5.737,44.454],[5.733,44.45],[5.722,44.449]],[[5.743,44.451],[5.739,44.451],[5.737,44.454]],[[5.756,44.453],[5.754,44.453]],[[5.85,44.452],[5.843,44.452]],[[5.764,44.454],[5.756,44.453]],[[5.843,44.452],[5.836,44.454]],[[5.742,44.459],[5.737,44.454]],[[5.81,44.476],[5.806,44.475]],[[5.806,44.475],[5.806,44.475]],[[5.793,44.473],[5.79,44.473]],[[5.795,44.473],[5.793,44.473]],[[5.802,44.474],[5.795,44.473]],[[5.825,44.473],[5.82,44.475]],[[5.806,44.475],[5.802,44.474]],[[5.82,44.475],[5.81,44.476]],[[5.938,44.488],[5.933,44.487]],[[5.905,44.491],[5.899,44.493]],[[5.899,44.493],[5.898,44.493]],[[5.765,44.488],[5.764,44.482]],[[5.933,44.487],[5.928,44.488]],[[5.917,44.489],[5.912,44.488]],[[5.912,44.488],[5.908,44.49]],[[5.928,44.488],[5.922,44.489]],[[5.922,44.489],[5.922,44.489],[5.92,44.489],[5.918,44.488],[5.917,44.489]],[[5.908,44.49],[5.905,44.491]],[[5.766,44.499],[5.765,44.488]],[[5.762,44.478],[5.763,44.476]],[[5.764,44.482],[5.762,44.478]],[[5.828,44.467],[5.828,44.47]],[[5.758,44.467],[5.756,44.464]],[[5.786,44.471],[5.783,44.467]],[[5.829,44.46],[5.828,44.467]],[[5.783,44.467],[5.78,44.467],[5.778,44.463],[5.77,44.463],[5.77,44.461]],[[5.763,44.476],[5.758,44.467]],[[5.828,44.47],[5.825,44.473]],[[5.79,44.473],[5.786,44.471]],[[5.89,44.501],[5.884,44.505]],[[5.78,44.509],[5.774,44.505]],[[5.884,44.505],[5.884,44.506]],[[5.781,44.509],[5.78,44.509]],[[5.8,44.518],[5.795,44.516]],[[5.804,44.518],[5.8,44.518]],[[5.787,44.511],[5.781,44.509]],[[5.884,44.506],[5.88,44.511]],[[5.795,44.516],[5.789,44.516],[5.787,44.511]],[[5.88,44.511],[5.883,44.517]],[[5.829,44.53],[5.824,44.527]],[[5.883,44.517],[5.884,44.519]],[[5.812,44.522],[5.804,44.518]],[[5.824,44.527],[5.812,44.522]],[[5.884,44.519],[5.877,44.529]],[[5.768,44.502],[5.766,44.499]],[[5.898,44.493],[5.893,44.5]],[[5.893,44.5],[5.89,44.501]],[[5.774,44.505],[5.768,44.502]],[[5.946,44.554],[5.945,44.554]],[[5.875,44.555],[5.872,44.554]],[[5.948,44.554],[5.946,44.554]],[[5.88,44.556],[5.878,44.556],[5.877,44.555],[5.876,44.555],[5.875,44.555]],[[5.945,44.554],[5.944,44.555]],[[5.882,44.556],[5.88,44.556]],[[5.966,44.563],[5.958,44.561]],[[5.829,44.569],[5.829,44.569]],[[5.979,44.57],[5.973,44.569],[5.966,44.563]],[[5.949,44.557],[5.948,44.554]],[[5.862,44.563],[5.857,44.551],[5.862,44.546]],[[5.825,44.563],[5.823,44.557]],[[5.944,44.555],[5.937,44.557],[5.932,44.557]],[[5.895,44.561],[5.886,44.559],[5.882,44.556]],[[5.825,44.563],[5.825,44.563]],[[5.914,44.559],[5.902,44.558]],[[5.932,44.557],[5.919,44.559]],[[5.902,44.558],[5.898,44.56],[5.897,44.561],[5.895,44.561]],[[5.919,44.559],[5.917,44.559],[5.914,44.559]],[[5.958,44.561],[5.949,44.557]],[[5.829,44.569],[5.825,44.563]],[[5.858,44.573],[5.862,44.563]],[[5.856,44.605],[5.855,44.603]],[[5.997,44.603],[6.001,44.599]],[[5.858,44.614],[5.859,44.61],[5.856,44.605]],[[5.987,44.61],[5.997,44.603]],[[6.001,44.586],[5.995,44.581]],[[5.995,44.581],[5.992,44.577]],[[6.001,44.599],[6.004,44.596],[6.001,44.586]],[[5.982,44.626],[5.983,44.623]],[[5.849,44.638],[5.853,44.626]],[[5.987,44.632],[5.982,44.626]],[[5.838,44.639],[5.843,44.639]],[[5.999,44.635],[5.987,44.632]],[[5.843,44.639],[5.849,44.638]],[[5.832,44.645],[5.838,44.639]],[[6.007,44.64],[5.999,44.635]],[[5.986,44.615],[5.987,44.61]],[[5.855,44.622],[5.858,44.614]],[[5.983,44.623],[5.986,44.615]],[[5.853,44.626],[5.855,44.622]],[[5.827,44.577],[5.829,44.569]],[[5.854,44.577],[5.858,44.573]],[[5.987,44.574],[5.979,44.57]],[[5.83,44.581],[5.827,44.577]],[[5.992,44.577],[5.987,44.574]],[[5.855,44.603],[5.857,44.595],[5.852,44.581],[5.854,44.577]],[[5.823,44.65],[5.825,44.65]],[[6.046,44.648],[6.04,44.646]],[[5.805,44.653],[5.81,44.651],[5.816,44.654]],[[5.794,44.661],[5.805,44.653]],[[6.037,44.646],[6.036,44.644]],[[5.82,44.652],[5.823,44.65]],[[6.04,44.646],[6.037,44.646]],[[5.816,44.654],[5.82,44.652]],[[6.031,44.643],[6.024,44.641],[6.021,44.643]],[[6.015,44.642],[6.013,44.642]],[[5.828,44.646],[5.832,44.645]],[[6.013,44.642],[6.007,44.64]],[[6.018,44.642],[6.016,44.642]],[[6.016,44.642],[6.015,44.642]],[[6.021,44.643],[6.018,44.642]],[[6.036,44.644],[6.031,44.643]],[[5.825,44.65],[5.828,44.646]],[[5.874,44.532],[5.863,44.533]],[[5.854,44.534],[5.848,44.539]],[[5.863,44.545],[5.848,44.539]],[[5.863,44.533],[5.86,44.533]],[[5.86,44.533],[5.854,44.534]],[[5.848,44.539],[5.836,44.533]],[[5.828,44.532],[5.829,44.53]],[[5.877,44.529],[5.874,44.532]],[[5.836,44.533],[5.829,44.53]],[[5.862,44.546],[5.863,44.545]],[[5.872,44.554],[5.865,44.55],[5.863,44.545]],[[5.823,44.557],[5.825,44.545],[5.822,44.539],[5.828,44.532]]]}},{"type":"Feature","properties":{"nom":"La Durance du torrent de St Pierre au Buëch","code":"DR289","longueurKm":38.83903922285,"strahler":6.0},"geometry":{"type":"MultiLineString","coordinates":[[[5.943,44.205],[5.944,44.202]],[[5.942,44.21],[5.943,44.205]],[[5.937,44.213],[5.942,44.21]],[[5.927,44.22],[5.927,44.219]],[[5.927,44.223],[5.927,44.22]],[[5.927,44.217],[5.937,44.213]],[[5.927,44.219],[5.927,44.217]],[[5.932,44.231],[5.93,44.227]],[[5.922,44.248],[5.923,44.237],[5.932,44.231]],[[5.929,44.225],[5.927,44.223]],[[5.93,44.227],[5.929,44.225]],[[5.913,44.285],[5.917,44.282],[5.912,44.275],[5.912,44.271]],[[5.913,44.286],[5.913,44.285]],[[5.925,44.299],[5.927,44.294]],[[5.926,44.307],[5.923,44.302],[5.925,44.299]],[[5.905,44.314],[5.911,44.31],[5.916,44.313]],[[5.924,44.313],[5.926,44.307]],[[5.916,44.313],[5.923,44.316]],[[5.923,44.316],[5.925,44.315],[5.924,44.313]],[[5.919,44.291],[5.915,44.29],[5.913,44.286]],[[5.927,44.294],[5.925,44.292],[5.923,44.291],[5.919,44.291]],[[5.913,44.337],[5.905,44.34]],[[5.921,44.344],[5.919,44.339],[5.913,44.337]],[[5.905,44.34],[5.903,44.334],[5.905,44.328],[5.896,44.324]],[[5.931,44.352],[5.927,44.349]],[[5.932,44.356],[5.931,44.352]],[[5.942,44.365],[5.941,44.363]],[[5.942,44.366],[5.942,44.365]],[[5.936,44.359],[5.932,44.356]],[[5.941,44.363],[5.936,44.359]],[[5.926,44.349],[5.924,44.345],[5.922,44.344],[5.921,44.344],[5.921,44.344]],[[5.927,44.349],[5.926,44.349]],[[5.898,44.318],[5.905,44.314]],[[5.896,44.324],[5.895,44.321],[5.898,44.318]],[[5.926,44.268],[5.926,44.263],[5.92,44.255],[5.922,44.248]],[[5.92,44.267],[5.926,44.268]],[[5.912,44.271],[5.92,44.267]],[[5.941,44.374],[5.94,44.372]],[[5.942,44.377],[5.941,44.374]],[[5.946,44.382],[5.945,44.381]],[[5.948,44.387],[5.946,44.382]],[[5.943,44.378],[5.942,44.377]],[[5.945,44.381],[5.943,44.378]],[[5.94,44.372],[5.938,44.37]],[[5.962,44.398],[5.956,44.395]],[[5.975,44.407],[5.962,44.398]],[[5.984,44.41],[5.975,44.407]],[[5.995,44.412],[5.992,44.412]],[[5.996,44.413],[5.995,44.412]],[[6.005,44.417],[6.005,44.417]],[[6.005,44.417],[6.002,44.417]],[[5.997,44.413],[5.996,44.413]],[[6.002,44.417],[5.997,44.413]],[[5.988,44.411],[5.984,44.41]],[[5.992,44.412],[5.988,44.411]],[[6.021,44.422],[6.02,44.421]],[[6.022,44.423],[6.021,44.422]],[[6.024,44.425],[6.022,44.423]],[[6.025,44.427],[6.024,44.425]],[[6.006,44.416],[6.005,44.417]],[[6.02,44.421],[6.018,44.418],[6.006,44.416]],[[5.954,44.393],[5.95,44.391],[5.948,44.387]],[[5.956,44.395],[5.954,44.393]],[[5.942,44.367],[5.942,44.366]],[[5.938,44.37],[5.942,44.367]]]}},{"type":"Feature","properties":{"nom":"Le Drac de la Romanche à l'Isère","code":"DR325","longueurKm":16.69652964275,"strahler":6.0},"geometry":{"type":"MultiLineString","coordinates":[[[5.725,45.09],[5.722,45.092]],[[5.722,45.092],[5.71,45.097],[5.704,45.102]],[[5.704,45.102],[5.704,45.103]],[[5.704,45.103],[5.704,45.103]],[[5.704,45.103],[5.7,45.107]],[[5.696,45.121],[5.693,45.123]],[[5.693,45.123],[5.69,45.126],[5.687,45.139],[5.691,45.151]],[[5.691,45.151],[5.699,45.158]],[[5.699,45.158],[5.701,45.196],[5.673,45.217]],[[5.7,45.107],[5.697,45.112]],[[5.697,45.112],[5.696,45.121]]]}},{"type":"Feature","properties":{"nom":"Isère du Doron de Bozel à l'Arly","code":"DR354A","longueurKm":26.17884494335,"strahler":6.0},"geometry":{"type":"MultiLineString","coordinates":[[[6.523,45.487],[6.508,45.499]],[[6.508,45.499],[6.507,45.5]],[[6.507,45.5],[6.499,45.511],[6.491,45.512]],[[6.482,45.522],[6.477,45.528]],[[6.477,45.528],[6.474,45.533]],[[6.491,45.512],[6.487,45.512],[6.483,45.521]],[[6.483,45.521],[6.482,45.522]],[[6.468,45.554],[6.465,45.559],[6.468,45.564]],[[6.468,45.564],[6.467,45.567]],[[6.468,45.537],[6.467,45.548]],[[6.467,45.548],[6.468,45.554]],[[6.474,45.533],[6.47,45.535]],[[6.47,45.535],[6.468,45.537]],[[6.462,45.573],[6.457,45.582],[6.454,45.582]],[[6.454,45.582],[6.452,45.584]],[[6.446,45.616],[6.445,45.617]],[[6.445,45.617],[6.441,45.622]],[[6.445,45.595],[6.443,45.597]],[[6.443,45.597],[6.449,45.611],[6.446,45.616]],[[6.436,45.642],[6.437,45.648]],[[6.437,45.648],[6.436,45.649]],[[6.405,45.662],[6.39,45.662]],[[6.436,45.649],[6.432,45.653]],[[6.432,45.653],[6.427,45.658],[6.405,45.662]],[[6.441,45.622],[6.435,45.626]],[[6.435,45.626],[6.436,45.642]],[[6.452,45.584],[6.447,45.593]],[[6.447,45.593],[6.445,45.595]],[[6.467,45.567],[6.465,45.57]],[[6.465,45.57],[6.462,45.573]]]}},{"type":"Feature","properties":{"nom":"Isère de l'Arly au Bréda","code":"DR354B","longueurKm":41.1266768951,"strahler":6.0},"geometry":{"type":"MultiLineString","coordinates":[[[6.005,45.446],[6.004,45.441]],[[6.011,45.457],[6.005,45.446]],[[6.041,45.487],[6.022,45.476],[6.011,45.457]],[[6.08,45.506],[6.069,45.502]],[[6.112,45.526],[6.08,45.506]],[[6.062,45.499],[6.041,45.487]],[[6.069,45.502],[6.062,45.499]],[[6.202,45.563],[6.176,45.556]],[[6.224,45.569],[6.202,45.563]],[[6.176,45.556],[6.17,45.554]],[[6.136,45.54],[6.112,45.526]],[[6.17,45.554],[6.151,45.549],[6.136,45.54]],[[6.283,45.606],[6.274,45.591]],[[6.299,45.615],[6.283,45.606]],[[6.308,45.62],[6.299,45.615]],[[6.328,45.63],[6.323,45.627]],[[6.33,45.633],[6.328,45.63]],[[6.39,45.662],[6.385,45.658],[6.37,45.655]],[[6.37,45.655],[6.366,45.654]],[[6.347,45.65],[6.333,45.644],[6.33,45.633]],[[6.366,45.654],[6.347,45.65]],[[6.312,45.622],[6.308,45.62]],[[6.323,45.627],[6.312,45.622]],[[6.272,45.587],[6.265,45.581],[6.224,45.569]],[[6.274,45.591],[6.272,45.587]]]}},{"type":"Feature","properties":{"nom":"Isère du Bréda au Drac","code":"DR354C","longueurKm":53.05930550126,"strahler":6.0},"geometry":{"type":"MultiLineString","coordinates":[[[5.806,45.19],[5.803,45.187],[5.782,45.191]],[[5.754,45.197],[5.75,45.189],[5.747,45.189]],[[5.747,45.189],[5.742,45.191],[5.743,45.198],[5.74,45.202],[5.735,45.202],[5.733,45.197]],[[5.782,45.191],[5.778,45.199],[5.774,45.201]],[[5.774,45.201],[5.764,45.196],[5.756,45.198],[5.754,45.197]],[[5.879,45.235],[5.87,45.235]],[[5.881,45.239],[5.879,45.235]],[[5.87,45.235],[5.857,45.237],[5.853,45.23]],[[5.826,45.208],[5.819,45.203]],[[5.733,45.197],[5.729,45.194],[5.719,45.193],[5.715,45.196],[5.715,45.202],[5.707,45.206]],[[5.819,45.203],[5.811,45.206],[5.796,45.204],[5.799,45.199],[5.792,45.195],[5.806,45.19]],[[5.707,45.206],[5.683,45.212],[5.673,45.217]],[[5.853,45.23],[5.826,45.208]],[[5.899,45.265],[5.891,45.259]],[[5.917,45.278],[5.91,45.269],[5.899,45.265]],[[5.932,45.307],[5.927,45.294],[5.917,45.287],[5.919,45.281],[5.917,45.278]],[[5.942,45.315],[5.932,45.307]],[[5.967,45.339],[5.957,45.325],[5.946,45.317]],[[5.973,45.356],[5.967,45.339]],[[6.004,45.441],[6.0,45.426],[6.001,45.412]],[[5.982,45.375],[5.982,45.369]],[[6.001,45.412],[6.0,45.407],[5.982,45.381],[5.982,45.375]],[[5.981,45.368],[5.975,45.363],[5.973,45.356]],[[5.982,45.369],[5.981,45.368]],[[5.945,45.316],[5.942,45.315]],[[5.946,45.317],[5.945,45.316]],[[5.884,45.247],[5.881,45.239]],[[5.891,45.259],[5.884,45.247]]]}},{"type":"Feature","properties":{"nom":"L'Arc de l'Arvan à la confluence avec l'Isère","code":"DR358","longueurKm":42.82164538797,"strahler":5.0},"geometry":{"type":"MultiLineString","coordinates":[[[6.357,45.28],[6.353,45.288]],[[6.353,45.288],[6.353,45.29]],[[6.353,45.29],[6.353,45.298]],[[6.342,45.31],[6.34,45.312]],[[6.34,45.312],[6.335,45.314]],[[6.353,45.298],[6.353,45.299]],[[6.353,45.299],[6.342,45.31]],[[6.316,45.33],[6.313,45.335]],[[6.313,45.335],[6.304,45.351]],[[6.287,45.36],[6.286,45.36]],[[6.286,45.36],[6.286,45.362]],[[6.304,45.351],[6.295,45.355]],[[6.295,45.355],[6.287,45.36]],[[6.335,45.314],[6.323,45.32]],[[6.323,45.32],[6.316,45.33]],[[6.275,45.4],[6.274,45.405]],[[6.274,45.405],[6.274,45.414]],[[6.273,45.416],[6.271,45.423],[6.275,45.426]],[[6.275,45.426],[6.279,45.429],[6.278,45.434]],[[6.274,45.414],[6.273,45.415]],[[6.273,45.415],[6.273,45.416]],[[6.286,45.362],[6.287,45.37]],[[6.287,45.37],[6.275,45.387],[6.275,45.4]],[[6.289,45.45],[6.289,45.454]],[[6.289,45.454],[6.291,45.457]],[[6.289,45.475],[6.299,45.494]],[[6.299,45.494],[6.303,45.501]],[[6.291,45.457],[6.291,45.457]],[[6.291,45.457],[6.289,45.475]],[[6.307,45.506],[6.309,45.509]],[[6.309,45.509],[6.313,45.515]],[[6.31,45.543],[6.307,45.545]],[[6.307,45.545],[6.298,45.55]],[[6.313,45.515],[6.316,45.524],[6.314,45.536]],[[6.314,45.536],[6.31,45.543]],[[6.303,45.501],[6.305,45.503]],[[6.305,45.503],[6.307,45.506]],[[6.251,45.554],[6.202,45.563]],[[6.281,45.56],[6.265,45.559],[6.251,45.554]],[[6.282,45.559],[6.281,45.56]],[[6.298,45.55],[6.294,45.552]],[[6.294,45.552],[6.294,45.552]],[[6.294,45.552],[6.282,45.559]],[[6.278,45.434],[6.284,45.437]],[[6.284,45.437],[6.289,45.45]]]}},{"type":"Feature","properties":{"nom":"Romanche de la confluence avec le Vénéon à l'amont du rejet d'Aquavallées","code":"DR329A","longueurKm":8.3053970437,"strahler":5.0},"geometry":{"type":"MultiLineString","coordinates":[[[6.063,45.027],[6.059,45.027],[6.059,45.03]],[[6.059,45.03],[6.059,45.031]],[[6.059,45.031],[6.057,45.033]],[[6.018,45.085],[6.018,45.088]],[[6.055,45.043],[6.056,45.046]],[[6.056,45.046],[6.028,45.066],[6.018,45.085]],[[6.054,45.038],[6.055,45.043]],[[6.057,45.033],[6.054,45.037]],[[6.054,45.037],[6.054,45.038]]]}},{"type":"Feature","properties":{"nom":"Romanche de l'amont du rejet d'Aquavallées à la confluence avec le Drac","code":"DR329B","longueurKm":34.11738289189,"strahler":5.0},"geometry":{"type":"MultiLineString","coordinates":[[[5.791,45.05],[5.788,45.049]],[[5.788,45.049],[5.781,45.05],[5.776,45.053]],[[5.833,45.051],[5.832,45.052]],[[5.832,45.052],[5.821,45.053]],[[5.761,45.065],[5.764,45.075]],[[5.841,45.053],[5.835,45.051],[5.833,45.051]],[[5.776,45.053],[5.763,45.061]],[[5.81,45.057],[5.803,45.056],[5.791,45.05]],[[5.821,45.053],[5.813,45.057]],[[5.813,45.057],[5.812,45.057],[5.81,45.057]],[[5.763,45.061],[5.761,45.065]],[[5.868,45.067],[5.858,45.056],[5.849,45.053],[5.841,45.053]],[[5.761,45.083],[5.756,45.085],[5.742,45.083],[5.727,45.09]],[[5.899,45.086],[5.889,45.08]],[[5.727,45.09],[5.725,45.09]],[[5.764,45.075],[5.766,45.08],[5.762,45.083]],[[5.873,45.073],[5.868,45.067]],[[5.889,45.08],[5.873,45.073]],[[5.762,45.083],[5.761,45.083]],[[5.904,45.095],[5.9,45.092]],[[5.912,45.097],[5.904,45.095]],[[5.923,45.105],[5.921,45.105]],[[5.919,45.104],[5.912,45.097]],[[5.921,45.105],[5.919,45.104]],[[5.926,45.106],[5.923,45.105]],[[5.935,45.107],[5.926,45.106]],[[5.947,45.11],[5.945,45.108]],[[5.951,45.111],[5.947,45.11]],[[5.945,45.108],[5.939,45.107],[5.935,45.107]],[[5.945,45.108],[5.945,45.108]],[[6.018,45.088],[6.021,45.108],[6.018,45.113],[6.007,45.119]],[[5.955,45.113],[5.951,45.111]],[[5.956,45.113],[5.955,45.113]],[[5.976,45.118],[5.961,45.117],[5.956,45.113]],[[5.984,45.118],[5.979,45.118],[5.976,45.118]],[[6.006,45.12],[5.984,45.118]],[[6.007,45.119],[6.006,45.12]],[[5.9,45.086],[5.899,45.086]],[[5.9,45.092],[5.9,45.086]]]}},{"type":"Feature","properties":{"nom":"Le Drac de l'aval de Notre Dame de Commiers à la Romanche","code":"DR337","longueurKm":11.82104730491,"strahler":5.0},"geometry":{"type":"MultiLineString","coordinates":[[[5.689,45.007],[5.688,45.008]],[[5.688,45.008],[5.688,45.009]],[[5.688,45.009],[5.685,45.011]],[[5.694,45.044],[5.695,45.045]],[[5.685,45.011],[5.697,45.026],[5.693,45.028],[5.693,45.035]],[[5.693,45.035],[5.694,45.044]],[[5.708,45.054],[5.711,45.054]],[[5.711,45.054],[5.716,45.062],[5.713,45.065],[5.715,45.069]],[[5.724,45.09],[5.725,45.09]],[[5.715,45.069],[5.718,45.074],[5.716,45.077]],[[5.716,45.077],[5.724,45.09]],[[5.695,45.045],[5.695,45.046]],[[5.695,45.046],[5.699,45.052],[5.708,45.054]]]}},{"type":"Feature","properties":{"nom":"Le Drac aval retenue St-Pierre de Cognet à retenue de Monteynard","code":"DR344B","longueurKm":10.92958788694,"strahler":5.0},"geometry":{"type":"MultiLineString","coordinates":[[[5.726,44.866],[5.72,44.866]],[[5.747,44.867],[5.746,44.867]],[[5.728,44.866],[5.726,44.866]],[[5.746,44.867],[5.741,44.867]],[[5.804,44.877],[5.795,44.881]],[[5.705,44.87],[5.7,44.87],[5.694,44.875]],[[5.775,44.873],[5.763,44.872]],[[5.694,44.875],[5.69,44.875]],[[5.795,44.881],[5.785,44.88],[5.781,44.875],[5.776,44.875],[5.775,44.873]],[[5.754,44.868],[5.751,44.868]],[[5.741,44.867],[5.736,44.868],[5.732,44.865],[5.728,44.866]],[[5.72,44.866],[5.706,44.87]],[[5.751,44.868],[5.747,44.867]],[[5.706,44.87],[5.705,44.87]],[[5.763,44.872],[5.761,44.87],[5.754,44.868]]]}},{"type":"Feature","properties":{"nom":"Le Drac de l'aval de la retenue du Sautet à la retenue de Saint Pierre de Cognet","code":"DR346","longueurKm":6.03522550923,"strahler":5.0},"geometry":{"type":"MultiLineString","coordinates":[[[5.908,44.817],[5.897,44.815],[5.891,44.819]],[[5.891,44.819],[5.887,44.823],[5.883,44.822],[5.876,44.827]],[[5.856,44.836],[5.856,44.838]],[[5.876,44.827],[5.866,44.829]],[[5.866,44.829],[5.863,44.832],[5.856,44.834],[5.856,44.836]]]}},{"type":"Feature","properties":{"nom":"L'Isère de la confluence avec le Versoyen au barrage EDF de Centron","code":"DR367A","longueurKm":19.47535955851,"strahler":5.0},"geometry":{"type":"MultiLineString","coordinates":[[[6.606,45.539],[6.606,45.538]],[[6.621,45.548],[6.615,45.542],[6.606,45.539]],[[6.628,45.547],[6.625,45.547],[6.624,45.549],[6.621,45.548]],[[6.634,45.55],[6.633,45.549]],[[6.642,45.551],[6.634,45.55]],[[6.632,45.549],[6.628,45.547]],[[6.633,45.549],[6.632,45.549]],[[6.655,45.554],[6.653,45.553]],[[6.655,45.555],[6.655,45.554]],[[6.67,45.56],[6.655,45.555]],[[6.65,45.552],[6.648,45.551],[6.642,45.551]],[[6.653,45.553],[6.65,45.552]],[[6.713,45.567],[6.705,45.567]],[[6.704,45.565],[6.694,45.564]],[[6.705,45.567],[6.704,45.565]],[[6.68,45.563],[6.67,45.56]],[[6.69,45.562],[6.686,45.563]],[[6.686,45.563],[6.684,45.564]],[[6.694,45.564],[6.69,45.562]],[[6.681,45.564],[6.68,45.563]],[[6.684,45.564],[6.682,45.564],[6.681,45.564]],[[6.723,45.57],[6.718,45.569]],[[6.737,45.577],[6.728,45.574],[6.723,45.57]],[[6.747,45.585],[6.745,45.583]],[[6.749,45.59],[6.747,45.585]],[[6.741,45.578],[6.739,45.577],[6.737,45.577]],[[6.745,45.583],[6.741,45.581],[6.741,45.578]],[[6.759,45.599],[6.755,45.598]],[[6.765,45.602],[6.76,45.6]],[[6.766,45.603],[6.765,45.602]],[[6.759,45.599],[6.759,45.599]],[[6.76,45.6],[6.759,45.599]],[[6.752,45.595],[6.749,45.59]],[[6.755,45.598],[6.752,45.595]],[[6.772,45.61],[6.771,45.606]],[[6.773,45.611],[6.772,45.61]],[[6.788,45.618],[6.778,45.615]],[[6.774,45.612],[6.773,45.611]],[[6.778,45.615],[6.774,45.612]],[[6.768,45.605],[6.766,45.603]],[[6.771,45.606],[6.768,45.605]],[[6.714,45.567],[6.713,45.567]],[[6.718,45.569],[6.715,45.567],[6.714,45.567],[6.714,45.567]]]}},{"type":"Feature","properties":{"nom":"L'Isère du barrage EDF de Centron à la confluence avec le Doron de Bozel","code":"DR367B","longueurKm":10.61824229492,"strahler":5.0},"geometry":{"type":"MultiLineString","coordinates":[[[6.535,45.482],[6.523,45.487]],[[6.536,45.482],[6.535,45.482]],[[6.558,45.495],[6.554,45.495],[6.543,45.485],[6.536,45.482]],[[6.567,45.504],[6.566,45.498]],[[6.565,45.498],[6.558,45.495]],[[6.566,45.498],[6.565,45.498]],[[6.581,45.524],[6.571,45.518]],[[6.588,45.528],[6.581,45.524]],[[6.606,45.538],[6.605,45.537]],[[6.605,45.537],[6.594,45.531]],[[6.588,45.529],[6.588,45.528]],[[6.594,45.531],[6.588,45.529]],[[6.571,45.511],[6.567,45.504]],[[6.571,45.518],[6.571,45.511]]]}},{"type":"Feature","properties":{"nom":"Le Gard de Collias à la confluence avec le Rhône","code":"DR377","longueurKm":25.20250003707,"strahler":5.0},"geometry":{"type":"MultiLineString","coordinates":[[[4.618,43.846],[4.624,43.839]],[[4.615,43.851],[4.618,43.846]],[[4.615,43.851],[4.615,43.851]],[[4.591,43.867],[4.597,43.861],[4.601,43.864],[4.604,43.863],[4.599,43.853],[4.61,43.855]],[[4.589,43.872],[4.591,43.867]],[[4.614,43.853],[4.615,43.851]],[[4.61,43.855],[4.614,43.853]],[[4.586,43.915],[4.587,43.912]],[[4.58,43.926],[4.586,43.915]],[[4.585,43.906],[4.586,43.898],[4.59,43.894]],[[4.587,43.912],[4.584,43.909],[4.585,43.906]],[[4.591,43.887],[4.591,43.885],[4.586,43.883],[4.589,43.878],[4.589,43.872]],[[4.59,43.894],[4.593,43.892],[4.591,43.887]],[[4.562,43.932],[4.563,43.932]],[[4.559,43.935],[4.562,43.932]],[[4.557,43.938],[4.559,43.935]],[[4.557,43.94],[4.557,43.938]],[[4.484,43.955],[4.488,43.955]],[[4.52,43.954],[4.518,43.949],[4.52,43.946],[4.535,43.947]],[[4.493,43.953],[4.504,43.951]],[[4.504,43.951],[4.509,43.954]],[[4.488,43.955],[4.493,43.953]],[[4.509,43.954],[4.517,43.954]],[[4.517,43.954],[4.52,43.954]],[[4.543,43.952],[4.557,43.948],[4.559,43.944],[4.557,43.94]],[[4.535,43.947],[4.54,43.952],[4.543,43.952]],[[4.567,43.929],[4.574,43.929],[4.573,43.926],[4.58,43.926]],[[4.563,43.932],[4.567,43.929]]]}},{"type":"Feature","properties":{"nom":"L'Arly en aval de l'entrée de l'agglomération de Flumet","code":"DR362B","longueurKm":19.92504062096,"strahler":5.0},"geometry":{"type":"MultiLineString","coordinates":[[[6.402,45.691],[6.395,45.679],[6.39,45.662]],[[6.402,45.694],[6.402,45.691]],[[6.41,45.718],[6.402,45.694]],[[6.436,45.751],[6.433,45.745],[6.424,45.738]],[[6.441,45.751],[6.437,45.751],[6.436,45.751]],[[6.424,45.737],[6.41,45.718]],[[6.424,45.738],[6.424,45.737]],[[6.471,45.757],[6.465,45.755]],[[6.473,45.758],[6.471,45.757]],[[6.465,45.755],[6.46,45.754]],[[6.455,45.753],[6.441,45.751]],[[6.46,45.754],[6.455,45.753]],[[6.482,45.766],[6.481,45.766]],[[6.482,45.768],[6.482,45.766]],[[6.481,45.77],[6.482,45.768]],[[6.486,45.786],[6.485,45.784]],[[6.486,45.787],[6.486,45.786]],[[6.497,45.802],[6.495,45.8]],[[6.489,45.796],[6.487,45.794]],[[6.495,45.8],[6.492,45.798],[6.489,45.796],[6.489,45.796]],[[6.487,45.793],[6.486,45.787]],[[6.487,45.794],[6.487,45.793]],[[6.486,45.776],[6.481,45.77]],[[6.485,45.784],[6.486,45.776]],[[6.477,45.763],[6.473,45.758]],[[6.481,45.766],[6.477,45.763]]]}},{"type":"Feature","properties":{"nom":"Sorgue de Velleron, du Partage des Eaux à la confluence avec la Sorgue d'Entraigues, et Sorgue aval jusqu'à la confluence avec l'Ouvèze","code":"DR384C","longueurKm":23.34204027438,"strahler":5.0},"geometry":{"type":"MultiLineString","coordinates":[[[5.072,43.917],[5.064,43.926]],[[5.064,43.926],[5.063,43.926]],[[5.063,43.926],[5.054,43.931]],[[5.043,43.938],[5.037,43.939],[5.032,43.946]],[[5.032,43.946],[5.022,43.957]],[[5.054,43.931],[5.053,43.934]],[[5.053,43.934],[5.043,43.938]],[[4.982,43.986],[4.983,43.988]],[[4.983,43.988],[4.983,43.991]],[[5.006,43.962],[5.002,43.962],[4.998,43.967]],[[4.998,43.967],[4.988,43.968],[4.982,43.986]],[[5.022,43.957],[5.006,43.961]],[[5.006,43.961],[5.006,43.962]],[[4.978,44.001],[4.977,44.002]],[[4.977,44.002],[4.974,44.005]],[[4.974,44.005],[4.953,44.02]],[[4.953,44.02],[4.94,44.025]],[[4.922,44.03],[4.921,44.031]],[[4.9,44.034],[4.899,44.039]],[[4.904,44.031],[4.901,44.032]],[[4.921,44.031],[4.91,44.031]],[[4.91,44.031],[4.909,44.032]],[[4.909,44.032],[4.904,44.031]],[[4.901,44.032],[4.9,44.034]],[[4.94,44.025],[4.936,44.025]],[[4.936,44.025],[4.928,44.024],[4.922,44.03]],[[4.983,43.991],[4.982,43.995]],[[4.982,43.995],[4.978,44.001]]]}},{"type":"Feature","properties":{"nom":"Le Gard du Bourdic à Collias","code":"DR378","longueurKm":22.60544766303,"strahler":5.0},"geometry":{"type":"MultiLineString","coordinates":[[[4.32,43.932],[4.324,43.929],[4.322,43.925],[4.33,43.93]],[[4.33,43.93],[4.334,43.929],[4.33,43.925],[4.33,43.916]],[[4.432,43.938],[4.433,43.937]],[[4.424,43.938],[4.43,43.939]],[[4.387,43.935],[4.391,43.932],[4.401,43.934],[4.409,43.933]],[[4.409,43.933],[4.416,43.932],[4.42,43.938],[4.424,43.938]],[[4.446,43.941],[4.452,43.942]],[[4.473,43.948],[4.478,43.951]],[[4.478,43.951],[4.484,43.955]],[[4.452,43.942],[4.462,43.943]],[[4.462,43.943],[4.47,43.946],[4.473,43.948]],[[4.33,43.916],[4.334,43.915],[4.337,43.916],[4.337,43.926],[4.348,43.922],[4.352,43.923],[4.353,43.929],[4.362,43.931],[4.367,43.928],[4.372,43.937],[4.381,43.944]],[[4.433,43.937],[4.438,43.939]],[[4.432,43.939],[4.432,43.938]],[[4.43,43.939],[4.432,43.939]],[[4.385,43.945],[4.383,43.939],[4.387,43.935]],[[4.438,43.939],[4.446,43.941]],[[4.381,43.944],[4.383,43.946]],[[4.383,43.946],[4.385,43.945]]]}},{"type":"Feature","properties":{"nom":"Le Gard du Gardon d'Alès au Bourdic","code":"DR379","longueurKm":23.61480306337,"strahler":5.0},"geometry":{"type":"MultiLineString","coordinates":[[[4.316,43.933],[4.32,43.932]],[[4.315,43.933],[4.316,43.933]],[[4.301,43.935],[4.315,43.933]],[[4.259,43.957],[4.265,43.954]],[[4.258,43.958],[4.259,43.957]],[[4.269,43.954],[4.279,43.947]],[[4.265,43.954],[4.269,43.954]],[[4.292,43.935],[4.301,43.935]],[[4.279,43.947],[4.287,43.943],[4.292,43.935]],[[4.138,44.017],[4.14,44.013],[4.146,44.012]],[[4.146,44.012],[4.155,44.017]],[[4.132,44.032],[4.138,44.033],[4.145,44.03]],[[4.145,44.028],[4.138,44.017]],[[4.145,44.03],[4.145,44.028]],[[4.179,44.016],[4.187,44.01],[4.191,43.995],[4.2,43.993],[4.206,43.986],[4.222,43.979]],[[4.155,44.017],[4.169,44.024],[4.179,44.016]],[[4.244,43.967],[4.258,43.958]],[[4.222,43.979],[4.237,43.975],[4.244,43.967]]]}},{"type":"Feature","properties":{"nom":"Le Gard du Gardon de Saint Jean au Gardon d'Alès","code":"DR381","longueurKm":17.11316167304,"strahler":5.0},"geometry":{"type":"MultiLineString","coordinates":[[[4.097,44.031],[4.115,44.03]],[[4.115,44.03],[4.12,44.029],[4.132,44.032]],[[4.08,44.032],[4.09,44.034]],[[4.09,44.034],[4.097,44.031]],[[4.066,44.025],[4.068,44.026]],[[4.033,44.029],[4.041,44.029],[4.045,44.025],[4.051,44.026]],[[4.053,44.027],[4.066,44.025]],[[4.051,44.026],[4.053,44.027]],[[4.029,44.033],[4.033,44.029]],[[4.068,44.026],[4.08,44.032]],[[3.981,44.061],[3.987,44.057],[3.992,44.042]],[[3.971,44.076],[3.976,44.07]],[[3.981,44.061],[3.981,44.061]],[[3.976,44.07],[3.981,44.061]],[[3.999,44.039],[3.999,44.039]],[[4.004,44.039],[4.017,44.036]],[[3.999,44.039],[4.004,44.039]],[[3.992,44.042],[3.994,44.039],[3.999,44.039]],[[4.026,44.034],[4.029,44.033]],[[4.017,44.036],[4.026,44.034]]]}},{"type":"Feature","properties":{"nom":"L'Ouvèze de la Sorgue de Velleron à la confluence avec le Rhône","code":"DR383","longueurKm":8.19051679531,"strahler":5.0},"geometry":{"type":"MultiLineString","coordinates":[[[4.852,43.99],[4.852,43.988]],[[4.87,44.01],[4.867,44.01],[4.866,44.007],[4.852,43.999],[4.852,43.99]],[[4.899,44.039],[4.893,44.04]],[[4.893,44.04],[4.885,44.037]],[[4.88,44.031],[4.87,44.01]],[[4.885,44.037],[4.88,44.031]]]}},{"type":"Feature","properties":{"nom":"La Cèze de la Ganière au ruisseau de Malaygue","code":"DR396","longueurKm":29.92619261268,"strahler":5.0},"geometry":{"type":"MultiLineString","coordinates":[[[4.251,44.227],[4.253,44.225],[4.259,44.229]],[[4.227,44.234],[4.228,44.234]],[[4.259,44.229],[4.264,44.232],[4.267,44.231]],[[4.267,44.231],[4.269,44.231]],[[4.221,44.234],[4.227,44.234]],[[4.228,44.234],[4.229,44.234]],[[4.241,44.236],[4.251,44.227]],[[4.269,44.231],[4.272,44.232],[4.273,44.235]],[[4.229,44.234],[4.23,44.235]],[[4.273,44.235],[4.276,44.237],[4.278,44.235],[4.282,44.236]],[[4.215,44.237],[4.221,44.234]],[[4.23,44.235],[4.234,44.235]],[[4.234,44.235],[4.235,44.236]],[[4.235,44.236],[4.241,44.236]],[[4.215,44.263],[4.217,44.261]],[[4.196,44.264],[4.203,44.263],[4.205,44.258],[4.212,44.264],[4.215,44.263]],[[4.196,44.264],[4.196,44.264]],[[4.128,44.282],[4.127,44.276],[4.129,44.274],[4.137,44.276]],[[4.153,44.266],[4.155,44.262],[4.162,44.262],[4.169,44.27]],[[4.194,44.267],[4.196,44.264]],[[4.153,44.272],[4.153,44.266]],[[4.169,44.27],[4.173,44.27]],[[4.187,44.271],[4.191,44.272],[4.194,44.267]],[[4.173,44.27],[4.18,44.27]],[[4.18,44.27],[4.184,44.269],[4.187,44.271]],[[4.137,44.276],[4.14,44.277],[4.149,44.275],[4.153,44.272]],[[4.297,44.242],[4.304,44.246],[4.317,44.242]],[[4.216,44.252],[4.213,44.252]],[[4.317,44.242],[4.321,44.246],[4.322,44.255],[4.328,44.261]],[[4.217,44.261],[4.219,44.257],[4.216,44.252]],[[4.282,44.236],[4.283,44.24],[4.288,44.242]],[[4.198,44.245],[4.203,44.239],[4.215,44.237]],[[4.288,44.242],[4.297,44.242]],[[4.213,44.252],[4.203,44.251],[4.198,44.245]]]}},{"type":"Feature","properties":{"nom":"La Cèze du barrage de Sénéchas à la Ganière","code":"DR398","longueurKm":13.53210816519,"strahler":5.0},"geometry":{"type":"MultiLineString","coordinates":[[[4.118,44.283],[4.128,44.282]],[[4.117,44.283],[4.118,44.283]],[[4.07,44.289],[4.07,44.289]],[[4.102,44.289],[4.117,44.283]],[[4.093,44.296],[4.094,44.293],[4.102,44.289]],[[4.048,44.319],[4.049,44.319]],[[4.049,44.319],[4.052,44.317]],[[4.055,44.312],[4.062,44.31],[4.063,44.303]],[[4.052,44.317],[4.055,44.312]],[[4.093,44.297],[4.093,44.296]],[[4.064,44.298],[4.069,44.299],[4.064,44.292],[4.07,44.289]],[[4.07,44.289],[4.074,44.296]],[[4.074,44.296],[4.08,44.301]],[[4.08,44.301],[4.086,44.301],[4.093,44.297]],[[4.063,44.303],[4.07,44.306],[4.07,44.301],[4.064,44.298]]]}},{"type":"Feature","properties":{"nom":"L'Aigue de la limite du département de la Drôme au Rhône","code":"DR401B","longueurKm":34.57383634048,"strahler":5.0},"geometry":{"type":"MultiLineString","coordinates":[[[4.727,44.1],[4.728,44.094],[4.737,44.088]],[[4.728,44.101],[4.727,44.1]],[[4.717,44.125],[4.721,44.111],[4.728,44.105],[4.728,44.101]],[[4.749,44.147],[4.739,44.149],[4.732,44.146],[4.734,44.135]],[[4.802,44.159],[4.785,44.148],[4.773,44.15],[4.766,44.146],[4.761,44.147],[4.754,44.145],[4.749,44.147]],[[4.867,44.175],[4.864,44.175]],[[4.902,44.198],[4.901,44.195],[4.886,44.187],[4.881,44.181],[4.87,44.174],[4.867,44.175]],[[4.834,44.175],[4.822,44.163],[4.807,44.159],[4.802,44.159]],[[4.864,44.175],[4.856,44.175],[4.846,44.178],[4.834,44.175]],[[4.733,44.134],[4.717,44.125]],[[4.734,44.135],[4.733,44.134]],[[4.922,44.219],[4.921,44.212],[4.915,44.208]],[[4.921,44.222],[4.922,44.219]],[[4.923,44.231],[4.923,44.23]],[[4.92,44.233],[4.923,44.231]],[[4.934,44.261],[4.925,44.253]],[[4.92,44.244],[4.917,44.243],[4.916,44.237],[4.92,44.233]],[[4.925,44.253],[4.92,44.244]],[[4.923,44.229],[4.921,44.222]],[[4.923,44.23],[4.923,44.229]],[[4.906,44.203],[4.902,44.198]],[[4.915,44.208],[4.91,44.207],[4.906,44.203]]]}},{"type":"Feature","properties":{"nom":"L'Aigue de la Sauve (aval Nyons) à la limite du département de la Drôme","code":"DR401C","longueurKm":20.02891359593,"strahler":5.0},"geometry":{"type":"MultiLineString","coordinates":[[[4.936,44.264],[4.934,44.261]],[[4.937,44.266],[4.936,44.264]],[[4.939,44.268],[4.937,44.266]],[[4.956,44.273],[4.946,44.27]],[[4.957,44.274],[4.956,44.273]],[[4.939,44.269],[4.939,44.268]],[[4.946,44.27],[4.941,44.268],[4.939,44.269]],[[4.976,44.283],[4.973,44.281]],[[5.001,44.286],[4.998,44.286]],[[4.994,44.285],[4.99,44.286]],[[4.988,44.286],[4.978,44.282],[4.976,44.283]],[[4.99,44.286],[4.988,44.286]],[[4.998,44.286],[4.994,44.285]],[[4.965,44.278],[4.957,44.274]],[[4.973,44.281],[4.965,44.278]],[[5.017,44.292],[5.014,44.291]],[[5.025,44.296],[5.017,44.292]],[[5.061,44.309],[5.059,44.307]],[[5.066,44.314],[5.061,44.309]],[[5.08,44.325],[5.074,44.32]],[[5.087,44.328],[5.08,44.325]],[[5.069,44.316],[5.066,44.314]],[[5.074,44.32],[5.069,44.316]],[[5.1,44.334],[5.099,44.333]],[[5.112,44.34],[5.1,44.334]],[[5.125,44.351],[5.122,44.349]],[[5.122,44.349],[5.12,44.348]],[[5.115,44.344],[5.112,44.34]],[[5.12,44.348],[5.115,44.344]],[[5.092,44.328],[5.091,44.328],[5.087,44.328]],[[5.099,44.333],[5.092,44.328]],[[5.027,44.298],[5.025,44.296]],[[5.059,44.307],[5.046,44.301],[5.041,44.301],[5.036,44.299],[5.032,44.297],[5.03,44.297],[5.027,44.298]],[[5.009,44.289],[5.001,44.286]],[[5.014,44.291],[5.009,44.289]]]}},{"type":"Feature","properties":{"nom":"L'Ardèche de la confluence de l'Auzon à la confluence avec l'Ibie","code":"DR411A","longueurKm":33.705751064,"strahler":6.0},"geometry":{"type":"MultiLineString","coordinates":[[[4.395,44.396],[4.399,44.393]],[[4.387,44.397],[4.395,44.396]],[[4.384,44.399],[4.387,44.397]],[[4.378,44.404],[4.38,44.403]],[[4.382,44.403],[4.384,44.399]],[[4.38,44.403],[4.382,44.403]],[[4.346,44.419],[4.346,44.416]],[[4.358,44.404],[4.369,44.404]],[[4.376,44.404],[4.378,44.404]],[[4.369,44.404],[4.371,44.404]],[[4.373,44.404],[4.376,44.404]],[[4.371,44.404],[4.373,44.404]],[[4.346,44.416],[4.349,44.408],[4.358,44.404]],[[4.321,44.428],[4.321,44.428]],[[4.339,44.441],[4.333,44.436]],[[4.322,44.427],[4.333,44.422],[4.351,44.432]],[[4.358,44.429],[4.346,44.419]],[[4.321,44.428],[4.322,44.427]],[[4.356,44.431],[4.358,44.429]],[[4.333,44.436],[4.323,44.432],[4.321,44.428]],[[4.351,44.432],[4.356,44.431]],[[4.353,44.476],[4.351,44.474]],[[4.351,44.474],[4.344,44.48],[4.343,44.477],[4.338,44.475]],[[4.371,44.478],[4.369,44.477]],[[4.375,44.482],[4.371,44.478]],[[4.366,44.476],[4.355,44.478],[4.353,44.476]],[[4.369,44.477],[4.366,44.476]],[[4.375,44.512],[4.367,44.509]],[[4.394,44.523],[4.391,44.519]],[[4.397,44.526],[4.394,44.523]],[[4.38,44.511],[4.378,44.51],[4.375,44.512]],[[4.391,44.519],[4.38,44.511]],[[4.375,44.485],[4.375,44.482]],[[4.367,44.509],[4.36,44.503],[4.359,44.495],[4.37,44.491],[4.375,44.485]],[[4.409,44.556],[4.409,44.551],[4.415,44.549]],[[4.41,44.542],[4.406,44.537]],[[4.415,44.549],[4.41,44.542]],[[4.404,44.533],[4.397,44.526]],[[4.406,44.537],[4.404,44.533]],[[4.334,44.455],[4.339,44.441]],[[4.338,44.475],[4.333,44.466],[4.334,44.455]]]}},{"type":"Feature","properties":{"nom":"La Cèze de l'Aiguillon à l'amont de Bagnols","code":"DR394A","longueurKm":16.21372785131,"strahler":5.0},"geometry":{"type":"MultiLineString","coordinates":[[[4.598,44.171],[4.605,44.17]],[[4.594,44.17],[4.598,44.171]],[[4.588,44.174],[4.594,44.17]],[[4.544,44.183],[4.55,44.18]],[[4.527,44.186],[4.529,44.182],[4.54,44.186],[4.544,44.183]],[[4.561,44.181],[4.572,44.177]],[[4.55,44.18],[4.561,44.181]],[[4.582,44.174],[4.588,44.174]],[[4.572,44.177],[4.582,44.174]],[[4.509,44.209],[4.509,44.211]],[[4.517,44.21],[4.519,44.21]],[[4.511,44.211],[4.517,44.21]],[[4.509,44.211],[4.511,44.211]],[[4.484,44.195],[4.492,44.197],[4.501,44.189]],[[4.501,44.189],[4.504,44.191],[4.51,44.201],[4.509,44.209]],[[4.519,44.21],[4.523,44.206],[4.518,44.201],[4.521,44.196]],[[4.527,44.189],[4.527,44.186]],[[4.521,44.196],[4.527,44.189]]]}},{"type":"Feature","properties":{"nom":"La Cèze à l'aval de Bagnols","code":"DR394B","longueurKm":17.13183501731,"strahler":5.0},"geometry":{"type":"MultiLineString","coordinates":[[[4.706,44.108],[4.711,44.105]],[[4.703,44.109],[4.706,44.108]],[[4.698,44.115],[4.696,44.111],[4.703,44.109]],[[4.605,44.17],[4.612,44.169]],[[4.662,44.16],[4.662,44.151]],[[4.612,44.169],[4.621,44.171],[4.631,44.177],[4.635,44.174],[4.634,44.16],[4.639,44.158],[4.644,44.16],[4.651,44.158],[4.654,44.163],[4.662,44.16]],[[4.662,44.151],[4.664,44.149],[4.672,44.15],[4.677,44.148]],[[4.685,44.124],[4.698,44.118],[4.698,44.115]],[[4.677,44.148],[4.687,44.147],[4.689,44.144],[4.69,44.138],[4.684,44.129],[4.685,44.124]]]}},{"type":"Feature","properties":{"nom":"La Cèze du ruisseau de Malaygue à l'Aiguillon","code":"DR395","longueurKm":26.20175715207,"strahler":5.0},"geometry":{"type":"MultiLineString","coordinates":[[[4.477,44.198],[4.484,44.195]],[[4.472,44.204],[4.477,44.198]],[[4.479,44.216],[4.471,44.214],[4.469,44.206],[4.472,44.204]],[[4.447,44.25],[4.448,44.25]],[[4.44,44.257],[4.442,44.252],[4.447,44.25]],[[4.448,44.242],[4.444,44.238],[4.444,44.233],[4.449,44.233],[4.454,44.227],[4.469,44.223]],[[4.448,44.25],[4.448,44.242]],[[4.476,44.219],[4.479,44.216]],[[4.469,44.223],[4.476,44.219]],[[4.368,44.268],[4.375,44.268]],[[4.41,44.268],[4.413,44.273]],[[4.413,44.273],[4.414,44.273]],[[4.328,44.261],[4.33,44.263],[4.332,44.261],[4.335,44.264],[4.341,44.262],[4.347,44.264],[4.354,44.261]],[[4.354,44.261],[4.362,44.262],[4.361,44.267],[4.368,44.268]],[[4.375,44.268],[4.383,44.27],[4.394,44.26],[4.398,44.264],[4.397,44.268],[4.408,44.267],[4.41,44.268]],[[4.419,44.261],[4.423,44.257],[4.428,44.257],[4.431,44.264],[4.436,44.264],[4.44,44.257]],[[4.42,44.263],[4.419,44.261]],[[4.414,44.273],[4.421,44.268],[4.42,44.263]]]}},{"type":"Feature","properties":{"nom":"L'Ardèche de la Fontolière à l'Auzon","code":"DR419","longueurKm":24.7220677573,"strahler":5.0},"geometry":{"type":"MultiLineString","coordinates":[[[4.409,44.557],[4.409,44.556]],[[4.407,44.56],[4.409,44.557]],[[4.406,44.562],[4.407,44.56]],[[4.409,44.588],[4.409,44.581]],[[4.409,44.589],[4.409,44.588]],[[4.407,44.567],[4.406,44.562]],[[4.409,44.581],[4.406,44.571],[4.407,44.567]],[[4.419,44.603],[4.417,44.602]],[[4.427,44.61],[4.419,44.603]],[[4.429,44.618],[4.43,44.618]],[[4.423,44.62],[4.429,44.618]],[[4.429,44.611],[4.427,44.61]],[[4.43,44.618],[4.429,44.611]],[[4.416,44.602],[4.408,44.599],[4.409,44.589]],[[4.417,44.602],[4.416,44.602]],[[4.403,44.624],[4.404,44.624]],[[4.411,44.625],[4.417,44.624]],[[4.395,44.626],[4.398,44.624],[4.403,44.624]],[[4.404,44.624],[4.409,44.625]],[[4.409,44.625],[4.411,44.625]],[[4.419,44.622],[4.423,44.62]],[[4.417,44.624],[4.419,44.622]],[[4.339,44.643],[4.343,44.643]],[[4.343,44.643],[4.345,44.644]],[[4.334,44.646],[4.339,44.643]],[[4.366,44.651],[4.367,44.652]],[[4.327,44.651],[4.329,44.649]],[[4.334,44.646],[4.334,44.646]],[[4.345,44.644],[4.354,44.646],[4.355,44.648]],[[4.355,44.648],[4.358,44.648]],[[4.367,44.652],[4.371,44.651]],[[4.329,44.649],[4.334,44.646]],[[4.358,44.648],[4.362,44.649]],[[4.362,44.649],[4.366,44.651]],[[4.289,44.669],[4.291,44.664],[4.296,44.664]],[[4.301,44.657],[4.306,44.658]],[[4.315,44.66],[4.317,44.657]],[[4.298,44.661],[4.301,44.657]],[[4.306,44.658],[4.311,44.66],[4.315,44.66]],[[4.296,44.664],[4.298,44.661]],[[4.321,44.653],[4.327,44.651]],[[4.317,44.657],[4.321,44.653]],[[4.378,44.64],[4.38,44.64]],[[4.386,44.641],[4.395,44.626]],[[4.38,44.64],[4.382,44.641]],[[4.382,44.641],[4.386,44.641]],[[4.371,44.651],[4.373,44.643],[4.378,44.64]]]}},{"type":"Feature","properties":{"nom":"L'Eygues de l'Oule à la Sauve (aval Nyons)","code":"DR402","longueurKm":29.40466782654,"strahler":5.0},"geometry":{"type":"MultiLineString","coordinates":[[[5.144,44.36],[5.125,44.351]],[[5.148,44.361],[5.144,44.36]],[[5.151,44.368],[5.155,44.364],[5.149,44.363],[5.148,44.361]],[[5.158,44.372],[5.154,44.372]],[[5.164,44.372],[5.16,44.373],[5.158,44.372]],[[5.152,44.371],[5.151,44.368]],[[5.154,44.372],[5.152,44.371]],[[5.19,44.378],[5.183,44.378]],[[5.176,44.383],[5.172,44.383],[5.173,44.375],[5.17,44.374]],[[5.198,44.381],[5.19,44.378]],[[5.183,44.378],[5.176,44.383]],[[5.165,44.373],[5.164,44.372]],[[5.17,44.374],[5.165,44.373]],[[5.227,44.385],[5.223,44.386]],[[5.232,44.386],[5.227,44.385]],[[5.223,44.386],[5.222,44.386]],[[5.222,44.386],[5.22,44.386]],[[5.236,44.398],[5.234,44.388]],[[5.237,44.399],[5.236,44.398]],[[5.207,44.389],[5.203,44.384]],[[5.233,44.387],[5.232,44.386]],[[5.22,44.386],[5.216,44.388]],[[5.234,44.388],[5.233,44.387]],[[5.216,44.388],[5.21,44.389]],[[5.21,44.389],[5.207,44.389]],[[5.202,44.383],[5.198,44.381]],[[5.203,44.384],[5.202,44.383]],[[5.249,44.4],[5.246,44.399]],[[5.25,44.402],[5.249,44.4]],[[5.272,44.418],[5.268,44.413]],[[5.255,44.41],[5.25,44.402]],[[5.268,44.413],[5.264,44.414],[5.261,44.41],[5.255,44.41]],[[5.333,44.419],[5.329,44.423]],[[5.329,44.423],[5.326,44.422],[5.321,44.423]],[[5.348,44.412],[5.335,44.417]],[[5.274,44.419],[5.272,44.418]],[[5.335,44.417],[5.333,44.419]],[[5.277,44.423],[5.274,44.419]],[[5.297,44.435],[5.296,44.436]],[[5.289,44.434],[5.289,44.433]],[[5.296,44.436],[5.294,44.437],[5.294,44.435],[5.289,44.434]],[[5.278,44.431],[5.277,44.43]],[[5.317,44.43],[5.312,44.432]],[[5.287,44.432],[5.283,44.433],[5.282,44.431],[5.278,44.431]],[[5.312,44.432],[5.305,44.433]],[[5.289,44.433],[5.287,44.432]],[[5.305,44.433],[5.301,44.431],[5.297,44.435]],[[5.281,44.428],[5.277,44.423]],[[5.321,44.423],[5.316,44.426],[5.317,44.428]],[[5.277,44.43],[5.281,44.428]],[[5.317,44.428],[5.317,44.43]],[[5.24,44.4],[5.237,44.399]],[[5.246,44.399],[5.244,44.4],[5.242,44.4],[5.241,44.4],[5.24,44.4]]]}},{"type":"Feature","properties":{"nom":"L'Ardèche de la confluence de l'Ibie au Rhône","code":"DR411B","longueurKm":39.73050881303,"strahler":6.0},"geometry":{"type":"MultiLineString","coordinates":[[[4.648,44.264],[4.649,44.263]],[[4.648,44.265],[4.648,44.264]],[[4.647,44.266],[4.648,44.265]],[[4.614,44.28],[4.616,44.278]],[[4.575,44.298],[4.584,44.295]],[[4.597,44.285],[4.598,44.283]],[[4.598,44.283],[4.61,44.287]],[[4.584,44.295],[4.597,44.288],[4.597,44.285]],[[4.641,44.28],[4.647,44.266]],[[4.616,44.278],[4.621,44.28]],[[4.613,44.282],[4.613,44.282]],[[4.613,44.282],[4.614,44.28]],[[4.621,44.28],[4.634,44.286]],[[4.634,44.286],[4.641,44.28]],[[4.61,44.287],[4.613,44.282]],[[4.474,44.342],[4.481,44.337],[4.491,44.339]],[[4.491,44.339],[4.502,44.339],[4.503,44.344],[4.505,44.344],[4.507,44.337],[4.512,44.335]],[[4.513,44.333],[4.513,44.328],[4.517,44.329]],[[4.512,44.335],[4.513,44.333]],[[4.435,44.378],[4.434,44.372],[4.425,44.373],[4.425,44.37],[4.446,44.363]],[[4.399,44.393],[4.408,44.386]],[[4.417,44.376],[4.423,44.374],[4.435,44.378]],[[4.408,44.386],[4.407,44.382],[4.418,44.382],[4.417,44.376]],[[4.468,44.359],[4.458,44.352],[4.463,44.349],[4.466,44.34],[4.474,44.342]],[[4.468,44.36],[4.468,44.359]],[[4.446,44.363],[4.448,44.361],[4.442,44.359],[4.447,44.356],[4.454,44.358],[4.455,44.365],[4.468,44.36]],[[4.549,44.325],[4.545,44.321],[4.556,44.306]],[[4.531,44.324],[4.539,44.323]],[[4.539,44.323],[4.544,44.326]],[[4.548,44.326],[4.549,44.325]],[[4.544,44.326],[4.548,44.326]],[[4.517,44.329],[4.523,44.33],[4.531,44.324]],[[4.566,44.3],[4.575,44.298]],[[4.556,44.306],[4.56,44.302],[4.566,44.3]]]}},{"type":"Feature","properties":{"nom":"La Beaume de sa source à la confluence avec l'Alune","code":"DR417A","longueurKm":25.28039129044,"strahler":5.0},"geometry":{"type":"MultiLineString","coordinates":[[[4.21,44.504],[4.212,44.498]],[[4.212,44.506],[4.21,44.504]],[[4.214,44.508],[4.213,44.507],[4.213,44.506],[4.212,44.506]],[[4.196,44.528],[4.196,44.525],[4.201,44.519],[4.197,44.514]],[[4.197,44.537],[4.194,44.536],[4.195,44.533],[4.192,44.532],[4.196,44.528]],[[4.211,44.516],[4.214,44.513],[4.211,44.51],[4.214,44.508]],[[4.197,44.514],[4.203,44.511],[4.211,44.516]],[[4.191,44.542],[4.191,44.541]],[[4.194,44.546],[4.191,44.542]],[[4.191,44.56],[4.192,44.555]],[[4.192,44.563],[4.191,44.56]],[[4.194,44.554],[4.194,44.546]],[[4.192,44.555],[4.194,44.554]],[[4.192,44.539],[4.197,44.537]],[[4.191,44.541],[4.192,44.539]],[[4.182,44.565],[4.189,44.567]],[[4.174,44.57],[4.182,44.565]],[[4.163,44.573],[4.165,44.572]],[[4.161,44.573],[4.163,44.573]],[[4.17,44.571],[4.174,44.57]],[[4.165,44.572],[4.17,44.571]],[[4.192,44.564],[4.192,44.563]],[[4.189,44.567],[4.192,44.564]],[[4.146,44.582],[4.154,44.578]],[[4.139,44.582],[4.146,44.582]],[[4.129,44.586],[4.132,44.585]],[[4.125,44.587],[4.129,44.586]],[[4.135,44.584],[4.139,44.582]],[[4.132,44.585],[4.135,44.584]],[[4.122,44.588],[4.122,44.588]],[[4.112,44.591],[4.122,44.588]],[[4.108,44.593],[4.112,44.591]],[[4.124,44.587],[4.125,44.587]],[[4.122,44.588],[4.124,44.587]],[[4.077,44.596],[4.081,44.595]],[[4.061,44.597],[4.077,44.596]],[[4.053,44.604],[4.056,44.598],[4.061,44.597]],[[4.087,44.594],[4.088,44.594]],[[4.088,44.594],[4.092,44.594]],[[4.092,44.594],[4.093,44.595]],[[4.095,44.594],[4.097,44.592],[4.108,44.593]],[[4.093,44.595],[4.095,44.594]],[[4.081,44.595],[4.087,44.594]],[[4.154,44.578],[4.161,44.573]],[[4.154,44.578],[4.154,44.578]]]}},{"type":"Feature","properties":{"nom":"La Beaume de la confluence avec l'Alune à l'Ardèche","code":"DR417B","longueurKm":18.52408869261,"strahler":5.0},"geometry":{"type":"MultiLineString","coordinates":[[[4.333,44.436],[4.333,44.436]],[[4.33,44.441],[4.333,44.436]],[[4.316,44.448],[4.318,44.452],[4.324,44.45],[4.324,44.453],[4.328,44.453],[4.33,44.441]],[[4.277,44.455],[4.284,44.454],[4.282,44.451],[4.288,44.451],[4.29,44.454],[4.295,44.45],[4.299,44.451]],[[4.264,44.476],[4.264,44.475]],[[4.263,44.477],[4.264,44.476]],[[4.27,44.468],[4.277,44.455]],[[4.264,44.475],[4.27,44.468]],[[4.299,44.451],[4.304,44.446],[4.311,44.45],[4.316,44.448]],[[4.299,44.451],[4.299,44.451]],[[4.251,44.481],[4.253,44.48]],[[4.235,44.49],[4.239,44.483]],[[4.236,44.499],[4.239,44.5],[4.24,44.498],[4.235,44.493],[4.235,44.49]],[[4.212,44.498],[4.223,44.5]],[[4.223,44.5],[4.229,44.499]],[[4.233,44.498],[4.236,44.499]],[[4.229,44.499],[4.233,44.498]],[[4.247,44.481],[4.251,44.481]],[[4.239,44.483],[4.247,44.481]],[[4.262,44.478],[4.263,44.477]],[[4.253,44.48],[4.262,44.478]]]}},{"type":"Feature","properties":{"nom":"Le Chassezac de l'aval de l'usine de Salelles à la confluence avec l'Ardèche","code":"DR413C","longueurKm":32.88366469761,"strahler":5.0},"geometry":{"type":"MultiLineString","coordinates":[[[4.218,44.35],[4.218,44.355],[4.222,44.357]],[[4.222,44.357],[4.226,44.363]],[[4.226,44.363],[4.229,44.367],[4.229,44.376]],[[4.229,44.376],[4.234,44.379]],[[4.256,44.395],[4.258,44.398]],[[4.25,44.393],[4.256,44.395]],[[4.226,44.391],[4.228,44.391]],[[4.228,44.391],[4.242,44.391]],[[4.242,44.391],[4.248,44.392]],[[4.234,44.379],[4.238,44.382],[4.242,44.391]],[[4.248,44.392],[4.25,44.393]],[[4.225,44.396],[4.226,44.391]],[[4.266,44.406],[4.266,44.409]],[[4.2,44.397],[4.203,44.399],[4.2,44.401]],[[4.178,44.408],[4.183,44.409],[4.189,44.405],[4.195,44.405],[4.192,44.402],[4.195,44.395],[4.2,44.397]],[[4.258,44.398],[4.264,44.404]],[[4.215,44.406],[4.225,44.401],[4.225,44.396]],[[4.2,44.401],[4.2,44.405]],[[4.264,44.404],[4.266,44.406]],[[4.2,44.405],[4.202,44.408]],[[4.203,44.408],[4.204,44.408],[4.207,44.407],[4.211,44.408],[4.215,44.406]],[[4.202,44.408],[4.203,44.408]],[[4.123,44.414],[4.133,44.414]],[[4.12,44.416],[4.123,44.414]],[[4.283,44.415],[4.29,44.415]],[[4.119,44.418],[4.12,44.416]],[[4.133,44.414],[4.135,44.418]],[[4.154,44.418],[4.162,44.414]],[[4.109,44.424],[4.11,44.426],[4.116,44.425],[4.119,44.418]],[[4.135,44.418],[4.131,44.419]],[[4.29,44.415],[4.295,44.417]],[[4.32,44.428],[4.321,44.428]],[[4.311,44.425],[4.317,44.428]],[[4.317,44.428],[4.32,44.428]],[[4.303,44.418],[4.307,44.418]],[[4.295,44.417],[4.303,44.418]],[[4.142,44.423],[4.15,44.421]],[[4.131,44.419],[4.131,44.421]],[[4.15,44.421],[4.154,44.418]],[[4.131,44.421],[4.137,44.424]],[[4.307,44.418],[4.311,44.425]],[[4.137,44.424],[4.142,44.423]],[[4.266,44.409],[4.27,44.411]],[[4.174,44.413],[4.178,44.408]],[[4.27,44.411],[4.283,44.415]],[[4.162,44.414],[4.174,44.413]]]}},{"type":"Feature","properties":{"nom":"L'Eysse, la Dorne, et l'Eyrieux de sa source au Ranc de Courbier","code":"DR446","longueurKm":75.64543800849,"strahler":5.0},"geometry":{"type":"MultiLineString","coordinates":[[[4.278,44.815],[4.283,44.818],[4.283,44.823]],[[4.283,44.823],[4.284,44.827]],[[4.305,44.835],[4.308,44.836]],[[4.294,44.83],[4.295,44.83]],[[4.284,44.827],[4.288,44.831]],[[4.288,44.831],[4.294,44.83]],[[4.295,44.83],[4.305,44.835]],[[4.317,44.837],[4.324,44.839]],[[4.324,44.839],[4.329,44.843],[4.331,44.842]],[[4.344,44.849],[4.349,44.853]],[[4.349,44.853],[4.354,44.854]],[[4.331,44.842],[4.332,44.846]],[[4.332,44.846],[4.344,44.849]],[[4.308,44.836],[4.314,44.836]],[[4.314,44.836],[4.317,44.837]],[[4.363,44.863],[4.36,44.865]],[[4.286,44.88],[4.295,44.877],[4.301,44.878]],[[4.258,44.876],[4.26,44.876]],[[4.36,44.865],[4.365,44.871]],[[4.27,44.876],[4.27,44.877]],[[4.26,44.876],[4.264,44.878],[4.27,44.876]],[[4.354,44.854],[4.357,44.861],[4.363,44.863]],[[4.363,44.863],[4.363,44.863]],[[4.376,44.888],[4.376,44.888]],[[4.306,44.883],[4.308,44.885],[4.306,44.888]],[[4.37,44.885],[4.376,44.888]],[[4.306,44.888],[4.307,44.891]],[[4.386,44.89],[4.39,44.891]],[[4.403,44.893],[4.404,44.894]],[[4.317,44.895],[4.318,44.896]],[[4.404,44.894],[4.404,44.896]],[[4.396,44.893],[4.396,44.892]],[[4.398,44.891],[4.4,44.892]],[[4.4,44.892],[4.402,44.892]],[[4.396,44.892],[4.398,44.891]],[[4.39,44.891],[4.396,44.893]],[[4.402,44.892],[4.403,44.893]],[[4.376,44.888],[4.379,44.892],[4.384,44.89]],[[4.307,44.891],[4.308,44.891]],[[4.384,44.89],[4.386,44.89]],[[4.308,44.891],[4.31,44.893]],[[4.31,44.893],[4.317,44.895]],[[4.187,44.881],[4.207,44.878]],[[4.207,44.878],[4.222,44.884]],[[4.301,44.878],[4.305,44.883]],[[4.365,44.871],[4.367,44.877],[4.365,44.881]],[[4.27,44.877],[4.286,44.88]],[[4.247,44.882],[4.258,44.876]],[[4.182,44.885],[4.187,44.881]],[[4.365,44.881],[4.365,44.882]],[[4.239,44.883],[4.247,44.882]],[[4.365,44.882],[4.366,44.882]],[[4.222,44.884],[4.23,44.887],[4.239,44.883]],[[4.305,44.883],[4.306,44.883]],[[4.366,44.882],[4.37,44.885]],[[4.327,44.903],[4.329,44.905]],[[4.33,44.907],[4.329,44.909]],[[4.428,44.909],[4.43,44.912]],[[4.329,44.909],[4.328,44.911]],[[4.424,44.909],[4.428,44.909]],[[4.329,44.905],[4.329,44.906]],[[4.423,44.904],[4.424,44.905]],[[4.329,44.906],[4.33,44.907]],[[4.424,44.905],[4.424,44.909]],[[4.446,44.916],[4.451,44.912]],[[4.432,44.915],[4.434,44.916]],[[4.434,44.916],[4.439,44.916]],[[4.439,44.916],[4.446,44.916]],[[4.407,44.92],[4.41,44.921],[4.411,44.919]],[[4.418,44.916],[4.42,44.917]],[[4.42,44.917],[4.422,44.915]],[[4.42,44.917],[4.42,44.917]],[[4.411,44.919],[4.418,44.916]],[[4.338,44.922],[4.34,44.924]],[[4.34,44.924],[4.346,44.924]],[[4.346,44.924],[4.348,44.924]],[[4.404,44.924],[4.406,44.923]],[[4.372,44.935],[4.374,44.935]],[[4.367,44.936],[4.372,44.935]],[[4.402,44.926],[4.404,44.924]],[[4.348,44.924],[4.357,44.931]],[[4.357,44.931],[4.361,44.932]],[[4.404,44.934],[4.399,44.932],[4.403,44.929],[4.4,44.927],[4.402,44.926]],[[4.361,44.932],[4.364,44.931],[4.367,44.936]],[[4.407,44.92],[4.407,44.92]],[[4.333,44.921],[4.338,44.922]],[[4.406,44.923],[4.407,44.92]],[[4.368,44.945],[4.367,44.942]],[[4.369,44.947],[4.368,44.945]],[[4.363,44.951],[4.368,44.949]],[[4.354,44.962],[4.35,44.961],[4.349,44.957],[4.363,44.951]],[[4.369,44.947],[4.369,44.947]],[[4.368,44.949],[4.369,44.947]],[[4.353,44.972],[4.353,44.969],[4.351,44.969]],[[4.353,44.974],[4.351,44.973],[4.353,44.972]],[[4.362,44.981],[4.359,44.979]],[[4.356,44.987],[4.357,44.984],[4.361,44.985],[4.362,44.981]],[[4.393,45.047],[4.391,45.044],[4.396,45.042],[4.392,45.039],[4.395,45.034],[4.392,45.031],[4.395,45.021]],[[4.37,45.01],[4.363,45.011]],[[4.395,45.021],[4.392,45.019],[4.387,45.02],[4.381,45.017],[4.376,45.009],[4.37,45.01]],[[4.352,45.002],[4.358,44.995],[4.356,44.994],[4.356,44.987]],[[4.363,45.011],[4.366,45.006],[4.361,45.002],[4.352,45.002]],[[4.355,44.975],[4.353,44.974]],[[4.359,44.979],[4.359,44.975],[4.358,44.975],[4.356,44.975],[4.356,44.975],[4.355,44.975]],[[4.354,44.963],[4.354,44.962]],[[4.351,44.969],[4.349,44.966],[4.354,44.963]],[[4.4,44.939],[4.399,44.936],[4.404,44.934]],[[4.374,44.935],[4.379,44.939]],[[4.372,44.94],[4.372,44.935]],[[4.389,44.938],[4.393,44.938]],[[4.396,44.938],[4.4,44.939]],[[4.393,44.938],[4.396,44.938]],[[4.385,44.94],[4.389,44.938]],[[4.379,44.939],[4.385,44.94]],[[4.367,44.942],[4.372,44.94]],[[4.43,44.912],[4.43,44.914]],[[4.328,44.911],[4.33,44.915]],[[4.422,44.915],[4.427,44.912],[4.43,44.914]],[[4.43,44.914],[4.432,44.915]],[[4.33,44.915],[4.333,44.916],[4.333,44.921]],[[4.413,44.899],[4.414,44.899]],[[4.404,44.896],[4.413,44.896],[4.413,44.899]],[[4.318,44.896],[4.324,44.898]],[[4.324,44.898],[4.327,44.903]],[[4.414,44.899],[4.42,44.905],[4.423,44.904]]]}},{"type":"Feature","properties":{"nom":"L'Eyrieux du ruisseau du Ranc Courbier inclus à l'amont de la confluence avec la Dunière","code":"DR444A","longueurKm":31.33504770555,"strahler":5.0},"geometry":{"type":"MultiLineString","coordinates":[[[4.616,44.804],[4.621,44.803]],[[4.614,44.807],[4.616,44.804]],[[4.616,44.811],[4.614,44.807]],[[4.582,44.822],[4.587,44.822]],[[4.578,44.836],[4.576,44.83],[4.582,44.822]],[[4.593,44.819],[4.598,44.817]],[[4.598,44.817],[4.605,44.819],[4.607,44.822]],[[4.621,44.803],[4.632,44.806],[4.635,44.81],[4.643,44.812],[4.64,44.817]],[[4.619,44.817],[4.616,44.811]],[[4.64,44.817],[4.64,44.818]],[[4.64,44.818],[4.643,44.82]],[[4.607,44.822],[4.617,44.821],[4.619,44.817]],[[4.587,44.822],[4.593,44.819]],[[4.57,44.852],[4.572,44.85]],[[4.563,44.852],[4.566,44.853]],[[4.569,44.853],[4.57,44.852]],[[4.566,44.853],[4.569,44.853]],[[4.571,44.845],[4.575,44.838],[4.578,44.836]],[[4.572,44.85],[4.571,44.845]],[[4.562,44.863],[4.566,44.864]],[[4.552,44.864],[4.562,44.863]],[[4.533,44.878],[4.54,44.873],[4.544,44.874]],[[4.532,44.881],[4.531,44.879],[4.533,44.878]],[[4.548,44.873],[4.555,44.868],[4.552,44.864]],[[4.544,44.874],[4.546,44.875],[4.548,44.873]],[[4.484,44.905],[4.487,44.898]],[[4.478,44.906],[4.484,44.905]],[[4.49,44.895],[4.491,44.893],[4.494,44.894]],[[4.487,44.898],[4.49,44.895]],[[4.53,44.882],[4.532,44.881]],[[4.494,44.894],[4.494,44.888],[4.508,44.89],[4.512,44.879],[4.516,44.884],[4.524,44.881],[4.526,44.883],[4.53,44.882]],[[4.451,44.912],[4.453,44.912]],[[4.453,44.912],[4.461,44.911]],[[4.473,44.908],[4.478,44.906]],[[4.461,44.911],[4.473,44.908]],[[4.56,44.858],[4.563,44.852]],[[4.566,44.864],[4.564,44.86],[4.56,44.858]]]}},{"type":"Feature","properties":{"nom":"L'Eyrieux de l'amont de la confluence avec la Dunière à sa confluence avec le Rhône","code":"DR444B","longueurKm":18.58795296408,"strahler":5.0},"geometry":{"type":"MultiLineString","coordinates":[[[4.802,44.812],[4.798,44.805]],[[4.697,44.817],[4.697,44.817]],[[4.707,44.817],[4.708,44.814]],[[4.708,44.814],[4.713,44.815],[4.715,44.817]],[[4.722,44.817],[4.728,44.819]],[[4.697,44.817],[4.702,44.818]],[[4.702,44.818],[4.707,44.817]],[[4.715,44.817],[4.717,44.819]],[[4.679,44.828],[4.683,44.829]],[[4.643,44.82],[4.651,44.818],[4.661,44.821]],[[4.755,44.819],[4.758,44.82]],[[4.697,44.82],[4.697,44.817]],[[4.721,44.821],[4.722,44.817]],[[4.717,44.819],[4.718,44.82]],[[4.79,44.826],[4.801,44.823],[4.802,44.812]],[[4.728,44.819],[4.734,44.821],[4.741,44.82]],[[4.751,44.82],[4.755,44.819]],[[4.762,44.821],[4.763,44.821]],[[4.789,44.826],[4.79,44.826]],[[4.777,44.824],[4.781,44.826]],[[4.781,44.826],[4.789,44.826]],[[4.661,44.821],[4.675,44.826]],[[4.697,44.824],[4.697,44.82]],[[4.763,44.821],[4.768,44.821]],[[4.76,44.821],[4.762,44.821]],[[4.768,44.821],[4.777,44.824]],[[4.694,44.826],[4.697,44.824]],[[4.675,44.826],[4.679,44.828]],[[4.683,44.829],[4.687,44.826],[4.694,44.826]],[[4.718,44.82],[4.721,44.821]],[[4.741,44.82],[4.745,44.821]],[[4.758,44.82],[4.759,44.82]],[[4.749,44.822],[4.751,44.82]],[[4.759,44.82],[4.76,44.821]],[[4.745,44.821],[4.746,44.822]],[[4.746,44.822],[4.749,44.822]]]}},{"type":"Feature","properties":{"nom":"L'Ain du Suran à la confluence avec le Rhône","code":"DR484","longueurKm":38.78051206942,"strahler":5.0},"geometry":{"type":"MultiLineString","coordinates":[[[5.178,45.793],[5.177,45.794]],[[5.237,45.825],[5.236,45.821],[5.218,45.821],[5.213,45.816],[5.202,45.814],[5.198,45.808],[5.19,45.808],[5.18,45.8],[5.178,45.793]],[[5.236,45.837],[5.229,45.832],[5.237,45.825]],[[5.234,45.907],[5.235,45.902],[5.239,45.9]],[[5.241,45.92],[5.242,45.913],[5.234,45.909],[5.234,45.907]],[[5.228,45.871],[5.226,45.861],[5.236,45.837]],[[5.239,45.9],[5.25,45.896],[5.251,45.89],[5.247,45.888],[5.228,45.887],[5.222,45.879],[5.228,45.871]],[[5.248,45.94],[5.249,45.937]],[[5.249,45.941],[5.248,45.94]],[[5.249,45.937],[5.253,45.934]],[[5.25,45.931],[5.242,45.924],[5.241,45.92]],[[5.253,45.934],[5.25,45.931]],[[5.249,45.959],[5.248,45.956]],[[5.25,45.959],[5.249,45.959]],[[5.257,45.965],[5.25,45.959]],[[5.263,45.979],[5.267,45.972]],[[5.279,45.984],[5.264,45.981],[5.263,45.979]],[[5.319,46.042],[5.316,46.033]],[[5.316,46.033],[5.307,46.027],[5.309,46.017]],[[5.277,45.99],[5.279,45.984]],[[5.309,46.017],[5.307,46.01],[5.298,46.007],[5.277,45.99]],[[5.266,45.972],[5.26,45.97],[5.257,45.965]],[[5.267,45.972],[5.266,45.972]],[[5.25,45.943],[5.249,45.941]],[[5.248,45.956],[5.247,45.949],[5.25,45.943]]]}},{"type":"Feature","properties":{"nom":"L'Ain du barrage de l'Allement à la confluence avec le Suran","code":"DR490","longueurKm":14.94251558109,"strahler":5.0},"geometry":{"type":"MultiLineString","coordinates":[[[5.327,46.043],[5.319,46.042]],[[5.334,46.046],[5.327,46.043]],[[5.34,46.048],[5.334,46.046]],[[5.378,46.047],[5.373,46.046],[5.365,46.051]],[[5.342,46.048],[5.34,46.048]],[[5.377,46.06],[5.377,46.057]],[[5.422,46.112],[5.418,46.106],[5.408,46.103],[5.408,46.096],[5.401,46.085]],[[5.397,46.085],[5.381,46.082]],[[5.401,46.085],[5.4,46.085],[5.397,46.085]],[[5.378,46.079],[5.383,46.071],[5.377,46.06]],[[5.381,46.082],[5.378,46.079]],[[5.378,46.053],[5.378,46.047]],[[5.365,46.051],[5.359,46.054]],[[5.352,46.052],[5.342,46.048]],[[5.359,46.054],[5.352,46.052]],[[5.377,46.057],[5.378,46.053]]]}},{"type":"Feature","properties":{"nom":"Le Fier de la confluence avec la Fillière jusqu'au Rhône","code":"DR530","longueurKm":39.26625684118,"strahler":5.0},"geometry":{"type":"MultiLineString","coordinates":[[[5.942,45.887],[5.94,45.884],[5.935,45.886]],[[5.935,45.886],[5.933,45.886]],[[6.038,45.896],[6.035,45.894],[6.031,45.895]],[[6.031,45.895],[6.03,45.896]],[[6.03,45.896],[6.026,45.896]],[[6.05,45.897],[6.038,45.896]],[[6.051,45.897],[6.05,45.897]],[[5.919,45.902],[5.918,45.903]],[[6.055,45.898],[6.051,45.897]],[[6.06,45.9],[6.055,45.898]],[[5.933,45.886],[5.924,45.887],[5.92,45.902]],[[5.958,45.904],[5.955,45.902],[5.957,45.897],[5.953,45.898],[5.946,45.894],[5.946,45.891],[5.939,45.891],[5.942,45.887]],[[5.92,45.902],[5.919,45.902]],[[5.992,45.898],[5.976,45.901]],[[6.026,45.896],[6.022,45.896],[6.017,45.9]],[[5.998,45.9],[5.992,45.898]],[[5.918,45.903],[5.914,45.905]],[[6.017,45.9],[6.014,45.904]],[[5.976,45.901],[5.967,45.903],[5.962,45.9],[5.958,45.904]],[[6.002,45.902],[5.998,45.9]],[[5.909,45.911],[5.909,45.911]],[[6.086,45.908],[6.084,45.907]],[[6.098,45.909],[6.095,45.907],[6.09,45.908],[6.086,45.908]],[[5.909,45.911],[5.906,45.917]],[[5.906,45.917],[5.906,45.919]],[[5.831,45.939],[5.833,45.942]],[[6.156,45.939],[6.151,45.94],[6.149,45.937],[6.146,45.937]],[[6.146,45.937],[6.143,45.935],[6.138,45.936]],[[5.906,45.919],[5.904,45.922]],[[5.842,45.934],[5.837,45.932]],[[5.897,45.926],[5.896,45.928]],[[5.896,45.928],[5.891,45.93]],[[5.904,45.922],[5.902,45.924]],[[5.902,45.924],[5.897,45.926]],[[6.107,45.915],[6.098,45.909]],[[5.837,45.932],[5.831,45.939]],[[6.138,45.936],[6.131,45.933],[6.122,45.933],[6.117,45.921],[6.109,45.918],[6.107,45.915]],[[5.86,45.932],[5.845,45.934],[5.842,45.934]],[[5.891,45.93],[5.882,45.933],[5.861,45.932]],[[5.861,45.932],[5.86,45.932]],[[6.085,45.902],[6.08,45.902],[6.077,45.904],[6.074,45.902]],[[5.914,45.905],[5.911,45.909]],[[6.061,45.905],[6.06,45.9]],[[6.014,45.904],[6.005,45.905],[6.002,45.902]],[[6.084,45.907],[6.088,45.905],[6.085,45.902]],[[5.911,45.909],[5.909,45.911]],[[6.074,45.902],[6.07,45.903],[6.067,45.907]],[[6.067,45.907],[6.065,45.908],[6.061,45.905]]]}},{"type":"Feature","properties":{"nom":"L'Arve du Bon Nant à Bonneville","code":"DR555A","longueurKm":38.61735927637,"strahler":5.0},"geometry":{"type":"MultiLineString","coordinates":[[[6.7,45.912],[6.699,45.912]],[[6.699,45.912],[6.655,45.926]],[[6.655,45.926],[6.648,45.93],[6.642,45.94]],[[6.64,45.943],[6.632,45.965]],[[6.632,45.965],[6.631,45.966]],[[6.642,45.94],[6.641,45.942]],[[6.641,45.942],[6.64,45.943]],[[6.635,45.977],[6.633,45.98]],[[6.624,45.999],[6.624,46.003]],[[6.624,46.003],[6.627,46.006],[6.624,46.01]],[[6.633,45.98],[6.627,45.984]],[[6.627,45.984],[6.629,45.992],[6.624,45.995],[6.624,45.999]],[[6.631,45.966],[6.633,45.972]],[[6.633,45.972],[6.635,45.977]],[[6.617,46.02],[6.617,46.021]],[[6.617,46.021],[6.611,46.025],[6.618,46.035],[6.613,46.037]],[[6.489,46.068],[6.463,46.073]],[[6.463,46.073],[6.453,46.074]],[[6.403,46.08],[6.398,46.084]],[[6.453,46.074],[6.408,46.075]],[[6.501,46.073],[6.499,46.071],[6.498,46.071],[6.493,46.069],[6.492,46.069],[6.49,46.068],[6.489,46.068],[6.489,46.068]],[[6.567,46.065],[6.548,46.073]],[[6.536,46.075],[6.528,46.076],[6.509,46.072],[6.503,46.072],[6.501,46.073],[6.501,46.073]],[[6.548,46.073],[6.546,46.073]],[[6.546,46.073],[6.541,46.074]],[[6.541,46.074],[6.54,46.075],[6.536,46.075]],[[6.408,46.075],[6.403,46.08]],[[6.613,46.037],[6.605,46.039]],[[6.605,46.039],[6.604,46.044],[6.586,46.049],[6.567,46.065]],[[6.624,46.01],[6.616,46.015]],[[6.616,46.015],[6.617,46.02]]]}},{"type":"Feature","properties":{"nom":"l'Arve de l'aval de Bonneville à la confluence avec la Ménoge","code":"DR555C","longueurKm":19.40660095501,"strahler":5.0},"geometry":{"type":"MultiLineString","coordinates":[[[6.398,46.084],[6.376,46.085]],[[6.376,46.085],[6.359,46.092]],[[6.359,46.092],[6.35,46.104]],[[6.346,46.114],[6.34,46.116],[6.34,46.119]],[[6.334,46.126],[6.325,46.135]],[[6.325,46.135],[6.322,46.136]],[[6.34,46.119],[6.336,46.122]],[[6.336,46.122],[6.334,46.126]],[[6.35,46.104],[6.349,46.112]],[[6.349,46.112],[6.346,46.114]],[[6.248,46.159],[6.244,46.164]],[[6.244,46.164],[6.242,46.163]],[[6.242,46.163],[6.246,46.17]],[[6.269,46.149],[6.263,46.148],[6.262,46.15]],[[6.303,46.144],[6.3,46.147],[6.297,46.147]],[[6.297,46.147],[6.29,46.15]],[[6.29,46.15],[6.278,46.153],[6.269,46.149]],[[6.262,46.15],[6.255,46.158],[6.248,46.159]],[[6.322,46.136],[6.317,46.137],[6.312,46.134]],[[6.312,46.134],[6.309,46.135],[6.31,46.137],[6.303,46.14],[6.303,46.144]]]}},{"type":"Feature","properties":{"nom":"l'Arve de la confluence avec la Ménoge jusqu'au Rhône","code":"DR555D","longueurKm":15.69889156482,"strahler":5.0},"geometry":{"type":"MultiLineString","coordinates":[[[6.219,46.175],[6.192,46.174],[6.186,46.178]],[[6.22,46.18],[6.219,46.175]],[[6.246,46.17],[6.245,46.174],[6.237,46.177],[6.23,46.183],[6.224,46.185],[6.22,46.18]],[[6.14,46.193],[6.127,46.2],[6.121,46.201]],[[6.143,46.187],[6.14,46.193]],[[6.186,46.178],[6.181,46.179]],[[6.181,46.179],[6.17,46.176],[6.171,46.183],[6.165,46.188],[6.16,46.179],[6.157,46.178],[6.154,46.18],[6.154,46.186],[6.143,46.187]]]}},{"type":"Feature","properties":{"nom":"L'Azergue à l'aval de la Brevenne","code":"DR568B","longueurKm":14.08730184859,"strahler":5.0},"geometry":{"type":"MultiLineString","coordinates":[[[4.674,45.858],[4.679,45.855],[4.685,45.858],[4.693,45.858]],[[4.693,45.858],[4.697,45.858]],[[4.697,45.858],[4.699,45.862]],[[4.699,45.862],[4.699,45.864],[4.706,45.863],[4.71,45.868],[4.716,45.869],[4.717,45.873],[4.721,45.873]],[[4.729,45.891],[4.722,45.934]],[[4.722,45.934],[4.728,45.941]],[[4.728,45.941],[4.729,45.942]],[[4.729,45.942],[4.73,45.943]],[[4.721,45.873],[4.727,45.876],[4.731,45.883]],[[4.731,45.883],[4.729,45.891]]]}},{"type":"Feature","properties":{"nom":"La Veyle du Renon à la Saône","code":"DR581","longueurKm":19.42520076552,"strahler":5.0},"geometry":{"type":"MultiLineString","coordinates":[[[4.988,46.222],[4.981,46.225]],[[4.981,46.225],[4.979,46.228],[4.972,46.23]],[[4.972,46.23],[4.969,46.231]],[[4.958,46.232],[4.957,46.233]],[[4.957,46.233],[4.95,46.237]],[[4.969,46.231],[4.962,46.231]],[[4.962,46.231],[4.958,46.232]],[[4.931,46.255],[4.931,46.256]],[[4.944,46.248],[4.935,46.254]],[[4.935,46.254],[4.931,46.255]],[[4.95,46.237],[4.95,46.239]],[[4.95,46.239],[4.95,46.245],[4.944,46.248]],[[4.853,46.279],[4.851,46.278],[4.85,46.281]],[[4.85,46.281],[4.845,46.281]],[[4.883,46.267],[4.876,46.273],[4.86,46.271],[4.855,46.277]],[[4.855,46.277],[4.853,46.279]],[[4.838,46.291],[4.838,46.294]],[[4.838,46.294],[4.838,46.295]],[[4.833,46.297],[4.832,46.296]],[[4.838,46.295],[4.837,46.295]],[[4.837,46.295],[4.836,46.3],[4.833,46.297]],[[4.845,46.281],[4.844,46.284]],[[4.844,46.284],[4.838,46.291]],[[4.911,46.257],[4.909,46.259]],[[4.909,46.259],[4.883,46.267]],[[4.915,46.256],[4.912,46.256]],[[4.931,46.256],[4.919,46.256]],[[4.918,46.257],[4.917,46.257],[4.916,46.256],[4.915,46.256],[4.915,46.256]],[[4.919,46.256],[4.918,46.257]],[[4.912,46.256],[4.911,46.257]]]}},{"type":"Feature","properties":{"nom":"La Seille du Solnan à sa confluence avec la Saône","code":"DR596","longueurKm":38.53324178209,"strahler":5.0},"geometry":{"type":"MultiLineString","coordinates":[[[4.941,46.52],[4.939,46.52]],[[5.008,46.56],[5.008,46.556]],[[5.007,46.561],[5.008,46.56]],[[5.015,46.54],[5.016,46.534],[5.022,46.533],[5.017,46.53],[5.022,46.525]],[[5.008,46.556],[5.011,46.544],[5.015,46.54]],[[5.011,46.511],[5.006,46.51],[5.002,46.512]],[[4.984,46.515],[4.98,46.515]],[[4.963,46.513],[4.96,46.511],[4.955,46.512]],[[5.002,46.512],[4.997,46.512]],[[4.955,46.512],[4.952,46.515],[4.945,46.514]],[[4.945,46.514],[4.943,46.519]],[[4.997,46.512],[4.984,46.515]],[[4.98,46.515],[4.963,46.513]],[[5.022,46.525],[5.022,46.519],[5.011,46.511]],[[4.943,46.519],[4.942,46.52],[4.942,46.52],[4.941,46.52]],[[5.026,46.574],[5.027,46.573]],[[5.031,46.578],[5.026,46.574]],[[5.037,46.583],[5.034,46.581]],[[5.042,46.584],[5.039,46.582],[5.037,46.583]],[[5.034,46.58],[5.031,46.578]],[[5.034,46.581],[5.034,46.58]],[[5.007,46.564],[5.007,46.561]],[[5.027,46.573],[5.029,46.57],[5.024,46.567],[5.011,46.565],[5.009,46.568],[5.007,46.564]],[[5.068,46.601],[5.069,46.6]],[[5.068,46.604],[5.068,46.601]],[[5.123,46.62],[5.12,46.617],[5.114,46.618],[5.112,46.614]],[[5.123,46.621],[5.123,46.62]],[[5.079,46.616],[5.072,46.612],[5.068,46.604]],[[5.112,46.614],[5.096,46.616],[5.079,46.616]],[[5.132,46.631],[5.131,46.631]],[[5.218,46.63],[5.197,46.634]],[[5.136,46.633],[5.132,46.631]],[[5.148,46.635],[5.136,46.633]],[[5.197,46.634],[5.195,46.634]],[[5.13,46.631],[5.123,46.621]],[[5.131,46.631],[5.13,46.631]],[[5.178,46.638],[5.171,46.638]],[[5.179,46.638],[5.178,46.638]],[[5.178,46.638],[5.178,46.638]],[[5.171,46.638],[5.168,46.639]],[[5.186,46.638],[5.182,46.637],[5.179,46.638]],[[5.188,46.638],[5.186,46.638]],[[5.195,46.634],[5.193,46.635]],[[5.163,46.633],[5.155,46.634],[5.152,46.636],[5.148,46.635]],[[5.168,46.639],[5.162,46.637],[5.163,46.633]],[[5.193,46.635],[5.188,46.638]],[[5.064,46.587],[5.059,46.581],[5.046,46.581],[5.042,46.584]],[[5.069,46.6],[5.064,46.587]]]}},{"type":"Feature","properties":{"nom":"La Veyle de l'Etre au Renon","code":"DR583","longueurKm":13.25543364433,"strahler":5.0},"geometry":{"type":"MultiLineString","coordinates":[[[5.04,46.231],[5.037,46.231]],[[5.003,46.224],[4.999,46.224]],[[5.013,46.219],[5.009,46.22]],[[4.992,46.222],[4.988,46.222]],[[5.009,46.22],[5.006,46.221]],[[5.006,46.221],[5.005,46.223]],[[5.037,46.231],[5.029,46.229],[5.029,46.226],[5.021,46.22],[5.013,46.219]],[[4.999,46.224],[4.992,46.222]],[[5.005,46.223],[5.003,46.224]],[[5.085,46.234],[5.082,46.237]],[[5.082,46.237],[5.075,46.238],[5.071,46.236]],[[5.091,46.236],[5.085,46.234]],[[5.121,46.243],[5.116,46.245],[5.108,46.243],[5.103,46.238],[5.091,46.236]],[[5.057,46.234],[5.051,46.235],[5.047,46.233]],[[5.071,46.236],[5.057,46.234]],[[5.043,46.231],[5.04,46.231]],[[5.047,46.233],[5.043,46.231]]]}},{"type":"Feature","properties":{"nom":"L'Allan de la Savoureuse au Doubs","code":"DR627","longueurKm":9.80604037991,"strahler":5.0},"geometry":{"type":"MultiLineString","coordinates":[[[6.761,47.479],[6.76,47.479]],[[6.774,47.489],[6.768,47.481],[6.761,47.479]],[[6.849,47.511],[6.848,47.51]],[[6.825,47.504],[6.81,47.505]],[[6.785,47.508],[6.774,47.502],[6.774,47.496],[6.778,47.492],[6.774,47.489]],[[6.801,47.506],[6.796,47.506],[6.792,47.508],[6.785,47.508]],[[6.848,47.51],[6.825,47.504]],[[6.81,47.505],[6.809,47.506]],[[6.809,47.506],[6.803,47.507],[6.801,47.506]]]}},{"type":"Feature","properties":{"nom":"Le Sevron et le Solnan","code":"DR598","longueurKm":116.2175451386,"strahler":5.0},"geometry":{"type":"MultiLineString","coordinates":[[[5.372,46.248],[5.367,46.241],[5.354,46.236],[5.351,46.243]],[[5.351,46.243],[5.352,46.247]],[[5.352,46.247],[5.342,46.255],[5.337,46.256]],[[5.32,46.271],[5.314,46.272]],[[5.314,46.272],[5.312,46.273]],[[5.337,46.256],[5.327,46.268]],[[5.327,46.268],[5.32,46.271]],[[5.305,46.275],[5.305,46.276]],[[5.305,46.276],[5.304,46.276]],[[5.289,46.286],[5.289,46.29]],[[5.289,46.29],[5.284,46.314],[5.279,46.318],[5.271,46.32]],[[5.304,46.276],[5.296,46.279]],[[5.296,46.279],[5.289,46.286]],[[5.312,46.273],[5.312,46.273]],[[5.312,46.273],[5.305,46.275]],[[5.359,46.342],[5.347,46.346],[5.341,46.345],[5.339,46.342],[5.334,46.342]],[[5.334,46.342],[5.332,46.341]],[[5.327,46.338],[5.313,46.331]],[[5.271,46.333],[5.269,46.339],[5.272,46.341]],[[5.313,46.331],[5.307,46.336],[5.311,46.347]],[[5.332,46.341],[5.331,46.339],[5.328,46.338],[5.328,46.338],[5.327,46.338]],[[5.311,46.347],[5.308,46.348],[5.312,46.352],[5.316,46.368]],[[5.272,46.341],[5.273,46.342]],[[5.273,46.342],[5.269,46.347],[5.273,46.353],[5.27,46.367]],[[5.294,46.395],[5.291,46.398],[5.287,46.397]],[[5.299,46.379],[5.297,46.388]],[[5.266,46.381],[5.269,46.381],[5.267,46.384],[5.259,46.386],[5.253,46.392]],[[5.297,46.388],[5.293,46.391],[5.294,46.395]],[[5.281,46.404],[5.284,46.406],[5.281,46.413]],[[5.255,46.407],[5.252,46.411],[5.241,46.416],[5.242,46.419],[5.252,46.419],[5.254,46.422]],[[5.281,46.413],[5.281,46.416]],[[5.287,46.397],[5.278,46.4]],[[5.253,46.392],[5.249,46.392]],[[5.249,46.392],[5.245,46.4],[5.256,46.403],[5.259,46.401],[5.264,46.402],[5.262,46.404],[5.256,46.405],[5.255,46.407]],[[5.278,46.4],[5.277,46.404],[5.281,46.404]],[[5.27,46.367],[5.271,46.37]],[[5.316,46.368],[5.315,46.371],[5.308,46.372]],[[5.271,46.37],[5.263,46.377],[5.266,46.381]],[[5.308,46.372],[5.304,46.379],[5.299,46.379]],[[5.271,46.32],[5.268,46.33]],[[5.268,46.33],[5.271,46.333]],[[5.24,46.437],[5.24,46.439]],[[5.236,46.458],[5.236,46.458]],[[5.236,46.458],[5.241,46.461]],[[5.271,46.46],[5.271,46.461]],[[5.241,46.461],[5.235,46.467],[5.239,46.473]],[[5.24,46.439],[5.239,46.44]],[[5.239,46.44],[5.243,46.449],[5.235,46.453],[5.236,46.458]],[[5.275,46.452],[5.274,46.458],[5.272,46.46],[5.271,46.46]],[[5.285,46.502],[5.284,46.506],[5.289,46.514],[5.285,46.516]],[[5.28,46.487],[5.278,46.492],[5.286,46.497],[5.283,46.501]],[[5.283,46.501],[5.285,46.502]],[[5.268,46.537],[5.265,46.541],[5.267,46.543],[5.261,46.55],[5.269,46.554],[5.268,46.556],[5.271,46.556],[5.271,46.559]],[[5.279,46.524],[5.278,46.526]],[[5.278,46.526],[5.27,46.533]],[[5.27,46.533],[5.268,46.537]],[[5.285,46.516],[5.284,46.52]],[[5.237,46.496],[5.249,46.504],[5.247,46.514],[5.255,46.518],[5.259,46.524]],[[5.284,46.52],[5.284,46.523],[5.283,46.522]],[[5.283,46.522],[5.279,46.524]],[[5.259,46.524],[5.266,46.527],[5.27,46.533]],[[5.247,46.576],[5.243,46.582]],[[5.219,46.624],[5.218,46.63]],[[5.227,46.595],[5.225,46.597],[5.223,46.595],[5.217,46.597],[5.212,46.603],[5.217,46.608],[5.216,46.611],[5.219,46.611],[5.217,46.615],[5.222,46.619]],[[5.222,46.619],[5.219,46.624]],[[5.243,46.582],[5.236,46.585],[5.236,46.592]],[[5.236,46.592],[5.233,46.591],[5.235,46.593],[5.231,46.596],[5.226,46.594],[5.227,46.595]],[[5.271,46.559],[5.269,46.561],[5.264,46.561],[5.263,46.569],[5.255,46.57]],[[5.255,46.57],[5.255,46.57]],[[5.255,46.57],[5.255,46.569],[5.246,46.574],[5.247,46.576]],[[5.239,46.473],[5.24,46.479]],[[5.271,46.461],[5.269,46.467],[5.279,46.486]],[[5.24,46.479],[5.237,46.482]],[[5.279,46.486],[5.28,46.487]],[[5.237,46.482],[5.241,46.492],[5.237,46.496]],[[5.274,46.426],[5.279,46.428],[5.278,46.432]],[[5.254,46.422],[5.252,46.425]],[[5.281,46.416],[5.274,46.426]],[[5.252,46.425],[5.242,46.431],[5.24,46.437]],[[5.278,46.432],[5.277,46.444],[5.274,46.445],[5.273,46.45],[5.275,46.452]]]}},{"type":"Feature","properties":{"nom":"Le Doubs de la confluence avec l'Allan jusqu'en amont du barrage de Crissey","code":"DR625","longueurKm":166.54199099318,"strahler":5.0},"geometry":{"type":"MultiLineString","coordinates":[[[5.499,47.089],[5.497,47.089]],[[5.491,47.087],[5.483,47.082]],[[5.53,47.084],[5.518,47.08],[5.509,47.086]],[[5.509,47.086],[5.508,47.086]],[[5.508,47.086],[5.504,47.088]],[[5.497,47.089],[5.491,47.087]],[[5.504,47.088],[5.499,47.089]],[[5.563,47.123],[5.549,47.108]],[[5.563,47.124],[5.563,47.123]],[[5.59,47.13],[5.586,47.128],[5.578,47.134]],[[5.595,47.136],[5.59,47.13]],[[5.564,47.125],[5.563,47.124]],[[5.578,47.134],[5.564,47.125]],[[5.55,47.1],[5.532,47.092],[5.53,47.084]],[[5.549,47.108],[5.55,47.1]],[[5.632,47.137],[5.624,47.137]],[[5.624,47.137],[5.604,47.14]],[[5.604,47.14],[5.599,47.138]],[[5.661,47.143],[5.659,47.145]],[[5.659,47.145],[5.656,47.145]],[[5.85,47.132],[5.849,47.132]],[[5.849,47.132],[5.837,47.134]],[[5.633,47.139],[5.632,47.137]],[[5.676,47.14],[5.668,47.138]],[[5.656,47.145],[5.649,47.146],[5.635,47.144],[5.633,47.139]],[[5.668,47.138],[5.66,47.14],[5.661,47.143]],[[5.595,47.136],[5.595,47.136]],[[5.599,47.138],[5.595,47.136]],[[5.76,47.151],[5.759,47.151]],[[5.763,47.151],[5.76,47.151]],[[5.764,47.152],[5.763,47.151]],[[5.753,47.148],[5.738,47.151]],[[5.759,47.151],[5.753,47.148]],[[5.785,47.17],[5.779,47.164],[5.77,47.161]],[[5.84,47.166],[5.824,47.166]],[[5.796,47.174],[5.796,47.174]],[[5.903,47.167],[5.884,47.16]],[[5.785,47.171],[5.785,47.17]],[[5.824,47.166],[5.796,47.173]],[[5.787,47.172],[5.785,47.171]],[[5.896,47.171],[5.903,47.167]],[[5.791,47.174],[5.787,47.172]],[[5.796,47.173],[5.796,47.174]],[[5.884,47.157],[5.884,47.156]],[[5.769,47.16],[5.764,47.152]],[[5.884,47.156],[5.886,47.146]],[[5.77,47.161],[5.769,47.16]],[[5.884,47.16],[5.884,47.157]],[[5.855,47.154],[5.851,47.163],[5.84,47.166]],[[5.836,47.136],[5.839,47.141]],[[5.887,47.145],[5.884,47.142],[5.869,47.14],[5.85,47.132]],[[5.837,47.134],[5.836,47.136]],[[5.684,47.144],[5.676,47.14]],[[5.721,47.142],[5.716,47.14],[5.707,47.14],[5.705,47.143],[5.712,47.145],[5.713,47.149],[5.7,47.149]],[[5.7,47.149],[5.684,47.144]],[[5.728,47.148],[5.721,47.142]],[[5.729,47.148],[5.728,47.148]],[[5.738,47.151],[5.729,47.148]],[[5.839,47.141],[5.841,47.142]],[[5.886,47.146],[5.887,47.145]],[[5.841,47.142],[5.848,47.146],[5.855,47.154]],[[5.794,47.174],[5.793,47.175]],[[5.793,47.175],[5.793,47.174]],[[5.891,47.174],[5.891,47.174]],[[5.905,47.175],[5.896,47.183]],[[5.896,47.183],[5.891,47.184],[5.891,47.174]],[[5.946,47.18],[5.944,47.178]],[[5.915,47.171],[5.91,47.171]],[[5.918,47.171],[5.915,47.171]],[[5.926,47.171],[5.918,47.171]],[[5.891,47.174],[5.893,47.173]],[[5.944,47.178],[5.941,47.175],[5.926,47.171]],[[5.91,47.171],[5.905,47.175]],[[5.988,47.2],[5.984,47.198],[5.968,47.2]],[[5.968,47.2],[5.967,47.2]],[[5.994,47.206],[5.992,47.201]],[[5.994,47.207],[5.994,47.206]],[[5.991,47.201],[5.988,47.2]],[[5.992,47.201],[5.991,47.201]],[[6.031,47.224],[6.029,47.221],[6.023,47.22]],[[6.03,47.23],[6.03,47.229]],[[6.03,47.229],[6.03,47.229]],[[6.03,47.229],[6.031,47.224]],[[6.03,47.229],[6.03,47.229]],[[5.996,47.21],[5.994,47.207]],[[6.023,47.22],[6.004,47.217],[5.996,47.21]],[[5.952,47.183],[5.946,47.18]],[[5.967,47.2],[5.956,47.2],[5.947,47.195],[5.948,47.191],[5.956,47.195],[5.963,47.19],[5.961,47.186],[5.955,47.183],[5.954,47.183],[5.952,47.183]],[[5.796,47.174],[5.795,47.174]],[[5.895,47.171],[5.896,47.171]],[[5.791,47.174],[5.791,47.174]],[[5.793,47.174],[5.791,47.174]],[[5.795,47.174],[5.794,47.174]],[[5.893,47.173],[5.895,47.171]],[[6.032,47.239],[6.031,47.241]],[[6.031,47.241],[6.025,47.242]],[[6.083,47.27],[6.071,47.264]],[[6.117,47.271],[6.111,47.267],[6.083,47.27]],[[6.118,47.273],[6.117,47.273]],[[6.131,47.281],[6.124,47.279],[6.118,47.273]],[[6.117,47.271],[6.117,47.271]],[[6.117,47.273],[6.117,47.271]],[[6.079,47.26],[6.082,47.257]],[[6.071,47.264],[6.07,47.261],[6.079,47.26]],[[6.185,47.288],[6.174,47.289]],[[6.205,47.292],[6.198,47.288],[6.19,47.288],[6.185,47.288]],[[6.23,47.296],[6.216,47.301]],[[6.216,47.301],[6.21,47.303],[6.206,47.3]],[[6.206,47.298],[6.205,47.292]],[[6.206,47.3],[6.206,47.298]],[[6.26,47.312],[6.26,47.311]],[[6.263,47.316],[6.26,47.312]],[[6.311,47.33],[6.304,47.329]],[[6.315,47.334],[6.311,47.33]],[[6.28,47.321],[6.266,47.32],[6.263,47.316]],[[6.304,47.329],[6.293,47.329],[6.28,47.321]],[[6.236,47.302],[6.235,47.297],[6.233,47.296],[6.23,47.296]],[[6.26,47.311],[6.238,47.306],[6.236,47.302]],[[6.151,47.286],[6.131,47.281]],[[6.174,47.289],[6.151,47.286]],[[6.37,47.342],[6.37,47.342]],[[6.354,47.34],[6.351,47.336]],[[6.338,47.341],[6.337,47.341]],[[6.351,47.336],[6.348,47.335],[6.342,47.34]],[[6.342,47.34],[6.338,47.341]],[[6.37,47.342],[6.36,47.343],[6.354,47.34]],[[6.378,47.353],[6.372,47.354],[6.372,47.351]],[[6.378,47.353],[6.378,47.353]],[[6.451,47.363],[6.436,47.367]],[[6.436,47.367],[6.429,47.368],[6.425,47.372],[6.42,47.369],[6.418,47.364]],[[6.399,47.358],[6.394,47.357],[6.386,47.352],[6.378,47.353]],[[6.418,47.364],[6.418,47.358],[6.407,47.357],[6.399,47.358]],[[6.372,47.342],[6.37,47.342]],[[6.372,47.351],[6.372,47.342]],[[6.484,47.369],[6.481,47.369]],[[6.502,47.386],[6.505,47.382]],[[6.489,47.369],[6.484,47.369]],[[6.477,47.37],[6.46,47.374]],[[6.481,47.369],[6.477,47.37]],[[6.505,47.382],[6.5,47.375],[6.489,47.369]],[[6.502,47.396],[6.502,47.396]],[[6.505,47.397],[6.502,47.396]],[[6.518,47.416],[6.513,47.414],[6.512,47.409]],[[6.562,47.422],[6.559,47.416],[6.553,47.413],[6.528,47.411],[6.518,47.416]],[[6.511,47.404],[6.505,47.397]],[[6.512,47.409],[6.511,47.404]],[[6.495,47.394],[6.502,47.386]],[[6.502,47.396],[6.495,47.394]],[[6.458,47.374],[6.454,47.371],[6.451,47.363]],[[6.46,47.374],[6.458,47.374]],[[6.317,47.34],[6.315,47.334]],[[6.337,47.341],[6.326,47.343],[6.317,47.34]],[[6.549,47.427],[6.551,47.426]],[[6.532,47.436],[6.535,47.432],[6.549,47.427]],[[6.556,47.441],[6.555,47.441]],[[6.542,47.441],[6.533,47.441],[6.532,47.436]],[[6.555,47.441],[6.552,47.442],[6.544,47.441],[6.542,47.441]],[[6.559,47.44],[6.556,47.441]],[[6.638,47.449],[6.624,47.448],[6.621,47.443]],[[6.583,47.454],[6.577,47.448]],[[6.686,47.456],[6.682,47.454]],[[6.693,47.461],[6.686,47.456]],[[6.76,47.479],[6.757,47.479]],[[6.735,47.477],[6.73,47.478]],[[6.757,47.479],[6.744,47.48],[6.735,47.477]],[[6.698,47.465],[6.693,47.461]],[[6.73,47.478],[6.724,47.48],[6.709,47.469],[6.698,47.465]],[[6.671,47.452],[6.638,47.449]],[[6.682,47.454],[6.671,47.452]],[[6.622,47.443],[6.626,47.44]],[[6.626,47.44],[6.626,47.439]],[[6.627,47.438],[6.63,47.432],[6.624,47.427],[6.612,47.429],[6.601,47.434],[6.599,47.439]],[[6.575,47.439],[6.559,47.44]],[[6.627,47.438],[6.627,47.438]],[[6.627,47.438],[6.627,47.438]],[[6.627,47.438],[6.627,47.438]],[[6.626,47.439],[6.627,47.438]],[[6.621,47.442],[6.627,47.438]],[[6.577,47.448],[6.575,47.439]],[[6.621,47.443],[6.622,47.443]],[[6.621,47.442],[6.621,47.442]],[[6.621,47.443],[6.621,47.442]],[[6.599,47.439],[6.596,47.455],[6.59,47.457],[6.583,47.454]],[[6.558,47.424],[6.562,47.422]],[[6.551,47.426],[6.558,47.424]],[[6.058,47.231],[6.046,47.226],[6.04,47.228],[6.037,47.232]],[[6.027,47.23],[6.03,47.23]],[[6.027,47.23],[6.027,47.23]],[[6.026,47.23],[6.027,47.23]],[[6.082,47.257],[6.068,47.246],[6.058,47.231]],[[6.037,47.232],[6.032,47.239]],[[6.025,47.242],[6.016,47.234],[6.018,47.23],[6.026,47.23]]]}},{"type":"Feature","properties":{"nom":"L'Ognon basse vallée","code":"DR656","longueurKm":116.14227803851,"strahler":5.0},"geometry":{"type":"MultiLineString","coordinates":[[[5.582,47.253],[5.58,47.253]],[[5.584,47.255],[5.582,47.253]],[[5.648,47.261],[5.644,47.258]],[[5.625,47.253],[5.618,47.256]],[[5.587,47.257],[5.584,47.255]],[[5.592,47.262],[5.586,47.262],[5.587,47.257]],[[5.644,47.258],[5.629,47.256],[5.625,47.253]],[[5.618,47.256],[5.611,47.259]],[[5.649,47.262],[5.648,47.261]],[[5.611,47.259],[5.605,47.258],[5.602,47.262],[5.599,47.262]],[[5.597,47.262],[5.594,47.262],[5.592,47.262]],[[5.599,47.262],[5.597,47.262]],[[5.661,47.265],[5.66,47.264]],[[5.652,47.262],[5.652,47.262]],[[5.658,47.263],[5.653,47.26],[5.652,47.262]],[[5.652,47.262],[5.649,47.262]],[[5.66,47.264],[5.658,47.263]],[[5.757,47.276],[5.757,47.274]],[[5.567,47.278],[5.565,47.278]],[[5.57,47.277],[5.567,47.278]],[[5.757,47.274],[5.754,47.273]],[[5.547,47.292],[5.546,47.292]],[[5.549,47.289],[5.547,47.292]],[[5.799,47.29],[5.795,47.29]],[[5.772,47.279],[5.764,47.274],[5.762,47.276],[5.757,47.276]],[[5.565,47.278],[5.549,47.28],[5.55,47.288]],[[5.55,47.288],[5.549,47.289]],[[5.774,47.286],[5.77,47.282],[5.772,47.279]],[[5.58,47.253],[5.575,47.254],[5.573,47.261],[5.569,47.263],[5.572,47.267],[5.57,47.27],[5.573,47.273],[5.57,47.274]],[[5.661,47.265],[5.661,47.265]],[[5.661,47.265],[5.659,47.266]],[[5.733,47.267],[5.718,47.268]],[[5.709,47.268],[5.709,47.268]],[[5.744,47.265],[5.741,47.263]],[[5.703,47.266],[5.7,47.265]],[[5.7,47.265],[5.697,47.266],[5.699,47.269]],[[5.745,47.267],[5.744,47.265]],[[5.741,47.263],[5.739,47.267],[5.732,47.264]],[[5.732,47.264],[5.73,47.265],[5.733,47.267]],[[5.709,47.268],[5.703,47.266]],[[5.657,47.266],[5.652,47.262]],[[5.659,47.266],[5.657,47.266],[5.657,47.266]],[[5.57,47.274],[5.57,47.277]],[[5.678,47.275],[5.669,47.274],[5.668,47.273],[5.672,47.272],[5.661,47.265]],[[5.754,47.273],[5.75,47.274],[5.752,47.272],[5.747,47.271],[5.745,47.267]],[[5.718,47.268],[5.714,47.27]],[[5.713,47.27],[5.709,47.268]],[[5.699,47.269],[5.694,47.268],[5.692,47.272]],[[5.692,47.272],[5.686,47.271]],[[5.714,47.27],[5.714,47.27]],[[5.714,47.27],[5.713,47.27],[5.713,47.27]],[[5.686,47.271],[5.683,47.275],[5.678,47.275]],[[5.814,47.294],[5.813,47.293],[5.811,47.297]],[[5.53,47.298],[5.53,47.298]],[[5.811,47.297],[5.807,47.294]],[[5.484,47.317],[5.48,47.316],[5.48,47.313],[5.478,47.315],[5.475,47.314],[5.473,47.317]],[[5.509,47.308],[5.504,47.31]],[[5.504,47.31],[5.505,47.313],[5.5,47.313],[5.498,47.316],[5.489,47.315],[5.486,47.317],[5.485,47.317],[5.484,47.317]],[[5.831,47.299],[5.814,47.294]],[[5.53,47.298],[5.529,47.3],[5.523,47.301],[5.524,47.305],[5.519,47.304]],[[5.519,47.304],[5.513,47.308],[5.509,47.308]],[[5.845,47.301],[5.844,47.3],[5.838,47.3],[5.836,47.3],[5.834,47.299],[5.831,47.299],[5.831,47.299]],[[5.898,47.311],[5.893,47.311]],[[5.893,47.311],[5.894,47.312]],[[5.902,47.315],[5.898,47.311]],[[5.894,47.312],[5.894,47.315],[5.889,47.315]],[[5.871,47.314],[5.869,47.316]],[[5.883,47.322],[5.876,47.318],[5.874,47.314],[5.871,47.314]],[[5.889,47.315],[5.889,47.318]],[[5.889,47.318],[5.887,47.321],[5.883,47.322],[5.883,47.322]],[[5.902,47.316],[5.902,47.315]],[[5.473,47.317],[5.469,47.317],[5.472,47.318]],[[5.852,47.31],[5.853,47.306],[5.849,47.306],[5.845,47.301]],[[5.856,47.31],[5.854,47.309],[5.852,47.31]],[[5.472,47.318],[5.477,47.324],[5.47,47.327],[5.471,47.329]],[[5.869,47.316],[5.861,47.316],[5.861,47.313],[5.856,47.31]],[[5.8,47.29],[5.799,47.29]],[[5.795,47.29],[5.786,47.292]],[[5.538,47.296],[5.538,47.294],[5.534,47.296]],[[5.782,47.292],[5.775,47.29],[5.774,47.286]],[[5.546,47.292],[5.539,47.297]],[[5.539,47.297],[5.539,47.297]],[[5.538,47.296],[5.538,47.296]],[[5.539,47.297],[5.538,47.296]],[[5.539,47.297],[5.538,47.296]],[[5.539,47.297],[5.539,47.297]],[[5.534,47.296],[5.533,47.298],[5.53,47.298]],[[5.786,47.292],[5.784,47.293],[5.782,47.292]],[[5.807,47.294],[5.8,47.29]],[[5.971,47.334],[5.968,47.336]],[[5.972,47.332],[5.971,47.334]],[[5.971,47.331],[5.972,47.332]],[[5.971,47.334],[5.971,47.334]],[[6.017,47.338],[6.015,47.338]],[[6.015,47.338],[6.015,47.338]],[[6.015,47.338],[6.013,47.338]],[[6.009,47.337],[6.008,47.336]],[[6.012,47.338],[6.009,47.337]],[[5.968,47.336],[5.96,47.34]],[[5.994,47.336],[5.992,47.331]],[[5.959,47.34],[5.955,47.34]],[[6.013,47.338],[6.012,47.338]],[[6.036,47.345],[6.034,47.344]],[[6.034,47.344],[6.032,47.342]],[[6.055,47.349],[6.052,47.349]],[[6.081,47.357],[6.074,47.351],[6.055,47.349]],[[6.052,47.349],[6.051,47.349]],[[6.051,47.348],[6.047,47.346],[6.043,47.347]],[[6.041,47.349],[6.036,47.345]],[[6.043,47.347],[6.042,47.348]],[[6.042,47.348],[6.041,47.349]],[[6.051,47.349],[6.051,47.348]],[[6.082,47.361],[6.082,47.361]],[[6.116,47.365],[6.113,47.361],[6.103,47.361]],[[6.081,47.362],[6.082,47.361]],[[6.082,47.361],[6.082,47.361]],[[6.109,47.386],[6.105,47.384],[6.103,47.38],[6.108,47.376]],[[6.093,47.372],[6.087,47.373],[6.083,47.372]],[[6.108,47.376],[6.116,47.372]],[[6.103,47.361],[6.104,47.366]],[[6.118,47.365],[6.116,47.365]],[[6.082,47.372],[6.081,47.362]],[[6.12,47.369],[6.118,47.365]],[[6.083,47.372],[6.082,47.372]],[[6.104,47.366],[6.101,47.371],[6.093,47.372]],[[6.116,47.372],[6.12,47.369]],[[6.082,47.358],[6.081,47.357]],[[6.082,47.361],[6.082,47.358]],[[5.94,47.342],[5.939,47.342]],[[5.939,47.342],[5.938,47.342]],[[6.029,47.34],[6.027,47.338],[6.017,47.338]],[[6.001,47.34],[5.996,47.34]],[[5.929,47.345],[5.927,47.345],[5.924,47.34]],[[5.955,47.34],[5.953,47.341]],[[5.996,47.34],[5.994,47.336]],[[6.008,47.336],[6.001,47.34]],[[5.953,47.341],[5.947,47.34]],[[5.96,47.341],[5.959,47.34]],[[5.96,47.34],[5.96,47.341]],[[5.947,47.34],[5.942,47.341],[5.942,47.344],[5.94,47.342]],[[5.938,47.342],[5.934,47.343]],[[5.934,47.343],[5.929,47.345]],[[6.032,47.342],[6.029,47.34]],[[6.171,47.39],[6.168,47.39]],[[6.163,47.39],[6.162,47.389]],[[6.168,47.39],[6.163,47.39]],[[6.137,47.4],[6.139,47.397]],[[6.131,47.394],[6.125,47.395]],[[6.162,47.389],[6.159,47.388],[6.155,47.391]],[[6.171,47.39],[6.171,47.39]],[[6.125,47.395],[6.119,47.395]],[[6.139,47.397],[6.134,47.394],[6.133,47.393],[6.131,47.394]],[[6.155,47.391],[6.15,47.396],[6.15,47.4],[6.14,47.402],[6.137,47.4]],[[6.195,47.403],[6.194,47.402]],[[6.19,47.406],[6.194,47.406],[6.195,47.403]],[[6.17,47.412],[6.174,47.407],[6.19,47.406]],[[6.17,47.412],[6.17,47.412]],[[6.179,47.417],[6.176,47.417]],[[6.204,47.433],[6.195,47.426],[6.198,47.42]],[[6.198,47.42],[6.199,47.419]],[[6.175,47.414],[6.17,47.412]],[[6.195,47.415],[6.191,47.414]],[[6.191,47.414],[6.188,47.415]],[[6.176,47.417],[6.175,47.414]],[[6.188,47.415],[6.179,47.417]],[[6.195,47.416],[6.196,47.417],[6.195,47.415]],[[6.199,47.419],[6.194,47.418],[6.193,47.415],[6.195,47.416]],[[6.188,47.4],[6.186,47.4]],[[6.186,47.4],[6.177,47.402]],[[6.177,47.402],[6.177,47.401]],[[6.177,47.401],[6.172,47.397],[6.171,47.39]],[[6.194,47.402],[6.188,47.4]],[[6.115,47.39],[6.109,47.386]],[[6.119,47.395],[6.115,47.39]],[[5.98,47.326],[5.976,47.326]],[[5.976,47.326],[5.974,47.329]],[[5.985,47.33],[5.98,47.326]],[[5.901,47.331],[5.896,47.327],[5.902,47.316]],[[5.905,47.334],[5.901,47.331]],[[5.913,47.333],[5.908,47.331],[5.905,47.334]],[[5.992,47.331],[5.994,47.329],[5.988,47.327],[5.988,47.33],[5.986,47.331],[5.985,47.33]],[[5.974,47.329],[5.972,47.33]],[[5.931,47.328],[5.921,47.328],[5.915,47.331],[5.911,47.33],[5.913,47.333]],[[5.972,47.33],[5.971,47.331]],[[5.924,47.34],[5.931,47.328]]]}},{"type":"Feature","properties":{"nom":"L'Ognon du Rahin au Lauzin","code":"DR659","longueurKm":12.97731050769,"strahler":5.0},"geometry":{"type":"MultiLineString","coordinates":[[[6.409,47.546],[6.407,47.543]],[[6.411,47.549],[6.409,47.546]],[[6.411,47.551],[6.411,47.549]],[[6.424,47.554],[6.417,47.553]],[[6.433,47.554],[6.43,47.554]],[[6.43,47.554],[6.428,47.554]],[[6.425,47.554],[6.424,47.554]],[[6.428,47.554],[6.425,47.554]],[[6.414,47.553],[6.411,47.551]],[[6.417,47.553],[6.414,47.553]],[[6.438,47.557],[6.438,47.555]],[[6.437,47.588],[6.438,47.586]],[[6.432,47.592],[6.437,47.588]],[[6.455,47.613],[6.453,47.607],[6.444,47.605],[6.439,47.6]],[[6.435,47.593],[6.432,47.592]],[[6.439,47.6],[6.439,47.595],[6.437,47.593],[6.436,47.593],[6.435,47.593]],[[6.437,47.584],[6.44,47.577],[6.438,47.572],[6.442,47.57],[6.44,47.567],[6.436,47.567],[6.44,47.561],[6.436,47.56],[6.438,47.557]],[[6.438,47.586],[6.437,47.584]],[[6.436,47.554],[6.436,47.554],[6.433,47.554]],[[6.438,47.555],[6.436,47.554]]]}},{"type":"Feature","properties":{"nom":"La Lanterne de la Semouse à la confluence avec la Saône","code":"DR684","longueurKm":21.11260288736,"strahler":5.0},"geometry":{"type":"MultiLineString","coordinates":[[[6.045,47.733],[6.044,47.733]],[[6.045,47.734],[6.045,47.733]],[[6.052,47.735],[6.045,47.734]],[[6.076,47.747],[6.074,47.744]],[[6.075,47.753],[6.08,47.754],[6.076,47.752],[6.076,47.747]],[[6.075,47.742],[6.057,47.738],[6.052,47.735]],[[6.074,47.744],[6.075,47.742]],[[6.107,47.765],[6.108,47.763]],[[6.108,47.763],[6.102,47.76]],[[6.077,47.759],[6.075,47.753]],[[6.102,47.76],[6.095,47.755],[6.079,47.758]],[[6.079,47.758],[6.077,47.759]],[[6.134,47.781],[6.132,47.777],[6.126,47.78]],[[6.14,47.786],[6.134,47.781]],[[6.159,47.798],[6.156,47.794],[6.151,47.793],[6.149,47.791]],[[6.159,47.799],[6.159,47.798]],[[6.149,47.791],[6.147,47.788]],[[6.182,47.814],[6.179,47.811]],[[6.182,47.815],[6.182,47.814]],[[6.184,47.816],[6.182,47.815]],[[6.195,47.818],[6.191,47.816],[6.188,47.818],[6.186,47.815],[6.184,47.816]],[[6.176,47.807],[6.171,47.805],[6.167,47.807],[6.159,47.799]],[[6.179,47.811],[6.176,47.807]],[[6.145,47.787],[6.14,47.786]],[[6.147,47.788],[6.145,47.787]],[[6.116,47.772],[6.11,47.772],[6.112,47.769],[6.108,47.768],[6.107,47.765]],[[6.126,47.78],[6.117,47.775],[6.116,47.772]]]}},{"type":"Feature","properties":{"nom":"Le Var du Cians à la confluence avec la Vésubie","code":"DR82","longueurKm":27.77539543933,"strahler":5.0},"geometry":{"type":"MultiLineString","coordinates":[[[7.197,43.87],[7.197,43.86]],[[7.189,43.878],[7.197,43.87]],[[7.188,43.888],[7.19,43.885],[7.189,43.878]],[[7.19,43.898],[7.191,43.897]],[[7.195,43.908],[7.196,43.904],[7.188,43.901],[7.19,43.898]],[[7.188,43.889],[7.188,43.888]],[[7.191,43.897],[7.188,43.889]],[[7.175,43.916],[7.185,43.912]],[[7.163,43.919],[7.165,43.919]],[[7.168,43.92],[7.175,43.916]],[[7.165,43.919],[7.168,43.92]],[[7.188,43.908],[7.193,43.91],[7.195,43.908]],[[7.185,43.912],[7.188,43.908]],[[7.155,43.923],[7.156,43.922]],[[7.092,43.929],[7.099,43.928]],[[7.147,43.93],[7.149,43.926],[7.155,43.923]],[[7.091,43.93],[7.092,43.929]],[[7.11,43.931],[7.114,43.932]],[[7.099,43.928],[7.108,43.93]],[[7.108,43.93],[7.11,43.931]],[[7.114,43.932],[7.117,43.931]],[[7.163,43.92],[7.163,43.919]],[[7.156,43.922],[7.163,43.92]],[[7.053,43.942],[7.054,43.942]],[[7.041,43.943],[7.053,43.942]],[[7.121,43.935],[7.123,43.936]],[[7.126,43.937],[7.129,43.935]],[[7.123,43.936],[7.126,43.937]],[[7.054,43.942],[7.057,43.941]],[[6.988,43.948],[6.99,43.945]],[[7.011,43.945],[7.017,43.946]],[[7.017,43.946],[7.021,43.945]],[[7.022,43.945],[7.024,43.944]],[[7.024,43.944],[7.029,43.944]],[[6.99,43.945],[7.0,43.946]],[[7.021,43.945],[7.022,43.945]],[[7.003,43.944],[7.009,43.945]],[[7.04,43.943],[7.041,43.943]],[[7.034,43.944],[7.04,43.943]],[[7.0,43.946],[7.003,43.944]],[[7.029,43.944],[7.034,43.944]],[[7.009,43.945],[7.011,43.945]],[[7.066,43.934],[7.068,43.934]],[[7.066,43.934],[7.066,43.934]],[[7.145,43.931],[7.147,43.93]],[[7.085,43.936],[7.091,43.93]],[[7.117,43.931],[7.117,43.933]],[[7.143,43.933],[7.145,43.931]],[[7.068,43.934],[7.082,43.936]],[[7.129,43.935],[7.134,43.932],[7.139,43.935],[7.143,43.933]],[[7.117,43.933],[7.121,43.935]],[[7.082,43.936],[7.085,43.936]],[[7.057,43.941],[7.066,43.934]]]}},{"type":"Feature","properties":{"nom":"Le Var de la Vésubie à Colomars","code":"DR78A","longueurKm":12.22741004251,"strahler":5.0},"geometry":{"type":"MultiLineString","coordinates":[[[7.212,43.773],[7.204,43.765]],[[7.213,43.773],[7.212,43.773]],[[7.216,43.781],[7.213,43.773]],[[7.213,43.791],[7.214,43.789]],[[7.206,43.796],[7.213,43.791]],[[7.201,43.799],[7.203,43.798]],[[7.195,43.804],[7.201,43.799]],[[7.205,43.798],[7.206,43.796]],[[7.203,43.798],[7.205,43.798]],[[7.216,43.782],[7.216,43.781]],[[7.214,43.789],[7.216,43.782]],[[7.187,43.819],[7.186,43.814]],[[7.188,43.822],[7.187,43.819]],[[7.195,43.844],[7.192,43.837]],[[7.195,43.847],[7.195,43.844]],[[7.197,43.86],[7.196,43.859]],[[7.197,43.856],[7.197,43.854]],[[7.196,43.859],[7.197,43.856]],[[7.196,43.852],[7.195,43.847]],[[7.197,43.854],[7.196,43.852]],[[7.19,43.832],[7.188,43.822]],[[7.192,43.837],[7.19,43.832]],[[7.191,43.81],[7.195,43.804]],[[7.186,43.814],[7.191,43.81]]]}},{"type":"Feature","properties":{"nom":"Le Var de Colomars à la mer","code":"DR78B","longueurKm":13.15879678687,"strahler":5.0},"geometry":{"type":"MultiLineString","coordinates":[[[7.19,43.684],[7.2,43.661],[7.199,43.655]],[[7.19,43.684],[7.19,43.684]],[[7.189,43.687],[7.19,43.684]],[[7.189,43.691],[7.188,43.689]],[[7.188,43.693],[7.189,43.691]],[[7.187,43.699],[7.188,43.697]],[[7.186,43.71],[7.187,43.699]],[[7.188,43.694],[7.188,43.693]],[[7.188,43.697],[7.188,43.694]],[[7.188,43.688],[7.189,43.687]],[[7.188,43.689],[7.188,43.688]],[[7.182,43.741],[7.184,43.722]],[[7.183,43.742],[7.182,43.741]],[[7.193,43.754],[7.188,43.75]],[[7.196,43.757],[7.193,43.754]],[[7.204,43.765],[7.203,43.764]],[[7.197,43.758],[7.196,43.757]],[[7.203,43.764],[7.197,43.758]],[[7.185,43.746],[7.183,43.742]],[[7.188,43.75],[7.185,43.746]],[[7.185,43.712],[7.186,43.71]],[[7.184,43.722],[7.185,43.712]]]}},{"type":"Feature","properties":{"nom":"Le Var du Coulomp au Cians","code":"DR86","longueurKm":20.28829281341,"strahler":5.0},"geometry":{"type":"MultiLineString","coordinates":[[[6.81,43.951],[6.811,43.949]],[[6.811,43.949],[6.816,43.951]],[[6.816,43.951],[6.818,43.951]],[[6.807,43.953],[6.81,43.951]],[[6.962,43.947],[6.969,43.948]],[[6.828,43.952],[6.831,43.952]],[[6.825,43.953],[6.828,43.952]],[[6.818,43.951],[6.824,43.953]],[[6.824,43.953],[6.825,43.953]],[[6.831,43.952],[6.833,43.952]],[[6.833,43.952],[6.835,43.952]],[[6.835,43.952],[6.837,43.952]],[[6.837,43.952],[6.845,43.954]],[[6.969,43.948],[6.984,43.95],[6.988,43.948]],[[6.845,43.954],[6.846,43.954]],[[6.797,43.96],[6.8,43.959]],[[6.784,43.964],[6.797,43.96]],[[6.777,43.97],[6.784,43.964]],[[6.767,43.97],[6.777,43.97]],[[6.863,43.955],[6.867,43.955]],[[6.867,43.955],[6.869,43.955]],[[6.938,43.953],[6.939,43.952]],[[6.894,43.954],[6.896,43.954]],[[6.932,43.953],[6.938,43.953]],[[6.927,43.954],[6.932,43.953]],[[6.8,43.959],[6.8,43.958]],[[6.943,43.951],[6.945,43.951]],[[6.846,43.954],[6.847,43.954]],[[6.945,43.951],[6.947,43.951]],[[6.847,43.954],[6.848,43.955]],[[6.901,43.953],[6.902,43.952]],[[6.902,43.952],[6.909,43.953]],[[6.87,43.954],[6.874,43.953]],[[6.803,43.955],[6.807,43.953]],[[6.955,43.951],[6.962,43.947]],[[6.878,43.952],[6.886,43.953]],[[6.874,43.953],[6.878,43.952]],[[6.947,43.951],[6.952,43.951]],[[6.952,43.951],[6.953,43.951]],[[6.953,43.951],[6.955,43.951]],[[6.939,43.952],[6.943,43.951]],[[6.8,43.958],[6.803,43.955]],[[6.886,43.953],[6.894,43.954]],[[6.848,43.955],[6.853,43.955]],[[6.869,43.955],[6.87,43.954]],[[6.896,43.954],[6.901,43.953]],[[6.853,43.955],[6.855,43.955]],[[6.855,43.955],[6.859,43.956]],[[6.859,43.956],[6.863,43.955]],[[6.913,43.954],[6.923,43.953]],[[6.909,43.953],[6.913,43.954]],[[6.923,43.953],[6.927,43.954]]]}},{"type":"Feature","properties":{"nom":"La Siagne du barrage de Tanneron au parc d'activité de la Siagne","code":"DR95A","longueurKm":8.97905665579,"strahler":5.0},"geometry":{"type":"MultiLineString","coordinates":[[[6.93,43.583],[6.944,43.568]],[[6.927,43.59],[6.93,43.583]],[[6.924,43.59],[6.927,43.59]],[[6.913,43.599],[6.917,43.594]],[[6.908,43.6],[6.913,43.599]],[[6.917,43.593],[6.919,43.592]],[[6.917,43.594],[6.917,43.593]],[[6.92,43.592],[6.922,43.592],[6.924,43.59]],[[6.919,43.592],[6.92,43.592]],[[6.879,43.607],[6.884,43.607]],[[6.884,43.607],[6.885,43.607]],[[6.885,43.607],[6.893,43.612]],[[6.893,43.612],[6.894,43.611]],[[6.901,43.605],[6.902,43.603]],[[6.894,43.611],[6.901,43.605]],[[6.906,43.602],[6.908,43.6]],[[6.902,43.603],[6.906,43.602]]]}},{"type":"Feature","properties":{"nom":"La Siagne du parc d'activité de la Siagne à la mer","code":"DR95B","longueurKm":4.40854269897,"strahler":5.0},"geometry":{"type":"MultiLineString","coordinates":[[[6.945,43.534],[6.948,43.531]],[[6.947,43.54],[6.945,43.534]],[[6.944,43.568],[6.946,43.563]],[[6.946,43.563],[6.944,43.554]],[[6.944,43.547],[6.947,43.54]],[[6.944,43.554],[6.944,43.547]]]}},{"type":"Feature","properties":{"nom":"La Siagne du barrage de Montauroux au barrage de Tanneron y compris le Biançon à l'aval de St Cassien","code":"DR96B","longueurKm":15.08225515311,"strahler":5.0},"geometry":{"type":"MultiLineString","coordinates":[[[6.83,43.598],[6.833,43.596]],[[6.833,43.596],[6.839,43.594],[6.835,43.598],[6.838,43.599]],[[6.875,43.607],[6.879,43.607]],[[6.874,43.607],[6.875,43.607]],[[6.859,43.611],[6.86,43.608]],[[6.866,43.603],[6.866,43.603]],[[6.838,43.599],[6.842,43.601]],[[6.86,43.608],[6.866,43.603]],[[6.866,43.603],[6.874,43.607]],[[6.839,43.614],[6.845,43.613]],[[6.834,43.621],[6.834,43.62]],[[6.828,43.622],[6.834,43.621]],[[6.816,43.63],[6.828,43.622]],[[6.793,43.633],[6.803,43.627],[6.816,43.63]],[[6.837,43.618],[6.841,43.615],[6.839,43.614]],[[6.834,43.62],[6.837,43.618]],[[6.847,43.61],[6.853,43.604],[6.853,43.609],[6.859,43.611]],[[6.842,43.601],[6.847,43.61]],[[6.845,43.613],[6.847,43.61]]]}},{"type":"Feature","properties":{"nom":"Le Tavignano de Antisanti à la mer","code":"ER22B","longueurKm":30.06987579362,"strahler":5.0},"geometry":{"type":"MultiLineString","coordinates":[[[9.546,42.105],[9.55,42.104]],[[9.539,42.108],[9.546,42.105]],[[9.489,42.111],[9.498,42.105],[9.504,42.109],[9.507,42.105]],[[9.529,42.106],[9.534,42.109],[9.539,42.108]],[[9.507,42.105],[9.511,42.111],[9.514,42.113]],[[9.514,42.113],[9.518,42.11],[9.518,42.106],[9.529,42.106]],[[9.448,42.142],[9.45,42.144],[9.455,42.141],[9.458,42.135],[9.456,42.13]],[[9.439,42.15],[9.442,42.143],[9.448,42.142]],[[9.456,42.13],[9.456,42.13]],[[9.47,42.116],[9.484,42.117],[9.483,42.119],[9.485,42.121]],[[9.488,42.114],[9.486,42.113],[9.489,42.111]],[[9.485,42.121],[9.49,42.117],[9.488,42.114]],[[9.456,42.13],[9.461,42.126],[9.467,42.125],[9.472,42.121],[9.47,42.116]],[[9.426,42.159],[9.426,42.157]],[[9.426,42.16],[9.426,42.159]],[[9.427,42.16],[9.426,42.16]],[[9.429,42.163],[9.427,42.16]],[[9.428,42.154],[9.435,42.155],[9.439,42.15]],[[9.426,42.157],[9.428,42.154]],[[9.416,42.171],[9.419,42.168],[9.417,42.165]],[[9.382,42.175],[9.387,42.174]],[[9.415,42.173],[9.416,42.171]],[[9.415,42.174],[9.415,42.173]],[[9.414,42.176],[9.415,42.174]],[[9.381,42.176],[9.382,42.175]],[[9.387,42.174],[9.391,42.173],[9.394,42.18]],[[9.41,42.176],[9.414,42.176]],[[9.407,42.176],[9.41,42.176]],[[9.367,42.19],[9.366,42.189]],[[9.368,42.184],[9.375,42.181],[9.38,42.184]],[[9.38,42.184],[9.387,42.182],[9.381,42.176]],[[9.394,42.18],[9.396,42.182]],[[9.402,42.182],[9.407,42.176]],[[9.396,42.182],[9.402,42.182]],[[9.366,42.189],[9.368,42.184]],[[9.425,42.164],[9.429,42.163]],[[9.417,42.165],[9.425,42.164]]]}},{"type":"Feature","properties":{"nom":"Le Tavignano de la Restonica au Vecchio","code":"ER24","longueurKm":17.3244576087,"strahler":5.0},"geometry":{"type":"MultiLineString","coordinates":[[[9.236,42.235],[9.245,42.228]],[[9.227,42.241],[9.236,42.235]],[[9.227,42.241],[9.227,42.241]],[[9.207,42.256],[9.213,42.254],[9.212,42.252]],[[9.226,42.273],[9.226,42.271]],[[9.226,42.274],[9.226,42.273]],[[9.21,42.263],[9.214,42.26],[9.206,42.258],[9.207,42.256]],[[9.226,42.271],[9.223,42.267],[9.211,42.266],[9.21,42.263]],[[9.213,42.249],[9.219,42.249],[9.22,42.242],[9.227,42.241]],[[9.212,42.252],[9.213,42.249]],[[9.188,42.294],[9.196,42.289]],[[9.184,42.295],[9.188,42.294]],[[9.153,42.304],[9.157,42.305]],[[9.157,42.305],[9.163,42.306],[9.174,42.302]],[[9.183,42.296],[9.184,42.295]],[[9.174,42.302],[9.183,42.296]],[[9.196,42.289],[9.196,42.288]],[[9.223,42.279],[9.226,42.274]],[[9.211,42.28],[9.22,42.28]],[[9.22,42.28],[9.223,42.279]],[[9.196,42.288],[9.208,42.284],[9.211,42.28]]]}},{"type":"Feature","properties":{"nom":"Prunelli du barrage de Tolla à la mer Méditerranée","code":"ER36","longueurKm":22.23513336839,"strahler":5.0},"geometry":{"type":"MultiLineString","coordinates":[[[8.802,41.908],[8.798,41.909],[8.798,41.905]],[[8.819,41.907],[8.814,41.909],[8.805,41.903],[8.802,41.908]],[[8.838,41.912],[8.832,41.914],[8.821,41.91],[8.819,41.907]],[[8.866,41.928],[8.864,41.926]],[[8.839,41.913],[8.838,41.912]],[[8.864,41.926],[8.856,41.921],[8.843,41.917],[8.839,41.913]],[[8.884,41.93],[8.884,41.93]],[[8.873,41.933],[8.871,41.929],[8.866,41.928]],[[8.884,41.93],[8.874,41.933]],[[8.896,41.932],[8.89,41.929],[8.884,41.93]],[[8.874,41.933],[8.873,41.933]],[[8.907,41.937],[8.904,41.938]],[[8.925,41.94],[8.92,41.938],[8.92,41.935]],[[8.938,41.947],[8.936,41.945]],[[8.952,41.962],[8.948,41.961]],[[8.954,41.962],[8.952,41.962]],[[8.947,41.96],[8.947,41.959]],[[8.947,41.959],[8.953,41.95],[8.952,41.946],[8.938,41.947]],[[8.948,41.961],[8.947,41.96]],[[8.965,41.964],[8.96,41.958],[8.954,41.962]],[[8.926,41.941],[8.925,41.94]],[[8.936,41.945],[8.926,41.941]],[[8.914,41.933],[8.913,41.933]],[[8.918,41.933],[8.917,41.932],[8.914,41.933]],[[8.902,41.937],[8.896,41.932]],[[8.904,41.938],[8.902,41.937]],[[8.913,41.933],[8.907,41.937]],[[8.92,41.935],[8.918,41.933]]]}},{"type":"Feature","properties":{"nom":"Le Tavignano du Vecchio à Antisanti","code":"ER22A","longueurKm":15.15061716511,"strahler":5.0},"geometry":{"type":"MultiLineString","coordinates":[[[9.365,42.19],[9.367,42.19]],[[9.36,42.189],[9.365,42.19]],[[9.357,42.192],[9.361,42.193],[9.36,42.189]],[[9.349,42.204],[9.343,42.196],[9.354,42.197]],[[9.355,42.194],[9.357,42.192]],[[9.354,42.197],[9.355,42.194]],[[9.339,42.212],[9.343,42.21]],[[9.329,42.209],[9.332,42.208]],[[9.347,42.206],[9.349,42.204]],[[9.316,42.21],[9.32,42.212],[9.329,42.209]],[[9.332,42.208],[9.339,42.212]],[[9.343,42.21],[9.343,42.207],[9.347,42.206]],[[9.286,42.214],[9.297,42.215]],[[9.268,42.22],[9.273,42.218]],[[9.245,42.228],[9.252,42.229]],[[9.252,42.229],[9.254,42.228]],[[9.261,42.224],[9.268,42.22]],[[9.254,42.228],[9.261,42.224]],[[9.277,42.218],[9.286,42.214]],[[9.297,42.215],[9.302,42.215]],[[9.304,42.215],[9.309,42.214]],[[9.302,42.215],[9.304,42.215]],[[9.273,42.218],[9.277,42.218]],[[9.313,42.213],[9.316,42.21]],[[9.309,42.214],[9.313,42.213]]]}},{"type":"Feature","properties":{"nom":"Le Golo aval","code":"ER68B","longueurKm":19.39557728901,"strahler":5.0},"geometry":{"type":"MultiLineString","coordinates":[[[9.392,42.504],[9.395,42.505]],[[9.395,42.505],[9.395,42.506]],[[9.401,42.521],[9.402,42.522]],[[9.428,42.514],[9.43,42.514]],[[9.395,42.506],[9.395,42.518],[9.4,42.517]],[[9.43,42.514],[9.434,42.514]],[[9.4,42.517],[9.403,42.516],[9.405,42.518],[9.401,42.521]],[[9.533,42.524],[9.534,42.523]],[[9.529,42.525],[9.533,42.524]],[[9.456,42.526],[9.476,42.535]],[[9.476,42.535],[9.483,42.532],[9.488,42.537],[9.49,42.534],[9.495,42.533],[9.5,42.538],[9.504,42.535],[9.506,42.537],[9.512,42.535],[9.52,42.53],[9.522,42.524],[9.529,42.525]],[[9.447,42.524],[9.456,42.526]],[[9.434,42.514],[9.443,42.519]],[[9.418,42.521],[9.419,42.519]],[[9.402,42.522],[9.41,42.523],[9.411,42.525]],[[9.419,42.519],[9.426,42.521],[9.428,42.514]],[[9.413,42.526],[9.418,42.521]],[[9.411,42.525],[9.413,42.526]],[[9.443,42.519],[9.447,42.524]]]}},{"type":"Feature","properties":{"nom":"La Dordogne du confluent de la Vézère au confluent du Caudeau","code":"FR108","longueurKm":46.20840492974,"strahler":6.0},"geometry":{"type":"LineString","coordinates":[[0.888,44.882],[0.873,44.883],[0.867,44.88],[0.863,44.875],[0.864,44.859],[0.855,44.852],[0.844,44.85],[0.832,44.853],[0.824,44.858],[0.821,44.884],[0.807,44.885],[0.801,44.881],[0.798,44.875],[0.805,44.855],[0.801,44.85],[0.788,44.844],[0.769,44.838],[0.717,44.832],[0.705,44.832],[0.667,44.84],[0.64,44.842],[0.628,44.847],[0.598,44.854],[0.56,44.853],[0.513,44.838],[0.502,44.837],[0.496,44.838],[0.478,44.851],[0.464,44.845],[0.452,44.846]]}},{"type":"Feature","properties":{"nom":"Le Golo de l'asco à l'amont de Prunelli di Casaconi","code":"ER68A","longueurKm":19.65314827362,"strahler":5.0},"geometry":{"type":"MultiLineString","coordinates":[[[9.21,42.472],[9.213,42.471],[9.218,42.473]],[[9.227,42.471],[9.233,42.469]],[[9.233,42.469],[9.245,42.471]],[[9.245,42.471],[9.249,42.47]],[[9.219,42.473],[9.22,42.473],[9.223,42.473],[9.227,42.471]],[[9.249,42.47],[9.252,42.472]],[[9.218,42.473],[9.219,42.473]],[[9.263,42.476],[9.273,42.479]],[[9.28,42.486],[9.283,42.487]],[[9.283,42.487],[9.285,42.488]],[[9.273,42.479],[9.277,42.482]],[[9.277,42.482],[9.28,42.486]],[[9.252,42.472],[9.255,42.475],[9.262,42.476]],[[9.262,42.476],[9.263,42.476]],[[9.286,42.489],[9.287,42.491]],[[9.287,42.491],[9.292,42.494],[9.298,42.492],[9.298,42.495]],[[9.303,42.501],[9.306,42.503]],[[9.298,42.495],[9.302,42.498]],[[9.302,42.498],[9.303,42.501]],[[9.285,42.488],[9.286,42.489]],[[9.286,42.489],[9.286,42.489]],[[9.334,42.506],[9.337,42.507]],[[9.316,42.504],[9.319,42.506]],[[9.325,42.506],[9.329,42.506]],[[9.329,42.506],[9.33,42.506]],[[9.319,42.506],[9.321,42.508],[9.325,42.506]],[[9.33,42.506],[9.334,42.506]],[[9.337,42.507],[9.337,42.507]],[[9.384,42.51],[9.386,42.505],[9.392,42.504]],[[9.373,42.507],[9.373,42.507]],[[9.362,42.506],[9.372,42.507]],[[9.354,42.509],[9.362,42.506]],[[9.372,42.507],[9.373,42.507]],[[9.354,42.509],[9.354,42.509]],[[9.352,42.509],[9.354,42.509]],[[9.337,42.507],[9.338,42.51]],[[9.338,42.51],[9.34,42.51]],[[9.34,42.51],[9.352,42.509]],[[9.373,42.507],[9.384,42.51]],[[9.306,42.503],[9.311,42.506]],[[9.311,42.506],[9.314,42.506],[9.316,42.504]]]}},{"type":"Feature","properties":{"nom":"Le Golo de la restitution à la confluence avec l'Asco","code":"ER69B","longueurKm":20.0395877419,"strahler":5.0},"geometry":{"type":"MultiLineString","coordinates":[[[9.109,42.371],[9.11,42.372]],[[9.11,42.372],[9.116,42.371]],[[9.116,42.371],[9.123,42.378]],[[9.129,42.38],[9.134,42.38]],[[9.123,42.378],[9.124,42.378]],[[9.124,42.378],[9.129,42.38]],[[9.161,42.385],[9.164,42.385]],[[9.164,42.385],[9.166,42.386],[9.165,42.389]],[[9.151,42.382],[9.154,42.382]],[[9.154,42.382],[9.161,42.385]],[[9.145,42.381],[9.148,42.382]],[[9.134,42.38],[9.139,42.384],[9.142,42.383]],[[9.142,42.383],[9.145,42.381]],[[9.148,42.382],[9.151,42.382]],[[9.166,42.393],[9.173,42.395]],[[9.173,42.395],[9.177,42.393]],[[9.187,42.397],[9.189,42.4]],[[9.177,42.393],[9.178,42.392]],[[9.178,42.392],[9.186,42.394],[9.187,42.397]],[[9.165,42.389],[9.164,42.39]],[[9.164,42.39],[9.166,42.393]],[[9.197,42.407],[9.198,42.409]],[[9.198,42.409],[9.198,42.411]],[[9.201,42.424],[9.203,42.427]],[[9.203,42.427],[9.207,42.43]],[[9.198,42.411],[9.197,42.418]],[[9.197,42.418],[9.201,42.424]],[[9.203,42.442],[9.202,42.445]],[[9.201,42.445],[9.198,42.446]],[[9.198,42.446],[9.201,42.45]],[[9.202,42.445],[9.202,42.445]],[[9.202,42.445],[9.201,42.445],[9.201,42.445]],[[9.207,42.43],[9.209,42.433]],[[9.209,42.433],[9.208,42.438],[9.203,42.442]],[[9.208,42.455],[9.21,42.458]],[[9.21,42.458],[9.205,42.464]],[[9.207,42.469],[9.21,42.472]],[[9.205,42.468],[9.207,42.469]],[[9.205,42.464],[9.205,42.467]],[[9.205,42.467],[9.205,42.468]],[[9.201,42.45],[9.201,42.451]],[[9.201,42.451],[9.208,42.455]],[[9.189,42.4],[9.193,42.4]],[[9.193,42.4],[9.197,42.407]]]}},{"type":"Feature","properties":{"nom":"La Truyère du barrage de Sarrans à la retenue de Couesque","code":"FR122","longueurKm":12.00380970347,"strahler":5.0},"geometry":{"type":"LineString","coordinates":[[2.741,44.829],[2.738,44.826],[2.73,44.826],[2.724,44.829],[2.72,44.819],[2.716,44.817],[2.72,44.811],[2.719,44.808],[2.713,44.807],[2.712,44.794],[2.707,44.789],[2.708,44.783],[2.698,44.773],[2.69,44.77],[2.693,44.766],[2.686,44.766],[2.683,44.76]]}},{"type":"Feature","properties":{"nom":"Le Lot du confluent du Bramont au confluent du Doulou","code":"FR126A","longueurKm":42.91992425104,"strahler":5.0},"geometry":{"type":"LineString","coordinates":[[3.453,44.479],[3.45,44.479],[3.447,44.484],[3.444,44.483],[3.444,44.477],[3.441,44.476],[3.425,44.48],[3.423,44.485],[3.416,44.487],[3.417,44.492],[3.41,44.493],[3.406,44.5],[3.4,44.499],[3.388,44.487],[3.38,44.489],[3.37,44.485],[3.366,44.486],[3.359,44.482],[3.356,44.476],[3.351,44.477],[3.343,44.47],[3.338,44.468],[3.333,44.473],[3.318,44.478],[3.311,44.484],[3.301,44.482],[3.29,44.485],[3.28,44.482],[3.271,44.484],[3.266,44.491],[3.259,44.492],[3.263,44.495],[3.261,44.5],[3.254,44.494],[3.257,44.491],[3.256,44.485],[3.248,44.491],[3.241,44.49],[3.238,44.487],[3.23,44.492],[3.228,44.489],[3.231,44.483],[3.229,44.48],[3.219,44.479],[3.215,44.475],[3.208,44.477],[3.207,44.48],[3.204,44.479],[3.201,44.474],[3.204,44.471],[3.199,44.464],[3.202,44.457],[3.193,44.454],[3.199,44.444],[3.194,44.438],[3.175,44.437],[3.17,44.435],[3.159,44.441],[3.154,44.441]]}},{"type":"Feature","properties":{"nom":"Le Dourdou du confluent du Nuéjouls au confluent du Tarn","code":"FR137","longueurKm":60.35878726207,"strahler":5.0},"geometry":{"type":"LineString","coordinates":[[2.938,43.802],[2.926,43.801],[2.919,43.805],[2.903,43.802],[2.905,43.811],[2.891,43.806],[2.888,43.813],[2.879,43.816],[2.88,43.825],[2.877,43.828],[2.876,43.835],[2.868,43.835],[2.861,43.841],[2.848,43.837],[2.845,43.843],[2.84,43.845],[2.832,43.854],[2.831,43.856],[2.839,43.867],[2.835,43.871],[2.828,43.87],[2.826,43.872],[2.831,43.877],[2.838,43.88],[2.839,43.883],[2.834,43.889],[2.825,43.884],[2.815,43.892],[2.825,43.9],[2.823,43.91],[2.827,43.913],[2.83,43.919],[2.823,43.927],[2.826,43.929],[2.836,43.931],[2.827,43.943],[2.839,43.948],[2.84,43.952],[2.837,43.956],[2.815,43.961],[2.8,43.958],[2.791,43.967],[2.794,43.972],[2.792,43.978],[2.785,43.981],[2.78,43.975],[2.785,43.962],[2.78,43.959],[2.767,43.958],[2.767,43.954],[2.772,43.948],[2.762,43.944],[2.755,43.95],[2.756,43.955],[2.753,43.958],[2.748,43.957],[2.743,43.953],[2.731,43.961],[2.733,43.965],[2.74,43.969],[2.739,43.973],[2.735,43.974],[2.729,43.97],[2.717,43.969],[2.719,43.973],[2.727,43.977],[2.724,43.982],[2.715,43.983],[2.707,43.981],[2.697,43.988],[2.701,43.992],[2.691,43.992],[2.684,43.997]]}},{"type":"Feature","properties":{"nom":"L'Agout du confluent de la Durenque au confluent du Tarn","code":"FR152A","longueurKm":81.0355832169,"strahler":5.0},"geometry":{"type":"LineString","coordinates":[[2.242,43.601],[2.239,43.593],[2.231,43.588],[2.227,43.588],[2.226,43.593],[2.221,43.593],[2.217,43.586],[2.218,43.581],[2.209,43.583],[2.208,43.588],[2.203,43.59],[2.187,43.586],[2.184,43.583],[2.176,43.595],[2.18,43.604],[2.172,43.607],[2.169,43.603],[2.162,43.602],[2.156,43.595],[2.152,43.594],[2.141,43.593],[2.131,43.596],[2.126,43.604],[2.133,43.613],[2.132,43.615],[2.121,43.618],[2.108,43.612],[2.098,43.618],[2.075,43.621],[2.043,43.643],[2.028,43.647],[2.028,43.658],[2.02,43.656],[2.018,43.648],[2.006,43.648],[2.0,43.651],[1.988,43.646],[1.985,43.649],[1.979,43.648],[1.963,43.653],[1.957,43.66],[1.941,43.664],[1.932,43.672],[1.932,43.681],[1.921,43.69],[1.904,43.691],[1.878,43.68],[1.871,43.696],[1.866,43.699],[1.863,43.694],[1.853,43.689],[1.824,43.695],[1.824,43.702],[1.828,43.708],[1.847,43.711],[1.848,43.716],[1.844,43.722],[1.813,43.724],[1.81,43.718],[1.813,43.711],[1.807,43.712],[1.792,43.708],[1.788,43.713],[1.788,43.723],[1.797,43.732],[1.78,43.743],[1.765,43.75],[1.764,43.754],[1.772,43.76],[1.771,43.764],[1.74,43.771],[1.711,43.771],[1.7,43.776],[1.684,43.778],[1.683,43.785]]}},{"type":"Feature","properties":{"nom":"L'Hers Mort du confluent du Marès au confluent de la Garonne","code":"FR164","longueurKm":54.52380040425,"strahler":5.0},"geometry":{"type":"LineString","coordinates":[[1.686,43.417],[1.682,43.42],[1.635,43.435],[1.603,43.457],[1.562,43.474],[1.55,43.49],[1.542,43.508],[1.497,43.551],[1.494,43.563],[1.499,43.581],[1.493,43.598],[1.486,43.605],[1.477,43.642],[1.468,43.647],[1.467,43.658],[1.441,43.669],[1.438,43.677],[1.425,43.687],[1.426,43.692],[1.411,43.704],[1.41,43.716],[1.405,43.718],[1.403,43.728],[1.387,43.735],[1.387,43.741],[1.379,43.755],[1.361,43.765],[1.33,43.776],[1.326,43.774]]}},{"type":"Feature","properties":{"nom":"L'Hers vif du confluent de la Vixiège au confluent de l'Ariège","code":"FR165","longueurKm":26.037595454,"strahler":5.0},"geometry":{"type":"LineString","coordinates":[[1.747,43.206],[1.746,43.214],[1.741,43.212],[1.738,43.214],[1.735,43.219],[1.726,43.222],[1.724,43.226],[1.718,43.229],[1.716,43.236],[1.703,43.24],[1.707,43.245],[1.7,43.245],[1.694,43.249],[1.686,43.247],[1.684,43.251],[1.665,43.265],[1.666,43.269],[1.662,43.273],[1.657,43.272],[1.649,43.278],[1.644,43.277],[1.645,43.283],[1.639,43.282],[1.636,43.286],[1.622,43.291],[1.615,43.29],[1.614,43.295],[1.609,43.293],[1.602,43.294],[1.598,43.291],[1.59,43.293],[1.587,43.296],[1.589,43.3],[1.587,43.302],[1.559,43.309],[1.552,43.306]]}},{"type":"Feature","properties":{"nom":"L'Ariège du confluent du Vernajoul (Fajal) au confluent de l'Hers vif","code":"FR170","longueurKm":49.51393172993,"strahler":5.0},"geometry":{"type":"LineString","coordinates":[[1.613,43.001],[1.613,43.01],[1.609,43.012],[1.609,43.017],[1.612,43.022],[1.606,43.025],[1.608,43.029],[1.604,43.032],[1.608,43.035],[1.62,43.038],[1.623,43.045],[1.639,43.052],[1.634,43.054],[1.625,43.054],[1.625,43.063],[1.616,43.066],[1.622,43.07],[1.62,43.085],[1.607,43.085],[1.616,43.096],[1.612,43.101],[1.617,43.107],[1.609,43.105],[1.604,43.107],[1.605,43.113],[1.596,43.12],[1.607,43.127],[1.602,43.133],[1.597,43.133],[1.599,43.139],[1.591,43.145],[1.594,43.149],[1.587,43.156],[1.587,43.164],[1.597,43.162],[1.595,43.168],[1.591,43.169],[1.6,43.178],[1.597,43.181],[1.6,43.185],[1.599,43.193],[1.603,43.203],[1.597,43.208],[1.599,43.218],[1.593,43.223],[1.589,43.221],[1.586,43.225],[1.577,43.233],[1.582,43.248],[1.577,43.249],[1.57,43.256],[1.574,43.265],[1.567,43.27],[1.572,43.277],[1.562,43.283],[1.565,43.292],[1.557,43.296],[1.557,43.3],[1.552,43.306]]}},{"type":"Feature","properties":{"nom":"La Garonne du confluent du rieu argellé (inclus) au confluent de la Neste","code":"FR178","longueurKm":38.52803612804,"strahler":5.0},"geometry":{"type":"LineString","coordinates":[[0.736,42.849],[0.736,42.856],[0.746,42.859],[0.749,42.865],[0.736,42.87],[0.733,42.874],[0.716,42.883],[0.715,42.886],[0.709,42.888],[0.705,42.892],[0.707,42.896],[0.693,42.907],[0.691,42.91],[0.693,42.914],[0.688,42.918],[0.688,42.921],[0.679,42.921],[0.675,42.926],[0.652,42.926],[0.641,42.951],[0.646,42.961],[0.634,42.97],[0.627,42.99],[0.63,42.995],[0.624,43.004],[0.619,43.006],[0.616,43.013],[0.619,43.019],[0.611,43.026],[0.608,43.034],[0.59,43.036],[0.581,43.034],[0.576,43.037],[0.565,43.038],[0.564,43.045],[0.56,43.048],[0.562,43.06],[0.553,43.066],[0.559,43.067],[0.566,43.075]]}},{"type":"Feature","properties":{"nom":"Le Lez du confluent de la Bouigane au confluent du Salat","code":"FR182","longueurKm":13.10216582225,"strahler":5.0},"geometry":{"type":"LineString","coordinates":[[1.024,42.931],[1.029,42.939],[1.043,42.949],[1.048,42.951],[1.064,42.947],[1.074,42.948],[1.083,42.953],[1.088,42.961],[1.097,42.961],[1.122,42.973],[1.122,42.977],[1.128,42.978],[1.142,42.987]]}},{"type":"Feature","properties":{"nom":"Le Salat du confluent du Lez au confluent de la Garonne","code":"FR184","longueurKm":35.71583090965,"strahler":5.0},"geometry":{"type":"LineString","coordinates":[[1.142,42.987],[1.142,42.99],[1.138,42.993],[1.131,43.006],[1.103,43.035],[1.089,43.038],[1.079,43.033],[1.066,43.037],[1.06,43.043],[1.052,43.036],[1.041,43.039],[1.034,43.038],[1.023,43.041],[1.016,43.033],[1.013,43.033],[1.008,43.037],[0.994,43.04],[0.992,43.05],[0.984,43.051],[0.985,43.068],[0.973,43.077],[0.958,43.078],[0.954,43.083],[0.954,43.085],[0.958,43.088],[0.965,43.088],[0.962,43.096],[0.966,43.114],[0.964,43.117],[0.972,43.123],[0.979,43.138],[0.979,43.146],[0.975,43.154],[0.966,43.159],[0.966,43.162]]}},{"type":"Feature","properties":{"nom":"L'Aveyron du confluent de le Vère au confluent du Tarn","code":"FR207","longueurKm":46.50207583874,"strahler":5.0},"geometry":{"type":"LineString","coordinates":[[1.669,44.057],[1.665,44.063],[1.648,44.073],[1.642,44.075],[1.616,44.073],[1.586,44.089],[1.564,44.085],[1.536,44.088],[1.525,44.078],[1.498,44.094],[1.485,44.111],[1.476,44.101],[1.467,44.098],[1.463,44.092],[1.457,44.091],[1.448,44.093],[1.447,44.103],[1.442,44.105],[1.44,44.111],[1.428,44.101],[1.415,44.1],[1.411,44.094],[1.401,44.088],[1.4,44.085],[1.39,44.078],[1.369,44.073],[1.35,44.08],[1.344,44.091],[1.34,44.092],[1.329,44.089],[1.307,44.102],[1.301,44.099],[1.303,44.091],[1.301,44.091],[1.295,44.092],[1.288,44.091],[1.274,44.099],[1.268,44.098],[1.27,44.09],[1.266,44.087]]}},{"type":"Feature","properties":{"nom":"L'Ariège du confluent de l'Hers vif au confluent de la Garonne","code":"FR188","longueurKm":34.31512916935,"strahler":6.0},"geometry":{"type":"LineString","coordinates":[[1.552,43.306],[1.538,43.312],[1.53,43.309],[1.519,43.31],[1.516,43.313],[1.516,43.324],[1.512,43.327],[1.502,43.328],[1.499,43.337],[1.496,43.338],[1.487,43.336],[1.481,43.34],[1.476,43.346],[1.473,43.363],[1.465,43.371],[1.458,43.373],[1.454,43.39],[1.44,43.395],[1.439,43.4],[1.446,43.404],[1.437,43.43],[1.438,43.436],[1.426,43.449],[1.433,43.455],[1.421,43.46],[1.419,43.475],[1.405,43.485],[1.413,43.491],[1.408,43.499],[1.396,43.506],[1.397,43.508],[1.402,43.509],[1.408,43.512],[1.41,43.519]]}},{"type":"Feature","properties":{"nom":"Le Viaur du confluent du Céor au confluent de l'Aveyron","code":"FR208","longueurKm":68.401475304,"strahler":5.0},"geometry":{"type":"LineString","coordinates":[[2.374,44.124],[2.361,44.123],[2.357,44.127],[2.351,44.126],[2.352,44.119],[2.349,44.116],[2.341,44.124],[2.338,44.12],[2.324,44.125],[2.308,44.118],[2.305,44.122],[2.297,44.124],[2.288,44.122],[2.285,44.128],[2.283,44.125],[2.278,44.124],[2.278,44.121],[2.26,44.118],[2.251,44.121],[2.254,44.123],[2.264,44.124],[2.264,44.125],[2.256,44.126],[2.254,44.131],[2.245,44.133],[2.243,44.136],[2.233,44.134],[2.231,44.137],[2.224,44.139],[2.208,44.137],[2.194,44.14],[2.189,44.137],[2.183,44.138],[2.181,44.142],[2.188,44.144],[2.192,44.149],[2.198,44.147],[2.197,44.144],[2.199,44.143],[2.213,44.146],[2.215,44.149],[2.208,44.152],[2.21,44.155],[2.204,44.153],[2.191,44.156],[2.19,44.159],[2.196,44.16],[2.198,44.162],[2.191,44.162],[2.185,44.17],[2.18,44.171],[2.183,44.175],[2.181,44.179],[2.175,44.181],[2.164,44.178],[2.155,44.18],[2.155,44.183],[2.162,44.187],[2.152,44.19],[2.153,44.197],[2.149,44.2],[2.143,44.201],[2.138,44.2],[2.134,44.201],[2.129,44.196],[2.105,44.194],[2.103,44.192],[2.107,44.181],[2.098,44.178],[2.096,44.174],[2.094,44.176],[2.098,44.182],[2.093,44.184],[2.096,44.189],[2.086,44.185],[2.08,44.18],[2.07,44.184],[2.068,44.19],[2.052,44.189],[2.052,44.184],[2.059,44.177],[2.06,44.172],[2.039,44.168],[2.028,44.168],[2.027,44.164],[2.031,44.158],[2.023,44.155],[1.986,44.149],[1.984,44.15],[1.986,44.156],[1.983,44.157],[1.98,44.147],[1.971,44.143],[1.967,44.144]]}},{"type":"Feature","properties":{"nom":"La Gimone du confluent de la Marcaoue au confluent de la Garonne","code":"FR211","longueurKm":62.70018111348,"strahler":5.0},"geometry":{"type":"LineString","coordinates":[[0.91,43.693],[0.899,43.698],[0.898,43.701],[0.899,43.705],[0.903,43.707],[0.904,43.71],[0.904,43.714],[0.898,43.717],[0.904,43.723],[0.899,43.726],[0.901,43.734],[0.898,43.736],[0.899,43.739],[0.904,43.741],[0.905,43.749],[0.899,43.754],[0.901,43.761],[0.897,43.766],[0.9,43.768],[0.895,43.769],[0.893,43.775],[0.897,43.794],[0.903,43.798],[0.9,43.801],[0.901,43.806],[0.906,43.812],[0.914,43.815],[0.914,43.82],[0.921,43.824],[0.928,43.835],[0.932,43.834],[0.943,43.844],[0.943,43.852],[0.952,43.854],[0.951,43.858],[0.96,43.862],[0.962,43.861],[0.969,43.866],[0.974,43.866],[0.977,43.87],[0.975,43.872],[0.985,43.875],[0.994,43.882],[1.008,43.883],[1.017,43.892],[1.037,43.896],[1.041,43.9],[1.039,43.901],[1.045,43.904],[1.048,43.903],[1.048,43.907],[1.051,43.907],[1.056,43.91],[1.054,43.913],[1.061,43.916],[1.062,43.919],[1.066,43.92],[1.079,43.916],[1.086,43.918],[1.082,43.928],[1.097,43.94],[1.1,43.947],[1.111,43.954],[1.116,43.965],[1.114,43.969],[1.121,43.972],[1.122,43.979],[1.119,43.979],[1.12,43.983],[1.116,43.991],[1.11,43.995],[1.113,43.999],[1.105,44.014]]}},{"type":"Feature","properties":{"nom":"Le Lot du confluent du Doulou (inclus) à la retenue de Castelnau-Lassouts","code":"FR226B","longueurKm":28.31673148868,"strahler":5.0},"geometry":{"type":"LineString","coordinates":[[3.154,44.441],[3.152,44.435],[3.143,44.436],[3.141,44.439],[3.126,44.445],[3.113,44.446],[3.111,44.451],[3.111,44.447],[3.102,44.441],[3.095,44.439],[3.087,44.443],[3.095,44.449],[3.095,44.455],[3.089,44.457],[3.091,44.461],[3.081,44.459],[3.071,44.468],[3.045,44.47],[3.04,44.469],[3.036,44.471],[3.027,44.469],[3.024,44.466],[3.019,44.476],[2.998,44.48],[2.991,44.478],[2.988,44.472],[2.978,44.47],[2.966,44.461],[2.955,44.459],[2.951,44.461],[2.951,44.465],[2.945,44.465],[2.942,44.469],[2.942,44.479]]}},{"type":"Feature","properties":{"nom":"Le Gers du confluent de l'Aulouste au confluent de la Garonne","code":"FR216","longueurKm":66.52593365957,"strahler":5.0},"geometry":{"type":"LineString","coordinates":[[0.652,43.803],[0.652,43.807],[0.668,43.814],[0.665,43.815],[0.672,43.826],[0.672,43.831],[0.677,43.84],[0.671,43.842],[0.671,43.854],[0.667,43.855],[0.664,43.864],[0.668,43.866],[0.667,43.87],[0.66,43.872],[0.664,43.875],[0.664,43.879],[0.661,43.878],[0.664,43.885],[0.661,43.885],[0.652,43.892],[0.648,43.892],[0.646,43.894],[0.649,43.899],[0.641,43.902],[0.643,43.906],[0.64,43.908],[0.638,43.907],[0.637,43.91],[0.635,43.909],[0.634,43.913],[0.624,43.922],[0.62,43.921],[0.612,43.926],[0.607,43.95],[0.604,43.952],[0.607,43.954],[0.604,43.956],[0.605,43.959],[0.596,43.963],[0.594,43.966],[0.598,43.966],[0.598,43.969],[0.592,43.972],[0.593,43.976],[0.59,43.977],[0.593,43.978],[0.591,43.98],[0.596,43.982],[0.595,43.986],[0.592,43.989],[0.59,43.989],[0.589,43.994],[0.585,43.995],[0.583,43.999],[0.587,44.008],[0.589,44.007],[0.592,44.009],[0.591,44.012],[0.595,44.014],[0.593,44.017],[0.597,44.019],[0.602,44.018],[0.601,44.02],[0.606,44.022],[0.605,44.024],[0.608,44.024],[0.61,44.029],[0.604,44.033],[0.606,44.035],[0.613,44.037],[0.622,44.035],[0.623,44.04],[0.629,44.042],[0.629,44.048],[0.642,44.051],[0.642,44.055],[0.638,44.058],[0.641,44.067],[0.649,44.066],[0.654,44.07],[0.654,44.075],[0.666,44.078],[0.665,44.083],[0.661,44.084],[0.662,44.085],[0.658,44.088],[0.656,44.095],[0.66,44.094],[0.661,44.097],[0.664,44.098],[0.665,44.106],[0.668,44.108],[0.663,44.109],[0.672,44.113],[0.67,44.116],[0.673,44.12],[0.666,44.128],[0.668,44.13],[0.666,44.136],[0.66,44.138],[0.655,44.144],[0.647,44.145]]}},{"type":"Feature","properties":{"nom":"La Gélise du barrage de Candau au confluent de la Baïse","code":"FR221","longueurKm":86.29835100229,"strahler":5.0},"geometry":{"type":"LineString","coordinates":[[0.179,43.729],[0.183,43.736],[0.175,43.739],[0.161,43.759],[0.164,43.767],[0.17,43.772],[0.168,43.775],[0.16,43.778],[0.164,43.78],[0.164,43.783],[0.161,43.784],[0.162,43.788],[0.158,43.79],[0.157,43.795],[0.161,43.799],[0.159,43.803],[0.163,43.805],[0.155,43.811],[0.153,43.82],[0.148,43.823],[0.149,43.826],[0.14,43.829],[0.139,43.835],[0.133,43.837],[0.132,43.842],[0.123,43.853],[0.127,43.855],[0.125,43.86],[0.12,43.86],[0.111,43.871],[0.107,43.87],[0.103,43.875],[0.104,43.88],[0.101,43.882],[0.097,43.881],[0.095,43.885],[0.089,43.886],[0.084,43.898],[0.07,43.906],[0.072,43.914],[0.076,43.916],[0.072,43.921],[0.069,43.938],[0.063,43.941],[0.064,43.945],[0.061,43.949],[0.059,43.951],[0.057,43.949],[0.055,43.96],[0.061,43.962],[0.061,43.965],[0.069,43.965],[0.066,43.973],[0.076,43.979],[0.073,43.981],[0.074,43.982],[0.08,43.981],[0.088,43.986],[0.105,43.984],[0.117,43.988],[0.12,43.996],[0.127,43.996],[0.126,44.001],[0.132,44.009],[0.126,44.012],[0.123,44.016],[0.127,44.02],[0.132,44.021],[0.132,44.029],[0.137,44.029],[0.131,44.034],[0.13,44.038],[0.144,44.04],[0.179,44.035],[0.219,44.047],[0.226,44.045],[0.234,44.046],[0.239,44.054],[0.247,44.057],[0.247,44.065],[0.239,44.074],[0.249,44.076],[0.25,44.081],[0.254,44.082],[0.259,44.092],[0.262,44.093],[0.263,44.102],[0.26,44.107],[0.273,44.111],[0.276,44.119],[0.28,44.121],[0.281,44.125],[0.286,44.127],[0.294,44.14],[0.3,44.144],[0.299,44.151],[0.288,44.162],[0.29,44.168],[0.287,44.174],[0.289,44.18]]}},{"type":"Feature","properties":{"nom":"La Baïse du confluent de l'Auloue au confluent de la Gélise","code":"FR223","longueurKm":45.54295936966,"strahler":5.0},"geometry":{"type":"LineString","coordinates":[[0.376,43.886],[0.374,43.899],[0.369,43.906],[0.37,43.914],[0.364,43.915],[0.367,43.924],[0.365,43.928],[0.368,43.929],[0.363,43.939],[0.364,43.946],[0.368,43.945],[0.365,43.954],[0.368,43.956],[0.368,43.961],[0.373,43.966],[0.368,43.977],[0.374,43.981],[0.367,43.985],[0.366,43.992],[0.362,43.993],[0.357,44.006],[0.353,44.008],[0.355,44.011],[0.353,44.015],[0.357,44.016],[0.358,44.021],[0.365,44.023],[0.369,44.028],[0.368,44.036],[0.372,44.045],[0.374,44.045],[0.378,44.048],[0.375,44.058],[0.379,44.062],[0.376,44.064],[0.38,44.067],[0.381,44.071],[0.376,44.073],[0.374,44.08],[0.371,44.081],[0.376,44.082],[0.369,44.084],[0.372,44.087],[0.367,44.087],[0.37,44.099],[0.359,44.105],[0.359,44.106],[0.366,44.107],[0.367,44.111],[0.351,44.113],[0.349,44.119],[0.343,44.122],[0.342,44.138],[0.336,44.144],[0.336,44.147],[0.31,44.162],[0.309,44.167],[0.292,44.174],[0.289,44.18]]}},{"type":"Feature","properties":{"nom":"La Baïse du confluent de la Gélise au confluent de la Garonne","code":"FR224","longueurKm":18.1978698207,"strahler":6.0},"geometry":{"type":"LineString","coordinates":[[0.289,44.18],[0.301,44.183],[0.3,44.189],[0.303,44.192],[0.325,44.196],[0.338,44.213],[0.337,44.224],[0.328,44.233],[0.332,44.237],[0.326,44.239],[0.325,44.251],[0.31,44.256],[0.303,44.262],[0.304,44.265],[0.311,44.27],[0.315,44.275],[0.311,44.281],[0.322,44.28],[0.321,44.287]]}},{"type":"Feature","properties":{"nom":"Le Lot du confluent de la Lémance au confluent de la Garonne","code":"FR225","longueurKm":74.84802354204,"strahler":6.0},"geometry":{"type":"LineString","coordinates":[[0.948,44.481],[0.936,44.474],[0.913,44.47],[0.907,44.466],[0.9,44.456],[0.902,44.442],[0.9,44.438],[0.889,44.433],[0.863,44.431],[0.852,44.426],[0.838,44.417],[0.833,44.406],[0.819,44.396],[0.8,44.395],[0.784,44.391],[0.779,44.392],[0.767,44.402],[0.756,44.404],[0.725,44.404],[0.712,44.401],[0.699,44.412],[0.699,44.427],[0.697,44.429],[0.679,44.429],[0.655,44.418],[0.642,44.423],[0.617,44.443],[0.612,44.444],[0.605,44.44],[0.591,44.441],[0.584,44.431],[0.587,44.403],[0.573,44.396],[0.569,44.392],[0.559,44.392],[0.548,44.399],[0.538,44.393],[0.529,44.384],[0.517,44.381],[0.503,44.387],[0.493,44.396],[0.486,44.389],[0.483,44.38],[0.477,44.376],[0.46,44.379],[0.45,44.383],[0.43,44.365],[0.416,44.358],[0.406,44.359],[0.394,44.356],[0.381,44.358],[0.376,44.356],[0.368,44.344],[0.352,44.33],[0.361,44.319],[0.36,44.314],[0.355,44.309],[0.343,44.306],[0.338,44.306],[0.335,44.31],[0.334,44.319]]}},{"type":"Feature","properties":{"nom":"Le Lot du barrage de Castelnau-Lassouts à la retenue de Golinhac","code":"FR226A","longueurKm":22.31653561602,"strahler":5.0},"geometry":{"type":"LineString","coordinates":[[2.874,44.506],[2.87,44.503],[2.864,44.509],[2.85,44.508],[2.851,44.515],[2.839,44.513],[2.829,44.508],[2.811,44.513],[2.807,44.508],[2.802,44.507],[2.795,44.514],[2.772,44.523],[2.765,44.522],[2.756,44.528],[2.745,44.527],[2.737,44.531],[2.73,44.531],[2.727,44.536],[2.718,44.543],[2.683,44.545],[2.688,44.55],[2.68,44.549],[2.674,44.553]]}},{"type":"Feature","properties":{"nom":"L'Arros du confluent du Lurus au confluent de l'Adour","code":"FR235A","longueurKm":57.79076130209,"strahler":5.0},"geometry":{"type":"LineString","coordinates":[[0.201,43.396],[0.184,43.413],[0.186,43.418],[0.19,43.421],[0.182,43.422],[0.18,43.42],[0.181,43.427],[0.176,43.428],[0.175,43.44],[0.168,43.439],[0.169,43.444],[0.162,43.448],[0.163,43.453],[0.16,43.452],[0.16,43.455],[0.155,43.457],[0.157,43.462],[0.152,43.462],[0.148,43.469],[0.151,43.472],[0.147,43.471],[0.143,43.474],[0.144,43.476],[0.141,43.477],[0.139,43.481],[0.143,43.482],[0.139,43.484],[0.141,43.492],[0.134,43.495],[0.135,43.5],[0.132,43.502],[0.134,43.505],[0.13,43.511],[0.124,43.51],[0.12,43.513],[0.121,43.516],[0.112,43.523],[0.111,43.531],[0.113,43.532],[0.111,43.535],[0.114,43.537],[0.108,43.543],[0.106,43.542],[0.109,43.544],[0.107,43.547],[0.11,43.546],[0.104,43.552],[0.106,43.557],[0.098,43.559],[0.101,43.563],[0.096,43.564],[0.097,43.568],[0.091,43.57],[0.093,43.573],[0.09,43.574],[0.089,43.572],[0.089,43.575],[0.083,43.576],[0.083,43.579],[0.087,43.579],[0.079,43.58],[0.082,43.584],[0.071,43.586],[0.067,43.591],[0.065,43.589],[0.065,43.592],[0.063,43.591],[0.054,43.594],[0.057,43.596],[0.056,43.599],[0.062,43.599],[0.063,43.603],[0.057,43.603],[0.056,43.607],[0.048,43.608],[0.049,43.614],[0.042,43.615],[0.043,43.625],[0.032,43.632],[0.034,43.635],[0.023,43.638],[0.02,43.642],[0.011,43.647],[0.005,43.645],[0.004,43.649],[-0.001,43.649],[0.003,43.652],[-0.005,43.653],[-0.013,43.657],[-0.012,43.659],[-0.024,43.659],[-0.028,43.662]]}},{"type":"Feature","properties":{"nom":"Le Gave de Pau du confluent du Gave de Cauterets au confluent du Nès","code":"FR247B","longueurKm":14.64212735682,"strahler":5.0},"geometry":{"type":"LineString","coordinates":[[-0.064,42.962],[-0.063,42.967],[-0.075,42.984],[-0.086,43.016],[-0.082,43.024],[-0.077,43.028],[-0.069,43.028],[-0.063,43.031],[-0.062,43.043],[-0.042,43.059],[-0.041,43.069]]}},{"type":"Feature","properties":{"nom":"Le Gave de Pau du confluent du Nès au lieu-dit Grottes de Bétharram","code":"FR247A","longueurKm":18.134765524,"strahler":5.0},"geometry":{"type":"LineString","coordinates":[[-0.041,43.069],[-0.042,43.081],[-0.05,43.081],[-0.05,43.088],[-0.056,43.091],[-0.051,43.099],[-0.061,43.098],[-0.07,43.1],[-0.076,43.098],[-0.114,43.103],[-0.13,43.099],[-0.14,43.103],[-0.15,43.098],[-0.156,43.1],[-0.162,43.099],[-0.165,43.102],[-0.174,43.099],[-0.175,43.103],[-0.18,43.105],[-0.191,43.105]]}},{"type":"Feature","properties":{"nom":"Le Saison du confluent du Gave au confluent de l'Arangorena","code":"FR262","longueurKm":21.48398136702,"strahler":5.0},"geometry":{"type":"LineString","coordinates":[[-0.886,43.048],[-0.878,43.059],[-0.879,43.063],[-0.876,43.065],[-0.876,43.075],[-0.873,43.077],[-0.871,43.089],[-0.863,43.098],[-0.861,43.111],[-0.871,43.122],[-0.879,43.121],[-0.882,43.126],[-0.88,43.131],[-0.882,43.137],[-0.887,43.138],[-0.89,43.145],[-0.9,43.151],[-0.902,43.157],[-0.896,43.163],[-0.895,43.167],[-0.899,43.172],[-0.904,43.175],[-0.903,43.178],[-0.907,43.181],[-0.907,43.183],[-0.913,43.186],[-0.915,43.193],[-0.912,43.201]]}},{"type":"Feature","properties":{"nom":"Le Saison du confluent de l'Arangorena au confluent du Gave d'Oloron","code":"FR263","longueurKm":35.05305833996,"strahler":5.0},"geometry":{"type":"LineString","coordinates":[[-0.912,43.201],[-0.898,43.208],[-0.894,43.215],[-0.887,43.224],[-0.879,43.227],[-0.873,43.235],[-0.875,43.251],[-0.873,43.257],[-0.877,43.26],[-0.872,43.274],[-0.877,43.282],[-0.872,43.285],[-0.877,43.29],[-0.872,43.293],[-0.874,43.296],[-0.866,43.306],[-0.868,43.308],[-0.872,43.307],[-0.875,43.309],[-0.871,43.318],[-0.874,43.32],[-0.875,43.329],[-0.87,43.337],[-0.884,43.339],[-0.883,43.344],[-0.892,43.346],[-0.89,43.349],[-0.899,43.352],[-0.898,43.356],[-0.907,43.358],[-0.91,43.364],[-0.918,43.362],[-0.92,43.366],[-0.928,43.365],[-0.93,43.372],[-0.937,43.367],[-0.941,43.368],[-0.947,43.381],[-0.954,43.379],[-0.956,43.38],[-0.957,43.386],[-0.967,43.391],[-0.974,43.403]]}},{"type":"Feature","properties":{"nom":"Le Gave d'Oloron du confluent du Gave d'Aspe au confluent du Saison","code":"FR264","longueurKm":49.59591571151,"strahler":5.0},"geometry":{"type":"LineString","coordinates":[[-0.608,43.195],[-0.607,43.197],[-0.609,43.2],[-0.616,43.2],[-0.628,43.211],[-0.638,43.209],[-0.654,43.221],[-0.654,43.23],[-0.679,43.243],[-0.676,43.254],[-0.682,43.269],[-0.691,43.264],[-0.698,43.269],[-0.71,43.272],[-0.72,43.268],[-0.723,43.27],[-0.722,43.277],[-0.748,43.285],[-0.748,43.295],[-0.744,43.3],[-0.754,43.304],[-0.751,43.309],[-0.756,43.311],[-0.762,43.31],[-0.758,43.316],[-0.763,43.32],[-0.769,43.33],[-0.775,43.332],[-0.773,43.337],[-0.78,43.343],[-0.782,43.348],[-0.789,43.349],[-0.795,43.358],[-0.811,43.365],[-0.816,43.366],[-0.819,43.364],[-0.827,43.365],[-0.836,43.372],[-0.843,43.373],[-0.85,43.377],[-0.862,43.375],[-0.871,43.377],[-0.887,43.389],[-0.908,43.387],[-0.909,43.391],[-0.915,43.394],[-0.917,43.392],[-0.933,43.39],[-0.939,43.395],[-0.951,43.394],[-0.974,43.403]]}},{"type":"Feature","properties":{"nom":"Le Saison de sa source au confluent du Gave","code":"FR261","longueurKm":15.69102107112,"strahler":5.0},"geometry":{"type":"LineString","coordinates":[[-1.025,43.044],[-1.011,43.043],[-1.005,43.047],[-0.995,43.045],[-0.988,43.043],[-0.983,43.032],[-0.971,43.024],[-0.941,43.022],[-0.927,43.018],[-0.923,43.022],[-0.925,43.026],[-0.904,43.036],[-0.886,43.048]]}},{"type":"Feature","properties":{"nom":"La Garonne du confluent de la Neste au confluent du Salat","code":"FR251","longueurKm":48.4640130088,"strahler":5.0},"geometry":{"type":"LineString","coordinates":[[0.566,43.075],[0.569,43.082],[0.573,43.083],[0.589,43.078],[0.603,43.082],[0.604,43.086],[0.599,43.09],[0.602,43.098],[0.611,43.094],[0.616,43.089],[0.625,43.092],[0.632,43.104],[0.64,43.103],[0.646,43.107],[0.652,43.108],[0.657,43.113],[0.661,43.112],[0.66,43.108],[0.663,43.106],[0.675,43.106],[0.677,43.101],[0.691,43.102],[0.732,43.09],[0.742,43.094],[0.75,43.106],[0.766,43.103],[0.773,43.105],[0.779,43.1],[0.79,43.098],[0.801,43.104],[0.81,43.097],[0.816,43.101],[0.829,43.093],[0.835,43.097],[0.841,43.094],[0.849,43.1],[0.9,43.102],[0.919,43.114],[0.929,43.125],[0.921,43.134],[0.922,43.141],[0.942,43.144],[0.949,43.151],[0.953,43.151],[0.959,43.159],[0.966,43.162]]}},{"type":"Feature","properties":{"nom":"La Garonne du confluent de l'Arize au confluent de l'Ariège","code":"FR252A","longueurKm":36.19850092032,"strahler":6.0},"geometry":{"type":"LineString","coordinates":[[1.227,43.289],[1.229,43.286],[1.233,43.288],[1.232,43.293],[1.227,43.297],[1.236,43.3],[1.234,43.309],[1.242,43.314],[1.247,43.322],[1.254,43.325],[1.253,43.336],[1.277,43.345],[1.28,43.348],[1.28,43.357],[1.29,43.36],[1.287,43.373],[1.3,43.381],[1.297,43.394],[1.299,43.397],[1.307,43.398],[1.308,43.413],[1.326,43.435],[1.327,43.444],[1.325,43.456],[1.344,43.466],[1.341,43.472],[1.347,43.479],[1.343,43.487],[1.366,43.503],[1.41,43.519]]}},{"type":"Feature","properties":{"nom":"La Garonne du confluent du Salat au confluent de l'Arize","code":"FR252B","longueurKm":31.5412327916,"strahler":6.0},"geometry":{"type":"LineString","coordinates":[[0.966,43.162],[0.979,43.181],[0.99,43.181],[0.995,43.186],[1.015,43.188],[1.026,43.193],[1.037,43.191],[1.039,43.195],[1.061,43.197],[1.071,43.202],[1.084,43.2],[1.089,43.206],[1.1,43.204],[1.114,43.207],[1.121,43.218],[1.135,43.222],[1.137,43.231],[1.155,43.233],[1.153,43.241],[1.168,43.248],[1.164,43.259],[1.173,43.265],[1.177,43.271],[1.187,43.274],[1.186,43.28],[1.199,43.28],[1.205,43.283],[1.21,43.29],[1.223,43.29],[1.227,43.289]]}},{"type":"Feature","properties":{"nom":"La Nive du confluent de la Nive des Aldudes au confluent du Latsa","code":"FR271B","longueurKm":31.40128914852,"strahler":5.0},"geometry":{"type":"LineString","coordinates":[[-1.302,43.227],[-1.3,43.237],[-1.306,43.243],[-1.31,43.242],[-1.318,43.247],[-1.322,43.254],[-1.32,43.256],[-1.321,43.26],[-1.331,43.266],[-1.339,43.265],[-1.345,43.268],[-1.355,43.28],[-1.352,43.287],[-1.354,43.292],[-1.351,43.296],[-1.352,43.303],[-1.355,43.304],[-1.363,43.3],[-1.366,43.309],[-1.387,43.308],[-1.39,43.312],[-1.398,43.312],[-1.404,43.317],[-1.402,43.323],[-1.391,43.326],[-1.393,43.332],[-1.389,43.344],[-1.381,43.35],[-1.387,43.355],[-1.393,43.357],[-1.389,43.361],[-1.403,43.364],[-1.411,43.373],[-1.424,43.369],[-1.435,43.38],[-1.435,43.385],[-1.449,43.389]]}},{"type":"Feature","properties":{"nom":"La Nive du confluent de la Nive d'Arnéguy au confluent de la Nive des Aldudes","code":"FR271C","longueurKm":9.88880274694,"strahler":5.0},"geometry":{"type":"LineString","coordinates":[[-1.248,43.171],[-1.259,43.178],[-1.257,43.185],[-1.252,43.188],[-1.26,43.203],[-1.274,43.205],[-1.281,43.212],[-1.293,43.214],[-1.297,43.224],[-1.302,43.226],[-1.302,43.227]]}},{"type":"Feature","properties":{"nom":"La Nive de Béherobie de sa source au confluent de la Nive d'Arnéguy","code":"FR269","longueurKm":21.747552115,"strahler":5.0},"geometry":{"type":"LineString","coordinates":[[-1.181,43.025],[-1.181,43.035],[-1.186,43.044],[-1.199,43.055],[-1.196,43.058],[-1.195,43.071],[-1.192,43.074],[-1.189,43.073],[-1.199,43.095],[-1.197,43.105],[-1.217,43.119],[-1.214,43.126],[-1.231,43.148],[-1.23,43.155],[-1.248,43.171]]}},{"type":"Feature","properties":{"nom":"La Nive du confluent du Latsa au confluent de l'Adour","code":"FR271A","longueurKm":16.20771182148,"strahler":5.0},"geometry":{"type":"LineString","coordinates":[[-1.449,43.389],[-1.45,43.401],[-1.452,43.401],[-1.454,43.398],[-1.462,43.411],[-1.455,43.42],[-1.461,43.43],[-1.458,43.434],[-1.463,43.438],[-1.474,43.438],[-1.473,43.449],[-1.477,43.453],[-1.481,43.454],[-1.486,43.458],[-1.481,43.462],[-1.484,43.472],[-1.47,43.481],[-1.475,43.487],[-1.474,43.494]]}},{"type":"Feature","properties":{"nom":"Le Gave d'Oloron du confluent du Saison au confluent du Gave de Pau","code":"FR276","longueurKm":27.16331845759,"strahler":6.0},"geometry":{"type":"LineString","coordinates":[[-0.974,43.403],[-0.984,43.416],[-0.979,43.421],[-0.983,43.425],[-0.99,43.425],[-0.991,43.429],[-0.988,43.433],[-0.996,43.436],[-0.99,43.443],[-0.989,43.448],[-0.993,43.451],[-1.0,43.451],[-1.003,43.453],[-1.0,43.464],[-0.989,43.466],[-0.988,43.47],[-0.992,43.472],[-1.004,43.472],[-1.01,43.477],[-1.023,43.477],[-1.024,43.482],[-1.031,43.489],[-1.025,43.491],[-1.019,43.499],[-1.031,43.51],[-1.045,43.509],[-1.044,43.514],[-1.047,43.518],[-1.039,43.519],[-1.055,43.528],[-1.091,43.54]]}},{"type":"Feature","properties":{"nom":"Le Gave de Pau du confluent du Clamondé (inclus) au confluent du Gave d'Oloron","code":"FR277A","longueurKm":38.42109549557,"strahler":5.0},"geometry":{"type":"LineString","coordinates":[[-0.728,43.47],[-0.736,43.475],[-0.751,43.474],[-0.76,43.483],[-0.77,43.483],[-0.788,43.489],[-0.803,43.487],[-0.812,43.482],[-0.818,43.482],[-0.825,43.487],[-0.825,43.496],[-0.839,43.509],[-0.852,43.51],[-0.857,43.505],[-0.87,43.503],[-0.886,43.51],[-0.883,43.516],[-0.886,43.519],[-0.899,43.515],[-0.905,43.52],[-0.912,43.514],[-0.913,43.52],[-0.922,43.524],[-0.94,43.536],[-0.945,43.536],[-0.947,43.533],[-0.954,43.532],[-0.99,43.543],[-0.995,43.537],[-1.017,43.539],[-1.029,43.537],[-1.032,43.539],[-1.046,43.541],[-1.056,43.546],[-1.063,43.545],[-1.072,43.539],[-1.085,43.541],[-1.091,43.54]]}},{"type":"Feature","properties":{"nom":"Le Gave de Pau du confluent du bras du Gave au confluent du Clamondé","code":"FR277B","longueurKm":20.07755703647,"strahler":5.0},"geometry":{"type":"LineString","coordinates":[[-0.586,43.385],[-0.594,43.39],[-0.592,43.395],[-0.599,43.395],[-0.615,43.408],[-0.623,43.405],[-0.627,43.399],[-0.645,43.399],[-0.654,43.406],[-0.653,43.411],[-0.662,43.411],[-0.676,43.419],[-0.679,43.428],[-0.687,43.433],[-0.682,43.449],[-0.699,43.459],[-0.711,43.462],[-0.719,43.46],[-0.728,43.47]]}},{"type":"Feature","properties":{"nom":"Le Gave de Pau du confluent de l'Ousse au confluent du bras du Gave (inclus)","code":"FR277C","longueurKm":23.08067541797,"strahler":5.0},"geometry":{"type":"LineString","coordinates":[[-0.373,43.291],[-0.385,43.295],[-0.392,43.293],[-0.4,43.295],[-0.408,43.293],[-0.413,43.295],[-0.415,43.3],[-0.444,43.308],[-0.449,43.311],[-0.45,43.318],[-0.454,43.319],[-0.457,43.326],[-0.465,43.331],[-0.474,43.33],[-0.49,43.335],[-0.503,43.342],[-0.505,43.35],[-0.527,43.364],[-0.538,43.367],[-0.539,43.37],[-0.545,43.37],[-0.548,43.374],[-0.56,43.378],[-0.575,43.379],[-0.585,43.382],[-0.586,43.385]]}},{"type":"Feature","properties":{"nom":"La Leyre du confluent de la petite Leyre au confluent du lacanau (océan)","code":"FR286","longueurKm":51.02836989223,"strahler":5.0},"geometry":{"type":"LineString","coordinates":[[-0.757,44.372],[-0.757,44.373],[-0.767,44.376],[-0.766,44.38],[-0.77,44.388],[-0.775,44.389],[-0.781,44.407],[-0.786,44.41],[-0.785,44.418],[-0.782,44.418],[-0.783,44.421],[-0.78,44.422],[-0.784,44.423],[-0.777,44.425],[-0.78,44.428],[-0.778,44.433],[-0.781,44.435],[-0.777,44.437],[-0.782,44.444],[-0.779,44.446],[-0.784,44.447],[-0.782,44.451],[-0.784,44.455],[-0.78,44.456],[-0.779,44.459],[-0.789,44.466],[-0.788,44.469],[-0.794,44.472],[-0.795,44.478],[-0.803,44.48],[-0.803,44.482],[-0.799,44.484],[-0.8,44.489],[-0.806,44.492],[-0.805,44.497],[-0.816,44.502],[-0.813,44.508],[-0.823,44.509],[-0.825,44.507],[-0.831,44.514],[-0.844,44.515],[-0.843,44.518],[-0.846,44.519],[-0.847,44.523],[-0.853,44.524],[-0.852,44.527],[-0.856,44.528],[-0.854,44.533],[-0.865,44.537],[-0.873,44.549],[-0.892,44.553],[-0.898,44.562],[-0.895,44.565],[-0.904,44.569],[-0.916,44.583],[-0.925,44.587],[-0.929,44.595],[-0.936,44.594],[-0.94,44.603],[-0.948,44.605],[-0.954,44.611],[-0.975,44.618],[-0.98,44.622],[-0.986,44.62],[-0.993,44.623],[-0.999,44.635],[-1.002,44.637],[-1.004,44.636],[-1.001,44.646],[-1.005,44.648]]}},{"type":"Feature","properties":{"nom":"La Garonne du confluent du Gers au confluent du Lot","code":"FR300A","longueurKm":41.1320450842,"strahler":7.0},"geometry":{"type":"LineString","coordinates":[[0.647,44.145],[0.618,44.166],[0.61,44.199],[0.604,44.212],[0.598,44.216],[0.56,44.22],[0.539,44.215],[0.522,44.215],[0.488,44.239],[0.468,44.236],[0.454,44.239],[0.432,44.234],[0.419,44.237],[0.4,44.249],[0.388,44.248],[0.366,44.24],[0.343,44.244],[0.338,44.25],[0.334,44.273],[0.32,44.291],[0.321,44.298],[0.334,44.319]]}},{"type":"Feature","properties":{"nom":"La Garonne du confluent de la Barguelonne au confluent du Gers","code":"FR300B","longueurKm":17.41748701794,"strahler":7.0},"geometry":{"type":"LineString","coordinates":[[0.832,44.119],[0.826,44.122],[0.806,44.125],[0.797,44.131],[0.787,44.143],[0.763,44.14],[0.732,44.153],[0.713,44.157],[0.672,44.162],[0.647,44.145]]}},{"type":"Feature","properties":{"nom":"La Garonne du confluent du Tarn au confluent de la Barguelonne","code":"FR300C","longueurKm":20.37341796076,"strahler":7.0},"geometry":{"type":"LineString","coordinates":[[1.037,44.087],[1.034,44.09],[1.023,44.093],[0.993,44.087],[0.966,44.075],[0.946,44.074],[0.936,44.07],[0.909,44.067],[0.888,44.084],[0.876,44.09],[0.846,44.096],[0.838,44.104],[0.832,44.119]]}},{"type":"Feature","properties":{"nom":"La Garonne du confluent du Trec à la confluence du Dropt","code":"FR301A","longueurKm":35.71680404304,"strahler":7.0},"geometry":{"type":"LineString","coordinates":[[0.156,44.498],[0.15,44.502],[0.128,44.504],[0.111,44.5],[0.087,44.506],[0.08,44.511],[0.084,44.526],[0.07,44.541],[0.06,44.539],[0.053,44.524],[0.047,44.518],[0.042,44.518],[0.036,44.533],[0.042,44.541],[0.041,44.545],[0.02,44.541],[0.004,44.55],[-0.01,44.554],[-0.027,44.578],[-0.056,44.578],[-0.077,44.573],[-0.092,44.574],[-0.103,44.582],[-0.11,44.582],[-0.121,44.571],[-0.125,44.57],[-0.138,44.578]]}},{"type":"Feature","properties":{"nom":"La Garonne du confluent du Lot au confluent du Trec de la Greffière","code":"FR301B","longueurKm":33.17148165732,"strahler":7.0},"geometry":{"type":"LineString","coordinates":[[0.334,44.319],[0.332,44.324],[0.312,44.335],[0.298,44.363],[0.302,44.376],[0.314,44.38],[0.315,44.385],[0.294,44.392],[0.282,44.409],[0.271,44.414],[0.26,44.412],[0.244,44.403],[0.232,44.406],[0.213,44.421],[0.209,44.437],[0.205,44.443],[0.198,44.446],[0.178,44.445],[0.172,44.447],[0.17,44.452],[0.184,44.467],[0.184,44.472],[0.177,44.484],[0.162,44.484],[0.156,44.488],[0.156,44.498]]}},{"type":"Feature","properties":{"nom":"Le Tarn du confluent du Tarnon au confluent du Valat de la Combe (inclus)","code":"FR306C","longueurKm":28.39471378508,"strahler":5.0},"geometry":{"type":"LineString","coordinates":[[3.585,44.337],[3.579,44.346],[3.574,44.345],[3.573,44.347],[3.576,44.356],[3.562,44.355],[3.568,44.361],[3.556,44.362],[3.555,44.372],[3.55,44.376],[3.541,44.373],[3.536,44.366],[3.525,44.374],[3.52,44.375],[3.52,44.37],[3.525,44.365],[3.518,44.352],[3.52,44.349],[3.511,44.351],[3.514,44.346],[3.499,44.34],[3.495,44.332],[3.491,44.337],[3.486,44.333],[3.481,44.337],[3.476,44.336],[3.469,44.338],[3.465,44.341],[3.464,44.346],[3.452,44.354],[3.447,44.353],[3.445,44.359],[3.436,44.357],[3.433,44.366],[3.414,44.366]]}},{"type":"Feature","properties":{"nom":"La Garonne du confluent de l'Aussonnelle au confluent du Tarn","code":"FR296A","longueurKm":64.42838162307,"strahler":7.0},"geometry":{"type":"LineString","coordinates":[[1.349,43.709],[1.343,43.714],[1.344,43.722],[1.341,43.725],[1.329,43.73],[1.323,43.739],[1.316,43.742],[1.311,43.746],[1.326,43.769],[1.327,43.774],[1.316,43.774],[1.293,43.78],[1.289,43.784],[1.287,43.792],[1.277,43.794],[1.272,43.797],[1.279,43.804],[1.279,43.808],[1.263,43.807],[1.257,43.811],[1.255,43.819],[1.26,43.825],[1.245,43.832],[1.253,43.843],[1.243,43.85],[1.241,43.86],[1.234,43.867],[1.223,43.869],[1.217,43.884],[1.205,43.887],[1.205,43.893],[1.211,43.9],[1.203,43.909],[1.199,43.911],[1.193,43.908],[1.188,43.91],[1.188,43.93],[1.197,43.937],[1.197,43.941],[1.184,43.947],[1.171,43.947],[1.172,43.958],[1.163,43.967],[1.161,43.981],[1.157,43.986],[1.117,43.998],[1.113,44.01],[1.103,44.016],[1.102,44.02],[1.088,44.017],[1.078,44.023],[1.077,44.027],[1.086,44.034],[1.065,44.042],[1.062,44.06],[1.054,44.065],[1.06,44.074],[1.054,44.077],[1.042,44.078],[1.037,44.087]]}},{"type":"Feature","properties":{"nom":"La Garonne du confluent de l'Ariège au confluent de l'Aussonnelle","code":"FR296B","longueurKm":27.2982320341,"strahler":7.0},"geometry":{"type":"LineString","coordinates":[[1.41,43.519],[1.416,43.526],[1.428,43.529],[1.431,43.541],[1.438,43.546],[1.439,43.569],[1.435,43.577],[1.441,43.593],[1.437,43.602],[1.418,43.606],[1.404,43.615],[1.401,43.622],[1.404,43.637],[1.401,43.648],[1.407,43.655],[1.406,43.662],[1.399,43.667],[1.386,43.667],[1.38,43.67],[1.368,43.684],[1.369,43.699],[1.366,43.703],[1.349,43.709]]}},{"type":"Feature","properties":{"nom":"La Save du confluent de l'Aussoue au confluent de la Garonne","code":"FR304","longueurKm":57.62244996299,"strahler":5.0},"geometry":{"type":"LineString","coordinates":[[0.977,43.517],[0.984,43.531],[0.98,43.536],[0.98,43.539],[0.991,43.54],[0.993,43.543],[0.997,43.545],[1.007,43.559],[1.011,43.558],[1.019,43.564],[1.019,43.567],[1.025,43.571],[1.022,43.575],[1.026,43.579],[1.033,43.579],[1.039,43.586],[1.037,43.588],[1.045,43.594],[1.048,43.594],[1.049,43.592],[1.052,43.593],[1.063,43.605],[1.07,43.607],[1.072,43.612],[1.071,43.614],[1.075,43.613],[1.08,43.621],[1.088,43.626],[1.101,43.628],[1.107,43.635],[1.112,43.636],[1.114,43.64],[1.126,43.639],[1.132,43.646],[1.153,43.652],[1.157,43.656],[1.169,43.657],[1.175,43.664],[1.182,43.663],[1.184,43.666],[1.19,43.666],[1.196,43.676],[1.205,43.681],[1.209,43.68],[1.209,43.685],[1.214,43.69],[1.219,43.691],[1.222,43.689],[1.234,43.694],[1.236,43.699],[1.233,43.703],[1.237,43.703],[1.24,43.709],[1.238,43.714],[1.244,43.715],[1.237,43.723],[1.238,43.728],[1.243,43.727],[1.247,43.734],[1.25,43.734],[1.252,43.738],[1.257,43.74],[1.254,43.743],[1.26,43.749],[1.265,43.749],[1.266,43.76],[1.276,43.76],[1.277,43.763],[1.284,43.766],[1.284,43.77],[1.289,43.769],[1.281,43.775],[1.279,43.783],[1.275,43.785],[1.278,43.787],[1.284,43.787],[1.277,43.794]]}},{"type":"Feature","properties":{"nom":"Le Tarn du confluent de la Jonte au confluent de la Dourbie","code":"FR306A","longueurKm":20.16955414146,"strahler":5.0},"geometry":{"type":"LineString","coordinates":[[3.204,44.193],[3.192,44.198],[3.189,44.195],[3.184,44.195],[3.174,44.201],[3.161,44.201],[3.154,44.199],[3.159,44.191],[3.156,44.188],[3.146,44.191],[3.129,44.183],[3.125,44.179],[3.128,44.173],[3.122,44.167],[3.114,44.165],[3.115,44.161],[3.112,44.158],[3.1,44.157],[3.1,44.126],[3.086,44.116],[3.087,44.101]]}},{"type":"Feature","properties":{"nom":"Le Tarn du confluent du Valat de la Combe au confluent de la Jonte","code":"FR306B","longueurKm":36.35456732037,"strahler":5.0},"geometry":{"type":"LineString","coordinates":[[3.414,44.366],[3.41,44.364],[3.413,44.362],[3.405,44.359],[3.404,44.355],[3.396,44.35],[3.396,44.345],[3.39,44.345],[3.383,44.338],[3.382,44.334],[3.373,44.342],[3.367,44.342],[3.362,44.338],[3.363,44.335],[3.357,44.335],[3.354,44.329],[3.347,44.326],[3.347,44.317],[3.34,44.315],[3.321,44.3],[3.312,44.299],[3.308,44.304],[3.301,44.306],[3.296,44.3],[3.283,44.297],[3.266,44.305],[3.255,44.306],[3.252,44.308],[3.246,44.307],[3.244,44.304],[3.239,44.303],[3.238,44.29],[3.226,44.274],[3.227,44.264],[3.233,44.252],[3.23,44.226],[3.224,44.222],[3.225,44.213],[3.22,44.205],[3.212,44.195],[3.204,44.193]]}},{"type":"Feature","properties":{"nom":"Le Tarn du confluent du Sarlan (inclus) au confluent du Mérigot (inclus)","code":"FR314B","longueurKm":40.56844650278,"strahler":6.0},"geometry":{"type":"LineString","coordinates":[[2.221,43.953],[2.193,43.952],[2.186,43.942],[2.178,43.939],[2.174,43.941],[2.166,43.955],[2.161,43.956],[2.157,43.952],[2.165,43.946],[2.161,43.939],[2.136,43.928],[2.13,43.931],[2.135,43.941],[2.131,43.946],[2.123,43.948],[2.121,43.943],[2.114,43.943],[2.114,43.937],[2.097,43.937],[2.09,43.927],[2.086,43.928],[2.081,43.933],[2.073,43.93],[2.061,43.931],[2.039,43.921],[2.022,43.919],[2.006,43.906],[1.989,43.909],[1.986,43.904],[1.986,43.897],[1.981,43.897],[1.963,43.905],[1.953,43.916],[1.927,43.908],[1.918,43.897],[1.907,43.89],[1.898,43.891],[1.892,43.898]]}},{"type":"Feature","properties":{"nom":"Le Tarn du barrage de Pinet au confluent du Dourdou","code":"FR311A","longueurKm":15.96165588898,"strahler":5.0},"geometry":{"type":"LineString","coordinates":[[2.81,44.07],[2.805,44.071],[2.804,44.063],[2.789,44.058],[2.783,44.064],[2.777,44.061],[2.77,44.062],[2.762,44.049],[2.747,44.046],[2.73,44.033],[2.722,44.03],[2.716,44.024],[2.713,44.009],[2.706,44.001],[2.684,43.997]]}},{"type":"Feature","properties":{"nom":"Le Tarn du confluent du Rance au confluent du Sarlan","code":"FR313A","longueurKm":37.81927333158,"strahler":6.0},"geometry":{"type":"LineString","coordinates":[[2.499,43.945],[2.49,43.942],[2.481,43.941],[2.448,43.951],[2.438,43.95],[2.432,43.955],[2.424,43.948],[2.42,43.948],[2.416,43.952],[2.411,43.951],[2.402,43.935],[2.396,43.933],[2.394,43.936],[2.399,43.943],[2.393,43.946],[2.383,43.942],[2.38,43.943],[2.386,43.952],[2.377,43.958],[2.374,43.956],[2.377,43.945],[2.359,43.942],[2.344,43.932],[2.3,43.933],[2.298,43.934],[2.304,43.941],[2.303,43.944],[2.292,43.942],[2.288,43.933],[2.285,43.932],[2.281,43.94],[2.285,43.945],[2.283,43.947],[2.27,43.933],[2.258,43.931],[2.246,43.937],[2.234,43.95],[2.221,43.953]]}},{"type":"Feature","properties":{"nom":"Le Tarn du confluent du Dourdou au confluent du Rance","code":"FR313B","longueurKm":22.92526719366,"strahler":5.0},"geometry":{"type":"LineString","coordinates":[[2.684,43.997],[2.666,43.993],[2.669,43.986],[2.665,43.984],[2.657,43.989],[2.629,43.99],[2.621,43.998],[2.61,44.003],[2.607,44.009],[2.601,44.005],[2.593,44.008],[2.575,44.002],[2.566,44.002],[2.563,43.995],[2.548,43.997],[2.543,43.988],[2.529,43.985],[2.529,43.979],[2.522,43.975],[2.524,43.97],[2.519,43.959],[2.503,43.954],[2.499,43.945]]}},{"type":"Feature","properties":{"nom":"Le Tarn du confluent du Mérigot au confluent de l'Agout","code":"FR314A","longueurKm":27.4455360957,"strahler":6.0},"geometry":{"type":"LineString","coordinates":[[1.892,43.898],[1.883,43.889],[1.887,43.88],[1.882,43.867],[1.867,43.87],[1.859,43.876],[1.847,43.87],[1.832,43.868],[1.816,43.859],[1.813,43.854],[1.813,43.849],[1.82,43.844],[1.82,43.842],[1.778,43.831],[1.772,43.832],[1.768,43.838],[1.763,43.839],[1.755,43.833],[1.751,43.826],[1.744,43.825],[1.735,43.827],[1.716,43.812],[1.704,43.807],[1.69,43.79],[1.683,43.785]]}},{"type":"Feature","properties":{"nom":"Le Tarn du confluent du Tescou au confluent de la Garonne","code":"FR315A","longueurKm":37.98147027018,"strahler":6.0},"geometry":{"type":"LineString","coordinates":[[1.349,44.016],[1.346,44.021],[1.335,44.019],[1.32,44.024],[1.315,44.03],[1.305,44.033],[1.301,44.036],[1.296,44.047],[1.279,44.068],[1.273,44.082],[1.251,44.098],[1.249,44.103],[1.251,44.109],[1.244,44.115],[1.219,44.117],[1.186,44.093],[1.179,44.095],[1.171,44.103],[1.17,44.108],[1.175,44.115],[1.171,44.117],[1.156,44.114],[1.154,44.102],[1.14,44.096],[1.107,44.091],[1.096,44.093],[1.09,44.098],[1.071,44.099],[1.049,44.088],[1.037,44.087]]}},{"type":"Feature","properties":{"nom":"Le Lot du barrage de Golinhac au confluent de la Truyère","code":"FR318C","longueurKm":11.12255638251,"strahler":5.0},"geometry":{"type":"LineString","coordinates":[[2.638,44.579],[2.612,44.599],[2.612,44.604],[2.602,44.606],[2.591,44.619],[2.581,44.619],[2.581,44.624],[2.575,44.63],[2.577,44.635],[2.569,44.637],[2.571,44.64],[2.567,44.643],[2.563,44.643]]}},{"type":"Feature","properties":{"nom":"L'Ander","code":"FR317","longueurKm":13.23375370815,"strahler":5.0},"geometry":{"type":"LineString","coordinates":[[3.06,45.057],[3.068,45.058],[3.07,45.052],[3.076,45.047],[3.085,45.049],[3.088,45.043],[3.092,45.042],[3.095,45.043],[3.094,45.037],[3.098,45.034],[3.11,45.033],[3.113,45.03],[3.115,45.03],[3.113,45.026],[3.122,45.022],[3.125,45.018],[3.124,45.016],[3.129,45.009],[3.134,45.007],[3.14,45.009],[3.137,45.006],[3.141,45.004],[3.14,45.0]]}},{"type":"Feature","properties":{"nom":"Le Lot du confluent du Dourdou au confluent de la Diège","code":"FR318A","longueurKm":39.74394054201,"strahler":6.0},"geometry":{"type":"LineString","coordinates":[[2.353,44.636],[2.348,44.633],[2.338,44.637],[2.324,44.633],[2.321,44.64],[2.315,44.641],[2.313,44.635],[2.322,44.629],[2.319,44.624],[2.314,44.623],[2.299,44.63],[2.299,44.625],[2.291,44.621],[2.272,44.622],[2.264,44.619],[2.258,44.613],[2.235,44.611],[2.232,44.606],[2.234,44.601],[2.247,44.597],[2.25,44.594],[2.246,44.587],[2.238,44.584],[2.233,44.584],[2.208,44.596],[2.205,44.594],[2.201,44.582],[2.196,44.581],[2.189,44.583],[2.18,44.58],[2.179,44.574],[2.148,44.571],[2.14,44.572],[2.133,44.57],[2.125,44.579],[2.115,44.572],[2.104,44.571],[2.082,44.587],[2.074,44.579],[2.067,44.566],[2.063,44.564],[2.058,44.566]]}},{"type":"Feature","properties":{"nom":"Le Lot du confluent de la Truyère au confluent du Dourdou","code":"FR318B","longueurKm":21.64941089855,"strahler":6.0},"geometry":{"type":"LineString","coordinates":[[2.563,44.643],[2.559,44.639],[2.547,44.646],[2.526,44.647],[2.523,44.646],[2.517,44.648],[2.511,44.645],[2.504,44.647],[2.501,44.643],[2.495,44.645],[2.485,44.642],[2.475,44.641],[2.449,44.649],[2.435,44.639],[2.428,44.644],[2.416,44.643],[2.405,44.647],[2.389,44.644],[2.389,44.649],[2.38,44.651],[2.367,44.641],[2.355,44.641],[2.353,44.636]]}},{"type":"Feature","properties":{"nom":"Le Tarn du confluent de la Dourbie à la retenue de Pinet","code":"FR311B","longueurKm":22.68532513461,"strahler":5.0},"geometry":{"type":"LineString","coordinates":[[3.087,44.101],[3.088,44.096],[3.086,44.094],[3.077,44.094],[3.054,44.086],[3.05,44.087],[3.048,44.092],[3.042,44.091],[3.036,44.093],[3.027,44.087],[3.015,44.084],[3.0,44.091],[2.996,44.086],[2.986,44.083],[2.981,44.085],[2.985,44.09],[2.982,44.093],[2.969,44.092],[2.963,44.081],[2.952,44.083],[2.947,44.087],[2.939,44.088],[2.937,44.079],[2.93,44.07],[2.923,44.07],[2.917,44.075],[2.912,44.073],[2.918,44.062]]}},{"type":"Feature","properties":{"nom":"Le Tarn du confluent de l'Agout au confluent du Tescou","code":"FR315B","longueurKm":44.81246019145,"strahler":6.0},"geometry":{"type":"LineString","coordinates":[[1.683,43.785],[1.664,43.784],[1.649,43.776],[1.631,43.783],[1.625,43.788],[1.622,43.796],[1.617,43.799],[1.602,43.804],[1.584,43.806],[1.572,43.812],[1.549,43.817],[1.523,43.831],[1.526,43.84],[1.516,43.848],[1.513,43.855],[1.5,43.868],[1.497,43.879],[1.473,43.896],[1.445,43.907],[1.424,43.911],[1.407,43.912],[1.382,43.917],[1.37,43.922],[1.367,43.925],[1.363,43.941],[1.34,43.971],[1.338,43.986],[1.341,44.001],[1.349,44.016]]}},{"type":"Feature","properties":{"nom":"Le Lot du confluent de la Diège au confluent du Célé","code":"FR320","longueurKm":59.86872826648,"strahler":6.0},"geometry":{"type":"LineString","coordinates":[[2.058,44.566],[2.06,44.572],[2.068,44.575],[2.061,44.584],[2.036,44.572],[2.034,44.568],[2.035,44.563],[2.033,44.56],[2.02,44.556],[2.003,44.557],[1.987,44.55],[1.97,44.529],[1.961,44.52],[1.937,44.515],[1.93,44.505],[1.913,44.505],[1.911,44.5],[1.921,44.492],[1.916,44.486],[1.912,44.486],[1.908,44.489],[1.906,44.499],[1.903,44.503],[1.89,44.506],[1.884,44.499],[1.885,44.485],[1.872,44.484],[1.861,44.487],[1.842,44.482],[1.84,44.475],[1.848,44.468],[1.845,44.464],[1.836,44.461],[1.83,44.465],[1.83,44.477],[1.818,44.475],[1.809,44.467],[1.804,44.469],[1.803,44.479],[1.8,44.48],[1.795,44.477],[1.796,44.466],[1.791,44.463],[1.781,44.464],[1.781,44.473],[1.778,44.475],[1.774,44.473],[1.77,44.463],[1.766,44.461],[1.757,44.461],[1.748,44.469],[1.737,44.46],[1.723,44.469],[1.712,44.464],[1.708,44.46],[1.701,44.458],[1.689,44.46],[1.681,44.472],[1.671,44.466],[1.661,44.473],[1.648,44.475]]}},{"type":"Feature","properties":{"nom":"Le Lot du confluent du Célé au confluent de la Lémance","code":"FR321","longueurKm":114.36907796524,"strahler":6.0},"geometry":{"type":"LineString","coordinates":[[1.648,44.475],[1.645,44.485],[1.617,44.488],[1.61,44.485],[1.609,44.475],[1.603,44.463],[1.59,44.465],[1.575,44.477],[1.567,44.467],[1.561,44.472],[1.566,44.484],[1.56,44.486],[1.552,44.482],[1.552,44.472],[1.548,44.466],[1.533,44.47],[1.522,44.461],[1.494,44.457],[1.473,44.474],[1.469,44.474],[1.441,44.464],[1.44,44.455],[1.446,44.445],[1.438,44.44],[1.432,44.444],[1.429,44.451],[1.429,44.46],[1.423,44.467],[1.425,44.477],[1.407,44.477],[1.409,44.484],[1.405,44.492],[1.394,44.494],[1.385,44.49],[1.388,44.481],[1.382,44.478],[1.372,44.478],[1.37,44.474],[1.377,44.469],[1.369,44.466],[1.362,44.472],[1.364,44.481],[1.352,44.485],[1.345,44.486],[1.335,44.476],[1.33,44.477],[1.322,44.487],[1.328,44.498],[1.32,44.501],[1.311,44.497],[1.304,44.483],[1.3,44.484],[1.293,44.49],[1.288,44.489],[1.287,44.481],[1.296,44.47],[1.296,44.463],[1.291,44.461],[1.283,44.467],[1.285,44.48],[1.278,44.484],[1.269,44.486],[1.248,44.483],[1.244,44.469],[1.239,44.469],[1.234,44.476],[1.23,44.492],[1.217,44.501],[1.205,44.499],[1.196,44.493],[1.194,44.486],[1.2,44.471],[1.195,44.468],[1.186,44.468],[1.178,44.475],[1.179,44.488],[1.175,44.5],[1.169,44.505],[1.159,44.508],[1.147,44.502],[1.149,44.484],[1.145,44.477],[1.14,44.476],[1.134,44.483],[1.138,44.493],[1.136,44.502],[1.13,44.508],[1.123,44.51],[1.115,44.51],[1.099,44.502],[1.09,44.496],[1.079,44.494],[1.069,44.497],[1.066,44.509],[1.062,44.512],[1.057,44.511],[1.05,44.503],[1.051,44.481],[1.036,44.475],[1.025,44.475],[1.012,44.479],[0.997,44.486],[0.988,44.495],[0.98,44.498],[0.965,44.493],[0.957,44.485],[0.948,44.481]]}},{"type":"Feature","properties":{"nom":"La Corrèze du confluent du Pian (inclus) au confluent de la Vézère","code":"FR324A","longueurKm":8.53397982268,"strahler":5.0},"geometry":{"type":"LineString","coordinates":[[1.553,45.166],[1.544,45.163],[1.537,45.165],[1.518,45.163],[1.513,45.16],[1.508,45.162],[1.493,45.163],[1.488,45.159],[1.482,45.158],[1.472,45.162],[1.467,45.168],[1.46,45.167]]}},{"type":"Feature","properties":{"nom":"L'Adour du confluent de la Midouze au confluent du Luy","code":"FR328","longueurKm":47.84256550707,"strahler":6.0},"geometry":{"type":"LineString","coordinates":[[-0.861,43.801],[-0.873,43.801],[-0.875,43.796],[-0.881,43.796],[-0.879,43.805],[-0.881,43.807],[-0.884,43.805],[-0.896,43.797],[-0.893,43.786],[-0.899,43.775],[-0.904,43.776],[-0.906,43.78],[-0.919,43.785],[-0.926,43.783],[-0.931,43.771],[-0.935,43.773],[-0.933,43.778],[-0.936,43.777],[-0.936,43.766],[-0.943,43.76],[-0.935,43.753],[-0.934,43.742],[-0.945,43.74],[-0.939,43.733],[-0.949,43.729],[-0.941,43.723],[-0.942,43.721],[-0.963,43.72],[-0.961,43.726],[-0.969,43.729],[-0.963,43.732],[-0.968,43.734],[-0.967,43.736],[-0.973,43.739],[-0.989,43.733],[-0.996,43.736],[-1.002,43.732],[-1.021,43.732],[-1.026,43.729],[-1.03,43.73],[-1.037,43.721],[-1.045,43.721],[-1.056,43.712],[-1.086,43.715],[-1.098,43.703],[-1.093,43.691],[-1.102,43.69],[-1.117,43.682],[-1.129,43.682],[-1.132,43.676],[-1.143,43.669],[-1.141,43.661]]}},{"type":"Feature","properties":{"nom":"L'Adour du confluent de l'Echez au confluent de la Midouze","code":"FR327C","longueurKm":126.47252517852,"strahler":6.0},"geometry":{"type":"LineString","coordinates":[[0.031,43.474],[0.03,43.477],[0.034,43.481],[0.03,43.483],[0.031,43.488],[0.027,43.495],[0.03,43.504],[0.034,43.507],[0.031,43.514],[0.032,43.517],[0.027,43.526],[0.028,43.53],[0.022,43.531],[0.022,43.534],[0.018,43.534],[0.015,43.551],[0.01,43.551],[0.001,43.557],[-0.001,43.563],[0.002,43.565],[-0.003,43.575],[0.001,43.579],[-0.002,43.583],[0.0,43.588],[-0.013,43.596],[-0.016,43.603],[-0.013,43.605],[-0.016,43.609],[-0.012,43.613],[-0.014,43.615],[-0.009,43.617],[-0.01,43.624],[-0.02,43.638],[-0.017,43.646],[-0.022,43.648],[-0.021,43.651],[-0.024,43.65],[-0.026,43.653],[-0.029,43.653],[-0.028,43.662],[-0.034,43.665],[-0.053,43.663],[-0.052,43.668],[-0.056,43.668],[-0.063,43.667],[-0.071,43.661],[-0.077,43.661],[-0.083,43.664],[-0.093,43.662],[-0.102,43.666],[-0.108,43.662],[-0.107,43.658],[-0.117,43.66],[-0.12,43.654],[-0.123,43.655],[-0.131,43.654],[-0.143,43.655],[-0.144,43.652],[-0.157,43.655],[-0.163,43.653],[-0.165,43.655],[-0.165,43.662],[-0.18,43.664],[-0.188,43.669],[-0.192,43.667],[-0.196,43.67],[-0.201,43.67],[-0.201,43.674],[-0.211,43.682],[-0.216,43.679],[-0.219,43.685],[-0.223,43.686],[-0.23,43.679],[-0.234,43.681],[-0.235,43.687],[-0.245,43.688],[-0.243,43.701],[-0.251,43.699],[-0.254,43.704],[-0.263,43.704],[-0.269,43.707],[-0.279,43.719],[-0.276,43.732],[-0.279,43.734],[-0.285,43.731],[-0.288,43.737],[-0.293,43.739],[-0.288,43.743],[-0.289,43.745],[-0.299,43.741],[-0.307,43.743],[-0.316,43.751],[-0.318,43.757],[-0.325,43.76],[-0.335,43.761],[-0.339,43.766],[-0.343,43.766],[-0.344,43.761],[-0.349,43.761],[-0.352,43.763],[-0.35,43.766],[-0.351,43.768],[-0.362,43.765],[-0.369,43.771],[-0.379,43.771],[-0.384,43.767],[-0.388,43.77],[-0.394,43.766],[-0.406,43.769],[-0.411,43.765],[-0.427,43.771],[-0.438,43.773],[-0.448,43.779],[-0.447,43.784],[-0.45,43.785],[-0.459,43.778],[-0.455,43.774],[-0.466,43.771],[-0.481,43.777],[-0.495,43.773],[-0.514,43.772],[-0.543,43.775],[-0.549,43.768],[-0.576,43.768],[-0.588,43.765],[-0.603,43.766],[-0.607,43.774],[-0.616,43.776],[-0.625,43.771],[-0.631,43.772],[-0.635,43.769],[-0.65,43.769],[-0.652,43.763],[-0.668,43.762],[-0.676,43.767],[-0.685,43.766],[-0.691,43.762],[-0.698,43.761],[-0.701,43.763],[-0.718,43.754],[-0.723,43.76],[-0.733,43.763],[-0.741,43.761],[-0.752,43.762],[-0.758,43.759],[-0.762,43.761],[-0.774,43.761],[-0.775,43.764],[-0.784,43.769],[-0.784,43.775],[-0.798,43.771],[-0.8,43.779],[-0.804,43.78],[-0.807,43.776],[-0.809,43.777],[-0.811,43.785],[-0.825,43.786],[-0.829,43.791],[-0.842,43.787],[-0.849,43.795],[-0.858,43.797],[-0.861,43.801]]}},{"type":"Feature","properties":{"nom":"La Dordogne du barrage d'Argentat au confluent de la Cère","code":"FR348","longueurKm":39.47072312389,"strahler":5.0},"geometry":{"type":"LineString","coordinates":[[1.954,45.104],[1.946,45.103],[1.943,45.093],[1.928,45.088],[1.934,45.079],[1.93,45.074],[1.926,45.073],[1.919,45.077],[1.905,45.073],[1.907,45.066],[1.916,45.061],[1.903,45.044],[1.899,45.043],[1.891,45.047],[1.882,45.044],[1.874,45.046],[1.869,45.044],[1.865,45.048],[1.859,45.042],[1.842,45.037],[1.85,45.027],[1.837,45.022],[1.837,45.018],[1.846,45.018],[1.852,45.013],[1.853,45.008],[1.847,45.002],[1.833,44.998],[1.829,44.987],[1.83,44.984],[1.839,44.982],[1.843,44.979],[1.844,44.974],[1.85,44.964],[1.852,44.949],[1.85,44.945],[1.845,44.943],[1.832,44.946],[1.826,44.929],[1.821,44.927],[1.807,44.926],[1.801,44.922],[1.802,44.919],[1.809,44.914],[1.811,44.909]]}},{"type":"Feature","properties":{"nom":"La Dordogne du confluent du Tournefeuille au confluent de la Vézère","code":"FR349B","longueurKm":67.96951111571,"strahler":5.0},"geometry":{"type":"LineString","coordinates":[[1.411,44.873],[1.401,44.882],[1.383,44.883],[1.374,44.875],[1.373,44.867],[1.357,44.866],[1.346,44.856],[1.325,44.844],[1.31,44.843],[1.308,44.837],[1.298,44.833],[1.295,44.827],[1.286,44.824],[1.266,44.827],[1.263,44.841],[1.255,44.843],[1.25,44.838],[1.257,44.831],[1.259,44.824],[1.252,44.823],[1.23,44.828],[1.221,44.825],[1.216,44.821],[1.221,44.808],[1.217,44.805],[1.203,44.806],[1.183,44.811],[1.179,44.815],[1.184,44.823],[1.178,44.826],[1.165,44.816],[1.153,44.815],[1.149,44.819],[1.146,44.838],[1.128,44.837],[1.117,44.829],[1.101,44.824],[1.092,44.829],[1.084,44.842],[1.076,44.842],[1.068,44.837],[1.048,44.851],[1.028,44.857],[1.021,44.855],[1.02,44.838],[1.011,44.829],[1.0,44.826],[0.979,44.828],[0.97,44.825],[0.959,44.826],[0.951,44.831],[0.949,44.839],[0.939,44.844],[0.931,44.843],[0.918,44.856],[0.899,44.853],[0.892,44.855],[0.887,44.865],[0.891,44.876],[0.888,44.882]]}},{"type":"Feature","properties":{"nom":"La Dordogne du confluent de la Cère au confluent du Tournefeuille","code":"FR349C","longueurKm":55.43023976679,"strahler":5.0},"geometry":{"type":"LineString","coordinates":[[1.811,44.909],[1.795,44.898],[1.774,44.896],[1.762,44.898],[1.748,44.905],[1.739,44.92],[1.73,44.922],[1.724,44.927],[1.709,44.933],[1.707,44.938],[1.701,44.939],[1.696,44.934],[1.682,44.933],[1.669,44.927],[1.651,44.925],[1.647,44.918],[1.638,44.915],[1.642,44.906],[1.637,44.903],[1.624,44.909],[1.621,44.909],[1.612,44.891],[1.61,44.878],[1.6,44.879],[1.59,44.89],[1.575,44.891],[1.573,44.885],[1.576,44.869],[1.567,44.872],[1.556,44.867],[1.559,44.856],[1.552,44.846],[1.537,44.858],[1.53,44.861],[1.524,44.858],[1.526,44.852],[1.522,44.847],[1.509,44.842],[1.486,44.851],[1.496,44.873],[1.478,44.888],[1.465,44.889],[1.451,44.894],[1.44,44.889],[1.442,44.879],[1.438,44.874],[1.419,44.871],[1.411,44.873]]}},{"type":"Feature","properties":{"nom":"La Midouze du confluent du Retjons au confluent de l'Adour","code":"FR330A","longueurKm":5.79160069151,"strahler":5.0},"geometry":{"type":"LineString","coordinates":[[-0.829,43.818],[-0.83,43.814],[-0.824,43.812],[-0.83,43.808],[-0.827,43.804],[-0.83,43.801],[-0.835,43.799],[-0.839,43.801],[-0.849,43.799],[-0.852,43.801],[-0.854,43.799],[-0.861,43.801]]}},{"type":"Feature","properties":{"nom":"La Midouze du confluent de la Douze au confluent du Retjons","code":"FR330B","longueurKm":36.84679958917,"strahler":5.0},"geometry":{"type":"LineString","coordinates":[[-0.503,43.891],[-0.506,43.889],[-0.52,43.891],[-0.533,43.897],[-0.536,43.895],[-0.557,43.895],[-0.568,43.898],[-0.57,43.901],[-0.577,43.899],[-0.579,43.901],[-0.584,43.9],[-0.589,43.904],[-0.599,43.9],[-0.605,43.903],[-0.606,43.9],[-0.617,43.906],[-0.615,43.908],[-0.621,43.907],[-0.622,43.91],[-0.626,43.909],[-0.629,43.905],[-0.632,43.907],[-0.637,43.905],[-0.64,43.908],[-0.651,43.905],[-0.654,43.907],[-0.662,43.909],[-0.664,43.913],[-0.675,43.909],[-0.69,43.906],[-0.689,43.903],[-0.699,43.894],[-0.706,43.891],[-0.712,43.891],[-0.714,43.884],[-0.735,43.873],[-0.742,43.871],[-0.756,43.871],[-0.762,43.867],[-0.771,43.865],[-0.785,43.851],[-0.795,43.845],[-0.802,43.844],[-0.807,43.838],[-0.808,43.832],[-0.827,43.822],[-0.829,43.818]]}},{"type":"Feature","properties":{"nom":"La Charente du confluent du Puits des Preins au confluent de la Touvre","code":"FR331A","longueurKm":23.69911300479,"strahler":5.0},"geometry":{"type":"LineString","coordinates":[[0.118,45.775],[0.109,45.76],[0.096,45.754],[0.082,45.743],[0.081,45.739],[0.087,45.734],[0.093,45.732],[0.128,45.736],[0.137,45.736],[0.142,45.733],[0.143,45.727],[0.137,45.722],[0.121,45.718],[0.118,45.714],[0.109,45.71],[0.101,45.703],[0.109,45.698],[0.14,45.697],[0.154,45.691],[0.154,45.673],[0.159,45.666]]}},{"type":"Feature","properties":{"nom":"La Charente du confluent de la Tardoire au confluent du Puits des Preins (inclus)","code":"FR331B","longueurKm":41.04969051874,"strahler":5.0},"geometry":{"type":"LineString","coordinates":[[0.207,45.876],[0.191,45.878],[0.184,45.876],[0.174,45.88],[0.169,45.888],[0.176,45.9],[0.169,45.904],[0.152,45.899],[0.143,45.884],[0.138,45.882],[0.123,45.884],[0.104,45.891],[0.1,45.887],[0.103,45.876],[0.099,45.867],[0.095,45.867],[0.087,45.859],[0.075,45.862],[0.068,45.86],[0.068,45.855],[0.073,45.848],[0.074,45.841],[0.068,45.84],[0.039,45.842],[0.031,45.84],[0.026,45.836],[0.03,45.825],[0.041,45.817],[0.052,45.814],[0.071,45.815],[0.076,45.803],[0.069,45.8],[0.064,45.793],[0.064,45.781],[0.069,45.776],[0.081,45.777],[0.093,45.774],[0.101,45.782],[0.109,45.784],[0.118,45.781],[0.118,45.775]]}},{"type":"Feature","properties":{"nom":"La Charente du confluent de la Touvre au confluent du Bramerit","code":"FR332","longueurKm":112.83277237593,"strahler":5.0},"geometry":{"type":"LineString","coordinates":[[0.159,45.666],[0.159,45.657],[0.153,45.653],[0.126,45.662],[0.11,45.67],[0.103,45.671],[0.099,45.664],[0.106,45.651],[0.102,45.646],[0.083,45.644],[0.046,45.634],[0.042,45.629],[0.043,45.618],[0.034,45.607],[0.024,45.606],[0.02,45.609],[0.015,45.608],[0.009,45.612],[0.005,45.621],[-0.003,45.628],[-0.013,45.631],[-0.027,45.624],[-0.026,45.62],[-0.031,45.616],[-0.037,45.602],[-0.048,45.6],[-0.054,45.605],[-0.058,45.612],[-0.056,45.621],[-0.053,45.625],[-0.059,45.63],[-0.058,45.634],[-0.068,45.636],[-0.068,45.641],[-0.077,45.648],[-0.095,45.652],[-0.1,45.649],[-0.108,45.652],[-0.111,45.656],[-0.121,45.658],[-0.124,45.662],[-0.121,45.669],[-0.128,45.677],[-0.139,45.677],[-0.151,45.673],[-0.153,45.677],[-0.164,45.676],[-0.184,45.681],[-0.196,45.677],[-0.212,45.677],[-0.213,45.675],[-0.219,45.676],[-0.241,45.671],[-0.251,45.675],[-0.262,45.683],[-0.282,45.686],[-0.292,45.691],[-0.306,45.704],[-0.32,45.71],[-0.324,45.709],[-0.327,45.703],[-0.344,45.685],[-0.358,45.68],[-0.386,45.68],[-0.397,45.685],[-0.408,45.685],[-0.413,45.683],[-0.419,45.683],[-0.424,45.686],[-0.432,45.683],[-0.436,45.685],[-0.44,45.682],[-0.454,45.683],[-0.465,45.679],[-0.469,45.683],[-0.464,45.684],[-0.465,45.688],[-0.476,45.69],[-0.486,45.697],[-0.494,45.694],[-0.496,45.699],[-0.505,45.701],[-0.514,45.7],[-0.514,45.704],[-0.521,45.707],[-0.545,45.708],[-0.552,45.713],[-0.559,45.714],[-0.564,45.718],[-0.575,45.721],[-0.581,45.718],[-0.588,45.722],[-0.585,45.726],[-0.588,45.728],[-0.596,45.73],[-0.601,45.728],[-0.607,45.731],[-0.62,45.727],[-0.622,45.723],[-0.635,45.725],[-0.639,45.736],[-0.637,45.742],[-0.63,45.745],[-0.63,45.753],[-0.622,45.755],[-0.625,45.765],[-0.621,45.769],[-0.629,45.778],[-0.64,45.781],[-0.647,45.788],[-0.648,45.792],[-0.642,45.795],[-0.639,45.803],[-0.639,45.81],[-0.644,45.814],[-0.64,45.822],[-0.65,45.835],[-0.66,45.839],[-0.67,45.841],[-0.674,45.837],[-0.678,45.836],[-0.684,45.844],[-0.682,45.849],[-0.685,45.851]]}},{"type":"Feature","properties":{"nom":"La Vézère du confluent de l'Elle au confluent de la Dordogne","code":"FR341","longueurKm":64.09847456276,"strahler":6.0},"geometry":{"type":"LineString","coordinates":[[1.272,45.131],[1.263,45.129],[1.253,45.119],[1.245,45.122],[1.24,45.129],[1.232,45.127],[1.231,45.119],[1.223,45.114],[1.222,45.101],[1.216,45.091],[1.212,45.09],[1.196,45.096],[1.19,45.095],[1.189,45.076],[1.161,45.065],[1.147,45.045],[1.137,45.041],[1.13,45.033],[1.129,45.023],[1.11,45.019],[1.109,45.007],[1.106,45.004],[1.1,45.001],[1.093,45.004],[1.088,45.009],[1.089,45.013],[1.086,45.017],[1.073,45.015],[1.075,45.0],[1.072,44.99],[1.056,44.991],[1.053,44.989],[1.053,44.978],[1.037,44.975],[1.034,44.97],[1.041,44.965],[1.042,44.962],[1.038,44.962],[1.033,44.968],[1.026,44.967],[1.024,44.961],[1.031,44.955],[1.027,44.95],[1.008,44.952],[1.0,44.951],[1.0,44.944],[1.012,44.935],[1.011,44.93],[0.979,44.925],[0.974,44.919],[0.961,44.913],[0.958,44.901],[0.953,44.896],[0.938,44.9],[0.93,44.911],[0.929,44.917],[0.918,44.917],[0.914,44.911],[0.916,44.906],[0.922,44.901],[0.921,44.897],[0.913,44.89],[0.895,44.883],[0.888,44.882]]}},{"type":"Feature","properties":{"nom":"Le Lemboulas du confluent du Petit Lembous au confluent du Tarn","code":"FR360","longueurKm":19.44890549219,"strahler":5.0},"geometry":{"type":"LineString","coordinates":[[1.331,44.172],[1.297,44.164],[1.285,44.165],[1.272,44.162],[1.258,44.162],[1.239,44.152],[1.22,44.149],[1.212,44.146],[1.211,44.139],[1.202,44.136],[1.184,44.135],[1.166,44.128],[1.157,44.121],[1.147,44.116],[1.155,44.105]]}},{"type":"Feature","properties":{"nom":"L'Aveyron du confluent du Viaur au confluent de la Vère","code":"FR342","longueurKm":54.46984134299,"strahler":5.0},"geometry":{"type":"LineString","coordinates":[[1.967,44.144],[1.952,44.151],[1.946,44.146],[1.94,44.147],[1.936,44.154],[1.924,44.158],[1.92,44.163],[1.911,44.164],[1.898,44.159],[1.894,44.155],[1.895,44.153],[1.906,44.151],[1.913,44.142],[1.919,44.142],[1.906,44.13],[1.898,44.133],[1.893,44.143],[1.884,44.137],[1.862,44.144],[1.856,44.137],[1.849,44.135],[1.84,44.145],[1.835,44.143],[1.835,44.139],[1.829,44.134],[1.818,44.129],[1.811,44.135],[1.808,44.144],[1.791,44.142],[1.775,44.153],[1.77,44.153],[1.763,44.148],[1.746,44.151],[1.734,44.148],[1.72,44.153],[1.719,44.152],[1.725,44.148],[1.715,44.148],[1.716,44.134],[1.705,44.133],[1.707,44.13],[1.719,44.125],[1.723,44.116],[1.726,44.114],[1.715,44.106],[1.727,44.099],[1.723,44.092],[1.735,44.087],[1.736,44.081],[1.721,44.08],[1.715,44.071],[1.706,44.073],[1.7,44.073],[1.697,44.065],[1.691,44.063],[1.686,44.062],[1.675,44.067],[1.673,44.058],[1.669,44.057]]}},{"type":"Feature","properties":{"nom":"La Dordogne du confluent du Caudeau au confluent de la lidoire","code":"FR41","longueurKm":52.26892325268,"strahler":6.0},"geometry":{"type":"LineString","coordinates":[[0.452,44.846],[0.444,44.838],[0.435,44.836],[0.421,44.843],[0.409,44.844],[0.401,44.852],[0.387,44.849],[0.377,44.85],[0.356,44.855],[0.35,44.853],[0.347,44.843],[0.344,44.84],[0.325,44.84],[0.282,44.866],[0.253,44.868],[0.239,44.873],[0.237,44.87],[0.244,44.861],[0.242,44.857],[0.226,44.846],[0.208,44.84],[0.192,44.82],[0.187,44.821],[0.178,44.826],[0.159,44.826],[0.148,44.829],[0.125,44.828],[0.111,44.819],[0.109,44.821],[0.108,44.831],[0.101,44.833],[0.083,44.831],[0.077,44.82],[0.072,44.819],[0.063,44.826],[0.049,44.824],[0.039,44.828],[0.038,44.839],[0.022,44.85],[0.004,44.846],[-0.034,44.852]]}},{"type":"Feature","properties":{"nom":"L'Avance du confluent du Baraton au confluent de la Garonne","code":"FR57","longueurKm":27.83879333562,"strahler":5.0},"geometry":{"type":"LineString","coordinates":[[0.077,44.294],[0.084,44.31],[0.091,44.312],[0.093,44.317],[0.091,44.325],[0.1,44.335],[0.105,44.348],[0.1,44.374],[0.101,44.379],[0.137,44.41],[0.142,44.424],[0.136,44.437],[0.127,44.445],[0.124,44.456],[0.126,44.477],[0.114,44.486],[0.113,44.496],[0.107,44.498],[0.105,44.501]]}},{"type":"Feature","properties":{"nom":"Le Célé du confluent du Drauzou au confluent du Lot","code":"FR663","longueurKm":51.31115682407,"strahler":5.0},"geometry":{"type":"LineString","coordinates":[[1.967,44.593],[1.959,44.588],[1.951,44.588],[1.949,44.59],[1.941,44.591],[1.936,44.596],[1.908,44.598],[1.905,44.601],[1.907,44.608],[1.905,44.61],[1.898,44.605],[1.884,44.606],[1.884,44.601],[1.879,44.6],[1.882,44.598],[1.875,44.596],[1.871,44.59],[1.861,44.594],[1.84,44.594],[1.84,44.59],[1.847,44.585],[1.837,44.587],[1.833,44.585],[1.836,44.576],[1.822,44.573],[1.828,44.569],[1.828,44.566],[1.816,44.566],[1.809,44.563],[1.8,44.561],[1.8,44.568],[1.797,44.572],[1.792,44.567],[1.786,44.567],[1.787,44.563],[1.783,44.56],[1.777,44.559],[1.775,44.562],[1.77,44.561],[1.773,44.552],[1.76,44.546],[1.762,44.544],[1.767,44.544],[1.767,44.542],[1.764,44.54],[1.754,44.539],[1.758,44.534],[1.747,44.534],[1.744,44.527],[1.729,44.525],[1.729,44.516],[1.721,44.515],[1.718,44.52],[1.713,44.514],[1.707,44.514],[1.699,44.519],[1.685,44.515],[1.677,44.522],[1.673,44.519],[1.67,44.521],[1.672,44.513],[1.665,44.511],[1.664,44.507],[1.658,44.508],[1.65,44.5],[1.657,44.496],[1.65,44.485],[1.653,44.477],[1.648,44.475]]}},{"type":"Feature","properties":{"nom":"La Truyère du barrage de Couesque au confluent du Lot","code":"FR656","longueurKm":7.74292755842,"strahler":5.0},"geometry":{"type":"LineString","coordinates":[[2.585,44.696],[2.572,44.693],[2.57,44.689],[2.575,44.676],[2.574,44.669],[2.583,44.66],[2.566,44.649],[2.563,44.643]]}},{"type":"Feature","properties":{"nom":"Le Célé du confluent du Veyre au confluent du Drauzou","code":"FR70","longueurKm":19.24869718247,"strahler":5.0},"geometry":{"type":"LineString","coordinates":[[2.122,44.659],[2.119,44.653],[2.111,44.646],[2.105,44.647],[2.106,44.652],[2.103,44.652],[2.098,44.644],[2.075,44.639],[2.064,44.623],[2.048,44.615],[2.048,44.608],[2.033,44.607],[2.017,44.608],[2.01,44.598],[1.993,44.588],[1.967,44.593]]}},{"type":"Feature","properties":{"nom":"Les Gaves Réunis (de Pau) du confluent du Gave d'Oloron au confluent de l'Adour","code":"FR777","longueurKm":9.39464994205,"strahler":6.0},"geometry":{"type":"LineString","coordinates":[[-1.091,43.54],[-1.111,43.545],[-1.122,43.54],[-1.131,43.543],[-1.14,43.542],[-1.146,43.537],[-1.152,43.536],[-1.17,43.545],[-1.195,43.546]]}},{"type":"Feature","properties":{"nom":"Le Gave de Pau du confluent du Béez au confluent de l'Ousse","code":"FR903A","longueurKm":18.68329135332,"strahler":5.0},"geometry":{"type":"LineString","coordinates":[[-0.26,43.175],[-0.26,43.183],[-0.255,43.191],[-0.264,43.197],[-0.265,43.203],[-0.27,43.206],[-0.269,43.211],[-0.278,43.217],[-0.28,43.223],[-0.285,43.224],[-0.287,43.228],[-0.293,43.228],[-0.294,43.233],[-0.307,43.239],[-0.307,43.252],[-0.315,43.256],[-0.32,43.264],[-0.332,43.271],[-0.344,43.282],[-0.352,43.286],[-0.364,43.285],[-0.373,43.291]]}},{"type":"Feature","properties":{"nom":"Le Gave de Pau du lieu-dit Grottes de Bétharram au confluent du Béez","code":"FR903B","longueurKm":11.34179097296,"strahler":5.0},"geometry":{"type":"LineString","coordinates":[[-0.191,43.105],[-0.191,43.112],[-0.196,43.119],[-0.202,43.119],[-0.207,43.124],[-0.205,43.13],[-0.21,43.134],[-0.21,43.139],[-0.215,43.141],[-0.215,43.15],[-0.226,43.157],[-0.234,43.169],[-0.248,43.17],[-0.26,43.175]]}},{"type":"Feature","properties":{"nom":"La Vézère du confluent de la Corrèze au confluent de l'Elle","code":"FR904","longueurKm":21.27331090376,"strahler":6.0},"geometry":{"type":"LineString","coordinates":[[1.46,45.167],[1.456,45.163],[1.46,45.157],[1.459,45.152],[1.44,45.13],[1.427,45.122],[1.419,45.122],[1.385,45.136],[1.366,45.132],[1.355,45.132],[1.352,45.135],[1.35,45.142],[1.331,45.138],[1.324,45.143],[1.32,45.143],[1.313,45.14],[1.307,45.129],[1.304,45.128],[1.289,45.127],[1.272,45.131]]}},{"type":"Feature","properties":{"nom":"L'Ariège du barrage de Garrabet au confluent du Vernajoul (Fajal, inclus)","code":"FR905A","longueurKm":14.82616800697,"strahler":5.0},"geometry":{"type":"LineString","coordinates":[[1.631,42.893],[1.64,42.905],[1.641,42.913],[1.632,42.921],[1.63,42.93],[1.618,42.933],[1.622,42.956],[1.614,42.958],[1.612,42.963],[1.606,42.968],[1.605,42.979],[1.609,42.98],[1.615,42.987],[1.613,43.001]]}},{"type":"Feature","properties":{"nom":"L'Ariège du confluent du Vicdessos (Soulcem) à la retenue de Garrabet","code":"FR905B","longueurKm":2.30196639533,"strahler":5.0},"geometry":{"type":"LineString","coordinates":[[1.606,42.846],[1.599,42.854],[1.605,42.864]]}},{"type":"Feature","properties":{"nom":"La Vézère du confluent du Brézou au confluent de la Corrèze","code":"FR93","longueurKm":31.14824400513,"strahler":5.0},"geometry":{"type":"LineString","coordinates":[[1.503,45.364],[1.502,45.357],[1.493,45.353],[1.499,45.348],[1.49,45.336],[1.48,45.33],[1.476,45.33],[1.467,45.325],[1.47,45.323],[1.476,45.324],[1.469,45.317],[1.463,45.316],[1.469,45.306],[1.475,45.305],[1.469,45.302],[1.472,45.298],[1.469,45.294],[1.468,45.286],[1.464,45.285],[1.454,45.27],[1.455,45.261],[1.451,45.255],[1.459,45.24],[1.456,45.238],[1.452,45.24],[1.449,45.234],[1.442,45.23],[1.451,45.219],[1.45,45.215],[1.452,45.21],[1.458,45.21],[1.456,45.207],[1.463,45.201],[1.46,45.197],[1.462,45.187],[1.467,45.182],[1.463,45.176],[1.467,45.174],[1.463,45.17],[1.459,45.171],[1.46,45.167]]}},{"type":"Feature","properties":{"nom":"LA LOIRE DEPUIS LA CONFLUENCE DE L'ARON JUSQU'A LA CONFLUENCE AVEC L'ALLIER","code":"GR0005C","longueurKm":45.60487250931,"strahler":7.0},"geometry":{"type":"MultiLineString","coordinates":[[[3.296,46.871],[3.28,46.882],[3.274,46.893],[3.279,46.903],[3.265,46.91],[3.254,46.935],[3.238,46.951],[3.22,46.957],[3.215,46.966],[3.204,46.973],[3.189,46.978],[3.157,46.984],[3.148,46.981],[3.122,46.96],[3.079,46.96]],[[3.322,46.857],[3.314,46.866],[3.303,46.87],[3.299,46.871],[3.296,46.871]],[[3.322,46.857],[3.311,46.866],[3.301,46.868],[3.296,46.871]],[[3.386,46.825],[3.375,46.825],[3.368,46.83],[3.358,46.828],[3.352,46.829],[3.349,46.838],[3.337,46.844],[3.336,46.851],[3.322,46.857]],[[3.393,46.831],[3.392,46.828],[3.386,46.825]],[[3.393,46.831],[3.386,46.825]],[[3.45,46.837],[3.433,46.84],[3.417,46.833],[3.4,46.836],[3.393,46.831]]]}},{"type":"Feature","properties":{"nom":"LA LOIRE DEPUIS LE COMPLEXE DE VILLEREST JUSQU'A LA CONFLUENCE AVEC LE TRAMBOUZAN","code":"GR0004B","longueurKm":13.91765881407,"strahler":6.0},"geometry":{"type":"MultiLineString","coordinates":[[[4.047,45.986],[4.048,45.993],[4.042,46.003],[4.059,46.019]],[[4.059,46.019],[4.069,46.021]],[[4.059,46.019],[4.064,46.018],[4.069,46.021]],[[4.069,46.021],[4.078,46.028],[4.088,46.043],[4.109,46.051],[4.111,46.061],[4.118,46.065]],[[4.118,46.065],[4.117,46.067],[4.112,46.069],[4.114,46.066],[4.118,46.065]]]}},{"type":"Feature","properties":{"nom":"LA LOIRE DEPUIS LA CONFLUENCE DU TRAMBOUZAN JUSQU'A DIGOIN","code":"GR0004C","longueurKm":70.27943307193,"strahler":6.0},"geometry":{"type":"MultiLineString","coordinates":[[[3.993,46.432],[3.987,46.435],[3.987,46.438],[4.001,46.442],[4.004,46.446],[3.988,46.457],[3.995,46.461],[3.997,46.465],[3.992,46.469],[3.985,46.469],[3.985,46.476],[3.981,46.478]],[[3.991,46.419],[4.0,46.428],[3.998,46.431],[3.993,46.432]],[[3.99,46.36],[4.001,46.37]],[[4.001,46.37],[4.001,46.373],[3.991,46.377],[3.99,46.382],[3.98,46.386],[3.984,46.396],[3.977,46.4],[3.98,46.404],[3.991,46.41],[3.982,46.422],[3.985,46.427],[3.993,46.432]],[[4.021,46.267],[4.015,46.283],[4.016,46.287],[4.028,46.291],[4.019,46.302],[4.019,46.31],[4.012,46.319],[4.003,46.323],[4.004,46.33],[4.0,46.331],[3.988,46.327],[3.984,46.33],[3.988,46.339],[3.986,46.358],[3.993,46.367],[4.001,46.37]],[[4.022,46.262],[4.021,46.267]],[[4.022,46.262],[4.023,46.264],[4.021,46.267]],[[4.022,46.258],[4.022,46.262]],[[4.048,46.218],[4.029,46.23],[4.03,46.233],[4.036,46.237],[4.037,46.241],[4.023,46.246],[4.022,46.258]],[[4.041,46.229],[4.037,46.236],[4.04,46.242],[4.036,46.245],[4.039,46.249],[4.031,46.256],[4.025,46.255],[4.022,46.258]],[[4.046,46.213],[4.048,46.218]],[[4.097,46.115],[4.105,46.134],[4.103,46.142],[4.097,46.147],[4.096,46.157],[4.083,46.178],[4.08,46.185],[4.083,46.194],[4.072,46.205],[4.048,46.218]],[[4.094,46.112],[4.097,46.115]],[[4.094,46.112],[4.096,46.114],[4.097,46.115]],[[4.112,46.069],[4.108,46.071],[4.096,46.07],[4.092,46.072],[4.104,46.088],[4.094,46.105],[4.094,46.112]]]}},{"type":"Feature","properties":{"nom":"LA LOIRE DEPUIS DIGOIN JUSQU'A LA CONFLUENCE AVEC LA BESBRE","code":"GR0005A","longueurKm":32.95743717703,"strahler":7.0},"geometry":{"type":"MultiLineString","coordinates":[[[3.846,46.525],[3.842,46.53],[3.836,46.532],[3.818,46.525],[3.809,46.519],[3.802,46.519],[3.794,46.527],[3.776,46.53],[3.767,46.538],[3.746,46.536],[3.733,46.547],[3.732,46.553]],[[3.842,46.521],[3.846,46.522],[3.846,46.525]],[[3.842,46.521],[3.846,46.525]],[[3.844,46.513],[3.839,46.517],[3.842,46.521]],[[3.852,46.514],[3.844,46.513]],[[3.852,46.514],[3.848,46.512],[3.844,46.513]],[[3.981,46.478],[3.972,46.48],[3.951,46.477],[3.947,46.483],[3.958,46.486],[3.957,46.491],[3.949,46.493],[3.932,46.491],[3.918,46.496],[3.903,46.493],[3.897,46.481],[3.891,46.481],[3.862,46.492],[3.86,46.497],[3.864,46.512],[3.858,46.516],[3.852,46.514]]]}},{"type":"Feature","properties":{"nom":"LA LOIRE DEPUIS LA CONFLUENCE DE LA BESBRE JUSQU'A LA CONFLUENCE AVEC L'ARON","code":"GR0005B","longueurKm":64.7653982529,"strahler":7.0},"geometry":{"type":"MultiLineString","coordinates":[[[3.471,46.82],[3.458,46.822],[3.456,46.831],[3.45,46.837]],[[3.48,46.812],[3.472,46.815],[3.471,46.82]],[[3.476,46.816],[3.471,46.82]],[[3.48,46.812],[3.476,46.816]],[[3.48,46.812],[3.476,46.816]],[[3.48,46.812],[3.48,46.812]],[[3.555,46.781],[3.547,46.787],[3.536,46.789],[3.531,46.793],[3.523,46.795],[3.519,46.803],[3.509,46.806],[3.5,46.812],[3.48,46.812]],[[3.566,46.78],[3.56,46.779],[3.555,46.781]],[[3.566,46.78],[3.555,46.781]],[[3.593,46.757],[3.592,46.771],[3.584,46.772],[3.575,46.769],[3.572,46.772],[3.573,46.779],[3.566,46.78]],[[3.598,46.75],[3.593,46.752],[3.593,46.757]],[[3.598,46.75],[3.593,46.757]],[[3.638,46.722],[3.64,46.728],[3.637,46.733],[3.632,46.737],[3.622,46.741],[3.622,46.745],[3.629,46.751],[3.628,46.753],[3.621,46.755],[3.614,46.754],[3.606,46.749],[3.598,46.75]],[[3.634,46.717],[3.638,46.722]],[[3.634,46.717],[3.635,46.72],[3.638,46.722]],[[3.643,46.709],[3.634,46.711],[3.634,46.717]],[[3.649,46.709],[3.646,46.709],[3.643,46.709]],[[3.649,46.709],[3.643,46.709]],[[3.721,46.62],[3.719,46.624],[3.722,46.629],[3.702,46.634],[3.702,46.644],[3.697,46.651],[3.695,46.659],[3.69,46.662],[3.682,46.662],[3.673,46.671],[3.665,46.674],[3.665,46.677],[3.673,46.68],[3.672,46.684],[3.66,46.692],[3.639,46.696],[3.64,46.701],[3.653,46.705],[3.653,46.708],[3.649,46.709]],[[3.737,46.612],[3.738,46.615],[3.731,46.62],[3.721,46.62]],[[3.731,46.61],[3.727,46.604],[3.722,46.606],[3.713,46.601],[3.708,46.602],[3.711,46.616],[3.721,46.62]],[[3.731,46.61],[3.737,46.612]],[[3.732,46.597],[3.731,46.61]],[[3.732,46.597],[3.738,46.608],[3.737,46.612]],[[3.732,46.553],[3.74,46.559],[3.743,46.567],[3.739,46.587],[3.732,46.597]]]}},{"type":"Feature","properties":{"nom":"LA RANCE DEPUIS LA CONFLUENCE DU LINON JUSQU'A L'ECLUSE DE CHATELLIER","code":"GR0016","longueurKm":18.80390701881,"strahler":6.0},"geometry":{"type":"MultiLineString","coordinates":[[[-2.014,48.419],[-2.014,48.429],[-2.03,48.427],[-2.035,48.43],[-2.04,48.437],[-2.037,48.442],[-2.04,48.45],[-2.035,48.452],[-2.038,48.456],[-2.029,48.462],[-2.026,48.468],[-2.011,48.471],[-2.005,48.474],[-2.005,48.482],[-1.998,48.484],[-2.003,48.489],[-2.002,48.491]],[[-2.014,48.416],[-2.014,48.419]],[[-2.012,48.417],[-2.014,48.419]],[[-2.014,48.416],[-2.012,48.417]],[[-2.009,48.408],[-2.014,48.416]],[[-2.009,48.408],[-2.012,48.417]],[[-2.0,48.39],[-2.004,48.394],[-2.005,48.405],[-2.009,48.408]],[[-2.0,48.39],[-2.001,48.388],[-1.999,48.388],[-2.0,48.39]]]}},{"type":"Feature","properties":{"nom":"LA LOIRE DE LA RETENUE DE LA PALISSE JUSQU'A LA CONFLUENCE AVEC LA BORNE","code":"GR0002","longueurKm":62.03179059331,"strahler":5.0},"geometry":{"type":"MultiLineString","coordinates":[[[3.908,44.997],[3.922,45.0]],[[4.089,44.786],[4.088,44.791],[4.091,44.795],[4.085,44.795],[4.086,44.798],[4.079,44.802],[4.071,44.799],[4.069,44.805],[4.062,44.804],[4.057,44.806],[4.049,44.819],[4.04,44.821],[4.041,44.826],[4.027,44.835],[4.029,44.838],[4.024,44.844],[4.01,44.849],[4.007,44.847],[4.002,44.849],[3.992,44.846],[3.983,44.856],[3.978,44.855],[3.974,44.859],[3.962,44.859],[3.957,44.863],[3.95,44.865],[3.946,44.863],[3.94,44.864],[3.935,44.862],[3.925,44.865],[3.925,44.868],[3.919,44.868],[3.923,44.872],[3.917,44.884],[3.923,44.89],[3.918,44.894],[3.917,44.901],[3.912,44.902],[3.911,44.904],[3.92,44.904],[3.922,44.909],[3.919,44.912],[3.92,44.915],[3.916,44.917],[3.917,44.92],[3.911,44.922],[3.908,44.92],[3.905,44.921],[3.907,44.924],[3.903,44.928],[3.909,44.934],[3.907,44.936],[3.901,44.936],[3.905,44.94],[3.91,44.94],[3.915,44.944],[3.918,44.94],[3.922,44.94],[3.919,44.946],[3.92,44.956],[3.927,44.957],[3.921,44.963],[3.922,44.968],[3.916,44.969],[3.909,44.977],[3.909,44.974],[3.904,44.972],[3.893,44.977],[3.888,45.003],[3.895,45.003],[3.898,44.996],[3.908,44.997]],[[3.908,44.997],[3.91,44.997],[3.922,44.998]],[[3.926,45.002],[3.926,45.009],[3.935,45.014],[3.931,45.022],[3.937,45.025],[3.934,45.031],[3.938,45.037],[3.929,45.041],[3.929,45.046],[3.914,45.057]],[[3.922,44.998],[3.926,45.002]],[[3.922,44.998],[3.922,45.0]],[[3.922,45.0],[3.926,45.002]]]}},{"type":"Feature","properties":{"nom":"LA LOIRE DEPUIS LA CONFLUENCE DE LA BORNE JUSQU'AU COMPLEXE DE GRANGENT","code":"GR0003A","longueurKm":80.29396902492,"strahler":6.0},"geometry":{"type":"MultiLineString","coordinates":[[[3.914,45.195],[3.917,45.197]],[[3.916,45.193],[3.914,45.194],[3.914,45.195]],[[3.915,45.194],[3.914,45.195]],[[3.915,45.194],[3.916,45.195]],[[3.916,45.193],[3.915,45.194]],[[3.916,45.195],[3.917,45.197]],[[3.917,45.193],[3.916,45.195]],[[3.914,45.057],[3.911,45.067],[3.901,45.068],[3.897,45.072],[3.902,45.075],[3.912,45.077],[3.911,45.081],[3.914,45.083],[3.907,45.086],[3.912,45.091],[3.899,45.094],[3.896,45.1],[3.898,45.106],[3.89,45.107],[3.892,45.111],[3.899,45.112],[3.899,45.115],[3.891,45.118],[3.893,45.12],[3.91,45.12],[3.919,45.122],[3.923,45.138],[3.93,45.143],[3.925,45.155]],[[3.917,45.193],[3.916,45.193]],[[3.927,45.161],[3.935,45.165],[3.934,45.168],[3.923,45.171],[3.92,45.176],[3.92,45.182],[3.913,45.185],[3.917,45.187],[3.921,45.184],[3.923,45.185],[3.923,45.19],[3.917,45.193]],[[3.917,45.197],[3.926,45.196],[3.929,45.201],[3.943,45.205],[3.963,45.204],[3.966,45.201],[3.963,45.201],[3.962,45.199],[3.967,45.198],[3.975,45.201],[3.988,45.202],[3.995,45.21],[4.002,45.209]],[[3.925,45.155],[3.927,45.161]],[[3.925,45.155],[3.924,45.158],[3.927,45.161]],[[4.002,45.209],[4.011,45.205],[4.014,45.206]],[[4.002,45.209],[4.014,45.206]],[[4.014,45.206],[4.018,45.21],[4.019,45.204],[4.041,45.199]],[[4.041,45.199],[4.045,45.2]],[[4.041,45.199],[4.044,45.199],[4.045,45.2]],[[4.045,45.2],[4.047,45.203],[4.042,45.212],[4.043,45.215],[4.05,45.216],[4.061,45.213],[4.063,45.216],[4.06,45.222],[4.065,45.226],[4.074,45.221],[4.086,45.232],[4.101,45.237],[4.104,45.245],[4.112,45.244],[4.118,45.247],[4.127,45.247],[4.131,45.249],[4.132,45.256],[4.142,45.256],[4.145,45.259]],[[4.118,45.303],[4.121,45.31],[4.127,45.31]],[[4.118,45.303],[4.114,45.309],[4.121,45.315]],[[4.139,45.263],[4.139,45.266],[4.134,45.266],[4.135,45.271],[4.133,45.277],[4.138,45.277],[4.145,45.281],[4.146,45.286],[4.14,45.288],[4.134,45.285],[4.118,45.292],[4.118,45.303]],[[4.118,45.303],[4.119,45.303],[4.121,45.307],[4.127,45.31]],[[4.127,45.31],[4.131,45.309],[4.135,45.313],[4.145,45.313],[4.151,45.315],[4.158,45.323],[4.154,45.329],[4.155,45.334],[4.18,45.332],[4.196,45.349],[4.192,45.351]],[[4.145,45.259],[4.139,45.263]],[[4.145,45.259],[4.144,45.261],[4.139,45.263]]]}},{"type":"Feature","properties":{"nom":"LA LOIRE DEPUIS LA CONFLUENCE DE L'ALLIER JUSQU'A GIEN","code":"GR0007A","longueurKm":199.73758311696,"strahler":8.0},"geometry":{"type":"MultiLineString","coordinates":[[[2.662,47.669],[2.651,47.671],[2.638,47.68],[2.606,47.69]],[[2.67,47.667],[2.662,47.669]],[[2.67,47.667],[2.667,47.668],[2.662,47.669]],[[2.715,47.646],[2.702,47.658],[2.68,47.663],[2.67,47.667],[2.67,47.667]],[[2.726,47.639],[2.723,47.642],[2.72,47.643],[2.715,47.646],[2.715,47.646]],[[2.726,47.639],[2.715,47.646]],[[2.734,47.634],[2.726,47.639]],[[2.738,47.621],[2.734,47.634]],[[2.738,47.621],[2.738,47.629],[2.734,47.634]],[[2.741,47.612],[2.738,47.621]],[[2.747,47.604],[2.742,47.607],[2.741,47.612]],[[2.746,47.608],[2.741,47.612]],[[2.747,47.604],[2.746,47.608]],[[2.753,47.603],[2.746,47.608]],[[2.753,47.603],[2.747,47.604]],[[2.764,47.597],[2.753,47.603]],[[2.77,47.591],[2.764,47.597]],[[2.77,47.591],[2.768,47.595],[2.764,47.597]],[[2.772,47.59],[2.77,47.591]],[[2.78,47.587],[2.772,47.59]],[[2.78,47.589],[2.772,47.59]],[[2.78,47.587],[2.78,47.589]],[[2.786,47.587],[2.78,47.589]],[[2.786,47.587],[2.78,47.587]],[[2.834,47.551],[2.804,47.58],[2.786,47.587]],[[2.837,47.545],[2.834,47.551]],[[2.837,47.549],[2.834,47.551]],[[2.837,47.545],[2.837,47.549]],[[2.849,47.536],[2.837,47.545]],[[2.847,47.54],[2.844,47.547],[2.837,47.549]],[[2.849,47.536],[2.847,47.54]],[[2.853,47.534],[2.847,47.54]],[[2.851,47.535],[2.849,47.536]],[[2.864,47.527],[2.851,47.535]],[[2.853,47.534],[2.851,47.535]],[[2.864,47.527],[2.853,47.534]],[[2.865,47.527],[2.864,47.527]],[[2.871,47.521],[2.865,47.527]],[[2.868,47.525],[2.865,47.527]],[[2.867,47.329],[2.868,47.337]],[[2.869,47.328],[2.867,47.329]],[[2.869,47.328],[2.869,47.328],[2.867,47.329]],[[2.868,47.339],[2.869,47.343]],[[2.868,47.337],[2.868,47.339]],[[2.878,47.318],[2.878,47.33],[2.868,47.339]],[[2.875,47.322],[2.874,47.331],[2.868,47.337]],[[2.871,47.521],[2.868,47.525]],[[2.876,47.519],[2.868,47.525]],[[2.869,47.343],[2.879,47.35]],[[2.869,47.343],[2.871,47.35],[2.88,47.356]],[[2.875,47.322],[2.869,47.328]],[[2.876,47.519],[2.871,47.521]],[[2.878,47.318],[2.875,47.322]],[[2.884,47.509],[2.876,47.519]],[[2.885,47.514],[2.876,47.519]],[[2.897,47.315],[2.878,47.318]],[[2.879,47.35],[2.887,47.36]],[[2.879,47.35],[2.88,47.356]],[[2.88,47.356],[2.884,47.359]],[[2.884,47.359],[2.887,47.36]],[[2.884,47.359],[2.889,47.365]],[[2.884,47.509],[2.885,47.514]],[[2.889,47.502],[2.884,47.509]],[[2.889,47.502],[2.891,47.51],[2.885,47.514]],[[2.887,47.36],[2.892,47.366]],[[2.92,47.459],[2.913,47.473],[2.898,47.482],[2.897,47.492],[2.889,47.502]],[[2.889,47.365],[2.892,47.366]],[[2.889,47.365],[2.889,47.37],[2.894,47.375]],[[2.892,47.366],[2.894,47.369]],[[2.894,47.375],[2.899,47.379]],[[2.894,47.369],[2.894,47.375]],[[2.894,47.369],[2.899,47.379]],[[2.914,47.309],[2.905,47.314],[2.897,47.315]],[[2.914,47.309],[2.904,47.31],[2.897,47.315]],[[2.899,47.379],[2.899,47.379]],[[2.899,47.379],[2.902,47.385]],[[2.899,47.379],[2.898,47.383],[2.9,47.389]],[[2.9,47.389],[2.902,47.391]],[[2.9,47.389],[2.902,47.392]],[[2.902,47.392],[2.906,47.396]],[[2.902,47.391],[2.902,47.392]],[[2.902,47.391],[2.908,47.395]],[[2.902,47.385],[2.902,47.391]],[[2.902,47.385],[2.908,47.395]],[[2.906,47.4],[2.907,47.4]],[[2.906,47.4],[2.907,47.404]],[[2.906,47.396],[2.906,47.4]],[[2.906,47.396],[2.907,47.397]],[[2.907,47.397],[2.91,47.397]],[[2.907,47.397],[2.907,47.4]],[[2.907,47.4],[2.907,47.404]],[[2.907,47.404],[2.911,47.421],[2.923,47.435],[2.926,47.447]],[[2.908,47.395],[2.91,47.397]],[[2.91,47.397],[2.92,47.408],[2.921,47.424],[2.931,47.434],[2.929,47.444]],[[2.916,47.307],[2.914,47.309]],[[2.922,47.3],[2.916,47.307]],[[2.925,47.299],[2.923,47.304],[2.916,47.307]],[[2.926,47.447],[2.92,47.459]],[[2.929,47.444],[2.92,47.459]],[[2.928,47.293],[2.922,47.3]],[[2.925,47.299],[2.922,47.3]],[[2.928,47.293],[2.925,47.299]],[[2.929,47.444],[2.926,47.447]],[[2.932,47.29],[2.928,47.293]],[[2.942,47.285],[2.936,47.286],[2.932,47.29]],[[2.94,47.288],[2.932,47.29]],[[2.942,47.285],[2.94,47.288]],[[2.956,47.278],[2.949,47.285],[2.94,47.288]],[[2.956,47.278],[2.946,47.281],[2.942,47.285]],[[2.962,47.275],[2.956,47.278]],[[2.978,47.267],[2.975,47.271],[2.966,47.275],[2.962,47.275],[2.962,47.275]],[[2.978,47.267],[2.962,47.275]],[[2.98,47.238],[2.976,47.249],[2.981,47.263],[2.978,47.267]],[[2.99,47.212],[2.983,47.216],[2.983,47.221],[2.974,47.228],[2.98,47.238]],[[2.986,47.221],[2.98,47.232],[2.98,47.238]],[[2.99,47.213],[2.985,47.217],[2.986,47.221]],[[2.99,47.213],[2.986,47.221]],[[2.99,47.212],[2.99,47.213]],[[2.991,47.21],[2.99,47.212]],[[2.993,47.201],[2.991,47.21]],[[2.993,47.201],[2.993,47.206],[2.991,47.21]],[[3.012,47.172],[3.014,47.177],[3.008,47.189],[2.993,47.201]],[[3.014,47.163],[3.01,47.166],[3.012,47.172]],[[3.014,47.168],[3.012,47.172]],[[3.014,47.163],[3.014,47.168]],[[3.021,47.158],[3.014,47.163]],[[3.021,47.158],[3.014,47.168]],[[3.017,47.073],[3.019,47.079]],[[3.017,47.073],[3.02,47.081]],[[3.017,47.071],[3.017,47.073]],[[3.019,47.065],[3.016,47.068],[3.017,47.071]],[[3.018,47.068],[3.017,47.071]],[[3.018,47.068],[3.019,47.071]],[[3.019,47.065],[3.018,47.068]],[[3.03,47.059],[3.024,47.061],[3.018,47.068]],[[3.022,47.06],[3.019,47.065]],[[3.019,47.071],[3.02,47.076]],[[3.034,47.059],[3.024,47.064],[3.019,47.071]],[[3.019,47.079],[3.02,47.081]],[[3.02,47.076],[3.019,47.079]],[[3.02,47.076],[3.029,47.086]],[[3.02,47.081],[3.02,47.081]],[[3.02,47.081],[3.029,47.086]],[[3.02,47.081],[3.031,47.094]],[[3.024,47.156],[3.021,47.158]],[[3.029,47.056],[3.022,47.06]],[[3.025,47.059],[3.022,47.06]],[[3.023,47.153],[3.024,47.156]],[[3.025,47.144],[3.023,47.153]],[[3.026,47.15],[3.023,47.153]],[[3.026,47.15],[3.024,47.156]],[[3.027,47.058],[3.025,47.059]],[[3.03,47.059],[3.025,47.059]],[[3.025,47.144],[3.026,47.15]],[[3.03,47.134],[3.025,47.144]],[[3.03,47.134],[3.026,47.15]],[[3.029,47.056],[3.027,47.058]],[[3.032,47.056],[3.027,47.058]],[[3.032,47.056],[3.029,47.056]],[[3.029,47.086],[3.031,47.088]],[[3.034,47.059],[3.03,47.059]],[[3.031,47.13],[3.03,47.134]],[[3.03,47.118],[3.031,47.119]],[[3.03,47.118],[3.031,47.13]],[[3.032,47.106],[3.03,47.118]],[[3.031,47.119],[3.033,47.122]],[[3.033,47.116],[3.031,47.119]],[[3.031,47.094],[3.032,47.095]],[[3.033,47.091],[3.031,47.094]],[[3.033,47.122],[3.031,47.13]],[[3.031,47.088],[3.034,47.093]],[[3.031,47.088],[3.033,47.091]],[[3.032,47.106],[3.033,47.116]],[[3.032,47.095],[3.032,47.106]],[[3.034,47.098],[3.032,47.106]],[[3.032,47.095],[3.034,47.098]],[[3.04,47.056],[3.032,47.056]],[[3.069,47.034],[3.065,47.039],[3.057,47.04],[3.042,47.053],[3.036,47.053],[3.032,47.056]],[[3.033,47.091],[3.034,47.093]],[[3.033,47.116],[3.033,47.122]],[[3.034,47.093],[3.034,47.098]],[[3.04,47.056],[3.034,47.059]],[[3.047,47.057],[3.034,47.059]],[[3.047,47.057],[3.04,47.056]],[[3.061,47.052],[3.047,47.057]],[[3.064,47.046],[3.061,47.052]],[[3.065,47.049],[3.061,47.052]],[[3.064,47.046],[3.065,47.049]],[[3.067,47.042],[3.064,47.046]],[[3.066,47.048],[3.065,47.049]],[[3.065,46.976],[3.066,46.981]],[[3.076,46.963],[3.065,46.967],[3.065,46.976]],[[3.072,46.969],[3.065,46.976]],[[3.077,47.026],[3.074,47.037],[3.07,47.045],[3.068,47.047],[3.066,47.048],[3.066,47.048]],[[3.067,47.042],[3.066,47.048]],[[3.066,46.981],[3.069,46.997]],[[3.072,46.969],[3.066,46.981]],[[3.067,47.008],[3.074,47.017]],[[3.069,46.997],[3.065,47.003],[3.067,47.008]],[[3.069,46.997],[3.067,47.008]],[[3.069,47.034],[3.067,47.042]],[[3.076,47.027],[3.069,47.034]],[[3.076,46.963],[3.072,46.969]],[[3.074,47.017],[3.078,47.021],[3.077,47.026]],[[3.074,47.017],[3.076,47.027]],[[3.077,47.026],[3.076,47.027]],[[3.079,46.96],[3.076,46.963]]]}},{"type":"Feature","properties":{"nom":"LA LOIRE DEPUIS LE COMPLEXE DE GRANGENT JUSQU'A LA CONFLUENCE AVEC LE FURAN","code":"GR0003C","longueurKm":7.67712929839,"strahler":6.0},"geometry":{"type":"MultiLineString","coordinates":[[[4.258,45.499],[4.259,45.502],[4.25,45.512],[4.249,45.525]],[[4.248,45.467],[4.245,45.477],[4.257,45.494]],[[4.257,45.494],[4.258,45.499]],[[4.257,45.494],[4.257,45.497],[4.258,45.499]]]}},{"type":"Feature","properties":{"nom":"LA LOIRE DEPUIS LA CONFLUENCE DU FURAN JUSQU'AU COMPLEXE DE VILLEREST","code":"GR0004A","longueurKm":49.80180502927,"strahler":6.0},"geometry":{"type":"MultiLineString","coordinates":[[[4.209,45.746],[4.195,45.758],[4.195,45.765],[4.187,45.774],[4.187,45.785],[4.183,45.791],[4.186,45.797],[4.181,45.804],[4.189,45.811],[4.185,45.815],[4.178,45.816]],[[4.212,45.653],[4.197,45.657]],[[4.197,45.657],[4.19,45.661],[4.205,45.675]],[[4.212,45.653],[4.205,45.654],[4.197,45.657]],[[4.204,45.697],[4.204,45.701],[4.21,45.708],[4.203,45.712],[4.199,45.721],[4.208,45.726]],[[4.206,45.689],[4.204,45.697]],[[4.206,45.689],[4.205,45.696],[4.204,45.697]],[[4.205,45.675],[4.208,45.678],[4.207,45.682]],[[4.205,45.675],[4.204,45.679],[4.207,45.682]],[[4.207,45.682],[4.206,45.689]],[[4.208,45.726],[4.214,45.729],[4.213,45.733]],[[4.208,45.726],[4.213,45.733]],[[4.212,45.743],[4.209,45.746]],[[4.212,45.743],[4.211,45.744],[4.209,45.746]],[[4.213,45.733],[4.212,45.743]],[[4.228,45.63],[4.223,45.647],[4.212,45.653]],[[4.228,45.621],[4.228,45.63]],[[4.228,45.621],[4.228,45.621],[4.229,45.622],[4.23,45.622],[4.228,45.63]],[[4.231,45.617],[4.228,45.621]],[[4.24,45.611],[4.24,45.614],[4.231,45.617]],[[4.24,45.611],[4.243,45.616],[4.231,45.617]],[[4.249,45.525],[4.249,45.532],[4.241,45.541],[4.241,45.544],[4.257,45.553],[4.274,45.553],[4.276,45.556],[4.259,45.575],[4.249,45.583],[4.236,45.585],[4.231,45.59],[4.23,45.597],[4.24,45.611]]]}},{"type":"Feature","properties":{"nom":"LA VILAINE DEPUIS LA CONFLUENCE DE L'ILLE JUSQU'A BESLE","code":"GR0010","longueurKm":71.47398499083,"strahler":6.0},"geometry":{"type":"MultiLineString","coordinates":[[[-1.751,48.092],[-1.753,48.076],[-1.76,48.071],[-1.759,48.067],[-1.766,48.065],[-1.767,48.059],[-1.771,48.056],[-1.766,48.047],[-1.776,48.041],[-1.773,48.032],[-1.778,48.03],[-1.773,48.025],[-1.782,48.016],[-1.785,48.007],[-1.784,48.003],[-1.763,48.002],[-1.764,47.998],[-1.751,47.996],[-1.758,47.987],[-1.744,47.964],[-1.751,47.946],[-1.75,47.94],[-1.762,47.93],[-1.754,47.925],[-1.749,47.927],[-1.746,47.924],[-1.75,47.921],[-1.764,47.922],[-1.77,47.92],[-1.758,47.9],[-1.758,47.897],[-1.787,47.89],[-1.785,47.884],[-1.778,47.876],[-1.776,47.859],[-1.782,47.849],[-1.784,47.839],[-1.791,47.835],[-1.795,47.837],[-1.813,47.834],[-1.82,47.823],[-1.834,47.815],[-1.842,47.815],[-1.846,47.811],[-1.84,47.794],[-1.847,47.785],[-1.839,47.774],[-1.846,47.769],[-1.847,47.765],[-1.841,47.763],[-1.825,47.767],[-1.818,47.762],[-1.828,47.749],[-1.842,47.741],[-1.845,47.736],[-1.844,47.734],[-1.837,47.732],[-1.838,47.727],[-1.834,47.719],[-1.838,47.707],[-1.841,47.705],[-1.861,47.708],[-1.871,47.7]],[[-1.745,48.098],[-1.746,48.094],[-1.751,48.092]],[[-1.749,48.094],[-1.751,48.092]],[[-1.747,48.096],[-1.749,48.094]],[[-1.747,48.096],[-1.748,48.095],[-1.749,48.094]],[[-1.745,48.098],[-1.747,48.096]],[[-1.743,48.099],[-1.745,48.098]],[[-1.742,48.1],[-1.743,48.099]],[[-1.742,48.1],[-1.742,48.099],[-1.743,48.099]],[[-1.713,48.106],[-1.732,48.099],[-1.739,48.101],[-1.742,48.1]],[[-1.706,48.106],[-1.711,48.107],[-1.713,48.106]],[[-1.706,48.106],[-1.713,48.106]],[[-1.697,48.108],[-1.702,48.107],[-1.705,48.107],[-1.706,48.106]]]}},{"type":"Feature","properties":{"nom":"LA LOIRE DEPUIS GIEN JUSQU'A SAINT-DENIS-EN-VAL","code":"GR0007B","longueurKm":89.44061820978,"strahler":8.0},"geometry":{"type":"MultiLineString","coordinates":[[[2.016,47.887],[2.007,47.888]],[[2.007,47.888],[2.0,47.888],[2.004,47.886],[2.012,47.886]],[[2.01,47.887],[2.007,47.888]],[[2.012,47.886],[2.01,47.887]],[[2.016,47.887],[2.011,47.887],[2.01,47.887]],[[2.021,47.885],[2.012,47.886]],[[2.021,47.885],[2.016,47.887]],[[2.034,47.856],[2.031,47.861],[2.034,47.872],[2.032,47.879],[2.021,47.885]],[[2.053,47.862],[2.043,47.854],[2.034,47.856]],[[2.053,47.862],[2.039,47.855],[2.034,47.856]],[[2.081,47.871],[2.058,47.866],[2.053,47.862]],[[2.099,47.873],[2.081,47.871]],[[2.099,47.873],[2.096,47.87],[2.081,47.871]],[[2.131,47.867],[2.114,47.872],[2.108,47.873],[2.107,47.873],[2.099,47.873]],[[2.139,47.863],[2.131,47.867]],[[2.139,47.863],[2.137,47.865],[2.131,47.867]],[[2.145,47.861],[2.139,47.863]],[[2.169,47.883],[2.15,47.869],[2.145,47.861]],[[2.162,47.857],[2.145,47.861]],[[2.174,47.851],[2.168,47.853],[2.162,47.857]],[[2.174,47.851],[2.171,47.855],[2.162,47.857]],[[2.17,47.888],[2.169,47.883]],[[2.24,47.904],[2.212,47.897],[2.208,47.894],[2.196,47.892],[2.176,47.884],[2.171,47.883],[2.17,47.883],[2.169,47.882],[2.169,47.883]],[[2.187,47.848],[2.174,47.851]],[[2.198,47.85],[2.19,47.85],[2.187,47.848]],[[2.198,47.85],[2.192,47.848],[2.19,47.848],[2.187,47.848]],[[2.276,47.83],[2.253,47.826],[2.241,47.83],[2.236,47.838],[2.243,47.851],[2.237,47.857],[2.219,47.858],[2.198,47.85]],[[2.287,47.828],[2.284,47.831],[2.276,47.83]],[[2.287,47.828],[2.276,47.83]],[[2.296,47.812],[2.296,47.822],[2.287,47.828]],[[2.29,47.805],[2.293,47.807]],[[2.29,47.805],[2.296,47.812]],[[2.299,47.789],[2.289,47.789],[2.286,47.792],[2.284,47.798],[2.29,47.805]],[[2.293,47.807],[2.296,47.812]],[[2.299,47.789],[2.29,47.796],[2.293,47.807]],[[2.483,47.748],[2.438,47.767],[2.404,47.769],[2.386,47.774],[2.378,47.773],[2.365,47.767],[2.355,47.767],[2.349,47.77],[2.341,47.781],[2.332,47.786],[2.322,47.789],[2.316,47.789],[2.302,47.788],[2.299,47.789]],[[2.493,47.735],[2.485,47.742],[2.483,47.748]],[[2.493,47.735],[2.483,47.748]],[[2.502,47.729],[2.493,47.735]],[[2.516,47.724],[2.506,47.724],[2.502,47.729]],[[2.516,47.724],[2.502,47.729]],[[2.606,47.69],[2.569,47.702],[2.534,47.723],[2.516,47.724]]]}},{"type":"Feature","properties":{"nom":"LA LOIRE DEPUIS SAINT-DENIS-EN-VAL JUSQU'A LA CONFLUENCE AVEC LE CHER","code":"GR0007C","longueurKm":224.99513887269,"strahler":8.0},"geometry":{"type":"MultiLineString","coordinates":[[[0.482,47.348],[0.479,47.344]],[[0.494,47.359],[0.482,47.348]],[[0.494,47.359],[0.486,47.354],[0.482,47.348]],[[0.513,47.363],[0.494,47.359]],[[0.53,47.368],[0.513,47.363]],[[0.526,47.365],[0.516,47.363],[0.513,47.363]],[[0.53,47.368],[0.526,47.365]],[[0.533,47.367],[0.53,47.366],[0.526,47.365],[0.526,47.365]],[[0.536,47.369],[0.53,47.368]],[[0.536,47.369],[0.533,47.367]],[[0.55,47.369],[0.543,47.367],[0.533,47.367]],[[0.544,47.37],[0.536,47.369]],[[0.554,47.373],[0.544,47.37]],[[0.55,47.369],[0.544,47.37]],[[0.551,47.37],[0.55,47.369]],[[0.554,47.373],[0.551,47.37]],[[0.558,47.373],[0.556,47.371],[0.551,47.37],[0.551,47.37]],[[0.558,47.373],[0.554,47.373]],[[0.581,47.378],[0.558,47.373]],[[0.585,47.379],[0.581,47.378]],[[0.592,47.383],[0.581,47.378]],[[0.614,47.386],[0.602,47.38],[0.585,47.379]],[[0.592,47.383],[0.585,47.379]],[[0.614,47.386],[0.592,47.383]],[[0.621,47.387],[0.614,47.386]],[[0.639,47.39],[0.621,47.387]],[[0.639,47.39],[0.63,47.386],[0.621,47.387]],[[0.642,47.39],[0.639,47.39]],[[0.659,47.395],[0.642,47.39]],[[0.659,47.395],[0.655,47.392],[0.649,47.391],[0.645,47.39],[0.642,47.39]],[[0.66,47.395],[0.659,47.395]],[[0.677,47.397],[0.66,47.395]],[[0.67,47.397],[0.66,47.395]],[[0.684,47.399],[0.67,47.397]],[[0.677,47.397],[0.67,47.397]],[[0.692,47.398],[0.677,47.397]],[[0.7,47.399],[0.694,47.402],[0.684,47.399]],[[0.692,47.398],[0.684,47.399]],[[0.7,47.399],[0.692,47.398]],[[0.706,47.399],[0.7,47.399]],[[0.722,47.402],[0.706,47.399]],[[0.714,47.398],[0.706,47.399]],[[0.726,47.402],[0.714,47.398]],[[0.736,47.401],[0.72,47.398],[0.714,47.398]],[[0.73,47.403],[0.722,47.402]],[[0.726,47.402],[0.722,47.402]],[[0.728,47.402],[0.726,47.402]],[[0.73,47.403],[0.728,47.402]],[[0.736,47.401],[0.728,47.402]],[[0.751,47.405],[0.73,47.403]],[[0.751,47.405],[0.747,47.403],[0.736,47.401]],[[0.773,47.409],[0.751,47.405]],[[0.773,47.409],[0.765,47.406],[0.76,47.405],[0.751,47.405]],[[0.779,47.409],[0.773,47.409]],[[0.797,47.403],[0.788,47.405],[0.779,47.409]],[[0.794,47.405],[0.779,47.409]],[[0.797,47.403],[0.794,47.405]],[[0.801,47.402],[0.799,47.404],[0.794,47.405]],[[0.801,47.402],[0.797,47.403]],[[0.81,47.397],[0.801,47.402]],[[0.82,47.393],[0.81,47.397]],[[0.82,47.393],[0.815,47.396],[0.81,47.397]],[[0.834,47.392],[0.82,47.393]],[[0.844,47.394],[0.834,47.392]],[[0.844,47.394],[0.841,47.392],[0.834,47.392]],[[0.857,47.396],[0.844,47.394]],[[0.857,47.396],[0.848,47.396],[0.844,47.394]],[[0.883,47.398],[0.857,47.396]],[[0.892,47.398],[0.889,47.4],[0.883,47.398]],[[0.892,47.398],[0.883,47.398]],[[0.895,47.398],[0.892,47.398]],[[0.906,47.4],[0.895,47.398]],[[0.908,47.399],[0.901,47.398],[0.895,47.398]],[[0.914,47.401],[0.906,47.4]],[[0.908,47.399],[0.906,47.4]],[[0.914,47.401],[0.908,47.399]],[[0.914,47.401],[0.914,47.401]],[[0.917,47.401],[0.914,47.401]],[[0.92,47.401],[0.914,47.401]],[[0.937,47.405],[0.917,47.401]],[[0.92,47.401],[0.917,47.401]],[[0.937,47.405],[0.931,47.402],[0.923,47.401],[0.922,47.4],[0.92,47.401]],[[0.955,47.407],[0.937,47.405]],[[0.975,47.413],[0.965,47.413],[0.955,47.407]],[[0.967,47.409],[0.958,47.407],[0.955,47.407]],[[0.975,47.413],[0.967,47.409]],[[0.975,47.413],[0.969,47.412],[0.967,47.409]],[[0.979,47.414],[0.975,47.413]],[[1.003,47.423],[0.994,47.418],[0.979,47.414]],[[1.011,47.429],[0.987,47.421],[0.979,47.414]],[[1.011,47.427],[1.003,47.423]],[[1.011,47.429],[1.003,47.423]],[[1.019,47.431],[1.011,47.427]],[[1.012,47.429],[1.011,47.427]],[[1.013,47.43],[1.011,47.429]],[[1.019,47.431],[1.012,47.429]],[[1.013,47.43],[1.012,47.429]],[[1.024,47.436],[1.013,47.43]],[[1.024,47.436],[1.019,47.431]],[[1.057,47.446],[1.024,47.436]],[[1.073,47.454],[1.067,47.449],[1.057,47.446]],[[1.073,47.454],[1.057,47.446]],[[1.08,47.458],[1.073,47.454]],[[1.095,47.463],[1.085,47.463],[1.08,47.458]],[[1.095,47.463],[1.09,47.462],[1.081,47.458],[1.08,47.458]],[[1.099,47.464],[1.095,47.463]],[[1.115,47.466],[1.099,47.464]],[[1.115,47.466],[1.109,47.467],[1.099,47.464]],[[1.129,47.471],[1.115,47.466]],[[1.148,47.476],[1.14,47.472],[1.129,47.471]],[[1.148,47.476],[1.129,47.471]],[[1.489,47.659],[1.465,47.654],[1.436,47.652],[1.425,47.646],[1.41,47.633],[1.375,47.61],[1.365,47.599],[1.308,47.568],[1.282,47.538],[1.254,47.521],[1.246,47.5],[1.24,47.495],[1.227,47.492],[1.206,47.492],[1.176,47.48],[1.148,47.476]],[[1.499,47.661],[1.489,47.659]],[[1.497,47.663],[1.492,47.662],[1.489,47.659]],[[1.529,47.676],[1.527,47.677],[1.522,47.677],[1.516,47.672],[1.502,47.668],[1.497,47.663]],[[1.499,47.661],[1.497,47.663]],[[1.529,47.676],[1.499,47.661]],[[1.546,47.683],[1.529,47.676]],[[1.554,47.688],[1.546,47.683]],[[1.554,47.688],[1.553,47.684],[1.55,47.683],[1.546,47.683]],[[1.576,47.7],[1.554,47.688]],[[1.576,47.711],[1.581,47.704],[1.576,47.7]],[[1.576,47.711],[1.576,47.7]],[[1.629,47.76],[1.616,47.737],[1.574,47.723],[1.572,47.719],[1.576,47.711]],[[1.633,47.767],[1.629,47.76]],[[1.632,47.769],[1.629,47.76]],[[1.636,47.776],[1.632,47.769]],[[1.632,47.769],[1.633,47.767]],[[1.636,47.776],[1.633,47.767]],[[1.657,47.787],[1.648,47.784],[1.636,47.776]],[[1.668,47.789],[1.662,47.787],[1.657,47.787]],[[1.668,47.789],[1.657,47.787]],[[1.703,47.825],[1.683,47.794],[1.676,47.79],[1.668,47.789]],[[1.709,47.83],[1.703,47.825]],[[1.709,47.83],[1.708,47.827],[1.705,47.826],[1.703,47.825],[1.703,47.825]],[[1.71,47.83],[1.709,47.83]],[[1.716,47.835],[1.71,47.83]],[[1.716,47.835],[1.712,47.833],[1.71,47.83]],[[1.748,47.851],[1.729,47.844],[1.716,47.835]],[[1.756,47.855],[1.748,47.851]],[[1.756,47.855],[1.751,47.854],[1.748,47.851]],[[1.758,47.856],[1.756,47.855]],[[1.766,47.861],[1.764,47.857],[1.758,47.856]],[[1.766,47.861],[1.758,47.856]],[[1.771,47.863],[1.766,47.861]],[[1.777,47.865],[1.771,47.863]],[[1.782,47.864],[1.775,47.863],[1.771,47.863]],[[1.79,47.865],[1.784,47.866],[1.777,47.865]],[[1.782,47.864],[1.777,47.865]],[[1.79,47.865],[1.786,47.864],[1.782,47.864],[1.782,47.864]],[[1.845,47.887],[1.832,47.878],[1.804,47.866],[1.79,47.865]],[[1.859,47.892],[1.845,47.887]],[[1.859,47.892],[1.85,47.89],[1.845,47.887]],[[1.871,47.895],[1.859,47.892]],[[1.886,47.897],[1.871,47.895]],[[1.886,47.897],[1.88,47.895],[1.871,47.895]],[[1.887,47.897],[1.886,47.897]],[[1.907,47.897],[1.887,47.897]],[[1.899,47.895],[1.887,47.897]],[[1.904,47.896],[1.899,47.895]],[[1.902,47.895],[1.899,47.895]],[[1.904,47.896],[1.902,47.895]],[[1.905,47.895],[1.902,47.895]],[[1.904,47.896],[1.904,47.896]],[[1.907,47.897],[1.904,47.896]],[[1.905,47.895],[1.904,47.896]],[[1.91,47.895],[1.905,47.895]],[[1.91,47.897],[1.907,47.897]],[[1.934,47.9],[1.91,47.897]],[[1.913,47.896],[1.91,47.897]],[[1.913,47.896],[1.91,47.895]],[[1.913,47.896],[1.911,47.895],[1.91,47.895]],[[1.913,47.896],[1.913,47.896]],[[1.925,47.895],[1.913,47.896]],[[1.934,47.9],[1.925,47.895]],[[1.955,47.901],[1.945,47.895],[1.925,47.895]],[[1.935,47.9],[1.934,47.9]],[[1.942,47.902],[1.935,47.9]],[[1.942,47.902],[1.938,47.9],[1.935,47.9]],[[1.945,47.902],[1.942,47.902]],[[1.95,47.903],[1.945,47.902]],[[1.948,47.902],[1.945,47.902]],[[1.95,47.903],[1.948,47.902]],[[1.953,47.902],[1.951,47.902],[1.95,47.902],[1.948,47.902]],[[1.958,47.903],[1.95,47.903]],[[1.957,47.903],[1.953,47.902]],[[1.955,47.901],[1.953,47.902]],[[1.97,47.9],[1.955,47.901]],[[1.958,47.903],[1.957,47.903]],[[1.966,47.903],[1.957,47.903]],[[1.966,47.903],[1.958,47.903]],[[1.969,47.903],[1.966,47.903]],[[1.97,47.9],[1.969,47.903]],[[1.974,47.902],[1.969,47.903]],[[1.979,47.899],[1.97,47.9]],[[1.979,47.899],[1.974,47.902]],[[1.983,47.898],[1.981,47.901],[1.974,47.902]],[[1.983,47.898],[1.979,47.899]],[[2.0,47.888],[1.983,47.898]]]}},{"type":"Feature","properties":{"nom":"LA VILAINE DEPUIS BESLE JUSQU'A L'AMONT DE LA RETENUE D'ARZAL","code":"GR0011B","longueurKm":58.61867426736,"strahler":6.0},"geometry":{"type":"MultiLineString","coordinates":[[[-2.135,47.586],[-2.141,47.588],[-2.159,47.585],[-2.171,47.589],[-2.182,47.584],[-2.199,47.591],[-2.212,47.586],[-2.229,47.586],[-2.238,47.577],[-2.25,47.576]],[[-2.108,47.578],[-2.109,47.582],[-2.121,47.587],[-2.129,47.588],[-2.135,47.586]],[[-2.108,47.578],[-2.122,47.578],[-2.135,47.586]],[[-2.097,47.598],[-2.103,47.595],[-2.104,47.591],[-2.1,47.58],[-2.103,47.578],[-2.108,47.578]],[[-2.093,47.63],[-2.099,47.609]],[[-2.099,47.609],[-2.097,47.598]],[[-2.085,47.608],[-2.099,47.609]],[[-2.085,47.608],[-2.087,47.603],[-2.097,47.598]],[[-2.039,47.67],[-2.049,47.662],[-2.05,47.657],[-2.067,47.65],[-2.075,47.652],[-2.083,47.649],[-2.097,47.631],[-2.093,47.63]],[[-2.093,47.63],[-2.085,47.621],[-2.085,47.608]],[[-2.007,47.673],[-2.02,47.674],[-2.035,47.672],[-2.039,47.67]],[[-2.007,47.673],[-2.013,47.666],[-2.029,47.667],[-2.039,47.67]],[[-1.99,47.68],[-2.007,47.673]],[[-1.969,47.673],[-1.98,47.681],[-1.98,47.681],[-1.988,47.68],[-1.99,47.68]],[[-1.969,47.673],[-1.969,47.689],[-1.973,47.694],[-1.99,47.68]],[[-1.926,47.689],[-1.94,47.685],[-1.955,47.672],[-1.962,47.671],[-1.969,47.673]],[[-1.913,47.691],[-1.926,47.689]],[[-1.913,47.691],[-1.92,47.686],[-1.926,47.689]],[[-1.871,47.7],[-1.878,47.695],[-1.896,47.696],[-1.913,47.691]]]}},{"type":"Feature","properties":{"nom":"LE COUESNON DEPUIS LA CONFLUENCE DE LA LOISANCE JUSQU'AU BARRAGE DU BEAUVOIR","code":"GR0012","longueurKm":18.47162079775,"strahler":5.0},"geometry":{"type":"MultiLineString","coordinates":[[[-1.517,48.529],[-1.519,48.535],[-1.511,48.542],[-1.512,48.547],[-1.518,48.546],[-1.514,48.552],[-1.516,48.557]],[[-1.506,48.516],[-1.512,48.514],[-1.512,48.519],[-1.521,48.526],[-1.521,48.529],[-1.517,48.529]],[[-1.506,48.516],[-1.504,48.519],[-1.512,48.524],[-1.511,48.527],[-1.515,48.53],[-1.516,48.529],[-1.517,48.529],[-1.517,48.529]],[[-1.49,48.496],[-1.496,48.509],[-1.503,48.517],[-1.506,48.516]],[[-1.486,48.487],[-1.49,48.488],[-1.49,48.496]],[[-1.486,48.487],[-1.482,48.487],[-1.484,48.491],[-1.49,48.496]],[[-1.486,48.47],[-1.485,48.476],[-1.488,48.478],[-1.486,48.487]]]}},{"type":"Feature","properties":{"nom":"LE COUESNON DEPUIS LA CONFLUENCE DU NANCON JUSQU'A LA CONFLUENCE AVEC LA LOISANCE","code":"GR0013","longueurKm":63.11934342129,"strahler":5.0},"geometry":{"type":"MultiLineString","coordinates":[[[-1.503,48.365],[-1.507,48.385],[-1.5,48.388],[-1.509,48.394],[-1.507,48.398],[-1.51,48.401],[-1.504,48.405],[-1.515,48.417],[-1.508,48.418],[-1.505,48.421],[-1.508,48.427]],[[-1.503,48.363],[-1.503,48.365]],[[-1.503,48.363],[-1.503,48.365],[-1.503,48.365]],[[-1.368,48.295],[-1.374,48.296],[-1.376,48.299],[-1.392,48.304],[-1.397,48.302],[-1.401,48.304],[-1.406,48.303],[-1.413,48.312],[-1.418,48.31],[-1.43,48.312],[-1.432,48.314],[-1.439,48.314],[-1.441,48.317],[-1.456,48.32],[-1.47,48.32],[-1.478,48.322],[-1.483,48.327],[-1.478,48.329],[-1.482,48.332],[-1.479,48.337],[-1.482,48.342],[-1.479,48.345],[-1.489,48.347],[-1.482,48.352],[-1.494,48.361],[-1.503,48.363]],[[-1.509,48.436],[-1.506,48.44]],[[-1.508,48.427],[-1.515,48.434],[-1.509,48.436]],[[-1.508,48.427],[-1.509,48.436]],[[-1.506,48.44],[-1.493,48.459]],[[-1.506,48.44],[-1.504,48.44],[-1.501,48.442],[-1.496,48.447],[-1.493,48.459]],[[-1.493,48.459],[-1.495,48.462],[-1.492,48.466],[-1.495,48.468],[-1.486,48.47]],[[-1.36,48.292],[-1.366,48.292],[-1.368,48.295]],[[-1.36,48.292],[-1.368,48.295]],[[-1.34,48.289],[-1.348,48.292],[-1.36,48.292]],[[-1.331,48.291],[-1.335,48.288],[-1.34,48.289]],[[-1.331,48.291],[-1.333,48.292],[-1.335,48.29],[-1.336,48.291],[-1.336,48.29],[-1.339,48.29],[-1.34,48.289],[-1.34,48.289]],[[-1.303,48.302],[-1.308,48.301],[-1.316,48.302],[-1.322,48.291],[-1.331,48.291]],[[-1.297,48.307],[-1.303,48.302]],[[-1.297,48.307],[-1.299,48.303],[-1.301,48.302],[-1.303,48.302]],[[-1.211,48.33],[-1.217,48.328],[-1.222,48.332],[-1.226,48.329],[-1.225,48.326],[-1.229,48.324],[-1.237,48.328],[-1.235,48.324],[-1.238,48.321],[-1.245,48.324],[-1.25,48.317],[-1.258,48.314],[-1.264,48.315],[-1.263,48.316],[-1.269,48.316],[-1.268,48.31],[-1.271,48.308],[-1.276,48.309],[-1.281,48.306],[-1.294,48.309],[-1.297,48.307]]]}},{"type":"Feature","properties":{"nom":"LA RANCE DEPUIS LA RETENUE DE ROPHEMEL JUSQU'A LA CONFLUENCE AVEC LE LINON","code":"GR0015","longueurKm":18.11742830335,"strahler":5.0},"geometry":{"type":"MultiLineString","coordinates":[[[-2.062,48.327],[-2.059,48.329]],[[-2.061,48.323],[-2.065,48.323],[-2.066,48.326],[-2.065,48.328],[-2.062,48.327]],[[-2.061,48.323],[-2.062,48.327]],[[-2.061,48.32],[-2.061,48.323]],[[-2.059,48.329],[-2.06,48.331],[-2.056,48.332]],[[-2.059,48.329],[-2.048,48.328],[-2.038,48.335],[-2.035,48.343]],[[-2.056,48.332],[-2.05,48.333]],[[-2.056,48.332],[-2.051,48.331],[-2.05,48.333]],[[-2.05,48.333],[-2.042,48.337],[-2.041,48.342],[-2.035,48.343]],[[-2.035,48.343],[-2.024,48.347],[-2.027,48.353],[-2.017,48.358]],[[-2.017,48.358],[-2.01,48.363]],[[-2.017,48.358],[-2.017,48.364],[-2.01,48.363]],[[-2.01,48.363],[-2.007,48.363],[-2.002,48.372],[-1.994,48.378],[-1.993,48.381],[-1.999,48.385],[-1.999,48.388]]]}},{"type":"Feature","properties":{"nom":"LA LOIRE DEPUIS LA CONFLUENCE DU CHER JUSQU'A LA CONFLUENCE AVEC LA VIENNE","code":"GR0007D","longueurKm":78.47559783184,"strahler":8.0},"geometry":{"type":"MultiLineString","coordinates":[[[0.072,47.215],[0.072,47.215]],[[0.085,47.216],[0.072,47.215]],[[0.085,47.216],[0.078,47.215],[0.072,47.215]],[[0.094,47.219],[0.085,47.216]],[[0.107,47.224],[0.098,47.223],[0.094,47.219]],[[0.107,47.224],[0.099,47.221],[0.094,47.219],[0.094,47.219]],[[0.114,47.227],[0.107,47.224]],[[0.12,47.23],[0.114,47.227]],[[0.127,47.235],[0.119,47.233],[0.114,47.227]],[[0.127,47.235],[0.12,47.23]],[[0.153,47.237],[0.132,47.235],[0.128,47.233],[0.124,47.231],[0.12,47.23],[0.12,47.23]],[[0.153,47.237],[0.139,47.238],[0.127,47.235]],[[0.177,47.238],[0.169,47.239],[0.153,47.237]],[[0.167,47.235],[0.153,47.237]],[[0.177,47.238],[0.167,47.235]],[[0.182,47.234],[0.167,47.235]],[[0.188,47.237],[0.177,47.238]],[[0.188,47.237],[0.182,47.234]],[[0.195,47.238],[0.192,47.234],[0.194,47.232],[0.182,47.234]],[[0.195,47.238],[0.188,47.237]],[[0.198,47.239],[0.195,47.238]],[[0.203,47.24],[0.198,47.239]],[[0.21,47.24],[0.204,47.239],[0.198,47.239]],[[0.208,47.242],[0.203,47.24]],[[0.21,47.24],[0.203,47.24],[0.203,47.24]],[[0.215,47.243],[0.208,47.242]],[[0.224,47.247],[0.208,47.242]],[[0.215,47.243],[0.21,47.24]],[[0.224,47.247],[0.215,47.243]],[[0.229,47.248],[0.224,47.247]],[[0.248,47.252],[0.242,47.25],[0.235,47.249],[0.232,47.249],[0.23,47.248],[0.229,47.248]],[[0.239,47.252],[0.229,47.248]],[[0.254,47.256],[0.239,47.252]],[[0.248,47.252],[0.241,47.252],[0.239,47.252]],[[0.254,47.256],[0.248,47.252]],[[0.267,47.261],[0.254,47.256]],[[0.278,47.263],[0.267,47.261]],[[0.288,47.263],[0.28,47.261],[0.267,47.261]],[[0.291,47.266],[0.285,47.266],[0.278,47.263]],[[0.288,47.263],[0.284,47.263],[0.278,47.263]],[[0.312,47.271],[0.301,47.266],[0.288,47.263]],[[0.291,47.266],[0.288,47.263]],[[0.301,47.27],[0.291,47.266]],[[0.305,47.27],[0.301,47.27]],[[0.305,47.272],[0.301,47.27]],[[0.32,47.277],[0.309,47.276],[0.305,47.272]],[[0.305,47.272],[0.305,47.27]],[[0.312,47.271],[0.305,47.27]],[[0.32,47.276],[0.312,47.271]],[[0.323,47.283],[0.32,47.277]],[[0.32,47.277],[0.32,47.276]],[[0.327,47.282],[0.32,47.276]],[[0.329,47.285],[0.323,47.283]],[[0.331,47.287],[0.323,47.283]],[[0.349,47.296],[0.339,47.287],[0.327,47.282]],[[0.329,47.285],[0.327,47.282]],[[0.331,47.287],[0.329,47.285]],[[0.333,47.289],[0.331,47.287]],[[0.344,47.296],[0.333,47.289]],[[0.344,47.296],[0.339,47.294],[0.333,47.289]],[[0.349,47.296],[0.344,47.296]],[[0.357,47.298],[0.349,47.296]],[[0.37,47.303],[0.357,47.298]],[[0.37,47.303],[0.36,47.301],[0.357,47.298]],[[0.392,47.314],[0.37,47.303]],[[0.401,47.318],[0.392,47.314]],[[0.401,47.318],[0.394,47.318],[0.392,47.314]],[[0.402,47.319],[0.401,47.318]],[[0.433,47.322],[0.411,47.317],[0.406,47.318],[0.404,47.319],[0.402,47.319]],[[0.408,47.321],[0.402,47.319]],[[0.411,47.322],[0.408,47.321]],[[0.416,47.32],[0.408,47.321]],[[0.425,47.321],[0.418,47.323],[0.411,47.322]],[[0.411,47.322],[0.416,47.32]],[[0.425,47.321],[0.421,47.32],[0.416,47.32]],[[0.433,47.322],[0.429,47.321],[0.425,47.321]],[[0.451,47.325],[0.433,47.322]],[[0.457,47.33],[0.44,47.326],[0.433,47.322]],[[0.453,47.327],[0.451,47.325]],[[0.472,47.34],[0.473,47.337],[0.468,47.333],[0.458,47.326],[0.454,47.325],[0.451,47.325]],[[0.463,47.334],[0.463,47.332],[0.453,47.327]],[[0.457,47.33],[0.453,47.327]],[[0.463,47.334],[0.457,47.33]],[[0.472,47.34],[0.463,47.334]],[[0.479,47.344],[0.472,47.34]]]}},{"type":"Feature","properties":{"nom":"LA LOIRE DEPUIS LA CONFLUENCE DE LA VIENNE JUSQU'A LA CONFLUENCE AVEC LA MAINE","code":"GR0007E","longueurKm":134.94643931079,"strahler":8.0},"geometry":{"type":"MultiLineString","coordinates":[[[-0.612,47.411],[-0.617,47.408]],[[-0.591,47.415],[-0.612,47.411]],[[-0.591,47.415],[-0.604,47.414],[-0.612,47.411]],[[-0.585,47.416],[-0.591,47.415]],[[-0.537,47.425],[-0.543,47.425],[-0.559,47.419],[-0.585,47.416]],[[-0.552,47.417],[-0.568,47.413],[-0.585,47.416]],[[-0.541,47.419],[-0.552,47.417]],[[-0.541,47.419],[-0.548,47.42],[-0.552,47.417]],[[-0.525,47.421],[-0.541,47.419]],[[-0.502,47.419],[-0.521,47.428],[-0.537,47.425]],[[-0.525,47.421],[-0.537,47.425]],[[-0.508,47.419],[-0.525,47.421]],[[-0.502,47.419],[-0.508,47.419]],[[-0.48,47.416],[-0.498,47.414],[-0.508,47.419]],[[-0.48,47.416],[-0.502,47.419]],[[-0.47,47.417],[-0.48,47.416]],[[-0.462,47.417],[-0.47,47.417]],[[-0.45,47.414],[-0.457,47.412],[-0.47,47.417]],[[-0.44,47.414],[-0.451,47.419],[-0.462,47.417]],[[-0.455,47.416],[-0.462,47.417]],[[-0.443,47.414],[-0.448,47.416],[-0.455,47.416]],[[-0.45,47.414],[-0.455,47.416]],[[-0.443,47.414],[-0.447,47.414],[-0.45,47.414]],[[-0.44,47.414],[-0.443,47.414]],[[-0.44,47.414],[-0.44,47.414]],[[-0.425,47.417],[-0.44,47.414]],[[-0.432,47.413],[-0.44,47.414]],[[-0.425,47.417],[-0.432,47.413]],[[-0.407,47.417],[-0.417,47.413],[-0.424,47.413],[-0.432,47.413]],[[-0.404,47.417],[-0.425,47.417]],[[-0.404,47.417],[-0.407,47.417]],[[-0.353,47.41],[-0.357,47.407],[-0.365,47.409],[-0.384,47.407],[-0.407,47.417]],[[-0.392,47.418],[-0.404,47.417]],[[-0.38,47.416],[-0.386,47.419],[-0.392,47.418]],[[-0.38,47.416],[-0.387,47.416],[-0.392,47.418]],[[-0.354,47.413],[-0.38,47.416]],[[-0.353,47.41],[-0.354,47.413]],[[-0.343,47.411],[-0.354,47.413]],[[-0.335,47.408],[-0.348,47.407],[-0.353,47.41]],[[-0.335,47.408],[-0.343,47.411]],[[-0.331,47.408],[-0.343,47.411]],[[-0.331,47.408],[-0.335,47.408]],[[-0.273,47.386],[-0.29,47.399],[-0.306,47.405],[-0.331,47.408]],[[-0.268,47.38],[-0.272,47.383],[-0.273,47.386]],[[-0.268,47.38],[-0.273,47.386]],[[-0.248,47.356],[-0.259,47.366],[-0.268,47.38]],[[-0.227,47.345],[-0.239,47.348],[-0.248,47.356]],[[-0.224,47.344],[-0.229,47.349],[-0.248,47.356]],[[-0.213,47.338],[-0.221,47.339],[-0.227,47.345]],[[-0.224,47.344],[-0.227,47.345]],[[-0.219,47.342],[-0.224,47.344]],[[-0.213,47.338],[-0.219,47.342]],[[-0.202,47.336],[-0.21,47.341],[-0.219,47.342]],[[-0.211,47.337],[-0.213,47.338]],[[-0.202,47.333],[-0.211,47.337]],[[-0.202,47.336],[-0.211,47.337]],[[-0.202,47.333],[-0.202,47.336]],[[-0.198,47.334],[-0.202,47.336]],[[-0.192,47.328],[-0.202,47.333]],[[-0.192,47.328],[-0.198,47.334]],[[-0.18,47.327],[-0.198,47.334]],[[-0.173,47.32],[-0.182,47.321],[-0.192,47.328]],[[-0.173,47.32],[-0.179,47.323],[-0.18,47.327]],[[-0.162,47.319],[-0.18,47.327]],[[-0.162,47.319],[-0.173,47.32]],[[-0.16,47.317],[-0.162,47.319]],[[-0.147,47.307],[-0.156,47.312],[-0.16,47.317]],[[-0.149,47.31],[-0.16,47.317]],[[-0.147,47.307],[-0.149,47.31]],[[-0.14,47.302],[-0.142,47.308],[-0.149,47.31]],[[-0.14,47.302],[-0.147,47.307]],[[-0.139,47.299],[-0.14,47.302]],[[-0.133,47.297],[-0.14,47.302]],[[-0.122,47.288],[-0.134,47.293],[-0.139,47.299]],[[-0.128,47.294],[-0.139,47.299]],[[-0.128,47.294],[-0.133,47.297]],[[-0.121,47.293],[-0.133,47.297]],[[-0.128,47.294],[-0.128,47.294]],[[-0.122,47.288],[-0.128,47.294]],[[-0.121,47.293],[-0.128,47.294]],[[-0.104,47.277],[-0.122,47.288]],[[-0.11,47.288],[-0.121,47.293]],[[-0.11,47.288],[-0.116,47.292],[-0.121,47.293]],[[-0.104,47.283],[-0.11,47.288]],[[-0.085,47.268],[-0.092,47.27],[-0.104,47.277]],[[-0.101,47.277],[-0.104,47.277]],[[-0.101,47.277],[-0.104,47.283]],[[-0.096,47.276],[-0.104,47.283]],[[-0.096,47.276],[-0.101,47.277]],[[-0.093,47.274],[-0.096,47.276]],[[-0.085,47.268],[-0.093,47.274]],[[-0.055,47.257],[-0.076,47.269],[-0.093,47.274]],[[-0.069,47.258],[-0.085,47.268]],[[-0.05,47.253],[-0.06,47.253],[-0.069,47.258]],[[-0.055,47.257],[-0.069,47.258]],[[-0.05,47.253],[-0.055,47.257]],[[-0.036,47.251],[-0.055,47.257]],[[-0.039,47.251],[-0.05,47.253]],[[-0.036,47.251],[-0.039,47.251]],[[-0.027,47.244],[-0.039,47.251]],[[0.003,47.242],[-0.018,47.249],[-0.036,47.251]],[[-0.018,47.242],[-0.022,47.244],[-0.027,47.244]],[[-0.022,47.243],[-0.027,47.244]],[[-0.018,47.242],[-0.021,47.243],[-0.022,47.243]],[[-0.012,47.239],[-0.022,47.243]],[[-0.012,47.239],[-0.018,47.242]],[[0.008,47.238],[-0.007,47.237],[-0.012,47.239]],[[0.008,47.238],[0.003,47.242]],[[0.027,47.233],[0.003,47.242]],[[0.027,47.233],[0.014,47.234],[0.008,47.238]],[[0.038,47.229],[0.027,47.233]],[[0.057,47.22],[0.038,47.229]],[[0.057,47.22],[0.047,47.227],[0.038,47.229]],[[0.072,47.215],[0.057,47.22]]]}},{"type":"Feature","properties":{"nom":"LA LOIRE DEPUIS LA CONFLUENCE DE LA MAINE JUSQU'A ANCENIS","code":"GR0007F","longueurKm":107.94895375341,"strahler":8.0},"geometry":{"type":"MultiLineString","coordinates":[[[-1.168,47.366],[-1.168,47.366]],[[-1.15,47.371],[-1.168,47.366]],[[-1.138,47.37],[-1.156,47.365],[-1.168,47.366]],[[-1.138,47.37],[-1.144,47.371],[-1.147,47.371],[-1.15,47.371]],[[-1.101,47.369],[-1.122,47.375],[-1.133,47.372],[-1.145,47.373],[-1.15,47.371]],[[-1.119,47.367],[-1.129,47.367],[-1.138,47.37]],[[-1.101,47.369],[-1.119,47.367]],[[-1.092,47.37],[-1.107,47.366],[-1.119,47.367]],[[-1.092,47.37],[-1.101,47.369],[-1.101,47.369]],[[-1.066,47.37],[-1.075,47.371],[-1.092,47.37]],[[-1.054,47.371],[-1.065,47.372],[-1.066,47.37]],[[-1.064,47.37],[-1.066,47.37]],[[-1.054,47.371],[-1.064,47.37]],[[-1.055,47.368],[-1.064,47.37]],[[-1.043,47.37],[-1.055,47.368]],[[-1.027,47.366],[-1.041,47.365],[-1.055,47.368]],[[-1.043,47.37],[-1.054,47.371]],[[-1.014,47.371],[-1.043,47.37]],[[-1.014,47.371],[-1.027,47.366]],[[-0.966,47.376],[-0.975,47.371],[-0.987,47.371],[-1.005,47.364],[-1.027,47.366]],[[-0.966,47.376],[-0.989,47.376],[-1.014,47.371]],[[-0.965,47.377],[-0.966,47.376]],[[-0.951,47.378],[-0.954,47.376],[-0.963,47.377],[-0.965,47.377]],[[-0.962,47.378],[-0.965,47.377]],[[-0.951,47.378],[-0.953,47.377],[-0.958,47.379],[-0.962,47.378]],[[-0.961,47.379],[-0.962,47.378]],[[-0.949,47.38],[-0.961,47.379]],[[-0.929,47.398],[-0.961,47.379]],[[-0.949,47.38],[-0.951,47.378]],[[-0.929,47.398],[-0.938,47.385],[-0.949,47.38]],[[-0.861,47.393],[-0.911,47.403],[-0.929,47.398]],[[-0.859,47.391],[-0.861,47.393]],[[-0.847,47.394],[-0.857,47.393],[-0.861,47.393]],[[-0.851,47.388],[-0.859,47.391]],[[-0.851,47.388],[-0.854,47.39],[-0.859,47.391]],[[-0.839,47.384],[-0.851,47.388]],[[-0.837,47.392],[-0.843,47.394],[-0.847,47.394]],[[-0.837,47.392],[-0.847,47.394]],[[-0.829,47.376],[-0.839,47.384]],[[-0.825,47.376],[-0.839,47.384]],[[-0.834,47.39],[-0.837,47.392]],[[-0.798,47.38],[-0.825,47.383],[-0.834,47.39]],[[-0.827,47.389],[-0.834,47.39]],[[-0.825,47.376],[-0.829,47.376]],[[-0.829,47.375],[-0.829,47.376]],[[-0.799,47.381],[-0.827,47.389]],[[-0.817,47.375],[-0.825,47.376]],[[-0.811,47.37],[-0.817,47.375]],[[-0.811,47.37],[-0.815,47.373],[-0.817,47.375]],[[-0.722,47.361],[-0.738,47.357],[-0.753,47.351],[-0.783,47.362],[-0.811,47.37]],[[-0.798,47.38],[-0.799,47.381]],[[-0.778,47.374],[-0.798,47.38]],[[-0.768,47.369],[-0.778,47.374]],[[-0.758,47.369],[-0.769,47.373],[-0.778,47.374]],[[-0.728,47.362],[-0.754,47.362],[-0.768,47.369]],[[-0.758,47.369],[-0.768,47.369]],[[-0.728,47.362],[-0.758,47.369]],[[-0.722,47.361],[-0.728,47.362]],[[-0.679,47.37],[-0.698,47.364],[-0.722,47.361]],[[-0.654,47.372],[-0.656,47.369],[-0.665,47.366],[-0.671,47.367],[-0.673,47.365],[-0.704,47.357],[-0.722,47.361]],[[-0.654,47.372],[-0.665,47.369],[-0.673,47.37],[-0.675,47.37],[-0.679,47.37]],[[-0.627,47.395],[-0.651,47.377],[-0.664,47.377],[-0.679,47.37]],[[-0.627,47.395],[-0.636,47.381],[-0.654,47.372]],[[-0.617,47.408],[-0.627,47.395]]]}},{"type":"Feature","properties":{"nom":"LA VILAINE DEPUIS LA RETENUE DE LA CHAPELLE-ERBREE JUSQU'A LA CONFLUENCE AVEC LA CANTACHE","code":"GR0009A","longueurKm":20.73503478827,"strahler":5.0},"geometry":{"type":"MultiLineString","coordinates":[[[-1.285,48.109],[-1.293,48.115],[-1.299,48.115]],[[-1.281,48.108],[-1.285,48.109],[-1.285,48.109],[-1.285,48.109],[-1.285,48.109]],[[-1.281,48.108],[-1.284,48.11],[-1.285,48.109]],[[-1.276,48.108],[-1.277,48.108],[-1.281,48.108]],[[-1.274,48.108],[-1.275,48.108],[-1.276,48.108]],[[-1.274,48.108],[-1.276,48.108]],[[-1.192,48.129],[-1.199,48.131],[-1.206,48.127],[-1.22,48.125],[-1.226,48.12],[-1.233,48.118],[-1.233,48.115],[-1.251,48.113],[-1.256,48.104],[-1.262,48.104],[-1.264,48.1],[-1.272,48.102],[-1.274,48.108]],[[-1.185,48.131],[-1.189,48.129],[-1.192,48.129]],[[-1.185,48.131],[-1.192,48.129]],[[-1.127,48.146],[-1.142,48.145],[-1.152,48.142],[-1.157,48.144],[-1.165,48.138],[-1.175,48.138],[-1.177,48.134],[-1.183,48.134],[-1.185,48.131]]]}},{"type":"Feature","properties":{"nom":"LA VILAINE DEPUIS LA CONFLUENCE DE LA CANTACHE JUSQU'A LA CONFLUENCE AVEC L'ILLE","code":"GR0009B","longueurKm":47.4579581138,"strahler":5.0},"geometry":{"type":"MultiLineString","coordinates":[[[-1.673,48.11],[-1.697,48.108]],[[-1.668,48.107],[-1.673,48.11]],[[-1.668,48.109],[-1.673,48.11]],[[-1.668,48.107],[-1.668,48.109]],[[-1.664,48.107],[-1.668,48.109]],[[-1.664,48.107],[-1.668,48.107]],[[-1.586,48.127],[-1.585,48.125],[-1.592,48.118],[-1.605,48.116],[-1.618,48.11],[-1.629,48.11],[-1.641,48.112],[-1.652,48.11],[-1.654,48.107],[-1.664,48.107]],[[-1.484,48.114],[-1.487,48.114],[-1.488,48.119],[-1.494,48.122],[-1.502,48.119],[-1.517,48.12],[-1.526,48.132],[-1.538,48.13],[-1.546,48.122],[-1.555,48.119],[-1.557,48.123],[-1.562,48.123],[-1.57,48.126],[-1.57,48.134],[-1.574,48.139],[-1.585,48.138],[-1.588,48.131]],[[-1.588,48.131],[-1.589,48.127],[-1.586,48.127]],[[-1.588,48.131],[-1.586,48.127]],[[-1.48,48.111],[-1.483,48.113],[-1.481,48.114],[-1.481,48.115],[-1.482,48.115],[-1.483,48.114],[-1.484,48.114],[-1.484,48.114],[-1.484,48.114]],[[-1.48,48.111],[-1.484,48.112],[-1.484,48.114]],[[-1.461,48.115],[-1.474,48.117],[-1.48,48.111]],[[-1.458,48.116],[-1.461,48.115]],[[-1.458,48.116],[-1.461,48.116],[-1.461,48.115]],[[-1.422,48.106],[-1.432,48.112],[-1.447,48.106],[-1.453,48.109],[-1.456,48.117],[-1.458,48.116]],[[-1.416,48.105],[-1.417,48.104],[-1.422,48.106]],[[-1.416,48.105],[-1.422,48.106]],[[-1.299,48.115],[-1.305,48.115],[-1.315,48.118],[-1.322,48.115],[-1.324,48.109],[-1.334,48.109],[-1.341,48.105],[-1.359,48.113],[-1.367,48.114],[-1.371,48.107],[-1.383,48.101],[-1.393,48.102],[-1.399,48.109],[-1.416,48.105]]]}},{"type":"Feature","properties":{"nom":"LE GOUESSANT ET SES AFFLUENTS DEPUIS LAMBALLE JUSQU'A LA MER","code":"GR0038B","longueurKm":96.6325121129,"strahler":5.0},"geometry":{"type":"MultiLineString","coordinates":[[[-2.604,48.503],[-2.608,48.506],[-2.613,48.506],[-2.623,48.521]],[[-2.584,48.514],[-2.587,48.511],[-2.593,48.511],[-2.594,48.508],[-2.601,48.506],[-2.604,48.503]],[[-2.568,48.484],[-2.577,48.487],[-2.573,48.494],[-2.578,48.492],[-2.593,48.504],[-2.599,48.502],[-2.604,48.503]],[[-2.575,48.404],[-2.565,48.406]],[[-2.569,48.356],[-2.567,48.367]],[[-2.574,48.523],[-2.584,48.514]],[[-2.547,48.508],[-2.556,48.511],[-2.563,48.517],[-2.569,48.514],[-2.584,48.514]],[[-2.567,48.367],[-2.57,48.37],[-2.566,48.38],[-2.568,48.387],[-2.564,48.404]],[[-2.562,48.368],[-2.565,48.367],[-2.567,48.367]],[[-2.562,48.358],[-2.558,48.365],[-2.562,48.368]],[[-2.554,48.347],[-2.554,48.353],[-2.547,48.36],[-2.555,48.369],[-2.559,48.37],[-2.562,48.368]],[[-2.565,48.406],[-2.563,48.41],[-2.567,48.422],[-2.559,48.426],[-2.556,48.432]],[[-2.564,48.404],[-2.565,48.406]],[[-2.567,48.435],[-2.562,48.439]],[[-2.551,48.387],[-2.551,48.395],[-2.555,48.402],[-2.564,48.404]],[[-2.56,48.524],[-2.563,48.522],[-2.567,48.524],[-2.574,48.523]],[[-2.557,48.544],[-2.573,48.53],[-2.574,48.523]],[[-2.562,48.439],[-2.567,48.454],[-2.558,48.463],[-2.566,48.473],[-2.568,48.484]],[[-2.532,48.478],[-2.545,48.479],[-2.549,48.477],[-2.555,48.479],[-2.554,48.483],[-2.557,48.485],[-2.561,48.485],[-2.562,48.483],[-2.568,48.484]],[[-2.556,48.432],[-2.557,48.439],[-2.56,48.44],[-2.562,48.439]],[[-2.54,48.401],[-2.546,48.414],[-2.55,48.416],[-2.55,48.422],[-2.556,48.432]],[[-2.556,48.529],[-2.56,48.524]],[[-2.542,48.523],[-2.549,48.525],[-2.556,48.524],[-2.56,48.524]],[[-2.553,48.535],[-2.556,48.529]],[[-2.539,48.536],[-2.548,48.53],[-2.555,48.529],[-2.556,48.529]],[[-2.537,48.382],[-2.543,48.384],[-2.545,48.395],[-2.54,48.401]],[[-2.535,48.388],[-2.536,48.398],[-2.54,48.401]],[[-2.544,48.449],[-2.529,48.454]],[[-2.542,48.499],[-2.547,48.508]],[[-2.533,48.505],[-2.547,48.508]],[[-2.526,48.524],[-2.542,48.523]],[[-2.524,48.511],[-2.539,48.514],[-2.542,48.523]],[[-2.529,48.454],[-2.516,48.466]],[[-2.524,48.443],[-2.527,48.446],[-2.529,48.454]],[[-2.474,48.501],[-2.503,48.485],[-2.508,48.478],[-2.52,48.475],[-2.528,48.479],[-2.532,48.478]],[[-2.516,48.466],[-2.521,48.467],[-2.524,48.474],[-2.532,48.478]],[[-2.504,48.471],[-2.51,48.471],[-2.516,48.466]],[[-2.477,48.517],[-2.474,48.515],[-2.476,48.51],[-2.469,48.504]],[[-2.469,48.504],[-2.474,48.501]],[[-2.469,48.496],[-2.474,48.501]],[[-2.475,48.526],[-2.467,48.52],[-2.459,48.522]],[[-2.463,48.505],[-2.466,48.505],[-2.467,48.504],[-2.469,48.504],[-2.469,48.504]],[[-2.466,48.53],[-2.458,48.524],[-2.459,48.522]],[[-2.459,48.522],[-2.454,48.519],[-2.454,48.515],[-2.463,48.505]],[[-2.453,48.505],[-2.463,48.505]],[[-2.43,48.493],[-2.435,48.496],[-2.432,48.502],[-2.435,48.507],[-2.44,48.508],[-2.445,48.506],[-2.451,48.506],[-2.453,48.505]],[[-2.45,48.51],[-2.453,48.505]]]}},{"type":"Feature","properties":{"nom":"LE LINON ET SES AFFLUENTS DEPUIS LA SOURCE JUSQU'A LA CONFLUENCE AVEC LA RANCE","code":"GR0028","longueurKm":133.05612500834,"strahler":5.0},"geometry":{"type":"MultiLineString","coordinates":[[[-1.927,48.383],[-1.928,48.38],[-1.922,48.375],[-1.929,48.373],[-1.942,48.387],[-1.972,48.383],[-1.981,48.386],[-1.989,48.383],[-1.999,48.388]],[[-1.949,48.291],[-1.924,48.305]],[[-1.941,48.31],[-1.94,48.315],[-1.936,48.316],[-1.924,48.327]],[[-1.928,48.288],[-1.923,48.293],[-1.924,48.297],[-1.929,48.298],[-1.924,48.305]],[[-1.936,48.406],[-1.931,48.402]],[[-1.924,48.305],[-1.915,48.321],[-1.924,48.327]],[[-1.925,48.407],[-1.931,48.402]],[[-1.931,48.402],[-1.923,48.398],[-1.918,48.388]],[[-1.924,48.327],[-1.918,48.334],[-1.914,48.334],[-1.907,48.34]],[[-1.924,48.384],[-1.927,48.383]],[[-1.918,48.381],[-1.921,48.381],[-1.927,48.383]],[[-1.925,48.39],[-1.924,48.384]],[[-1.918,48.388],[-1.924,48.384]],[[-1.918,48.381],[-1.924,48.384]],[[-1.883,48.382],[-1.887,48.384],[-1.898,48.379],[-1.906,48.381],[-1.916,48.38],[-1.918,48.381]],[[-1.914,48.413],[-1.914,48.394],[-1.918,48.388]],[[-1.912,48.419],[-1.914,48.413]],[[-1.914,48.425],[-1.917,48.421],[-1.914,48.413]],[[-1.907,48.34],[-1.905,48.346]],[[-1.905,48.321],[-1.902,48.332],[-1.907,48.34]],[[-1.907,48.349],[-1.908,48.352]],[[-1.905,48.346],[-1.907,48.347],[-1.907,48.349]],[[-1.905,48.346],[-1.907,48.349]],[[-1.908,48.352],[-1.906,48.361],[-1.901,48.363]],[[-1.908,48.352],[-1.906,48.352],[-1.906,48.354],[-1.906,48.358],[-1.901,48.363]],[[-1.9,48.345],[-1.905,48.346],[-1.905,48.346],[-1.905,48.346]],[[-1.901,48.363],[-1.897,48.369],[-1.89,48.372]],[[-1.901,48.363],[-1.901,48.363]],[[-1.895,48.356],[-1.897,48.362],[-1.901,48.363]],[[-1.906,48.424],[-1.893,48.424],[-1.883,48.416],[-1.869,48.417]],[[-1.901,48.419],[-1.894,48.417],[-1.888,48.407],[-1.877,48.399],[-1.86,48.397]],[[-1.89,48.372],[-1.889,48.373]],[[-1.89,48.372],[-1.89,48.372],[-1.889,48.373]],[[-1.877,48.345],[-1.872,48.355],[-1.878,48.357],[-1.879,48.361],[-1.888,48.367],[-1.89,48.372]],[[-1.884,48.38],[-1.889,48.373]],[[-1.889,48.373],[-1.883,48.382]],[[-1.866,48.381],[-1.871,48.383],[-1.875,48.379],[-1.883,48.382]],[[-1.878,48.427],[-1.87,48.422],[-1.869,48.417]],[[-1.859,48.378],[-1.862,48.378],[-1.866,48.381],[-1.866,48.381]],[[-1.859,48.378],[-1.864,48.378],[-1.866,48.381]],[[-1.869,48.417],[-1.864,48.414],[-1.848,48.415]],[[-1.854,48.381],[-1.859,48.378]],[[-1.854,48.381],[-1.855,48.378],[-1.859,48.378]],[[-1.848,48.415],[-1.845,48.408],[-1.854,48.404],[-1.853,48.4],[-1.86,48.397]],[[-1.86,48.397],[-1.849,48.391],[-1.847,48.387]],[[-1.847,48.387],[-1.856,48.384],[-1.854,48.381]],[[-1.858,48.425],[-1.848,48.416]],[[-1.828,48.393],[-1.827,48.391],[-1.832,48.389],[-1.838,48.39],[-1.847,48.387]],[[-1.848,48.416],[-1.848,48.415]],[[-1.846,48.43],[-1.842,48.42],[-1.848,48.416]],[[-1.826,48.398],[-1.828,48.393]],[[-1.826,48.398],[-1.83,48.395],[-1.828,48.393]],[[-1.816,48.409],[-1.823,48.406],[-1.826,48.398]],[[-1.763,48.402],[-1.765,48.401],[-1.775,48.402],[-1.78,48.398],[-1.79,48.402],[-1.794,48.4],[-1.81,48.401],[-1.817,48.398],[-1.826,48.398]],[[-1.818,48.434],[-1.823,48.429],[-1.813,48.417],[-1.817,48.412],[-1.816,48.409]],[[-1.802,48.414],[-1.813,48.408],[-1.816,48.409]],[[-1.803,48.431],[-1.806,48.428],[-1.8,48.422],[-1.802,48.414]],[[-1.793,48.412],[-1.802,48.414]],[[-1.789,48.414],[-1.793,48.412]],[[-1.789,48.414],[-1.79,48.412],[-1.793,48.412]],[[-1.7,48.431],[-1.707,48.421],[-1.719,48.424],[-1.741,48.427],[-1.745,48.424],[-1.764,48.419],[-1.766,48.423],[-1.77,48.424],[-1.775,48.42],[-1.783,48.419],[-1.789,48.414]],[[-1.741,48.397],[-1.756,48.403],[-1.763,48.402]],[[-1.735,48.407],[-1.744,48.408],[-1.756,48.406],[-1.763,48.402]],[[-1.745,48.369],[-1.743,48.374],[-1.749,48.385],[-1.741,48.397]],[[-1.729,48.369],[-1.729,48.372],[-1.739,48.377],[-1.734,48.39],[-1.741,48.397]],[[-1.718,48.414],[-1.735,48.407]],[[-1.719,48.402],[-1.735,48.407]],[[-1.716,48.405],[-1.719,48.402]],[[-1.707,48.39],[-1.715,48.4],[-1.719,48.402]],[[-1.709,48.406],[-1.716,48.405]],[[-1.709,48.406],[-1.71,48.407],[-1.716,48.405]],[[-1.701,48.41],[-1.708,48.406],[-1.709,48.406]],[[-1.691,48.414],[-1.701,48.41]],[[-1.691,48.431],[-1.701,48.41]]]}},{"type":"Feature","properties":{"nom":"LE TRIEUX ET SES AFFLUENTS DEPUIS KERPERT JUSQU'A LA PRISE D'EAU DE PONT CAFFIN","code":"GR0030A","longueurKm":200.0100117074,"strahler":5.0},"geometry":{"type":"MultiLineString","coordinates":[[[-3.29,48.486],[-3.277,48.487],[-3.263,48.494]],[[-3.284,48.516],[-3.251,48.512],[-3.244,48.509]],[[-3.268,48.494],[-3.263,48.494]],[[-3.263,48.494],[-3.249,48.499]],[[-3.251,48.461],[-3.249,48.463],[-3.253,48.482],[-3.24,48.492]],[[-3.249,48.499],[-3.249,48.505],[-3.244,48.509]],[[-3.24,48.492],[-3.249,48.499]],[[-3.244,48.454],[-3.242,48.463],[-3.232,48.465]],[[-3.243,48.477],[-3.233,48.484]],[[-3.239,48.469],[-3.233,48.481]],[[-3.244,48.509],[-3.241,48.509]],[[-3.235,48.445],[-3.22,48.448],[-3.206,48.447]],[[-3.233,48.484],[-3.234,48.488],[-3.24,48.492]],[[-3.241,48.509],[-3.237,48.511],[-3.234,48.51],[-3.224,48.511],[-3.223,48.515],[-3.217,48.518],[-3.206,48.518]],[[-3.229,48.497],[-3.228,48.5],[-3.242,48.507],[-3.241,48.509]],[[-3.235,48.458],[-3.232,48.465]],[[-3.231,48.435],[-3.217,48.44]],[[-3.232,48.465],[-3.221,48.469]],[[-3.233,48.481],[-3.233,48.484]],[[-3.225,48.477],[-3.233,48.481]],[[-3.227,48.434],[-3.221,48.435],[-3.217,48.44]],[[-3.23,48.457],[-3.218,48.462],[-3.221,48.469]],[[-3.221,48.469],[-3.215,48.477],[-3.2,48.486],[-3.189,48.488]],[[-3.217,48.44],[-3.211,48.442]],[[-3.212,48.426],[-3.215,48.429],[-3.211,48.442]],[[-3.211,48.442],[-3.204,48.444]],[[-3.209,48.434],[-3.204,48.436],[-3.204,48.444]],[[-3.208,48.458],[-3.206,48.447]],[[-3.203,48.421],[-3.199,48.425],[-3.198,48.433],[-3.184,48.438]],[[-3.206,48.447],[-3.202,48.447]],[[-3.212,48.5],[-3.203,48.508],[-3.206,48.518]],[[-3.204,48.444],[-3.202,48.447]],[[-3.202,48.447],[-3.193,48.449],[-3.189,48.454],[-3.185,48.453]],[[-3.206,48.518],[-3.204,48.519],[-3.203,48.527],[-3.193,48.524],[-3.185,48.525]],[[-3.195,48.474],[-3.189,48.48],[-3.189,48.488]],[[-3.188,48.422],[-3.186,48.427],[-3.189,48.431],[-3.184,48.438]],[[-3.184,48.438],[-3.179,48.442]],[[-3.188,48.472],[-3.186,48.474],[-3.179,48.474],[-3.167,48.469]],[[-3.189,48.488],[-3.176,48.489],[-3.169,48.492],[-3.154,48.491],[-3.139,48.479],[-3.143,48.472]],[[-3.192,48.517],[-3.185,48.525]],[[-3.185,48.465],[-3.185,48.453]],[[-3.185,48.453],[-3.17,48.451],[-3.16,48.446]],[[-3.179,48.412],[-3.164,48.422],[-3.17,48.435]],[[-3.18,48.428],[-3.17,48.435]],[[-3.179,48.442],[-3.175,48.443],[-3.173,48.443]],[[-3.179,48.442],[-3.178,48.442],[-3.176,48.442],[-3.174,48.442],[-3.173,48.443]],[[-3.179,48.468],[-3.167,48.469]],[[-3.185,48.525],[-3.171,48.527],[-3.165,48.532]],[[-3.173,48.443],[-3.166,48.44]],[[-3.167,48.399],[-3.159,48.407]],[[-3.17,48.435],[-3.166,48.44]],[[-3.167,48.41],[-3.159,48.407]],[[-3.166,48.44],[-3.16,48.446]],[[-3.158,48.384],[-3.158,48.382],[-3.153,48.381],[-3.149,48.384],[-3.142,48.384]],[[-3.167,48.469],[-3.161,48.468]],[[-3.159,48.407],[-3.146,48.412],[-3.146,48.417],[-3.122,48.419],[-3.118,48.422],[-3.109,48.42]],[[-3.165,48.465],[-3.161,48.468]],[[-3.16,48.446],[-3.15,48.45],[-3.142,48.449]],[[-3.161,48.468],[-3.143,48.472]],[[-3.165,48.532],[-3.165,48.535]],[[-3.117,48.499],[-3.131,48.514],[-3.138,48.518],[-3.152,48.522],[-3.155,48.52],[-3.161,48.522],[-3.161,48.528],[-3.165,48.532]],[[-3.149,48.431],[-3.144,48.437],[-3.14,48.438]],[[-3.142,48.384],[-3.138,48.386],[-3.132,48.386],[-3.126,48.392],[-3.121,48.393],[-3.117,48.398],[-3.123,48.401],[-3.122,48.407],[-3.109,48.42]],[[-3.139,48.369],[-3.144,48.381],[-3.142,48.384]],[[-3.144,48.429],[-3.14,48.438]],[[-3.142,48.449],[-3.136,48.458],[-3.136,48.463],[-3.131,48.469]],[[-3.139,48.441],[-3.138,48.445],[-3.142,48.449]],[[-3.14,48.438],[-3.139,48.441]],[[-3.143,48.472],[-3.134,48.469],[-3.13,48.47]],[[-3.123,48.44],[-3.132,48.442],[-3.139,48.441]],[[-3.131,48.469],[-3.13,48.47]],[[-3.119,48.457],[-3.131,48.469]],[[-3.13,48.47],[-3.124,48.469],[-3.114,48.472],[-3.113,48.482]],[[-3.125,48.43],[-3.123,48.44]],[[-3.121,48.445],[-3.123,48.44]],[[-3.118,48.49],[-3.117,48.499]],[[-3.113,48.482],[-3.118,48.49]],[[-3.074,48.491],[-3.093,48.487],[-3.108,48.487],[-3.118,48.49]],[[-3.109,48.42],[-3.102,48.423],[-3.096,48.422],[-3.09,48.425]],[[-3.107,48.507],[-3.117,48.499]],[[-3.088,48.454],[-3.088,48.457],[-3.097,48.462],[-3.101,48.476],[-3.106,48.477],[-3.108,48.482],[-3.113,48.482]],[[-3.096,48.515],[-3.106,48.51],[-3.107,48.507]],[[-3.095,48.504],[-3.107,48.507]],[[-3.094,48.414],[-3.088,48.423]],[[-3.09,48.425],[-3.09,48.431],[-3.096,48.435],[-3.096,48.444],[-3.095,48.451],[-3.088,48.454]],[[-3.088,48.423],[-3.09,48.425]],[[-3.076,48.417],[-3.082,48.422],[-3.088,48.423]],[[-3.064,48.513],[-3.067,48.514],[-3.079,48.511],[-3.082,48.513],[-3.085,48.513],[-3.089,48.514],[-3.095,48.515],[-3.096,48.515]],[[-3.072,48.525],[-3.091,48.52],[-3.096,48.515]],[[-3.046,48.445],[-3.059,48.441],[-3.07,48.446],[-3.072,48.452],[-3.077,48.452],[-3.08,48.45],[-3.088,48.454]],[[-3.082,48.4],[-3.078,48.404],[-3.076,48.417]],[[-3.061,48.424],[-3.067,48.423],[-3.076,48.417]],[[-3.067,48.392],[-3.07,48.393],[-3.068,48.403],[-3.058,48.411],[-3.061,48.424]],[[-3.063,48.5],[-3.074,48.491]],[[-3.068,48.49],[-3.074,48.491]],[[-3.032,48.417],[-3.043,48.427],[-3.049,48.423],[-3.055,48.424],[-3.061,48.424]],[[-3.052,48.5],[-3.068,48.49]],[[-3.006,48.489],[-3.021,48.497],[-3.031,48.496],[-3.036,48.493],[-3.05,48.493],[-3.059,48.487],[-3.068,48.49]],[[-3.053,48.387],[-3.053,48.391],[-3.048,48.398]],[[-3.052,48.402],[-3.05,48.406],[-3.045,48.406]],[[-3.048,48.398],[-3.048,48.404],[-3.045,48.406]],[[-3.036,48.389],[-3.045,48.39],[-3.048,48.398]],[[-3.045,48.406],[-3.035,48.411]],[[-3.018,48.452],[-3.033,48.459],[-3.04,48.455],[-3.046,48.445]],[[-3.001,48.434],[-3.014,48.434],[-3.025,48.442],[-3.046,48.445]],[[-3.035,48.411],[-3.032,48.417]],[[-3.033,48.408],[-3.035,48.411]],[[-3.028,48.398],[-3.032,48.402],[-3.033,48.408]],[[-3.025,48.404],[-3.033,48.408]],[[-3.022,48.419],[-3.032,48.417]],[[-3.008,48.414],[-3.006,48.417],[-3.014,48.422],[-3.022,48.419]],[[-3.015,48.41],[-3.022,48.419]]]}},{"type":"Feature","properties":{"nom":"LE TRIEUX ET SES AFFLUENTS DEPUIS LA PRISE D'EAU DE PONT CAFFIN JUSQU'A L'ESTUAIRE","code":"GR0030B","longueurKm":64.26219129748,"strahler":5.0},"geometry":{"type":"MultiLineString","coordinates":[[[-3.254,48.546],[-3.238,48.549],[-3.232,48.556],[-3.213,48.562],[-3.207,48.562]],[[-3.25,48.538],[-3.239,48.532],[-3.22,48.532],[-3.21,48.536]],[[-3.24,48.54],[-3.221,48.544],[-3.214,48.543],[-3.21,48.536]],[[-3.22,48.551],[-3.207,48.562]],[[-3.21,48.536],[-3.202,48.535],[-3.193,48.539],[-3.18,48.541],[-3.174,48.545]],[[-3.207,48.562],[-3.2,48.565],[-3.198,48.569],[-3.179,48.571],[-3.169,48.567],[-3.162,48.571]],[[-3.203,48.551],[-3.194,48.551],[-3.187,48.547],[-3.18,48.548],[-3.174,48.545]],[[-3.174,48.545],[-3.171,48.542],[-3.164,48.545],[-3.158,48.543],[-3.154,48.548]],[[-3.165,48.535],[-3.16,48.535],[-3.151,48.542],[-3.151,48.547],[-3.154,48.548]],[[-3.162,48.571],[-3.166,48.582],[-3.163,48.585],[-3.149,48.589],[-3.144,48.61]],[[-3.154,48.548],[-3.158,48.554],[-3.153,48.556],[-3.153,48.562],[-3.158,48.562],[-3.162,48.571]],[[-3.144,48.61],[-3.138,48.622],[-3.14,48.624],[-3.139,48.63],[-3.146,48.631],[-3.147,48.634],[-3.143,48.638],[-3.144,48.643],[-3.153,48.649],[-3.152,48.653],[-3.161,48.662],[-3.151,48.67],[-3.158,48.672],[-3.16,48.676],[-3.156,48.679],[-3.162,48.68],[-3.159,48.685],[-3.169,48.693],[-3.168,48.695],[-3.16,48.697],[-3.161,48.701]],[[-3.097,48.557],[-3.111,48.565],[-3.117,48.573],[-3.122,48.575],[-3.127,48.59],[-3.137,48.599],[-3.138,48.605],[-3.144,48.61]],[[-3.105,48.537],[-3.097,48.557]],[[-3.066,48.537],[-3.071,48.544],[-3.078,48.545],[-3.082,48.548],[-3.084,48.554],[-3.097,48.557]]]}},{"type":"Feature","properties":{"nom":"L'ODET ET SES AFFLUENTS DEPUIS LA SOURCE JUSQU'A L'ESTUAIRE","code":"GR0078","longueurKm":156.76367537369,"strahler":5.0},"geometry":{"type":"MultiLineString","coordinates":[[[-3.99,48.039],[-4.004,48.038],[-4.009,48.033],[-4.018,48.034],[-4.025,48.029],[-4.033,48.034],[-4.054,48.032],[-4.062,48.035],[-4.055,48.027],[-4.063,48.022],[-4.06,48.018],[-4.065,48.013],[-4.063,48.004],[-4.069,47.998],[-4.067,47.995],[-4.071,47.994],[-4.089,47.996],[-4.104,47.995],[-4.112,47.99],[-4.117,47.984]],[[-4.014,48.064],[-3.995,48.063],[-3.989,48.065]],[[-4.012,48.078],[-4.005,48.076],[-3.998,48.08]],[[-4.012,48.096],[-3.997,48.088],[-3.998,48.08]],[[-3.998,48.048],[-3.992,48.047],[-3.987,48.044]],[[-3.998,48.057],[-3.992,48.055],[-3.985,48.056]],[[-3.998,48.08],[-3.995,48.078]],[[-3.987,48.043],[-3.991,48.04]],[[-3.987,48.043],[-3.991,48.041],[-3.991,48.04]],[[-3.991,48.04],[-3.99,48.039]],[[-3.931,48.051],[-3.945,48.048],[-3.952,48.043],[-3.968,48.042],[-3.977,48.036],[-3.986,48.04],[-3.988,48.04],[-3.989,48.04],[-3.99,48.039],[-3.99,48.039]],[[-3.988,48.109],[-3.988,48.095],[-3.991,48.092],[-3.995,48.078]],[[-3.995,48.078],[-3.995,48.074],[-3.991,48.074],[-3.989,48.07]],[[-3.987,48.044],[-3.987,48.043]],[[-3.983,48.05],[-3.987,48.044]],[[-3.989,48.07],[-3.989,48.065]],[[-3.989,48.065],[-3.986,48.062],[-3.989,48.059],[-3.985,48.059],[-3.985,48.056]],[[-3.984,48.075],[-3.989,48.07]],[[-3.985,48.056],[-3.983,48.052]],[[-3.983,48.052],[-3.983,48.05]],[[-3.982,48.052],[-3.98,48.05],[-3.983,48.05]],[[-3.982,48.052],[-3.982,48.053],[-3.983,48.052]],[[-3.973,48.056],[-3.98,48.055],[-3.982,48.052]],[[-3.972,48.086],[-3.984,48.075]],[[-3.967,48.075],[-3.971,48.081],[-3.977,48.08],[-3.979,48.076],[-3.981,48.075],[-3.982,48.075],[-3.984,48.075],[-3.984,48.075]],[[-3.978,48.113],[-3.988,48.109]],[[-3.977,48.122],[-3.992,48.116],[-3.988,48.109]],[[-3.966,48.06],[-3.973,48.056]],[[-3.966,48.055],[-3.973,48.056]],[[-3.972,48.089],[-3.972,48.086]],[[-3.948,48.099],[-3.955,48.09],[-3.964,48.087],[-3.967,48.087],[-3.971,48.085],[-3.972,48.086]],[[-3.957,48.094],[-3.972,48.089]],[[-3.955,48.111],[-3.971,48.102],[-3.975,48.093],[-3.972,48.089]],[[-3.964,48.056],[-3.966,48.055]],[[-3.943,48.083],[-3.945,48.078],[-3.942,48.069],[-3.952,48.055],[-3.966,48.055]],[[-3.968,48.13],[-3.961,48.126],[-3.964,48.122],[-3.963,48.116],[-3.955,48.111]],[[-3.933,48.125],[-3.944,48.122],[-3.945,48.118],[-3.955,48.111]],[[-3.925,48.052],[-3.928,48.053],[-3.931,48.051]],[[-3.928,48.052],[-3.929,48.051],[-3.931,48.051]],[[-3.925,48.053],[-3.925,48.052],[-3.928,48.052]],[[-3.925,48.052],[-3.927,48.052],[-3.927,48.052],[-3.928,48.052]],[[-3.93,48.075],[-3.915,48.075],[-3.909,48.08],[-3.901,48.074]],[[-3.925,48.053],[-3.925,48.052]],[[-3.898,48.065],[-3.908,48.057],[-3.925,48.053]],[[-3.93,48.109],[-3.927,48.105],[-3.922,48.104]],[[-3.924,48.1],[-3.922,48.104]],[[-3.922,48.104],[-3.911,48.104]],[[-3.923,48.118],[-3.919,48.111],[-3.914,48.111]],[[-3.911,48.125],[-3.914,48.111]],[[-3.914,48.111],[-3.911,48.104]],[[-3.915,48.126],[-3.911,48.125]],[[-3.911,48.104],[-3.903,48.101]],[[-3.906,48.128],[-3.911,48.125]],[[-3.903,48.101],[-3.9,48.099],[-3.904,48.094],[-3.897,48.078],[-3.901,48.074]],[[-3.901,48.074],[-3.898,48.071],[-3.898,48.065]],[[-3.894,48.067],[-3.896,48.065],[-3.898,48.065]],[[-3.902,48.109],[-3.898,48.105],[-3.903,48.101]],[[-3.888,48.07],[-3.887,48.068],[-3.894,48.067]],[[-3.888,48.07],[-3.894,48.068],[-3.894,48.067]],[[-3.882,48.076],[-3.888,48.07]],[[-3.888,48.11],[-3.881,48.107],[-3.878,48.102]],[[-3.871,48.081],[-3.882,48.076]],[[-3.831,48.074],[-3.851,48.071],[-3.875,48.074],[-3.882,48.076]],[[-3.874,48.125],[-3.876,48.118],[-3.869,48.112],[-3.869,48.108],[-3.878,48.102]],[[-3.878,48.102],[-3.873,48.093],[-3.876,48.089],[-3.871,48.081]],[[-3.859,48.094],[-3.863,48.086],[-3.871,48.081]],[[-3.833,48.079],[-3.842,48.084],[-3.843,48.087],[-3.859,48.094]],[[-3.849,48.1],[-3.852,48.099],[-3.854,48.096],[-3.857,48.094],[-3.859,48.094]],[[-3.85,48.103],[-3.849,48.1]],[[-3.836,48.103],[-3.841,48.1],[-3.844,48.1],[-3.849,48.1]],[[-3.841,48.118],[-3.83,48.109]],[[-3.828,48.106],[-3.832,48.106],[-3.836,48.103]],[[-3.82,48.085],[-3.823,48.091],[-3.83,48.095],[-3.836,48.103]],[[-3.82,48.134],[-3.821,48.116],[-3.83,48.109]],[[-3.83,48.109],[-3.828,48.106]],[[-3.82,48.109],[-3.828,48.106]],[[-3.803,48.091],[-3.828,48.106]],[[-3.803,48.115],[-3.81,48.11],[-3.816,48.111],[-3.82,48.109]],[[-3.796,48.101],[-3.808,48.102],[-3.814,48.108],[-3.82,48.109]],[[-3.802,48.117],[-3.803,48.115]],[[-3.795,48.11],[-3.796,48.115],[-3.803,48.115]],[[-3.803,48.123],[-3.802,48.117]],[[-3.785,48.123],[-3.802,48.117]],[[-3.793,48.098],[-3.796,48.101]],[[-3.778,48.105],[-3.785,48.104],[-3.789,48.102],[-3.793,48.101],[-3.796,48.101]],[[-3.793,48.086],[-3.793,48.098]],[[-3.785,48.088],[-3.782,48.09],[-3.781,48.095],[-3.793,48.098]],[[-3.777,48.114],[-3.785,48.123]],[[-3.777,48.122],[-3.785,48.123]],[[-3.773,48.127],[-3.777,48.122]],[[-3.775,48.122],[-3.777,48.122]],[[-3.768,48.117],[-3.775,48.122]],[[-3.766,48.123],[-3.77,48.123],[-3.774,48.122],[-3.775,48.122]],[[-3.765,48.1],[-3.762,48.109],[-3.768,48.117]],[[-3.732,48.123],[-3.734,48.12],[-3.743,48.118],[-3.768,48.117]],[[-3.735,48.136],[-3.739,48.132],[-3.766,48.123]],[[-3.737,48.126],[-3.744,48.124],[-3.766,48.123]]]}},{"type":"Feature","properties":{"nom":"L'HYERE DEPUIS LA CONFLUENCE DU KERGOAT JUSQU'A LA CONFLUENCE AVEC L'AULNE","code":"GR0071","longueurKm":10.75605963414,"strahler":5.0},"geometry":{"type":"MultiLineString","coordinates":[[[-3.617,48.247],[-3.62,48.244],[-3.619,48.238],[-3.633,48.233],[-3.638,48.225],[-3.654,48.226],[-3.659,48.218],[-3.67,48.222],[-3.686,48.218],[-3.69,48.222],[-3.696,48.225],[-3.704,48.218]],[[-3.615,48.247],[-3.617,48.247]],[[-3.615,48.247],[-3.619,48.248],[-3.617,48.247]],[[-3.613,48.247],[-3.615,48.247]]]}},{"type":"Feature","properties":{"nom":"LE JARLOT ET SES AFFLUENTS DEPUIS LA SOURCE JUSQU'A L'ESTUAIRE","code":"GR0051","longueurKm":78.38431668561,"strahler":5.0},"geometry":{"type":"MultiLineString","coordinates":[[[-3.8,48.567],[-3.805,48.571],[-3.811,48.569],[-3.832,48.582]],[[-3.766,48.536],[-3.766,48.539],[-3.773,48.541],[-3.773,48.545],[-3.793,48.556],[-3.799,48.562],[-3.8,48.567]],[[-3.784,48.567],[-3.789,48.565],[-3.8,48.567]],[[-3.771,48.576],[-3.772,48.572],[-3.781,48.57],[-3.784,48.567]],[[-3.772,48.563],[-3.784,48.567]],[[-3.73,48.535],[-3.729,48.546],[-3.751,48.556],[-3.766,48.556],[-3.772,48.563]],[[-3.724,48.559],[-3.747,48.565],[-3.767,48.562],[-3.772,48.563]],[[-3.759,48.498],[-3.756,48.509],[-3.765,48.516],[-3.771,48.527],[-3.766,48.536]],[[-3.75,48.529],[-3.752,48.533],[-3.766,48.536]],[[-3.748,48.476],[-3.757,48.481],[-3.76,48.485],[-3.757,48.49],[-3.759,48.498]],[[-3.736,48.487],[-3.744,48.49],[-3.746,48.495],[-3.759,48.498]],[[-3.749,48.468],[-3.746,48.473],[-3.748,48.476]],[[-3.742,48.478],[-3.748,48.476]],[[-3.725,48.529],[-3.732,48.531],[-3.75,48.529]],[[-3.746,48.521],[-3.75,48.524],[-3.75,48.529]],[[-3.733,48.485],[-3.732,48.481],[-3.742,48.478]],[[-3.724,48.481],[-3.732,48.478],[-3.742,48.478]],[[-3.741,48.518],[-3.746,48.521]],[[-3.741,48.519],[-3.746,48.521]],[[-3.741,48.519],[-3.741,48.518]],[[-3.733,48.517],[-3.741,48.519]],[[-3.737,48.497],[-3.732,48.502],[-3.741,48.518]],[[-3.719,48.504],[-3.72,48.509],[-3.733,48.517]],[[-3.709,48.513],[-3.733,48.517]],[[-3.727,48.486],[-3.726,48.489],[-3.72,48.491],[-3.719,48.504]],[[-3.711,48.492],[-3.711,48.501],[-3.719,48.504]],[[-3.7,48.561],[-3.712,48.563],[-3.724,48.559]],[[-3.715,48.549],[-3.716,48.552],[-3.721,48.553],[-3.724,48.559]],[[-3.721,48.542],[-3.715,48.549]],[[-3.714,48.529],[-3.71,48.534]],[[-3.708,48.546],[-3.712,48.546],[-3.715,48.549]],[[-3.712,48.524],[-3.71,48.534]],[[-3.704,48.518],[-3.709,48.513]],[[-3.693,48.486],[-3.689,48.489],[-3.691,48.493],[-3.705,48.499],[-3.703,48.508],[-3.709,48.513]],[[-3.71,48.534],[-3.706,48.539]],[[-3.699,48.548],[-3.708,48.546]],[[-3.706,48.539],[-3.708,48.546]],[[-3.698,48.537],[-3.706,48.539]],[[-3.685,48.546],[-3.698,48.537]],[[-3.694,48.533],[-3.698,48.537]],[[-3.673,48.49],[-3.682,48.496],[-3.687,48.504],[-3.685,48.513],[-3.694,48.519],[-3.694,48.533]],[[-3.676,48.533],[-3.694,48.533]]]}},{"type":"Feature","properties":{"nom":"L'AULNE ET SES AFFLUENTS DEPUIS LA SOURCE JUSQU'A LA CONFLUENCE AVEC L'ELLEZ","code":"GR0054","longueurKm":189.86525496625,"strahler":5.0},"geometry":{"type":"MultiLineString","coordinates":[[[-3.857,48.411],[-3.847,48.412],[-3.83,48.41],[-3.827,48.407],[-3.827,48.401]],[[-3.852,48.407],[-3.848,48.403]],[[-3.85,48.402],[-3.848,48.403]],[[-3.847,48.385],[-3.834,48.382],[-3.831,48.385],[-3.821,48.386],[-3.801,48.379]],[[-3.848,48.403],[-3.827,48.401]],[[-3.841,48.369],[-3.83,48.366],[-3.822,48.368]],[[-3.842,48.374],[-3.827,48.371],[-3.822,48.368]],[[-3.827,48.401],[-3.819,48.396]],[[-3.822,48.368],[-3.812,48.368],[-3.809,48.37]],[[-3.807,48.409],[-3.819,48.403],[-3.819,48.396]],[[-3.819,48.396],[-3.813,48.39],[-3.807,48.388],[-3.802,48.389],[-3.801,48.387]],[[-3.815,48.378],[-3.813,48.372],[-3.809,48.37]],[[-3.809,48.37],[-3.798,48.373]],[[-3.801,48.387],[-3.801,48.379]],[[-3.801,48.379],[-3.798,48.373]],[[-3.797,48.4],[-3.796,48.389],[-3.801,48.387]],[[-3.798,48.373],[-3.79,48.367],[-3.774,48.366],[-3.772,48.362]],[[-3.788,48.384],[-3.789,48.382],[-3.785,48.374],[-3.779,48.371],[-3.77,48.372]],[[-3.786,48.4],[-3.786,48.393],[-3.781,48.388],[-3.764,48.383],[-3.764,48.379],[-3.772,48.376],[-3.77,48.372]],[[-3.78,48.359],[-3.772,48.362]],[[-3.777,48.349],[-3.772,48.35],[-3.772,48.354],[-3.766,48.353]],[[-3.772,48.362],[-3.761,48.359]],[[-3.77,48.372],[-3.75,48.364]],[[-3.766,48.353],[-3.761,48.359]],[[-3.754,48.352],[-3.757,48.349],[-3.766,48.353]],[[-3.761,48.359],[-3.75,48.364]],[[-3.761,48.405],[-3.758,48.391],[-3.746,48.385]],[[-3.75,48.364],[-3.747,48.365]],[[-3.747,48.365],[-3.745,48.367],[-3.735,48.365]],[[-3.747,48.365],[-3.742,48.363],[-3.736,48.365],[-3.732,48.363],[-3.734,48.359],[-3.726,48.359]],[[-3.744,48.397],[-3.739,48.389],[-3.746,48.385]],[[-3.746,48.385],[-3.735,48.365]],[[-3.736,48.349],[-3.726,48.359]],[[-3.735,48.365],[-3.725,48.36]],[[-3.736,48.401],[-3.73,48.399],[-3.727,48.392],[-3.717,48.39],[-3.717,48.376]],[[-3.726,48.359],[-3.725,48.36]],[[-3.729,48.385],[-3.717,48.376]],[[-3.725,48.36],[-3.724,48.362]],[[-3.724,48.362],[-3.714,48.363]],[[-3.721,48.355],[-3.728,48.351],[-3.734,48.35],[-3.724,48.356],[-3.724,48.362]],[[-3.717,48.376],[-3.714,48.363]],[[-3.714,48.363],[-3.708,48.364]],[[-3.705,48.373],[-3.704,48.368],[-3.708,48.364]],[[-3.708,48.364],[-3.691,48.358],[-3.685,48.359]],[[-3.68,48.342],[-3.68,48.317],[-3.695,48.306],[-3.692,48.302],[-3.683,48.299],[-3.68,48.294],[-3.693,48.276]],[[-3.622,48.381],[-3.637,48.38],[-3.644,48.386],[-3.657,48.386],[-3.667,48.39],[-3.678,48.38],[-3.676,48.376],[-3.68,48.372],[-3.679,48.369],[-3.685,48.366],[-3.685,48.359]],[[-3.685,48.359],[-3.681,48.352],[-3.684,48.346],[-3.68,48.342]],[[-3.664,48.344],[-3.677,48.342],[-3.68,48.342]],[[-3.65,48.35],[-3.661,48.348],[-3.664,48.344]],[[-3.643,48.336],[-3.654,48.338],[-3.656,48.342],[-3.664,48.344]],[[-3.63,48.346],[-3.647,48.348],[-3.649,48.35],[-3.65,48.351],[-3.65,48.35]],[[-3.64,48.351],[-3.647,48.351],[-3.65,48.35]],[[-3.649,48.447],[-3.64,48.449]],[[-3.61,48.342],[-3.617,48.345],[-3.628,48.344],[-3.63,48.346]],[[-3.618,48.352],[-3.623,48.348],[-3.625,48.348],[-3.627,48.347],[-3.629,48.346],[-3.63,48.346]],[[-3.641,48.458],[-3.643,48.456],[-3.64,48.449]],[[-3.64,48.449],[-3.633,48.443]],[[-3.627,48.455],[-3.629,48.446],[-3.633,48.443]],[[-3.633,48.443],[-3.634,48.43],[-3.63,48.427],[-3.624,48.426]],[[-3.633,48.466],[-3.629,48.464],[-3.612,48.462]],[[-3.619,48.359],[-3.613,48.363],[-3.612,48.367]],[[-3.617,48.354],[-3.618,48.352]],[[-3.609,48.348],[-3.618,48.352]],[[-3.603,48.4],[-3.604,48.395],[-3.601,48.393],[-3.614,48.383],[-3.622,48.381]],[[-3.612,48.373],[-3.622,48.381]],[[-3.609,48.454],[-3.611,48.45],[-3.618,48.447],[-3.625,48.435],[-3.624,48.426]],[[-3.624,48.426],[-3.62,48.426],[-3.612,48.421]],[[-3.612,48.367],[-3.612,48.373]],[[-3.582,48.361],[-3.612,48.367]],[[-3.597,48.376],[-3.612,48.373]],[[-3.598,48.446],[-3.607,48.441],[-3.604,48.437],[-3.608,48.434],[-3.607,48.428],[-3.612,48.421]],[[-3.612,48.421],[-3.611,48.413],[-3.603,48.4]],[[-3.615,48.47],[-3.613,48.467]],[[-3.582,48.469],[-3.602,48.471],[-3.613,48.467]],[[-3.613,48.467],[-3.612,48.462]],[[-3.612,48.462],[-3.609,48.454]],[[-3.6,48.402],[-3.603,48.4]],[[-3.585,48.46],[-3.587,48.459],[-3.596,48.458],[-3.607,48.454],[-3.609,48.454]],[[-3.557,48.443],[-3.578,48.434],[-3.586,48.433],[-3.6,48.422],[-3.6,48.402]],[[-3.59,48.403],[-3.592,48.402],[-3.6,48.402]],[[-3.54,48.377],[-3.545,48.376],[-3.553,48.38],[-3.568,48.379],[-3.584,48.382],[-3.597,48.376]],[[-3.571,48.368],[-3.584,48.371],[-3.597,48.376]],[[-3.589,48.405],[-3.59,48.403]],[[-3.589,48.405],[-3.59,48.405],[-3.59,48.403]],[[-3.577,48.407],[-3.586,48.409],[-3.589,48.405]],[[-3.582,48.422],[-3.579,48.422],[-3.577,48.407]],[[-3.571,48.405],[-3.577,48.407]],[[-3.58,48.447],[-3.563,48.448],[-3.557,48.443]],[[-3.575,48.428],[-3.571,48.429],[-3.565,48.426],[-3.565,48.416]],[[-3.565,48.416],[-3.571,48.405]],[[-3.548,48.396],[-3.56,48.403],[-3.571,48.405]],[[-3.573,48.46],[-3.574,48.456],[-3.568,48.453],[-3.553,48.454]],[[-3.529,48.433],[-3.531,48.426],[-3.542,48.426],[-3.545,48.422],[-3.552,48.422],[-3.561,48.417],[-3.565,48.416],[-3.565,48.416]],[[-3.567,48.466],[-3.554,48.459],[-3.553,48.457]],[[-3.551,48.448],[-3.557,48.443]],[[-3.553,48.457],[-3.553,48.454]],[[-3.553,48.454],[-3.551,48.448]],[[-3.55,48.468],[-3.549,48.459],[-3.553,48.457]],[[-3.537,48.452],[-3.551,48.448]],[[-3.517,48.459],[-3.524,48.455],[-3.537,48.452]],[[-3.529,48.474],[-3.533,48.456],[-3.537,48.452]],[[-3.534,48.443],[-3.535,48.437],[-3.529,48.433]],[[-3.52,48.433],[-3.529,48.433]],[[-3.518,48.462],[-3.517,48.459]],[[-3.496,48.474],[-3.502,48.468],[-3.512,48.465],[-3.517,48.459]]]}},{"type":"Feature","properties":{"nom":"L'AULNE DEPUIS LA CONFLUENCE DE L'ELLEZ JUSQU'A LA CONFLUENCE AVEC LE CANAL DE NANTES A BREST","code":"GR0055","longueurKm":10.32467815914,"strahler":5.0},"geometry":{"type":"LineString","coordinates":[[-3.693,48.276],[-3.698,48.26],[-3.71,48.255],[-3.712,48.251],[-3.698,48.245],[-3.699,48.237],[-3.703,48.236],[-3.714,48.24],[-3.721,48.234],[-3.719,48.223],[-3.704,48.218]]}},{"type":"Feature","properties":{"nom":"L'AULNE DEPUIS LA CONFLUENCE DU CANAL DE NANTES A BREST JUSQU'A L'ESTUAIRE","code":"GR0056A","longueurKm":70.31947825686,"strahler":6.0},"geometry":{"type":"MultiLineString","coordinates":[[[-3.961,48.196],[-3.963,48.201],[-3.968,48.202],[-3.984,48.191],[-3.992,48.191],[-3.997,48.198],[-4.014,48.198],[-4.015,48.202],[-4.009,48.208],[-4.014,48.212],[-4.022,48.208],[-4.022,48.198],[-4.026,48.197],[-4.029,48.199],[-4.028,48.208],[-4.022,48.214],[-4.032,48.216],[-4.038,48.21],[-4.036,48.19],[-4.042,48.182],[-4.045,48.181],[-4.05,48.183],[-4.054,48.187],[-4.049,48.2],[-4.056,48.206],[-4.064,48.205],[-4.076,48.192],[-4.084,48.188],[-4.09,48.188],[-4.096,48.194],[-4.087,48.199],[-4.077,48.209],[-4.074,48.214],[-4.076,48.217],[-4.085,48.216],[-4.11,48.207],[-4.117,48.213],[-4.118,48.218]],[[-3.96,48.191],[-3.961,48.196]],[[-3.96,48.191],[-3.961,48.193],[-3.961,48.196]],[[-3.802,48.166],[-3.807,48.171],[-3.809,48.184],[-3.815,48.184],[-3.818,48.182],[-3.818,48.161],[-3.822,48.158],[-3.837,48.158],[-3.857,48.165],[-3.866,48.166],[-3.905,48.181],[-3.917,48.172],[-3.925,48.172],[-3.928,48.173],[-3.934,48.189],[-3.943,48.191],[-3.957,48.187],[-3.96,48.191]],[[-3.799,48.165],[-3.802,48.166]],[[-3.799,48.165],[-3.801,48.165],[-3.802,48.166]],[[-3.704,48.218],[-3.707,48.216],[-3.715,48.215],[-3.727,48.221],[-3.737,48.22],[-3.74,48.214],[-3.734,48.203],[-3.739,48.202],[-3.745,48.206],[-3.753,48.208],[-3.763,48.194],[-3.751,48.187],[-3.753,48.182],[-3.778,48.17],[-3.781,48.181],[-3.79,48.181],[-3.792,48.17],[-3.799,48.165]]]}},{"type":"Feature","properties":{"nom":"LE BLAVET DEPUIS PONTIVY JUSQU'A LA CONFLUENCE AVEC L'EVEL","code":"GR0093D","longueurKm":38.50434797826,"strahler":5.0},"geometry":{"type":"MultiLineString","coordinates":[[[-3.087,47.914],[-3.086,47.911],[-3.077,47.908],[-3.078,47.883],[-3.088,47.879],[-3.094,47.881],[-3.1,47.887],[-3.112,47.883]],[[-3.085,47.916],[-3.087,47.914]],[[-3.085,47.916],[-3.087,47.915],[-3.087,47.914]],[[-2.981,48.075],[-2.975,48.074],[-2.969,48.071],[-2.97,48.06],[-2.963,48.055],[-2.959,48.048],[-2.97,48.038],[-2.97,48.031],[-2.975,48.028],[-2.977,48.018],[-2.995,48.017],[-3.002,48.012],[-2.989,48.003],[-2.991,48.001],[-3.007,48.002],[-3.012,48.0],[-3.016,47.995],[-3.009,47.989],[-3.012,47.984],[-3.027,47.988],[-3.039,47.986],[-3.043,47.981],[-3.039,47.972],[-3.046,47.973],[-3.043,47.976],[-3.045,47.98],[-3.061,47.975],[-3.063,47.968],[-3.055,47.962],[-3.073,47.939],[-3.074,47.927],[-3.085,47.916]]]}},{"type":"Feature","properties":{"nom":"L'ELLE DEPUIS LA CONFLUENCE DE L'AER JUSQU'A L'ESTUAIRE","code":"GR0080","longueurKm":29.6551719483,"strahler":6.0},"geometry":{"type":"MultiLineString","coordinates":[[[-3.466,47.941],[-3.459,47.933],[-3.461,47.926],[-3.452,47.919],[-3.462,47.916],[-3.459,47.905],[-3.466,47.903],[-3.468,47.907],[-3.47,47.903],[-3.482,47.904],[-3.486,47.9],[-3.495,47.902],[-3.497,47.898],[-3.496,47.895],[-3.504,47.895],[-3.499,47.894],[-3.503,47.884],[-3.517,47.883],[-3.523,47.885],[-3.525,47.881],[-3.544,47.875],[-3.545,47.87],[-3.541,47.866]],[[-3.467,48.016],[-3.471,48.017],[-3.48,48.008],[-3.476,48.002],[-3.488,47.986],[-3.496,47.984],[-3.5,47.981],[-3.485,47.967],[-3.482,47.952],[-3.478,47.949],[-3.467,47.947],[-3.47,47.943]],[[-3.47,47.943],[-3.471,47.941],[-3.466,47.941]],[[-3.47,47.943],[-3.466,47.941]]]}},{"type":"Feature","properties":{"nom":"LE BLAVET DEPUIS LA CONFLUENCE DE L'EVEL JUSQU'A L'ESTUAIRE","code":"GR0094","longueurKm":24.49060175572,"strahler":6.0},"geometry":{"type":"MultiLineString","coordinates":[[[-3.249,47.826],[-3.255,47.82],[-3.275,47.822],[-3.284,47.817],[-3.28,47.809],[-3.283,47.805],[-3.278,47.802],[-3.277,47.798]],[[-3.245,47.828],[-3.249,47.826]],[[-3.245,47.828],[-3.249,47.828],[-3.249,47.826]],[[-3.141,47.889],[-3.157,47.89],[-3.177,47.886],[-3.19,47.888],[-3.201,47.884],[-3.204,47.88],[-3.197,47.873],[-3.196,47.869],[-3.216,47.852],[-3.216,47.847],[-3.206,47.84],[-3.206,47.836],[-3.213,47.829],[-3.225,47.832],[-3.245,47.828]],[[-3.137,47.889],[-3.139,47.89],[-3.141,47.889]],[[-3.137,47.889],[-3.141,47.889]],[[-3.112,47.883],[-3.126,47.883],[-3.137,47.889]]]}},{"type":"Feature","properties":{"nom":"LE SCORFF ET SES AFFLUENTS DEPUIS LA SOURCE JUSQU'A L'ESTUAIRE","code":"GR0095","longueurKm":340.0247551686,"strahler":5.0},"geometry":{"type":"MultiLineString","coordinates":[[[-3.435,47.941],[-3.427,47.937]],[[-3.435,47.952],[-3.43,47.95]],[[-3.431,47.926],[-3.422,47.926]],[[-3.428,47.952],[-3.43,47.95]],[[-3.43,47.95],[-3.425,47.948]],[[-3.43,47.956],[-3.428,47.952]],[[-3.425,47.948],[-3.423,47.943],[-3.427,47.937]],[[-3.427,47.937],[-3.421,47.933],[-3.422,47.926]],[[-3.423,47.96],[-3.428,47.952]],[[-3.424,47.917],[-3.415,47.918],[-3.411,47.921]],[[-3.417,47.955],[-3.423,47.952],[-3.425,47.948]],[[-3.422,47.926],[-3.411,47.921]],[[-3.425,47.979],[-3.413,47.974],[-3.409,47.968]],[[-3.422,47.983],[-3.415,47.981],[-3.401,47.98]],[[-3.411,47.921],[-3.406,47.917]],[[-3.414,47.965],[-3.409,47.968]],[[-3.393,47.951],[-3.402,47.943],[-3.399,47.935],[-3.389,47.93],[-3.387,47.926],[-3.394,47.917],[-3.4,47.919],[-3.406,47.917]],[[-3.406,47.917],[-3.41,47.91],[-3.403,47.908],[-3.41,47.905],[-3.417,47.907],[-3.419,47.905],[-3.405,47.902],[-3.404,47.899],[-3.408,47.897],[-3.403,47.887],[-3.402,47.874],[-3.404,47.866],[-3.398,47.862]],[[-3.385,47.874],[-3.386,47.871],[-3.392,47.87],[-3.398,47.862]],[[-3.398,47.862],[-3.402,47.854],[-3.39,47.846],[-3.395,47.843],[-3.392,47.839],[-3.394,47.835],[-3.387,47.832],[-3.389,47.829]],[[-3.409,47.968],[-3.404,47.967]],[[-3.408,47.958],[-3.403,47.96]],[[-3.407,47.994],[-3.408,47.987],[-3.4,47.984]],[[-3.404,47.967],[-3.403,47.96]],[[-3.403,47.96],[-3.393,47.958]],[[-3.401,47.98],[-3.399,47.976],[-3.404,47.967]],[[-3.4,47.984],[-3.401,47.98]],[[-3.381,47.99],[-3.392,47.992],[-3.4,47.984]],[[-3.383,47.886],[-3.387,47.88],[-3.383,47.878],[-3.387,47.876],[-3.385,47.874]],[[-3.37,47.872],[-3.385,47.874]],[[-3.393,47.958],[-3.393,47.951]],[[-3.337,47.977],[-3.343,47.967],[-3.35,47.962],[-3.349,47.954],[-3.358,47.943],[-3.362,47.943],[-3.373,47.951],[-3.378,47.949],[-3.393,47.951]],[[-3.384,47.976],[-3.391,47.972],[-3.389,47.963],[-3.393,47.958]],[[-3.373,47.881],[-3.379,47.886],[-3.382,47.886],[-3.383,47.886]],[[-3.373,47.891],[-3.379,47.892],[-3.383,47.886]],[[-3.36,47.986],[-3.367,47.979],[-3.372,47.979],[-3.374,47.981],[-3.384,47.976]],[[-3.363,47.973],[-3.367,47.975],[-3.375,47.974],[-3.384,47.976]],[[-3.377,47.923],[-3.368,47.917]],[[-3.37,47.894],[-3.373,47.891]],[[-3.352,47.883],[-3.354,47.89],[-3.36,47.891],[-3.366,47.889],[-3.373,47.891]],[[-3.374,47.902],[-3.369,47.901]],[[-3.338,47.9],[-3.35,47.902],[-3.367,47.897],[-3.37,47.894]],[[-3.369,47.901],[-3.37,47.894]],[[-3.366,47.908],[-3.365,47.904],[-3.369,47.901]],[[-3.368,47.931],[-3.363,47.923],[-3.368,47.917]],[[-3.368,47.917],[-3.366,47.908]],[[-3.358,47.913],[-3.366,47.908]],[[-3.371,47.989],[-3.363,47.997],[-3.357,48.0]],[[-3.358,47.878],[-3.352,47.883]],[[-3.344,47.93],[-3.348,47.928],[-3.346,47.921],[-3.351,47.915],[-3.358,47.913]],[[-3.356,47.922],[-3.361,47.918],[-3.358,47.913]],[[-3.343,47.881],[-3.35,47.88],[-3.352,47.883]],[[-3.372,48.046],[-3.378,48.037],[-3.376,48.022],[-3.369,48.014],[-3.36,48.012]],[[-3.361,47.988],[-3.362,47.992],[-3.357,48.0]],[[-3.367,48.046],[-3.364,48.041],[-3.366,48.038],[-3.359,48.034],[-3.356,48.029],[-3.353,48.016],[-3.353,48.014],[-3.36,48.012]],[[-3.36,48.012],[-3.361,48.006],[-3.357,48.0]],[[-3.357,47.984],[-3.349,47.987],[-3.343,48.0]],[[-3.357,48.0],[-3.347,48.0]],[[-3.354,47.991],[-3.353,47.997],[-3.347,48.0]],[[-3.36,48.054],[-3.344,48.05]],[[-3.361,48.067],[-3.35,48.063]],[[-3.329,47.908],[-3.335,47.906],[-3.338,47.9]],[[-3.327,47.894],[-3.336,47.897],[-3.338,47.9]],[[-3.357,48.075],[-3.35,48.071],[-3.35,48.063]],[[-3.347,48.0],[-3.343,48.0]],[[-3.337,47.921],[-3.329,47.908]],[[-3.347,48.013],[-3.346,48.011],[-3.334,48.008]],[[-3.343,48.0],[-3.337,47.998]],[[-3.346,48.028],[-3.333,48.022]],[[-3.35,48.063],[-3.346,48.06]],[[-3.327,47.883],[-3.325,47.885],[-3.328,47.889],[-3.324,47.891],[-3.327,47.894]],[[-3.326,47.911],[-3.329,47.908]],[[-3.333,47.983],[-3.337,47.977]],[[-3.317,47.967],[-3.323,47.971],[-3.325,47.976],[-3.337,47.977]],[[-3.318,47.898],[-3.327,47.894]],[[-3.345,48.063],[-3.346,48.06]],[[-3.346,48.06],[-3.344,48.05]],[[-3.344,48.05],[-3.333,48.043]],[[-3.331,48.063],[-3.342,48.064],[-3.345,48.063]],[[-3.342,48.069],[-3.345,48.063]],[[-3.342,48.04],[-3.333,48.031]],[[-3.334,48.001],[-3.337,47.998]],[[-3.337,47.998],[-3.339,47.995],[-3.333,47.989],[-3.333,47.983]],[[-3.307,47.917],[-3.326,47.911]],[[-3.313,47.934],[-3.32,47.932],[-3.32,47.928],[-3.328,47.921],[-3.328,47.916],[-3.325,47.915],[-3.326,47.911]],[[-3.25,48.004],[-3.253,48.006],[-3.255,48.003],[-3.265,48.005],[-3.27,47.998],[-3.278,47.995],[-3.288,47.997],[-3.293,47.995],[-3.307,47.995],[-3.307,47.991],[-3.311,47.989],[-3.316,47.994],[-3.333,47.983]],[[-3.311,48.009],[-3.32,48.004],[-3.334,48.001]],[[-3.334,48.008],[-3.334,48.001]],[[-3.333,48.022],[-3.332,48.014],[-3.334,48.008]],[[-3.338,48.059],[-3.333,48.053],[-3.332,48.044]],[[-3.333,48.031],[-3.333,48.022]],[[-3.317,47.898],[-3.317,47.898],[-3.318,47.898]],[[-3.313,47.907],[-3.318,47.898]],[[-3.296,47.916],[-3.3,47.906],[-3.297,47.902],[-3.299,47.899],[-3.317,47.898]],[[-3.298,47.893],[-3.311,47.894],[-3.317,47.898]],[[-3.331,48.04],[-3.329,48.032],[-3.333,48.031]],[[-3.332,48.044],[-3.333,48.043]],[[-3.333,48.043],[-3.331,48.04]],[[-3.324,48.052],[-3.323,48.048],[-3.332,48.044]],[[-3.317,48.045],[-3.331,48.04]],[[-3.311,47.945],[-3.307,47.941],[-3.313,47.934]],[[-3.288,47.935],[-3.293,47.938],[-3.306,47.936],[-3.309,47.933],[-3.313,47.934]],[[-3.302,47.972],[-3.31,47.972],[-3.317,47.967]],[[-3.304,47.953],[-3.317,47.967]],[[-3.328,48.066],[-3.32,48.066],[-3.316,48.07],[-3.313,48.069]],[[-3.319,48.03],[-3.319,48.026],[-3.313,48.022],[-3.315,48.013],[-3.311,48.009]],[[-3.323,48.078],[-3.313,48.071]],[[-3.308,48.01],[-3.311,48.009]],[[-3.317,48.058],[-3.304,48.049],[-3.295,48.051],[-3.294,48.054],[-3.288,48.054]],[[-3.314,48.034],[-3.309,48.03],[-3.297,48.03]],[[-3.304,47.958],[-3.297,47.956],[-3.293,47.961]],[[-3.313,48.045],[-3.306,48.043],[-3.305,48.036],[-3.297,48.03]],[[-3.317,48.078],[-3.312,48.077],[-3.313,48.071]],[[-3.294,48.01],[-3.304,48.007],[-3.308,48.01]],[[-3.295,48.022],[-3.304,48.016],[-3.305,48.012],[-3.307,48.01],[-3.308,48.01]],[[-3.293,47.961],[-3.298,47.964],[-3.302,47.972]],[[-3.296,47.973],[-3.298,47.971],[-3.302,47.972]],[[-3.313,48.071],[-3.313,48.069]],[[-3.313,48.069],[-3.306,48.062],[-3.297,48.062]],[[-3.3,47.983],[-3.295,47.973]],[[-3.293,47.972],[-3.295,47.973],[-3.296,47.973]],[[-3.295,47.973],[-3.296,47.973]],[[-3.308,48.08],[-3.3,48.076],[-3.295,48.066]],[[-3.289,47.961],[-3.292,47.961],[-3.293,47.961],[-3.293,47.961]],[[-3.293,47.972],[-3.295,47.973]],[[-3.287,47.973],[-3.291,47.972],[-3.293,47.972]],[[-3.297,48.03],[-3.292,48.028]],[[-3.286,47.956],[-3.289,47.961]],[[-3.279,47.962],[-3.282,47.962],[-3.285,47.961],[-3.289,47.961]],[[-3.292,48.028],[-3.296,48.025],[-3.295,48.022]],[[-3.274,48.028],[-3.285,48.022],[-3.29,48.023],[-3.294,48.021],[-3.295,48.022]],[[-3.273,47.945],[-3.285,47.947],[-3.283,47.952],[-3.287,47.953],[-3.286,47.956]],[[-3.276,47.956],[-3.286,47.956]],[[-3.289,47.982],[-3.287,47.973]],[[-3.276,47.97],[-3.287,47.973]],[[-3.295,48.066],[-3.297,48.062]],[[-3.297,48.062],[-3.295,48.059],[-3.291,48.059],[-3.288,48.054]],[[-3.29,48.039],[-3.287,48.031],[-3.292,48.028]],[[-3.286,48.086],[-3.283,48.08],[-3.289,48.074],[-3.289,48.07],[-3.295,48.066]],[[-3.282,47.983],[-3.275,47.979],[-3.271,47.972]],[[-3.288,48.054],[-3.286,48.054]],[[-3.271,47.972],[-3.276,47.97]],[[-3.259,47.957],[-3.276,47.97]],[[-3.281,48.06],[-3.286,48.054]],[[-3.286,48.054],[-3.278,48.048]],[[-3.267,47.972],[-3.271,47.972]],[[-3.272,48.099],[-3.267,48.09],[-3.273,48.08],[-3.269,48.073],[-3.27,48.067],[-3.266,48.063],[-3.267,48.06],[-3.273,48.06],[-3.278,48.056],[-3.278,48.048]],[[-3.278,48.048],[-3.274,48.028]],[[-3.251,48.035],[-3.254,48.032],[-3.274,48.028]],[[-3.258,47.982],[-3.259,47.975],[-3.267,47.972]],[[-3.245,47.968],[-3.267,47.972]],[[-3.283,48.14],[-3.281,48.144],[-3.275,48.147],[-3.261,48.145],[-3.251,48.139],[-3.25,48.129],[-3.242,48.123],[-3.243,48.12],[-3.24,48.115],[-3.242,48.11],[-3.235,48.112],[-3.228,48.109],[-3.23,48.104],[-3.226,48.102],[-3.225,48.094],[-3.219,48.091],[-3.214,48.091],[-3.207,48.083]],[[-3.252,47.987],[-3.244,47.99],[-3.247,47.995],[-3.245,47.999]],[[-3.249,47.975],[-3.243,47.973],[-3.233,47.976],[-3.231,47.978]],[[-3.235,48.025],[-3.242,48.023],[-3.248,48.019],[-3.243,48.009],[-3.25,48.004]],[[-3.245,47.999],[-3.25,48.004]],[[-3.243,47.982],[-3.237,47.982],[-3.233,47.985]],[[-3.237,47.993],[-3.239,47.998],[-3.245,47.999]],[[-3.236,47.969],[-3.234,47.972],[-3.226,47.973],[-3.224,47.978]],[[-3.225,47.998],[-3.237,47.993]],[[-3.233,47.985],[-3.233,47.989],[-3.237,47.993]],[[-3.232,47.982],[-3.233,47.985]],[[-3.224,47.978],[-3.231,47.978]],[[-3.231,47.978],[-3.232,47.982]],[[-3.224,47.987],[-3.223,47.984],[-3.232,47.982]],[[-3.221,48.028],[-3.226,48.03],[-3.235,48.025]],[[-3.207,48.083],[-3.205,48.078],[-3.209,48.076],[-3.215,48.063],[-3.223,48.059],[-3.224,48.051],[-3.239,48.049],[-3.241,48.044],[-3.235,48.038],[-3.235,48.025]],[[-3.215,47.977],[-3.219,47.976],[-3.224,47.978]],[[-3.228,48.018],[-3.222,48.017],[-3.221,48.028]],[[-3.212,47.978],[-3.215,47.977]],[[-3.21,47.99],[-3.216,47.981],[-3.215,47.977]],[[-3.216,48.027],[-3.217,48.028],[-3.221,48.028]],[[-3.204,47.981],[-3.209,47.982],[-3.212,47.978]],[[-3.199,47.972],[-3.199,47.974],[-3.212,47.978]],[[-3.215,48.013],[-3.214,48.01],[-3.203,48.011]],[[-3.211,48.021],[-3.216,48.027]],[[-3.205,48.037],[-3.208,48.029],[-3.211,48.027],[-3.216,48.027]],[[-3.217,48.041],[-3.205,48.037]],[[-3.222,48.104],[-3.21,48.101]],[[-3.203,48.011],[-3.211,48.021]],[[-3.202,48.02],[-3.211,48.021]],[[-3.196,48.004],[-3.203,48.011]],[[-3.203,48.038],[-3.205,48.037]],[[-3.215,48.126],[-3.207,48.118],[-3.209,48.113],[-3.205,48.108]],[[-3.213,48.109],[-3.208,48.104]],[[-3.198,48.024],[-3.202,48.02]],[[-3.193,48.012],[-3.194,48.019],[-3.202,48.02]],[[-3.205,48.048],[-3.207,48.042],[-3.203,48.038]],[[-3.199,48.04],[-3.203,48.038]],[[-3.208,48.104],[-3.21,48.101]],[[-3.21,48.101],[-3.204,48.095]],[[-3.2,48.086],[-3.207,48.083]],[[-3.205,48.105],[-3.206,48.104],[-3.208,48.104],[-3.208,48.104]],[[-3.188,48.03],[-3.198,48.024]],[[-3.19,48.022],[-3.198,48.024]],[[-3.194,48.044],[-3.199,48.04]],[[-3.189,48.034],[-3.192,48.04],[-3.199,48.04]],[[-3.205,48.108],[-3.205,48.105]],[[-3.19,48.109],[-3.199,48.105],[-3.202,48.105],[-3.205,48.105]],[[-3.184,48.101],[-3.188,48.098],[-3.194,48.098],[-3.204,48.095]],[[-3.204,48.095],[-3.2,48.086]],[[-3.199,48.116],[-3.199,48.111],[-3.205,48.108]],[[-3.197,48.052],[-3.193,48.05],[-3.194,48.044]],[[-3.198,48.086],[-3.2,48.086],[-3.2,48.086]],[[-3.191,48.043],[-3.194,48.044]],[[-3.195,48.089],[-3.198,48.086]],[[-3.186,48.085],[-3.198,48.086]],[[-3.18,48.026],[-3.19,48.022]],[[-3.185,48.011],[-3.19,48.022]],[[-3.18,48.051],[-3.191,48.043]],[[-3.177,48.036],[-3.177,48.038],[-3.189,48.04],[-3.191,48.043]],[[-3.181,48.013],[-3.177,48.023]],[[-3.177,48.023],[-3.18,48.026]],[[-3.159,48.021],[-3.158,48.027],[-3.166,48.03],[-3.168,48.03],[-3.173,48.027],[-3.178,48.027],[-3.179,48.026],[-3.18,48.026],[-3.18,48.026]],[[-3.167,48.02],[-3.177,48.023]],[[-3.18,48.082],[-3.185,48.077],[-3.189,48.065],[-3.18,48.051]],[[-3.18,48.051],[-3.18,48.051]],[[-3.174,48.064],[-3.176,48.061],[-3.173,48.055],[-3.18,48.051]],[[-3.166,48.04],[-3.169,48.048],[-3.18,48.051]],[[-3.172,48.034],[-3.166,48.04]],[[-3.162,48.034],[-3.162,48.039],[-3.166,48.04]]]}},{"type":"Feature","properties":{"nom":"LE JET ET SES AFFLUENTS DEPUIS LA SOURCE JUSQU'A LA CONFLUENCE AVEC L'ODET","code":"GR0083","longueurKm":96.38841485497,"strahler":5.0},"geometry":{"type":"MultiLineString","coordinates":[[[-4.047,47.993],[-4.068,47.992],[-4.072,47.994]],[[-4.039,47.991],[-4.047,47.991],[-4.047,47.993]],[[-4.039,47.991],[-4.047,47.993]],[[-4.011,47.989],[-4.028,47.993],[-4.039,47.991]],[[-4.001,47.997],[-4.011,47.989]],[[-3.923,47.976],[-3.965,47.983],[-3.982,47.983],[-3.997,47.989],[-4.002,47.987],[-4.011,47.989]],[[-4.011,48.003],[-4.006,48.003]],[[-4.01,48.012],[-4.006,48.003]],[[-4.006,48.003],[-3.998,48.002]],[[-3.998,48.002],[-4.001,47.997]],[[-3.984,47.997],[-4.001,47.997]],[[-4.001,48.006],[-3.995,48.005]],[[-3.995,48.005],[-3.998,48.002]],[[-3.988,48.015],[-3.99,48.009],[-3.995,48.005]],[[-3.992,48.023],[-3.991,48.015],[-3.988,48.015]],[[-3.969,48.021],[-3.983,48.019],[-3.988,48.015]],[[-3.971,48.008],[-3.978,48.006],[-3.984,47.997]],[[-3.964,47.995],[-3.98,47.994],[-3.984,47.997]],[[-3.954,48.013],[-3.963,48.009],[-3.961,48.004],[-3.964,47.995]],[[-3.948,47.995],[-3.964,47.995]],[[-3.944,48.02],[-3.954,48.013]],[[-3.921,48.012],[-3.935,48.011],[-3.954,48.013]],[[-3.937,48.0],[-3.948,47.995]],[[-3.935,47.994],[-3.948,47.995]],[[-3.931,48.029],[-3.944,48.02]],[[-3.943,48.028],[-3.944,48.02]],[[-3.924,48.003],[-3.935,47.994]],[[-3.921,47.987],[-3.923,47.992],[-3.935,47.994]],[[-3.904,47.976],[-3.906,47.977],[-3.909,47.976],[-3.912,47.976],[-3.923,47.976],[-3.923,47.976]],[[-3.904,47.976],[-3.91,47.975],[-3.923,47.976]],[[-3.919,47.997],[-3.899,47.994]],[[-3.923,48.034],[-3.912,48.031]],[[-3.919,48.019],[-3.913,48.019]],[[-3.915,47.986],[-3.906,47.99],[-3.896,47.991]],[[-3.916,48.023],[-3.913,48.019]],[[-3.913,48.019],[-3.901,48.019]],[[-3.913,48.039],[-3.912,48.031]],[[-3.912,48.031],[-3.909,48.024],[-3.905,48.022]],[[-3.909,48.003],[-3.895,48.004]],[[-3.896,47.991],[-3.892,47.988],[-3.893,47.985],[-3.896,47.984],[-3.896,47.981],[-3.901,47.979],[-3.9,47.977],[-3.904,47.976]],[[-3.893,48.043],[-3.9,48.04],[-3.905,48.022]],[[-3.905,48.022],[-3.901,48.019]],[[-3.894,48.002],[-3.894,47.997],[-3.898,47.997],[-3.899,47.994]],[[-3.899,47.994],[-3.896,47.991]],[[-3.901,48.019],[-3.896,48.016]],[[-3.893,48.007],[-3.895,48.004]],[[-3.895,48.004],[-3.895,48.004]],[[-3.895,48.004],[-3.894,48.002]],[[-3.893,48.007],[-3.894,48.005],[-3.895,48.004],[-3.895,48.004]],[[-3.888,48.018],[-3.896,48.015]],[[-3.896,48.016],[-3.896,48.015]],[[-3.896,48.015],[-3.893,48.007]],[[-3.891,48.023],[-3.893,48.019],[-3.896,48.016]],[[-3.891,48.023],[-3.896,48.016]],[[-3.867,48.001],[-3.871,47.999],[-3.886,47.999],[-3.894,48.002]],[[-3.887,48.028],[-3.891,48.023]],[[-3.863,48.027],[-3.875,48.026],[-3.888,48.018]],[[-3.85,48.018],[-3.878,48.014],[-3.888,48.018]],[[-3.867,48.037],[-3.887,48.028]],[[-3.873,48.044],[-3.88,48.042],[-3.886,48.035],[-3.887,48.028]],[[-3.853,48.01],[-3.854,48.006],[-3.864,48.005],[-3.867,48.001]],[[-3.851,48.002],[-3.859,47.999],[-3.867,48.001]],[[-3.848,48.049],[-3.864,48.043],[-3.867,48.037]],[[-3.847,48.039],[-3.854,48.038],[-3.867,48.037]],[[-3.849,48.027],[-3.85,48.018]],[[-3.844,48.02],[-3.845,48.019],[-3.85,48.018],[-3.85,48.018]],[[-3.831,48.05],[-3.835,48.044],[-3.846,48.042],[-3.847,48.039]],[[-3.843,48.038],[-3.847,48.039]],[[-3.835,48.038],[-3.835,48.031],[-3.844,48.02]],[[-3.841,48.019],[-3.844,48.02]]]}},{"type":"Feature","properties":{"nom":"L'AVEN DEPUIS CORAY JUSQU'A L'ESTUAIRE","code":"GR0086","longueurKm":35.48055469672,"strahler":5.0},"geometry":{"type":"MultiLineString","coordinates":[[[-3.824,48.053],[-3.817,48.051]],[[-3.814,47.995],[-3.815,47.993]],[[-3.814,47.995],[-3.815,47.994],[-3.815,47.993]],[[-3.815,47.993],[-3.821,47.985],[-3.821,47.978],[-3.826,47.972],[-3.826,47.958],[-3.828,47.955],[-3.823,47.954],[-3.825,47.949],[-3.817,47.945],[-3.817,47.942],[-3.808,47.94],[-3.805,47.935],[-3.798,47.931],[-3.8,47.925],[-3.794,47.915],[-3.793,47.909],[-3.784,47.905]],[[-3.806,48.024],[-3.812,48.017],[-3.81,48.001],[-3.814,47.995]],[[-3.812,48.067],[-3.817,48.051]],[[-3.817,48.051],[-3.815,48.045],[-3.806,48.039],[-3.806,48.031]],[[-3.806,48.031],[-3.806,48.024]],[[-3.806,48.024],[-3.808,48.026],[-3.806,48.031]],[[-3.784,47.905],[-3.777,47.902]],[[-3.784,47.905],[-3.779,47.904],[-3.777,47.902]],[[-3.777,47.902],[-3.772,47.902]],[[-3.772,47.902],[-3.771,47.903],[-3.768,47.902]],[[-3.772,47.902],[-3.77,47.902],[-3.769,47.902],[-3.768,47.902]],[[-3.768,47.902],[-3.757,47.901],[-3.747,47.893],[-3.737,47.888],[-3.726,47.874],[-3.727,47.864],[-3.735,47.864],[-3.736,47.86],[-3.744,47.859],[-3.748,47.855],[-3.747,47.852]]]}},{"type":"Feature","properties":{"nom":"L'INAM ET SES AFFLUENTS DEPUIS LA SOURCE JUSQU'A LA CONFLUENCE AVEC L'ELLE","code":"GR0090","longueurKm":155.85401803082,"strahler":5.0},"geometry":{"type":"MultiLineString","coordinates":[[[-3.692,48.115],[-3.675,48.114]],[[-3.686,48.1],[-3.681,48.103],[-3.681,48.109],[-3.675,48.114]],[[-3.684,48.139],[-3.668,48.137],[-3.663,48.132]],[[-3.682,48.123],[-3.666,48.123]],[[-3.682,48.133],[-3.668,48.134],[-3.663,48.132]],[[-3.675,48.114],[-3.661,48.115]],[[-3.671,48.102],[-3.661,48.115]],[[-3.663,48.132],[-3.664,48.127],[-3.667,48.126],[-3.666,48.123]],[[-3.666,48.123],[-3.659,48.116]],[[-3.661,48.115],[-3.659,48.116]],[[-3.659,48.116],[-3.641,48.107],[-3.64,48.104]],[[-3.64,48.104],[-3.638,48.099],[-3.637,48.098],[-3.635,48.098],[-3.635,48.098]],[[-3.64,48.104],[-3.635,48.098]],[[-3.628,48.037],[-3.623,48.04]],[[-3.635,48.098],[-3.634,48.098]],[[-3.629,48.122],[-3.63,48.101],[-3.634,48.098]],[[-3.634,48.098],[-3.632,48.095],[-3.636,48.089],[-3.626,48.079],[-3.62,48.079],[-3.617,48.076],[-3.612,48.08],[-3.607,48.077],[-3.599,48.081],[-3.589,48.08],[-3.589,48.077],[-3.594,48.076],[-3.593,48.072],[-3.579,48.068],[-3.569,48.062],[-3.561,48.05],[-3.557,48.048]],[[-3.627,48.046],[-3.628,48.041],[-3.623,48.04]],[[-3.623,48.04],[-3.599,48.042]],[[-3.618,48.024],[-3.622,48.028],[-3.615,48.032]],[[-3.616,48.127],[-3.629,48.122]],[[-3.555,48.156],[-3.561,48.155],[-3.565,48.158],[-3.575,48.158],[-3.578,48.155],[-3.604,48.148],[-3.615,48.138],[-3.632,48.131],[-3.629,48.122]],[[-3.618,48.047],[-3.604,48.048],[-3.594,48.043]],[[-3.615,48.032],[-3.6,48.038],[-3.599,48.042]],[[-3.609,48.03],[-3.615,48.032]],[[-3.606,48.134],[-3.616,48.127]],[[-3.602,48.123],[-3.616,48.127]],[[-3.599,48.042],[-3.594,48.043]],[[-3.594,48.043],[-3.588,48.044]],[[-3.581,48.14],[-3.6,48.138],[-3.606,48.134]],[[-3.593,48.125],[-3.596,48.13],[-3.606,48.134]],[[-3.592,48.036],[-3.588,48.044]],[[-3.587,48.026],[-3.581,48.028],[-3.574,48.024]],[[-3.588,48.044],[-3.575,48.039]],[[-3.581,48.035],[-3.575,48.039]],[[-3.579,48.021],[-3.574,48.024]],[[-3.578,48.032],[-3.572,48.039]],[[-3.574,48.024],[-3.569,48.024]],[[-3.575,48.039],[-3.572,48.039]],[[-3.572,48.039],[-3.564,48.038]],[[-3.582,48.126],[-3.574,48.13]],[[-3.569,48.024],[-3.568,48.027],[-3.555,48.028],[-3.545,48.016],[-3.536,48.013]],[[-3.566,48.019],[-3.569,48.024]],[[-3.577,48.145],[-3.581,48.14]],[[-3.575,48.138],[-3.581,48.14]],[[-3.564,48.038],[-3.555,48.047]],[[-3.562,48.032],[-3.56,48.034],[-3.564,48.038]],[[-3.57,48.149],[-3.577,48.145]],[[-3.549,48.148],[-3.552,48.149],[-3.557,48.147],[-3.571,48.145],[-3.577,48.145]],[[-3.574,48.13],[-3.575,48.138]],[[-3.573,48.125],[-3.574,48.13]],[[-3.571,48.138],[-3.572,48.138],[-3.575,48.138]],[[-3.567,48.133],[-3.571,48.138]],[[-3.565,48.138],[-3.571,48.138]],[[-3.548,48.068],[-3.554,48.061],[-3.553,48.052],[-3.557,48.048]],[[-3.557,48.048],[-3.555,48.047]],[[-3.551,48.011],[-3.54,48.01],[-3.536,48.013]],[[-3.555,48.047],[-3.535,48.039],[-3.528,48.031],[-3.515,48.028],[-3.51,48.019],[-3.499,48.017],[-3.496,48.013],[-3.5,48.011]],[[-3.556,48.14],[-3.565,48.138]],[[-3.555,48.132],[-3.565,48.138]],[[-3.561,48.116],[-3.557,48.117]],[[-3.56,48.123],[-3.554,48.124]],[[-3.558,48.107],[-3.556,48.095]],[[-3.555,48.081],[-3.546,48.081]],[[-3.553,48.098],[-3.556,48.095]],[[-3.556,48.095],[-3.55,48.088]],[[-3.559,48.113],[-3.557,48.117]],[[-3.557,48.117],[-3.548,48.114],[-3.543,48.115],[-3.543,48.118]],[[-3.556,48.12],[-3.55,48.121]],[[-3.556,48.127],[-3.554,48.124]],[[-3.548,48.069],[-3.548,48.068]],[[-3.538,48.068],[-3.548,48.068]],[[-3.549,48.094],[-3.55,48.088]],[[-3.55,48.088],[-3.548,48.084]],[[-3.546,48.081],[-3.548,48.069]],[[-3.528,48.076],[-3.546,48.069],[-3.548,48.069]],[[-3.554,48.124],[-3.55,48.121]],[[-3.548,48.084],[-3.546,48.081]],[[-3.543,48.085],[-3.543,48.085],[-3.547,48.084],[-3.548,48.084]],[[-3.549,48.108],[-3.542,48.107],[-3.536,48.102]],[[-3.55,48.121],[-3.543,48.118]],[[-3.536,48.013],[-3.532,48.013],[-3.525,48.01]],[[-3.538,48.097],[-3.546,48.089],[-3.543,48.085]],[[-3.542,48.085],[-3.543,48.085]],[[-3.549,48.14],[-3.531,48.143]],[[-3.538,48.088],[-3.542,48.085]],[[-3.523,48.084],[-3.542,48.085]],[[-3.53,48.001],[-3.525,48.006],[-3.525,48.01]],[[-3.543,48.118],[-3.534,48.119],[-3.528,48.117]],[[-3.54,48.111],[-3.529,48.112]],[[-3.536,48.102],[-3.538,48.097]],[[-3.532,48.094],[-3.538,48.097]],[[-3.542,48.132],[-3.523,48.128]],[[-3.525,48.01],[-3.5,48.011]],[[-3.534,48.103],[-3.536,48.102]],[[-3.528,48.11],[-3.534,48.103]],[[-3.53,48.101],[-3.534,48.103]],[[-3.539,48.15],[-3.531,48.143]],[[-3.527,48.115],[-3.529,48.112]],[[-3.529,48.112],[-3.528,48.11]],[[-3.523,48.109],[-3.525,48.111],[-3.527,48.11],[-3.528,48.11],[-3.528,48.11]],[[-3.531,48.143],[-3.528,48.142]],[[-3.528,48.117],[-3.527,48.115]],[[-3.524,48.126],[-3.523,48.12],[-3.525,48.119],[-3.526,48.118],[-3.527,48.117],[-3.526,48.117],[-3.527,48.117],[-3.528,48.117]],[[-3.52,48.115],[-3.52,48.115],[-3.527,48.115]],[[-3.526,48.149],[-3.528,48.142]],[[-3.528,48.142],[-3.523,48.134],[-3.523,48.129]],[[-3.51,48.115],[-3.515,48.108],[-3.523,48.109]],[[-3.517,48.098],[-3.523,48.109]],[[-3.523,48.128],[-3.524,48.126]],[[-3.514,48.128],[-3.516,48.126],[-3.524,48.126]],[[-3.502,48.147],[-3.518,48.15],[-3.526,48.149]],[[-3.524,48.161],[-3.532,48.159],[-3.526,48.149]],[[-3.508,48.144],[-3.51,48.138],[-3.518,48.13],[-3.523,48.129]],[[-3.523,48.129],[-3.523,48.128]],[[-3.511,48.165],[-3.524,48.161]],[[-3.508,48.156],[-3.524,48.161]],[[-3.5,48.011],[-3.498,48.001],[-3.493,48.0],[-3.486,48.007],[-3.477,48.001]],[[-3.506,48.13],[-3.504,48.126],[-3.509,48.124],[-3.51,48.115]],[[-3.499,48.111],[-3.502,48.116],[-3.508,48.115],[-3.509,48.115],[-3.51,48.115]]]}},{"type":"Feature","properties":{"nom":"L'EVEL ET SES AFFLUENTS DEPUIS LA SOURCE JUSQU'A LA CONFLUENCE AVEC LE BLAVET","code":"GR0101","longueurKm":268.52795533265,"strahler":5.0},"geometry":{"type":"MultiLineString","coordinates":[[[-2.959,47.92],[-2.972,47.923],[-2.968,47.916],[-2.968,47.903],[-2.981,47.9],[-2.98,47.896],[-2.964,47.893],[-2.967,47.889],[-2.975,47.89],[-2.966,47.884],[-2.965,47.88],[-2.975,47.877],[-2.972,47.872],[-2.978,47.868],[-2.985,47.872],[-2.989,47.871],[-2.986,47.867],[-2.989,47.861],[-3.004,47.863],[-3.013,47.866],[-3.048,47.867],[-3.058,47.872],[-3.067,47.871],[-3.077,47.876],[-3.099,47.877],[-3.112,47.883]],[[-3.0,47.951],[-2.992,47.949],[-2.984,47.952]],[[-2.992,47.94],[-2.969,47.934]],[[-2.992,47.965],[-2.988,47.969],[-2.979,47.968],[-2.963,47.975]],[[-2.989,47.956],[-2.985,47.955],[-2.984,47.952]],[[-2.984,47.952],[-2.98,47.951]],[[-2.981,47.932],[-2.969,47.934]],[[-2.984,47.976],[-2.974,47.983]],[[-2.984,47.984],[-2.974,47.983]],[[-2.979,47.958],[-2.98,47.951]],[[-2.98,47.951],[-2.961,47.939]],[[-2.969,47.934],[-2.965,47.935],[-2.961,47.939]],[[-2.971,47.954],[-2.964,47.947],[-2.954,47.943]],[[-2.974,47.983],[-2.963,47.975]],[[-2.969,47.964],[-2.955,47.956]],[[-2.968,47.992],[-2.961,47.993],[-2.958,47.991],[-2.956,47.987],[-2.95,47.983],[-2.95,47.978]],[[-2.961,47.939],[-2.953,47.938]],[[-2.953,47.938],[-2.959,47.927],[-2.956,47.923],[-2.959,47.92]],[[-2.901,47.95],[-2.902,47.946],[-2.908,47.944],[-2.911,47.94],[-2.928,47.935],[-2.929,47.93],[-2.923,47.928],[-2.923,47.924],[-2.93,47.925],[-2.936,47.931],[-2.95,47.92],[-2.959,47.92]],[[-2.963,47.975],[-2.95,47.978]],[[-2.953,47.94],[-2.953,47.938]],[[-2.955,47.956],[-2.955,47.952],[-2.951,47.948],[-2.954,47.943]],[[-2.954,47.943],[-2.953,47.94]],[[-2.944,47.944],[-2.947,47.94],[-2.952,47.94],[-2.953,47.94]],[[-2.946,47.963],[-2.955,47.956]],[[-2.953,47.995],[-2.943,47.996],[-2.933,47.994]],[[-2.95,47.978],[-2.94,47.979],[-2.936,47.975],[-2.928,47.976]],[[-2.939,47.956],[-2.935,47.959],[-2.917,47.956]],[[-2.937,47.984],[-2.928,47.979],[-2.928,47.976]],[[-2.935,47.969],[-2.926,47.975]],[[-2.931,47.953],[-2.917,47.953]],[[-2.932,48.01],[-2.933,47.994]],[[-2.933,47.994],[-2.924,47.991],[-2.915,47.992]],[[-2.928,47.976],[-2.926,47.975]],[[-2.926,47.975],[-2.917,47.973]],[[-2.917,47.956],[-2.917,47.953]],[[-2.917,47.953],[-2.91,47.947],[-2.901,47.95]],[[-2.923,48.014],[-2.915,48.021],[-2.897,48.025],[-2.893,48.024]],[[-2.917,47.973],[-2.916,47.964],[-2.92,47.961],[-2.917,47.956]],[[-2.912,47.981],[-2.917,47.973]],[[-2.908,47.907],[-2.9,47.91],[-2.888,47.911]],[[-2.918,48.008],[-2.919,48.003],[-2.915,47.999]],[[-2.915,47.999],[-2.915,47.992]],[[-2.915,47.992],[-2.901,47.984],[-2.892,47.983],[-2.89,47.976]],[[-2.91,48.009],[-2.911,48.002],[-2.915,47.999]],[[-2.896,47.901],[-2.891,47.906]],[[-2.89,47.952],[-2.898,47.952],[-2.901,47.95]],[[-2.904,47.975],[-2.89,47.976]],[[-2.903,47.967],[-2.894,47.965],[-2.888,47.959]],[[-2.907,48.017],[-2.893,48.022]],[[-2.891,47.906],[-2.888,47.911]],[[-2.889,47.9],[-2.891,47.906]],[[-2.888,47.911],[-2.886,47.912]],[[-2.886,47.912],[-2.882,47.923],[-2.876,47.926],[-2.869,47.936]],[[-2.877,47.902],[-2.886,47.912]],[[-2.888,47.959],[-2.89,47.952]],[[-2.876,47.954],[-2.88,47.954],[-2.887,47.954],[-2.888,47.952],[-2.89,47.952]],[[-2.886,47.932],[-2.881,47.935],[-2.869,47.936]],[[-2.89,47.976],[-2.886,47.97],[-2.888,47.959]],[[-2.89,48.027],[-2.893,48.024]],[[-2.893,48.024],[-2.893,48.022]],[[-2.893,48.022],[-2.894,48.01],[-2.889,48.009],[-2.89,48.005],[-2.885,48.003]],[[-2.877,47.9],[-2.877,47.902]],[[-2.872,47.901],[-2.877,47.902]],[[-2.873,48.043],[-2.89,48.031],[-2.89,48.027]],[[-2.856,48.021],[-2.879,48.022],[-2.89,48.027]],[[-2.872,48.013],[-2.885,48.003]],[[-2.885,48.003],[-2.881,47.998],[-2.883,47.994],[-2.876,47.991]],[[-2.87,47.944],[-2.874,47.944],[-2.876,47.954]],[[-2.862,47.952],[-2.87,47.955],[-2.874,47.955],[-2.875,47.954],[-2.875,47.954],[-2.876,47.954]],[[-2.86,48.008],[-2.863,48.004],[-2.862,47.999],[-2.876,47.991]],[[-2.876,47.991],[-2.866,47.977],[-2.859,47.974]],[[-2.869,47.936],[-2.868,47.938]],[[-2.868,47.938],[-2.87,47.944]],[[-2.855,47.943],[-2.87,47.944]],[[-2.882,48.056],[-2.877,48.058],[-2.862,48.054]],[[-2.856,47.931],[-2.857,47.936],[-2.868,47.938]],[[-2.86,47.906],[-2.864,47.909],[-2.865,47.917],[-2.861,47.922]],[[-2.861,47.922],[-2.856,47.931]],[[-2.859,47.921],[-2.861,47.922]],[[-2.844,47.922],[-2.859,47.921]],[[-2.85,47.913],[-2.859,47.921]],[[-2.87,48.048],[-2.873,48.043]],[[-2.864,48.038],[-2.873,48.043]],[[-2.856,47.953],[-2.859,47.954],[-2.862,47.952]],[[-2.856,47.953],[-2.858,47.952],[-2.862,47.952]],[[-2.85,48.043],[-2.862,48.048],[-2.87,48.048]],[[-2.862,48.054],[-2.87,48.051],[-2.87,48.048]],[[-2.849,47.93],[-2.852,47.932],[-2.856,47.931]],[[-2.848,48.006],[-2.845,48.001],[-2.847,47.985],[-2.859,47.974]],[[-2.859,47.974],[-2.857,47.969]],[[-2.853,47.958],[-2.851,47.954],[-2.856,47.953]],[[-2.857,47.969],[-2.858,47.966],[-2.854,47.963],[-2.856,47.96],[-2.853,47.958]],[[-2.837,47.975],[-2.84,47.973],[-2.844,47.972],[-2.849,47.97],[-2.851,47.97],[-2.855,47.969],[-2.856,47.969],[-2.857,47.969]],[[-2.825,47.968],[-2.834,47.967],[-2.845,47.959],[-2.853,47.958]],[[-2.852,48.059],[-2.862,48.054]],[[-2.849,48.029],[-2.836,48.038],[-2.826,48.034],[-2.808,48.036]],[[-2.851,48.084],[-2.855,48.07],[-2.852,48.059]],[[-2.84,48.053],[-2.841,48.056],[-2.852,48.059]],[[-2.835,47.913],[-2.833,47.918],[-2.821,47.927],[-2.821,47.93],[-2.812,47.933]],[[-2.844,48.02],[-2.839,48.017],[-2.839,48.011],[-2.833,48.01]],[[-2.832,48.093],[-2.836,48.087],[-2.851,48.084]],[[-2.846,48.096],[-2.854,48.09],[-2.851,48.084]],[[-2.823,47.911],[-2.811,47.928],[-2.812,47.933]],[[-2.822,48.017],[-2.828,48.017],[-2.833,48.01]],[[-2.833,48.01],[-2.828,47.998],[-2.822,47.991],[-2.815,47.989],[-2.814,47.987]],[[-2.806,47.964],[-2.813,47.962],[-2.817,47.962],[-2.825,47.968]],[[-2.808,47.973],[-2.809,47.971],[-2.815,47.972],[-2.817,47.969],[-2.821,47.97],[-2.822,47.969],[-2.823,47.968],[-2.825,47.968]],[[-2.821,47.948],[-2.803,47.96]],[[-2.812,47.933],[-2.804,47.947],[-2.807,47.952],[-2.803,47.956],[-2.803,47.96]],[[-2.825,48.069],[-2.821,48.068],[-2.819,48.062],[-2.811,48.058],[-2.815,48.049],[-2.804,48.04]],[[-2.806,47.993],[-2.808,47.988],[-2.814,47.987]],[[-2.814,47.987],[-2.816,47.983],[-2.812,47.976],[-2.808,47.973]],[[-2.817,48.028],[-2.808,48.036]],[[-2.801,47.981],[-2.805,47.974],[-2.808,47.973]],[[-2.752,47.969],[-2.772,47.965],[-2.774,47.966],[-2.78,47.964],[-2.784,47.966],[-2.788,47.963],[-2.794,47.966],[-2.806,47.964]],[[-2.803,47.96],[-2.806,47.964]],[[-2.811,48.021],[-2.797,48.025]],[[-2.806,48.016],[-2.79,48.016]],[[-2.808,48.036],[-2.804,48.036]],[[-2.789,48.012],[-2.792,47.993],[-2.801,47.981]],[[-2.797,47.98],[-2.801,47.981]],[[-2.794,47.928],[-2.788,47.934],[-2.757,47.942]],[[-2.804,48.04],[-2.804,48.036]],[[-2.804,48.036],[-2.802,48.026],[-2.797,48.025]],[[-2.79,48.052],[-2.795,48.045],[-2.804,48.04]],[[-2.778,47.979],[-2.785,47.975],[-2.792,47.974],[-2.797,47.98]],[[-2.775,47.993],[-2.783,47.986],[-2.792,47.98],[-2.796,47.98],[-2.796,47.98],[-2.797,47.98]],[[-2.8,48.008],[-2.789,48.012]],[[-2.797,48.025],[-2.796,48.024]],[[-2.778,48.043],[-2.796,48.024]],[[-2.796,48.024],[-2.793,48.019]],[[-2.782,48.026],[-2.793,48.019]],[[-2.793,48.019],[-2.79,48.016]],[[-2.79,48.016],[-2.79,48.013]],[[-2.757,48.031],[-2.762,48.028],[-2.771,48.027],[-2.772,48.02],[-2.779,48.015],[-2.79,48.013]],[[-2.79,48.013],[-2.789,48.012]],[[-2.77,48.002],[-2.776,47.998],[-2.775,47.993]],[[-2.756,48.007],[-2.749,48.006],[-2.748,48.002],[-2.769,47.992],[-2.775,47.993]],[[-2.767,48.047],[-2.774,48.047],[-2.778,48.043]],[[-2.779,48.056],[-2.777,48.053],[-2.781,48.047],[-2.778,48.043]],[[-2.757,47.935],[-2.757,47.942]],[[-2.757,47.942],[-2.751,47.943],[-2.742,47.949]],[[-2.751,47.923],[-2.744,47.925],[-2.733,47.931]],[[-2.715,47.928],[-2.71,47.939],[-2.716,47.942],[-2.714,47.946],[-2.714,47.953],[-2.723,47.967],[-2.73,47.971],[-2.738,47.968],[-2.75,47.971],[-2.752,47.969]],[[-2.742,47.949],[-2.744,47.953],[-2.741,47.969],[-2.752,47.969]],[[-2.733,47.931],[-2.732,47.938],[-2.742,47.949]],[[-2.731,47.922],[-2.735,47.924],[-2.733,47.931]]]}},{"type":"Feature","properties":{"nom":"LE BLAVET ET SES AFFLUENTS DEPUIS LA RETENUE DE KERNE UHEL JUSQU'AU CANAL DE NANTES A BREST","code":"GR0092C","longueurKm":78.80053501076,"strahler":5.0},"geometry":{"type":"MultiLineString","coordinates":[[[-3.323,48.352],[-3.304,48.354],[-3.297,48.346]],[[-3.311,48.325],[-3.3,48.322],[-3.291,48.327]],[[-3.305,48.342],[-3.3,48.341],[-3.297,48.346]],[[-3.297,48.315],[-3.292,48.32],[-3.282,48.322]],[[-3.296,48.331],[-3.291,48.327]],[[-3.297,48.346],[-3.286,48.349],[-3.279,48.344]],[[-3.291,48.327],[-3.282,48.322]],[[-3.284,48.337],[-3.279,48.344]],[[-3.282,48.322],[-3.28,48.321]],[[-3.281,48.329],[-3.28,48.321]],[[-3.279,48.311],[-3.272,48.303],[-3.263,48.3],[-3.255,48.303]],[[-3.28,48.321],[-3.265,48.313],[-3.262,48.303],[-3.255,48.303]],[[-3.279,48.344],[-3.275,48.343],[-3.269,48.338],[-3.251,48.335],[-3.242,48.325]],[[-3.261,48.322],[-3.255,48.321],[-3.242,48.325]],[[-3.255,48.303],[-3.243,48.303],[-3.226,48.299],[-3.193,48.297],[-3.188,48.3],[-3.189,48.303]],[[-3.252,48.347],[-3.245,48.34],[-3.245,48.334],[-3.239,48.326]],[[-3.242,48.325],[-3.239,48.326]],[[-3.239,48.326],[-3.231,48.322],[-3.229,48.317],[-3.216,48.31],[-3.215,48.307],[-3.204,48.306],[-3.195,48.302],[-3.189,48.303]],[[-3.217,48.346],[-3.209,48.339],[-3.205,48.339],[-3.201,48.343]],[[-3.21,48.357],[-3.205,48.352],[-3.206,48.346],[-3.201,48.343]],[[-3.202,48.332],[-3.192,48.326]],[[-3.198,48.315],[-3.193,48.321],[-3.194,48.325]],[[-3.201,48.343],[-3.196,48.34]],[[-3.199,48.325],[-3.194,48.325]],[[-3.194,48.325],[-3.192,48.326]],[[-3.186,48.35],[-3.19,48.348],[-3.188,48.345],[-3.194,48.344],[-3.196,48.34]],[[-3.196,48.34],[-3.197,48.337],[-3.188,48.33]],[[-3.192,48.326],[-3.189,48.326]],[[-3.189,48.303],[-3.186,48.304]],[[-3.188,48.33],[-3.189,48.326]],[[-3.189,48.326],[-3.188,48.321],[-3.178,48.31],[-3.186,48.304]],[[-3.186,48.304],[-3.181,48.302],[-3.181,48.293],[-3.176,48.288],[-3.179,48.284],[-3.196,48.278],[-3.189,48.273],[-3.189,48.266],[-3.176,48.261],[-3.181,48.257],[-3.186,48.257],[-3.191,48.252],[-3.19,48.248],[-3.178,48.238],[-3.178,48.227],[-3.174,48.225]],[[-3.171,48.35],[-3.167,48.341],[-3.175,48.338],[-3.182,48.33],[-3.188,48.33]],[[-3.161,48.369],[-3.175,48.362],[-3.179,48.355],[-3.182,48.355],[-3.181,48.351],[-3.186,48.35]],[[-3.186,48.362],[-3.193,48.353],[-3.186,48.35]],[[-3.186,48.373],[-3.191,48.368],[-3.186,48.362]],[[-3.17,48.374],[-3.179,48.37],[-3.18,48.365],[-3.185,48.363],[-3.186,48.362],[-3.186,48.362]]]}},{"type":"Feature","properties":{"nom":"LE BLAVET DEPUIS LA CONFLUENCE DU CANAL DE NANTES A BREST JUSQU'A LA RETENUE DE GUERLEDAN","code":"GR0093A","longueurKm":7.29026682438,"strahler":5.0},"geometry":{"type":"LineString","coordinates":[[-3.174,48.225],[-3.17,48.219],[-3.161,48.22],[-3.158,48.212],[-3.132,48.214],[-3.128,48.21],[-3.117,48.21],[-3.113,48.205],[-3.108,48.208],[-3.107,48.206]]}},{"type":"Feature","properties":{"nom":"LE BLAVET DEPUIS LA RETENUE DE GUERLEDAN JUSQU'A L'AMONT DE PONTIVY (LIEU-DIT LA CASCADE)","code":"GR0093C","longueurKm":18.80908999005,"strahler":5.0},"geometry":{"type":"LineString","coordinates":[[-3.013,48.185],[-3.012,48.172],[-2.996,48.17],[-3.0,48.165],[-3.001,48.159],[-3.011,48.158],[-3.012,48.152],[-3.004,48.148],[-3.003,48.144],[-3.011,48.138],[-3.002,48.133],[-3.014,48.128],[-3.016,48.124],[-3.011,48.121],[-2.995,48.123],[-2.993,48.116],[-3.002,48.113],[-3.005,48.109],[-2.991,48.096],[-2.984,48.084],[-2.985,48.077],[-2.981,48.075]]}},{"type":"Feature","properties":{"nom":"LE MEU ET SES AFFLUENTS DEPUIS LA SOURCE JUSQU'A LA CONFLUENCE AVEC LE GARUN","code":"GR0113","longueurKm":233.43015475894,"strahler":5.0},"geometry":{"type":"MultiLineString","coordinates":[[[-2.38,48.223],[-2.374,48.224]],[[-2.379,48.222],[-2.374,48.224]],[[-2.372,48.199],[-2.342,48.214]],[[-2.374,48.224],[-2.361,48.227],[-2.346,48.216]],[[-2.358,48.177],[-2.351,48.177],[-2.345,48.171],[-2.326,48.176]],[[-2.359,48.188],[-2.344,48.189],[-2.333,48.184],[-2.326,48.176]],[[-2.36,48.216],[-2.351,48.218],[-2.346,48.216]],[[-2.346,48.216],[-2.342,48.214]],[[-2.338,48.155],[-2.329,48.161],[-2.313,48.155]],[[-2.342,48.214],[-2.337,48.213],[-2.324,48.215]],[[-2.334,48.151],[-2.315,48.155]],[[-2.326,48.176],[-2.323,48.174]],[[-2.329,48.207],[-2.324,48.215]],[[-2.321,48.147],[-2.315,48.155]],[[-2.316,48.18],[-2.323,48.174]],[[-2.323,48.174],[-2.302,48.156]],[[-2.327,48.223],[-2.322,48.215]],[[-2.317,48.135],[-2.289,48.148],[-2.286,48.154]],[[-2.324,48.215],[-2.322,48.215]],[[-2.322,48.215],[-2.283,48.204],[-2.271,48.199]],[[-2.315,48.155],[-2.313,48.155]],[[-2.313,48.155],[-2.302,48.156]],[[-2.302,48.156],[-2.286,48.154]],[[-2.293,48.133],[-2.272,48.132],[-2.253,48.144]],[[-2.297,48.187],[-2.289,48.182],[-2.279,48.182]],[[-2.286,48.154],[-2.259,48.151],[-2.253,48.144]],[[-2.289,48.191],[-2.279,48.182]],[[-2.286,48.169],[-2.287,48.172],[-2.283,48.175],[-2.272,48.173]],[[-2.279,48.182],[-2.272,48.173]],[[-2.272,48.173],[-2.257,48.162],[-2.249,48.143]],[[-2.257,48.209],[-2.267,48.2],[-2.271,48.199]],[[-2.271,48.199],[-2.261,48.188],[-2.252,48.183]],[[-2.253,48.144],[-2.249,48.143]],[[-2.249,48.143],[-2.237,48.134]],[[-2.246,48.194],[-2.242,48.19],[-2.252,48.183]],[[-2.252,48.183],[-2.242,48.171]],[[-2.228,48.185],[-2.229,48.18],[-2.242,48.171]],[[-2.242,48.171],[-2.227,48.159],[-2.227,48.156]],[[-2.227,48.156],[-2.239,48.137],[-2.237,48.134]],[[-2.237,48.134],[-2.229,48.132]],[[-2.229,48.132],[-2.227,48.127],[-2.223,48.127]],[[-2.229,48.132],[-2.223,48.127]],[[-2.219,48.154],[-2.227,48.156]],[[-2.223,48.127],[-2.207,48.127]],[[-2.216,48.18],[-2.203,48.171]],[[-2.215,48.168],[-2.206,48.168],[-2.203,48.171]],[[-2.207,48.127],[-2.205,48.124]],[[-2.207,48.127],[-2.204,48.125],[-2.205,48.124]],[[-2.205,48.124],[-2.201,48.121],[-2.193,48.12],[-2.184,48.125],[-2.175,48.118],[-2.162,48.122],[-2.147,48.12],[-2.144,48.123]],[[-2.203,48.171],[-2.195,48.173]],[[-2.202,48.161],[-2.189,48.171]],[[-2.204,48.181],[-2.195,48.173]],[[-2.195,48.173],[-2.189,48.171]],[[-2.192,48.161],[-2.179,48.163],[-2.173,48.17]],[[-2.181,48.049],[-2.177,48.053]],[[-2.193,48.185],[-2.175,48.17]],[[-2.189,48.171],[-2.175,48.17]],[[-2.179,48.071],[-2.173,48.074]],[[-2.177,48.053],[-2.177,48.058]],[[-2.174,48.051],[-2.177,48.053]],[[-2.177,48.058],[-2.176,48.062],[-2.171,48.066]],[[-2.17,48.051],[-2.177,48.058]],[[-2.173,48.074],[-2.157,48.085],[-2.162,48.095],[-2.16,48.099]],[[-2.171,48.066],[-2.173,48.074]],[[-2.161,48.056],[-2.163,48.062],[-2.171,48.066]],[[-2.175,48.17],[-2.173,48.17]],[[-2.173,48.17],[-2.166,48.167],[-2.159,48.155]],[[-2.164,48.098],[-2.16,48.099]],[[-2.16,48.099],[-2.142,48.103]],[[-2.156,48.071],[-2.15,48.072],[-2.147,48.07]],[[-2.154,48.061],[-2.155,48.067],[-2.147,48.07]],[[-2.155,48.158],[-2.159,48.155]],[[-2.159,48.155],[-2.164,48.15],[-2.172,48.147],[-2.172,48.143],[-2.167,48.14],[-2.168,48.135],[-2.164,48.13],[-2.158,48.131],[-2.144,48.123]],[[-2.147,48.07],[-2.141,48.07]],[[-2.135,48.168],[-2.155,48.158]],[[-2.134,48.151],[-2.141,48.151],[-2.155,48.158]],[[-2.157,48.177],[-2.147,48.177],[-2.131,48.172]],[[-2.153,48.184],[-2.144,48.179],[-2.139,48.179]],[[-2.141,48.063],[-2.141,48.07]],[[-2.143,48.09],[-2.136,48.091]],[[-2.141,48.07],[-2.134,48.073],[-2.129,48.072]],[[-2.134,48.065],[-2.141,48.07]],[[-2.142,48.103],[-2.139,48.102],[-2.129,48.104]],[[-2.139,48.109],[-2.144,48.109],[-2.142,48.103]],[[-2.144,48.123],[-2.133,48.121]],[[-2.132,48.053],[-2.122,48.056],[-2.115,48.07]],[[-2.136,48.091],[-2.128,48.095],[-2.122,48.104]],[[-2.13,48.084],[-2.136,48.086],[-2.136,48.091]],[[-2.129,48.072],[-2.118,48.073]],[[-2.127,48.066],[-2.129,48.072]],[[-2.139,48.179],[-2.132,48.178],[-2.129,48.176],[-2.128,48.175]],[[-2.139,48.179],[-2.128,48.175]],[[-2.133,48.121],[-2.133,48.119],[-2.13,48.119]],[[-2.133,48.121],[-2.13,48.119]],[[-2.131,48.11],[-2.129,48.104]],[[-2.129,48.104],[-2.122,48.104]],[[-2.132,48.171],[-2.135,48.168]],[[-2.129,48.161],[-2.135,48.168]],[[-2.13,48.119],[-2.114,48.127],[-2.11,48.123],[-2.098,48.128],[-2.09,48.124],[-2.082,48.128],[-2.071,48.121],[-2.064,48.123],[-2.057,48.117]],[[-2.131,48.172],[-2.132,48.171]],[[-2.118,48.17],[-2.132,48.171]],[[-2.128,48.175],[-2.131,48.172]],[[-2.133,48.194],[-2.131,48.184],[-2.123,48.179]],[[-2.122,48.104],[-2.118,48.104]],[[-2.123,48.179],[-2.128,48.175]],[[-2.115,48.07],[-2.118,48.073]],[[-2.118,48.073],[-2.107,48.083],[-2.115,48.091],[-2.112,48.097],[-2.103,48.104],[-2.102,48.106]],[[-2.107,48.061],[-2.107,48.065],[-2.115,48.07]],[[-2.118,48.104],[-2.109,48.107],[-2.105,48.107]],[[-2.119,48.113],[-2.121,48.108],[-2.118,48.104]],[[-2.121,48.182],[-2.123,48.179]],[[-2.121,48.184],[-2.121,48.182]],[[-2.105,48.175],[-2.117,48.182],[-2.121,48.182]],[[-2.117,48.164],[-2.118,48.17]],[[-2.11,48.165],[-2.118,48.17]],[[-2.105,48.071],[-2.103,48.074],[-2.099,48.074]],[[-2.102,48.069],[-2.099,48.074]],[[-2.105,48.107],[-2.102,48.106]],[[-2.101,48.113],[-2.105,48.107]],[[-2.102,48.106],[-2.093,48.105]],[[-2.099,48.074],[-2.096,48.074]],[[-2.096,48.074],[-2.082,48.088]],[[-2.096,48.066],[-2.092,48.073],[-2.096,48.074]],[[-2.092,48.055],[-2.094,48.057],[-2.087,48.063],[-2.077,48.068],[-2.073,48.066]],[[-2.095,48.095],[-2.093,48.096]],[[-2.093,48.096],[-2.093,48.105]],[[-2.093,48.096],[-2.093,48.096]],[[-2.093,48.105],[-2.083,48.107],[-2.077,48.113]],[[-2.088,48.115],[-2.077,48.113]],[[-2.083,48.06],[-2.075,48.063],[-2.073,48.066]],[[-2.081,48.075],[-2.078,48.082],[-2.082,48.088]],[[-2.082,48.088],[-2.07,48.092],[-2.068,48.096],[-2.069,48.1],[-2.076,48.104]],[[-2.082,48.102],[-2.076,48.104]],[[-2.073,48.066],[-2.067,48.068]],[[-2.077,48.113],[-2.062,48.118],[-2.057,48.117]],[[-2.076,48.104],[-2.077,48.113]],[[-2.067,48.061],[-2.065,48.066]],[[-2.067,48.068],[-2.062,48.071],[-2.054,48.071]],[[-2.065,48.066],[-2.067,48.068]],[[-2.06,48.064],[-2.065,48.066]],[[-2.054,48.071],[-2.052,48.076],[-2.059,48.078],[-2.059,48.084],[-2.056,48.091],[-2.058,48.1],[-2.052,48.108]],[[-2.046,48.062],[-2.046,48.066],[-2.054,48.071]],[[-2.057,48.117],[-2.051,48.117],[-2.055,48.122],[-2.054,48.127],[-2.045,48.129],[-2.033,48.126]],[[-2.052,48.108],[-2.052,48.111],[-2.042,48.114],[-2.037,48.118]],[[-2.046,48.099],[-2.045,48.104],[-2.052,48.108]],[[-2.037,48.118],[-2.033,48.126]],[[-2.029,48.11],[-2.03,48.116],[-2.037,48.118]],[[-2.033,48.126],[-2.024,48.126],[-2.021,48.129],[-2.017,48.127],[-2.007,48.135],[-2.001,48.136]],[[-2.028,48.1],[-2.017,48.107]],[[-2.017,48.107],[-2.019,48.111],[-2.016,48.113],[-2.016,48.12],[-2.012,48.122]],[[-2.014,48.105],[-2.017,48.107]],[[-2.012,48.107],[-2.014,48.105]],[[-2.012,48.101],[-2.014,48.105]],[[-1.998,48.104],[-2.003,48.105],[-2.012,48.101]],[[-2.005,48.097],[-2.012,48.101]],[[-2.012,48.122],[-2.001,48.129],[-2.0,48.135]],[[-2.006,48.114],[-2.006,48.118],[-2.012,48.122]],[[-2.002,48.098],[-2.005,48.097]],[[-1.997,48.095],[-2.003,48.095],[-2.005,48.097]],[[-2.001,48.136],[-1.994,48.138],[-1.992,48.137]],[[-2.001,48.136],[-2.0,48.135]],[[-2.0,48.135],[-1.992,48.137]],[[-1.992,48.137],[-1.974,48.138],[-1.97,48.136],[-1.954,48.136]]]}},{"type":"Feature","properties":{"nom":"LE MEU DEPUIS LA CONFLUENCE DU GARUN JUSQU'A LA CONFLUENCE AVEC LA VILAINE","code":"GR0114","longueurKm":27.53690865597,"strahler":5.0},"geometry":{"type":"MultiLineString","coordinates":[[[-1.954,48.136],[-1.948,48.129],[-1.925,48.126],[-1.929,48.118]],[[-1.929,48.118],[-1.927,48.113],[-1.921,48.112]],[[-1.929,48.118],[-1.921,48.112]],[[-1.921,48.112],[-1.913,48.112],[-1.913,48.105],[-1.908,48.103],[-1.909,48.096],[-1.898,48.086]],[[-1.898,48.086],[-1.894,48.086],[-1.891,48.084]],[[-1.898,48.086],[-1.891,48.084]],[[-1.891,48.084],[-1.886,48.076],[-1.877,48.071],[-1.865,48.07],[-1.863,48.073],[-1.856,48.073],[-1.854,48.069],[-1.847,48.069],[-1.848,48.066],[-1.841,48.064],[-1.826,48.068],[-1.818,48.059],[-1.822,48.056],[-1.823,48.048],[-1.814,48.046],[-1.812,48.044],[-1.802,48.046],[-1.8,48.043],[-1.798,48.044],[-1.795,48.035],[-1.776,48.031]]]}},{"type":"Feature","properties":{"nom":"L'ILLE DEPUIS DINGE JUSQU'A LA CONFLUENCE AVEC LA VILAINE","code":"GR0110","longueurKm":43.96556818958,"strahler":5.0},"geometry":{"type":"MultiLineString","coordinates":[[[-1.666,48.171],[-1.671,48.165],[-1.668,48.165],[-1.666,48.161],[-1.655,48.16],[-1.653,48.156],[-1.66,48.15],[-1.68,48.151],[-1.68,48.146],[-1.674,48.139],[-1.68,48.134],[-1.68,48.128],[-1.671,48.126],[-1.67,48.123],[-1.685,48.119],[-1.697,48.108]],[[-1.663,48.172],[-1.666,48.171]],[[-1.663,48.172],[-1.664,48.171],[-1.666,48.171]],[[-1.644,48.179],[-1.645,48.17],[-1.648,48.167],[-1.663,48.172]],[[-1.675,48.339],[-1.672,48.338],[-1.675,48.332],[-1.672,48.328],[-1.681,48.325],[-1.677,48.322],[-1.678,48.312],[-1.671,48.307],[-1.676,48.287],[-1.671,48.285],[-1.67,48.277],[-1.663,48.274],[-1.668,48.268],[-1.664,48.262],[-1.671,48.258],[-1.665,48.254],[-1.668,48.247],[-1.659,48.245]],[[-1.659,48.245],[-1.653,48.239],[-1.647,48.24]],[[-1.659,48.245],[-1.655,48.245],[-1.653,48.24],[-1.647,48.24]],[[-1.643,48.181],[-1.644,48.179]],[[-1.643,48.181],[-1.644,48.181],[-1.644,48.179]],[[-1.646,48.214],[-1.645,48.211],[-1.635,48.211],[-1.639,48.199],[-1.629,48.197],[-1.643,48.181]],[[-1.642,48.216],[-1.646,48.214]],[[-1.642,48.216],[-1.644,48.215],[-1.646,48.214]],[[-1.647,48.24],[-1.646,48.24],[-1.647,48.238]],[[-1.647,48.24],[-1.647,48.238]],[[-1.647,48.238],[-1.639,48.226],[-1.64,48.216]],[[-1.647,48.24],[-1.647,48.24]],[[-1.642,48.216],[-1.642,48.216]],[[-1.64,48.216],[-1.642,48.216]],[[-1.64,48.216],[-1.64,48.216],[-1.642,48.216]]]}},{"type":"Feature","properties":{"nom":"LA SEICHE DEPUIS L'ETANG DE MARCILLE JUSQU'A LA CONFLUENCE AVEC LA VILAINE","code":"GR0118","longueurKm":51.62742906873,"strahler":5.0},"geometry":{"type":"MultiLineString","coordinates":[[[-1.412,47.959],[-1.419,47.961],[-1.421,47.967],[-1.428,47.966],[-1.435,47.972],[-1.448,47.977],[-1.449,47.989],[-1.461,47.985],[-1.469,47.988],[-1.467,47.997],[-1.474,48.007],[-1.476,48.018],[-1.485,48.019],[-1.487,48.017],[-1.495,48.017],[-1.515,48.026],[-1.533,48.023],[-1.538,48.016],[-1.544,48.014],[-1.55,48.02],[-1.553,48.028],[-1.561,48.026],[-1.569,48.021],[-1.58,48.02],[-1.584,48.025],[-1.582,48.029],[-1.594,48.03],[-1.598,48.028],[-1.603,48.028],[-1.613,48.041],[-1.617,48.042],[-1.624,48.039],[-1.631,48.026],[-1.648,48.03],[-1.65,48.038],[-1.654,48.041],[-1.677,48.034],[-1.689,48.034],[-1.698,48.025],[-1.704,48.026],[-1.708,48.023],[-1.714,48.026],[-1.733,48.014],[-1.737,48.015],[-1.742,48.013],[-1.754,48.017],[-1.758,48.015],[-1.761,48.005],[-1.755,47.997]],[[-1.407,47.959],[-1.408,47.96],[-1.412,47.959]],[[-1.407,47.959],[-1.412,47.959]],[[-1.367,47.949],[-1.369,47.955],[-1.375,47.958],[-1.39,47.953],[-1.398,47.959],[-1.407,47.959]]]}},{"type":"Feature","properties":{"nom":"LE SEMNON DEPUIS LA CONFLUENCE DE LA BRUTZ JUSQU'A LA CONFLUENCE AVEC LA VILAINE","code":"GR0120","longueurKm":37.48994480087,"strahler":5.0},"geometry":{"type":"LineString","coordinates":[[-1.482,47.832],[-1.491,47.831],[-1.508,47.84],[-1.511,47.838],[-1.512,47.83],[-1.522,47.833],[-1.525,47.84],[-1.53,47.839],[-1.53,47.834],[-1.536,47.832],[-1.549,47.843],[-1.554,47.841],[-1.558,47.837],[-1.56,47.838],[-1.56,47.845],[-1.571,47.841],[-1.575,47.85],[-1.578,47.849],[-1.58,47.842],[-1.584,47.842],[-1.589,47.847],[-1.588,47.852],[-1.592,47.855],[-1.601,47.854],[-1.608,47.857],[-1.619,47.857],[-1.627,47.862],[-1.633,47.86],[-1.636,47.868],[-1.645,47.863],[-1.649,47.863],[-1.652,47.867],[-1.649,47.873],[-1.653,47.875],[-1.659,47.872],[-1.667,47.873],[-1.673,47.871],[-1.668,47.88],[-1.67,47.883],[-1.687,47.881],[-1.699,47.888],[-1.709,47.887],[-1.715,47.891],[-1.712,47.9],[-1.715,47.903],[-1.732,47.902],[-1.746,47.907],[-1.758,47.899]]}},{"type":"Feature","properties":{"nom":"LA CHERE ET SES AFFLUENTS DEPUIS LA SOURCE JUSQU'A LA CONFLUENCE AVEC LA VILAINE","code":"GR0121","longueurKm":188.91281860022,"strahler":5.0},"geometry":{"type":"MultiLineString","coordinates":[[[-1.835,47.708],[-1.838,47.707]],[[-1.83,47.712],[-1.835,47.708]],[[-1.785,47.7],[-1.79,47.702],[-1.797,47.701],[-1.815,47.706],[-1.821,47.705],[-1.827,47.711],[-1.83,47.709],[-1.834,47.708],[-1.835,47.708]],[[-1.822,47.663],[-1.802,47.671]],[[-1.807,47.66],[-1.802,47.671]],[[-1.802,47.671],[-1.797,47.676]],[[-1.797,47.676],[-1.791,47.679]],[[-1.796,47.667],[-1.797,47.676]],[[-1.791,47.679],[-1.788,47.686],[-1.78,47.691]],[[-1.786,47.659],[-1.785,47.668],[-1.788,47.67],[-1.791,47.679]],[[-1.777,47.7],[-1.782,47.701],[-1.785,47.7]],[[-1.777,47.7],[-1.785,47.7]],[[-1.78,47.691],[-1.776,47.696],[-1.777,47.7]],[[-1.764,47.672],[-1.766,47.677],[-1.775,47.68],[-1.78,47.691]],[[-1.777,47.7],[-1.777,47.7]],[[-1.758,47.705],[-1.769,47.699],[-1.777,47.7]],[[-1.769,47.66],[-1.764,47.672]],[[-1.754,47.661],[-1.755,47.665],[-1.764,47.672]],[[-1.753,47.648],[-1.757,47.656],[-1.754,47.661]],[[-1.722,47.648],[-1.725,47.657],[-1.745,47.658],[-1.754,47.661]],[[-1.748,47.707],[-1.752,47.707],[-1.758,47.705]],[[-1.735,47.684],[-1.74,47.686],[-1.741,47.699],[-1.747,47.699],[-1.758,47.705]],[[-1.737,47.704],[-1.745,47.707],[-1.748,47.707]],[[-1.737,47.704],[-1.741,47.704],[-1.748,47.707]],[[-1.731,47.673],[-1.735,47.674],[-1.735,47.684]],[[-1.704,47.685],[-1.735,47.684]],[[-1.609,47.717],[-1.624,47.714],[-1.625,47.708],[-1.631,47.704],[-1.63,47.699],[-1.641,47.699],[-1.645,47.693],[-1.649,47.692],[-1.658,47.698],[-1.67,47.695],[-1.671,47.701],[-1.68,47.701],[-1.683,47.706],[-1.687,47.704],[-1.687,47.699],[-1.696,47.697],[-1.701,47.7],[-1.709,47.701],[-1.714,47.699],[-1.729,47.699],[-1.737,47.704]],[[-1.718,47.673],[-1.727,47.674],[-1.731,47.673]],[[-1.718,47.669],[-1.729,47.669],[-1.731,47.673]],[[-1.685,47.682],[-1.695,47.686],[-1.704,47.685]],[[-1.701,47.671],[-1.704,47.685]],[[-1.7,47.653],[-1.691,47.661]],[[-1.684,47.675],[-1.688,47.673],[-1.701,47.671]],[[-1.691,47.661],[-1.701,47.667],[-1.701,47.671]],[[-1.683,47.661],[-1.687,47.662],[-1.691,47.661]],[[-1.686,47.643],[-1.683,47.661]],[[-1.651,47.661],[-1.652,47.655],[-1.662,47.651],[-1.671,47.653],[-1.676,47.661],[-1.683,47.661]],[[-1.608,47.687],[-1.6,47.69],[-1.593,47.702]],[[-1.525,47.712],[-1.541,47.714],[-1.552,47.713],[-1.555,47.716],[-1.563,47.715],[-1.573,47.722],[-1.585,47.719],[-1.602,47.722],[-1.609,47.717]],[[-1.592,47.706],[-1.609,47.717]],[[-1.602,47.702],[-1.593,47.702]],[[-1.593,47.702],[-1.592,47.706]],[[-1.574,47.696],[-1.574,47.7],[-1.581,47.706],[-1.592,47.706]],[[-1.587,47.688],[-1.584,47.692],[-1.574,47.696]],[[-1.579,47.682],[-1.573,47.693]],[[-1.573,47.693],[-1.574,47.696]],[[-1.533,47.688],[-1.564,47.687],[-1.573,47.693]],[[-1.523,47.739],[-1.524,47.732],[-1.519,47.731],[-1.511,47.723],[-1.515,47.718],[-1.523,47.716],[-1.525,47.712]],[[-1.513,47.702],[-1.518,47.701],[-1.519,47.71],[-1.525,47.712]],[[-1.518,47.754],[-1.524,47.751],[-1.523,47.744]],[[-1.523,47.744],[-1.526,47.744],[-1.527,47.742],[-1.523,47.739]],[[-1.523,47.744],[-1.523,47.739]],[[-1.515,47.754],[-1.518,47.754]],[[-1.507,47.755],[-1.514,47.755],[-1.518,47.754]],[[-1.434,47.724],[-1.442,47.729],[-1.447,47.729],[-1.449,47.726],[-1.457,47.73],[-1.477,47.728],[-1.484,47.715],[-1.49,47.715],[-1.506,47.707],[-1.508,47.701],[-1.512,47.702],[-1.513,47.702]],[[-1.502,47.692],[-1.507,47.693],[-1.513,47.702]],[[-1.508,47.752],[-1.515,47.754]],[[-1.503,47.752],[-1.515,47.754]],[[-1.486,47.7],[-1.493,47.703],[-1.498,47.698],[-1.498,47.693],[-1.502,47.692]],[[-1.493,47.684],[-1.499,47.685],[-1.502,47.692]],[[-1.481,47.707],[-1.486,47.7]],[[-1.472,47.694],[-1.483,47.697],[-1.486,47.7]],[[-1.463,47.701],[-1.469,47.694],[-1.471,47.694],[-1.472,47.694]],[[-1.461,47.694],[-1.468,47.693],[-1.472,47.694]],[[-1.458,47.692],[-1.46,47.694],[-1.461,47.694],[-1.461,47.694]],[[-1.46,47.692],[-1.461,47.694]],[[-1.451,47.679],[-1.452,47.688],[-1.457,47.689],[-1.46,47.692]],[[-1.458,47.692],[-1.459,47.692],[-1.46,47.692]],[[-1.46,47.713],[-1.446,47.708],[-1.445,47.702],[-1.437,47.698],[-1.438,47.695]],[[-1.438,47.695],[-1.447,47.691],[-1.458,47.692]],[[-1.426,47.699],[-1.43,47.696],[-1.438,47.695]],[[-1.423,47.74],[-1.429,47.737],[-1.427,47.731],[-1.434,47.724]],[[-1.373,47.721],[-1.38,47.72],[-1.384,47.721],[-1.394,47.717],[-1.402,47.72],[-1.408,47.717],[-1.422,47.719],[-1.431,47.725],[-1.432,47.725],[-1.433,47.724],[-1.434,47.724],[-1.434,47.724]],[[-1.426,47.704],[-1.426,47.699]],[[-1.402,47.706],[-1.41,47.701],[-1.413,47.7],[-1.42,47.7],[-1.422,47.7],[-1.425,47.7],[-1.426,47.699],[-1.426,47.699]],[[-1.43,47.752],[-1.433,47.749],[-1.424,47.744],[-1.423,47.74]],[[-1.408,47.741],[-1.42,47.741],[-1.422,47.74],[-1.423,47.74]],[[-1.41,47.749],[-1.404,47.745],[-1.408,47.741]],[[-1.389,47.746],[-1.406,47.74],[-1.408,47.741]],[[-1.341,47.704],[-1.377,47.711],[-1.373,47.721]],[[-1.351,47.725],[-1.358,47.725],[-1.366,47.722],[-1.37,47.721],[-1.373,47.721]],[[-1.342,47.73],[-1.351,47.725]],[[-1.349,47.719],[-1.351,47.725]],[[-1.349,47.744],[-1.341,47.736],[-1.342,47.73]],[[-1.341,47.718],[-1.333,47.73]],[[-1.333,47.73],[-1.342,47.73]],[[-1.319,47.728],[-1.326,47.731],[-1.333,47.73]],[[-1.313,47.73],[-1.319,47.728]],[[-1.291,47.719],[-1.293,47.721],[-1.314,47.721],[-1.319,47.728]],[[-1.306,47.74],[-1.313,47.73]],[[-1.289,47.734],[-1.302,47.727],[-1.313,47.73]],[[-1.306,47.69],[-1.302,47.692],[-1.288,47.69],[-1.283,47.693]],[[-1.295,47.746],[-1.289,47.734]],[[-1.283,47.693],[-1.293,47.704],[-1.288,47.711],[-1.291,47.719]],[[-1.276,47.72],[-1.288,47.716],[-1.291,47.719]],[[-1.256,47.742],[-1.253,47.737],[-1.256,47.73],[-1.278,47.734],[-1.289,47.734]],[[-1.269,47.7],[-1.271,47.694],[-1.278,47.692],[-1.283,47.693]]]}},{"type":"Feature","properties":{"nom":"L'YVEL DEPUIS LA CONFLUENCE DU DOUEFF JUSQU'A L' ETANG AU DUC","code":"GR0133A","longueurKm":21.11610098073,"strahler":5.0},"geometry":{"type":"MultiLineString","coordinates":[[[-2.417,47.943],[-2.419,47.936],[-2.428,47.936],[-2.438,47.928],[-2.44,47.92],[-2.438,47.918]],[[-2.364,47.995],[-2.374,47.992],[-2.382,47.983]],[[-2.361,47.996],[-2.364,47.995]],[[-2.361,47.996],[-2.362,47.995],[-2.364,47.995]],[[-2.331,48.042],[-2.332,48.034],[-2.342,48.038],[-2.347,48.036],[-2.345,48.032],[-2.349,48.027],[-2.346,48.026],[-2.352,48.023],[-2.358,48.014],[-2.367,48.018],[-2.371,48.015],[-2.374,48.015],[-2.374,48.01],[-2.368,48.007],[-2.367,48.0],[-2.361,48.001],[-2.358,47.999],[-2.361,47.996]],[[-2.317,48.044],[-2.317,48.043],[-2.318,48.041],[-2.322,48.042],[-2.325,48.041],[-2.329,48.042],[-2.331,48.042]],[[-2.317,48.044],[-2.319,48.043],[-2.327,48.043],[-2.331,48.042]],[[-2.315,48.05],[-2.319,48.048],[-2.317,48.044]]]}},{"type":"Feature","properties":{"nom":"L'OUST DEPUIS ROHAN JUSQU'A LA CONFLUENCE AVEC LA VILAINE","code":"GR0127","longueurKm":118.28121046022,"strahler":6.0},"geometry":{"type":"MultiLineString","coordinates":[[[-2.75,48.067],[-2.734,48.058],[-2.734,48.049],[-2.722,48.045],[-2.718,48.041]],[[-2.718,48.041],[-2.714,48.04],[-2.714,48.036],[-2.709,48.034]],[[-2.718,48.041],[-2.714,48.036],[-2.709,48.034]],[[-2.709,48.034],[-2.706,48.031],[-2.707,48.026],[-2.703,48.026]],[[-2.703,48.026],[-2.698,48.027]],[[-2.703,48.026],[-2.699,48.023]],[[-2.698,48.027],[-2.699,48.023]],[[-2.699,48.023],[-2.698,48.022]],[[-2.698,48.027],[-2.696,48.025],[-2.698,48.022]],[[-2.698,48.022],[-2.696,48.019],[-2.684,48.022],[-2.675,48.013]],[[-2.675,48.013],[-2.675,48.011]],[[-2.675,48.011],[-2.672,48.009]],[[-2.675,48.011],[-2.673,48.01],[-2.672,48.009]],[[-2.675,48.013],[-2.67,48.009]],[[-2.672,48.009],[-2.67,48.009]],[[-2.67,48.009],[-2.663,48.011],[-2.658,48.008],[-2.658,48.005],[-2.652,48.003],[-2.656,47.993],[-2.65,47.985],[-2.637,47.984]],[[-2.637,47.984],[-2.631,47.979],[-2.628,47.981]],[[-2.637,47.984],[-2.628,47.981]],[[-2.628,47.981],[-2.623,47.976],[-2.62,47.966],[-2.622,47.959],[-2.609,47.958],[-2.604,47.961],[-2.591,47.96],[-2.579,47.954]],[[-2.579,47.954],[-2.574,47.953]],[[-2.579,47.954],[-2.577,47.953],[-2.574,47.953]],[[-2.574,47.953],[-2.565,47.954],[-2.56,47.952]],[[-2.56,47.952],[-2.557,47.951]],[[-2.56,47.952],[-2.558,47.952],[-2.557,47.951]],[[-2.557,47.951],[-2.547,47.951],[-2.539,47.938]],[[-2.539,47.938],[-2.538,47.936],[-2.535,47.935]],[[-2.539,47.938],[-2.535,47.935]],[[-2.535,47.935],[-2.528,47.931],[-2.516,47.93],[-2.501,47.923],[-2.492,47.922],[-2.484,47.916],[-2.482,47.91],[-2.465,47.9],[-2.458,47.9],[-2.451,47.887],[-2.436,47.888],[-2.427,47.884],[-2.424,47.879],[-2.428,47.876],[-2.428,47.872],[-2.446,47.866],[-2.445,47.849],[-2.436,47.841],[-2.418,47.837],[-2.408,47.83],[-2.4,47.834],[-2.399,47.837],[-2.395,47.836],[-2.392,47.826],[-2.397,47.824],[-2.392,47.82],[-2.383,47.82],[-2.378,47.817],[-2.38,47.811]],[[-2.38,47.811],[-2.38,47.809]],[[-2.38,47.811],[-2.381,47.81],[-2.38,47.809]],[[-2.38,47.809],[-2.38,47.806],[-2.373,47.805],[-2.368,47.808],[-2.355,47.808]],[[-2.355,47.808],[-2.35,47.807]],[[-2.355,47.808],[-2.353,47.808],[-2.35,47.807]],[[-2.35,47.807],[-2.332,47.803],[-2.326,47.797],[-2.327,47.792],[-2.321,47.79]],[[-2.321,47.79],[-2.318,47.785]],[[-2.321,47.79],[-2.318,47.788],[-2.318,47.785]],[[-2.318,47.785],[-2.314,47.779],[-2.316,47.768]],[[-2.316,47.768],[-2.305,47.755]],[[-2.316,47.768],[-2.316,47.758],[-2.305,47.755]],[[-2.305,47.755],[-2.297,47.751]],[[-2.297,47.751],[-2.296,47.751]],[[-2.297,47.751],[-2.291,47.748]],[[-2.296,47.751],[-2.294,47.751],[-2.292,47.75]],[[-2.296,47.751],[-2.292,47.75]],[[-2.292,47.75],[-2.291,47.748]],[[-2.291,47.748],[-2.288,47.745],[-2.279,47.743],[-2.269,47.747],[-2.262,47.745]],[[-2.262,47.745],[-2.258,47.74]],[[-2.262,47.745],[-2.238,47.741]],[[-2.258,47.74],[-2.256,47.738]],[[-2.258,47.74],[-2.257,47.74],[-2.256,47.738]],[[-2.256,47.738],[-2.249,47.737],[-2.238,47.741]],[[-2.238,47.741],[-2.232,47.74],[-2.222,47.731],[-2.214,47.729]],[[-2.214,47.729],[-2.212,47.73],[-2.196,47.727]],[[-2.214,47.729],[-2.212,47.725],[-2.202,47.724]],[[-2.202,47.724],[-2.196,47.727]],[[-2.202,47.724],[-2.185,47.723],[-2.172,47.727]],[[-2.196,47.727],[-2.19,47.726],[-2.182,47.729],[-2.172,47.727]],[[-2.172,47.727],[-2.166,47.723],[-2.15,47.725],[-2.145,47.721],[-2.127,47.717]],[[-2.123,47.697],[-2.127,47.692]],[[-2.127,47.692],[-2.132,47.687],[-2.124,47.684]],[[-2.127,47.692],[-2.124,47.684]],[[-2.124,47.684],[-2.122,47.683]],[[-2.127,47.717],[-2.119,47.715],[-2.119,47.709]],[[-2.127,47.717],[-2.119,47.709]],[[-2.123,47.697],[-2.125,47.691],[-2.121,47.688],[-2.122,47.683]],[[-2.122,47.683],[-2.104,47.676],[-2.103,47.667],[-2.114,47.649],[-2.112,47.646]],[[-2.119,47.709],[-2.123,47.697]],[[-2.112,47.646],[-2.104,47.638]],[[-2.112,47.646],[-2.102,47.644],[-2.098,47.647],[-2.095,47.647],[-2.094,47.64],[-2.098,47.637],[-2.104,47.638]],[[-2.104,47.638],[-2.097,47.631]]]}},{"type":"Feature","properties":{"nom":"LE DON DEPUIS JANS JUSQU'A GUEMENE-PENFAO","code":"GR0124A","longueurKm":22.87843447878,"strahler":5.0},"geometry":{"type":"LineString","coordinates":[[-1.589,47.627],[-1.595,47.623],[-1.6,47.623],[-1.604,47.626],[-1.609,47.623],[-1.608,47.614],[-1.621,47.602],[-1.633,47.604],[-1.643,47.6],[-1.669,47.606],[-1.69,47.603],[-1.704,47.612],[-1.739,47.609],[-1.746,47.612],[-1.75,47.618],[-1.78,47.617],[-1.791,47.623],[-1.809,47.619],[-1.823,47.625]]}},{"type":"Feature","properties":{"nom":"LE DON DEPUIS GUEMENE-PENFAO JUSQU'A LA CONFLUENCE AVEC LA VILAINE","code":"GR0124B","longueurKm":13.95107386356,"strahler":5.0},"geometry":{"type":"LineString","coordinates":[[-1.823,47.625],[-1.832,47.627],[-1.858,47.62],[-1.862,47.622],[-1.861,47.63],[-1.873,47.63],[-1.89,47.637],[-1.914,47.656],[-1.921,47.658],[-1.922,47.66],[-1.93,47.663],[-1.934,47.67],[-1.957,47.671]]}},{"type":"Feature","properties":{"nom":"L'AFF DEPUIS LA CONFLUENCE DE L'OYON JUSQU'A LA GACILLY","code":"GR0129A","longueurKm":26.42398513751,"strahler":5.0},"geometry":{"type":"LineString","coordinates":[[-2.115,47.889],[-2.113,47.888],[-2.116,47.881],[-2.115,47.878],[-2.092,47.86],[-2.092,47.845],[-2.076,47.843],[-2.072,47.845],[-2.068,47.844],[-2.069,47.838],[-2.074,47.835],[-2.076,47.83],[-2.067,47.829],[-2.058,47.834],[-2.051,47.829],[-2.046,47.83],[-2.04,47.828],[-2.049,47.817],[-2.07,47.812],[-2.07,47.803],[-2.074,47.789],[-2.08,47.789],[-2.082,47.785],[-2.096,47.778],[-2.11,47.779],[-2.111,47.771],[-2.124,47.771],[-2.128,47.769]]}},{"type":"Feature","properties":{"nom":"L'ALLIER DEPUIS LIVRY JUSQU'A LA CONFLUENCE AVEC LA LOIRE","code":"GR0144B","longueurKm":31.43299417661,"strahler":7.0},"geometry":{"type":"MultiLineString","coordinates":[[[3.032,46.797],[3.04,46.809]],[[3.034,46.791],[3.03,46.795],[3.032,46.797]],[[3.035,46.791],[3.032,46.797]],[[3.034,46.791],[3.035,46.791]],[[3.035,46.791],[3.034,46.786],[3.034,46.791]],[[3.04,46.809],[3.044,46.815]],[[3.04,46.809],[3.041,46.809],[3.042,46.811],[3.043,46.812],[3.045,46.813],[3.045,46.815]],[[3.044,46.815],[3.045,46.815]],[[3.044,46.815],[3.054,46.822]],[[3.045,46.815],[3.054,46.822]],[[3.05,46.911],[3.054,46.914],[3.055,46.919]],[[3.05,46.911],[3.055,46.919]],[[3.063,46.89],[3.062,46.897],[3.049,46.906],[3.05,46.911]],[[3.053,46.839],[3.058,46.844]],[[3.058,46.833],[3.053,46.836],[3.053,46.839]],[[3.056,46.837],[3.053,46.839]],[[3.054,46.822],[3.056,46.824]],[[3.055,46.919],[3.065,46.935]],[[3.056,46.837],[3.058,46.844]],[[3.058,46.833],[3.056,46.837]],[[3.056,46.824],[3.06,46.827],[3.059,46.829]],[[3.056,46.824],[3.059,46.829]],[[3.059,46.829],[3.058,46.833]],[[3.058,46.844],[3.066,46.847],[3.069,46.851],[3.065,46.869],[3.067,46.882]],[[3.067,46.882],[3.063,46.89]],[[3.067,46.882],[3.067,46.884],[3.063,46.89]],[[3.065,46.935],[3.07,46.94],[3.069,46.944]],[[3.065,46.935],[3.065,46.94],[3.069,46.944]],[[3.069,46.944],[3.08,46.952],[3.079,46.96]]]}},{"type":"Feature","properties":{"nom":"L'AFF DEPUIS LA GACILLY JUSQU'A LA CONFLUENCE AVEC L'OUST","code":"GR0129B","longueurKm":12.49157772745,"strahler":5.0},"geometry":{"type":"MultiLineString","coordinates":[[[-2.127,47.725],[-2.132,47.722],[-2.127,47.717]],[[-2.108,47.734],[-2.107,47.73],[-2.114,47.726],[-2.127,47.725]],[[-2.108,47.734],[-2.113,47.728],[-2.127,47.725]],[[-2.128,47.769],[-2.13,47.759],[-2.141,47.75],[-2.137,47.747],[-2.117,47.749],[-2.113,47.744],[-2.117,47.74],[-2.108,47.734]]]}},{"type":"Feature","properties":{"nom":"L'ALLIER DEPUIS LAVEYRUNE JUSQU'A LANGOGNE","code":"GR0145","longueurKm":17.18457812489,"strahler":5.0},"geometry":{"type":"MultiLineString","coordinates":[[[3.876,44.675],[3.871,44.675],[3.869,44.678],[3.877,44.685],[3.877,44.689],[3.883,44.691],[3.884,44.697],[3.874,44.696],[3.869,44.698],[3.867,44.703],[3.872,44.707],[3.861,44.711],[3.865,44.718],[3.861,44.72],[3.867,44.73],[3.86,44.733]],[[3.878,44.671],[3.88,44.673],[3.878,44.675],[3.876,44.675]],[[3.878,44.671],[3.876,44.675]],[[3.894,44.634],[3.896,44.638],[3.894,44.641],[3.898,44.644],[3.89,44.656],[3.885,44.656],[3.883,44.658],[3.884,44.665],[3.878,44.668],[3.878,44.671]]]}},{"type":"Feature","properties":{"nom":"LE LIE DEPUIS LA MOTTE JUSQU'A LA CONFLUENCE AVEC L'OUST","code":"GR0131","longueurKm":39.62972625398,"strahler":5.0},"geometry":{"type":"MultiLineString","coordinates":[[[-2.665,48.069],[-2.669,48.059]],[[-2.665,48.069],[-2.668,48.066],[-2.673,48.064],[-2.669,48.059]],[[-2.669,48.059],[-2.666,48.056],[-2.667,48.052],[-2.671,48.051],[-2.669,48.046],[-2.659,48.045],[-2.657,48.041]],[[-2.624,48.209],[-2.627,48.205],[-2.626,48.202],[-2.623,48.202],[-2.619,48.198],[-2.62,48.191],[-2.627,48.19],[-2.625,48.183],[-2.628,48.177],[-2.639,48.173],[-2.638,48.164],[-2.648,48.16],[-2.65,48.149],[-2.658,48.143],[-2.656,48.134],[-2.662,48.128],[-2.652,48.119],[-2.657,48.116],[-2.652,48.113],[-2.652,48.108],[-2.657,48.107],[-2.65,48.098],[-2.657,48.093],[-2.654,48.087],[-2.656,48.084],[-2.662,48.082],[-2.665,48.069]],[[-2.651,48.014],[-2.652,48.01],[-2.658,48.008]],[[-2.657,48.041],[-2.661,48.038],[-2.655,48.031],[-2.651,48.014]],[[-2.657,48.041],[-2.659,48.037],[-2.648,48.025],[-2.651,48.014]],[[-2.635,48.228],[-2.632,48.225],[-2.635,48.217]],[[-2.635,48.217],[-2.635,48.214],[-2.624,48.209]],[[-2.635,48.217],[-2.632,48.213],[-2.622,48.211],[-2.624,48.209]]]}},{"type":"Feature","properties":{"nom":"LE NINIAN DEPUIS LA CONFLUENCE DU LEVERIN JUSQU'A LA CONFLUENCE AVEC L'OUST","code":"GR0132","longueurKm":12.88887910836,"strahler":5.0},"geometry":{"type":"LineString","coordinates":[[-2.462,47.959],[-2.46,47.952],[-2.472,47.948],[-2.47,47.945],[-2.463,47.947],[-2.459,47.945],[-2.466,47.934],[-2.464,47.931],[-2.455,47.927],[-2.457,47.921],[-2.451,47.916],[-2.437,47.918],[-2.431,47.914],[-2.44,47.9],[-2.437,47.888]]}},{"type":"Feature","properties":{"nom":"LE CHER DEPUIS CHABRIS JUSQU'A NOYERS-SUR-CHER","code":"GR0150B","longueurKm":35.87728172159,"strahler":7.0},"geometry":{"type":"MultiLineString","coordinates":[[[1.37,47.275],[1.372,47.278],[1.361,47.285],[1.362,47.28],[1.369,47.276]],[[1.379,47.27],[1.37,47.273],[1.369,47.276]],[[1.37,47.275],[1.369,47.276]],[[1.379,47.27],[1.37,47.275]],[[1.452,47.262],[1.443,47.264],[1.432,47.262],[1.426,47.266],[1.418,47.267],[1.415,47.265],[1.416,47.261],[1.411,47.26],[1.406,47.262],[1.403,47.269],[1.385,47.266],[1.379,47.27]],[[1.459,47.264],[1.452,47.262]],[[1.459,47.264],[1.456,47.262],[1.452,47.262]],[[1.641,47.273],[1.637,47.275],[1.625,47.275],[1.618,47.272],[1.612,47.277],[1.606,47.275],[1.59,47.277],[1.583,47.275],[1.574,47.279],[1.566,47.271],[1.559,47.278],[1.549,47.277],[1.535,47.268],[1.532,47.269],[1.535,47.273],[1.524,47.271],[1.51,47.274],[1.478,47.269],[1.459,47.264]],[[1.645,47.272],[1.643,47.271],[1.641,47.273]],[[1.645,47.272],[1.641,47.273]],[[1.664,47.259],[1.645,47.264],[1.653,47.27],[1.651,47.273],[1.645,47.272]]]}},{"type":"Feature","properties":{"nom":"LE CHER ET SES AFFLUENTS DEPUIS LA SOURCE JUSQU'AU COMPLEXE DE ROCHEBUT","code":"GR0146","longueurKm":480.53401087012,"strahler":5.0},"geometry":{"type":"MultiLineString","coordinates":[[[2.419,46.006],[2.426,46.003]],[[2.422,45.982],[2.423,45.988],[2.434,45.998],[2.442,46.001]],[[2.422,45.999],[2.426,46.003]],[[2.426,46.003],[2.438,46.004],[2.442,46.001]],[[2.429,46.015],[2.432,46.011],[2.448,46.011],[2.456,46.01]],[[2.431,46.018],[2.44,46.021]],[[2.435,45.972],[2.438,45.98],[2.455,45.984],[2.463,45.983],[2.473,45.995]],[[2.437,46.03],[2.44,46.021]],[[2.44,46.021],[2.449,46.02],[2.459,46.011]],[[2.442,46.001],[2.454,46.007]],[[2.446,45.989],[2.445,45.992],[2.449,45.998],[2.456,46.003],[2.454,46.007]],[[2.448,45.96],[2.441,45.965],[2.443,45.969],[2.447,45.972],[2.461,45.975]],[[2.455,45.978],[2.461,45.975]],[[2.454,46.007],[2.456,46.01]],[[2.456,46.01],[2.459,46.011]],[[2.459,46.011],[2.467,46.013],[2.47,46.011],[2.476,46.012]],[[2.459,45.935],[2.467,45.935]],[[2.461,45.975],[2.477,45.976],[2.483,45.979],[2.487,45.978]],[[2.464,45.93],[2.469,45.932],[2.467,45.935]],[[2.466,46.021],[2.477,46.018],[2.481,46.014]],[[2.467,45.969],[2.486,45.974]],[[2.467,45.935],[2.473,45.935],[2.478,45.943]],[[2.468,46.002],[2.476,46.012]],[[2.471,45.958],[2.484,45.967]],[[2.474,45.921],[2.484,45.929],[2.483,45.933],[2.487,45.936]],[[2.473,46.026],[2.478,46.021],[2.482,46.021]],[[2.473,45.995],[2.482,46.008],[2.491,46.015]],[[2.478,45.991],[2.473,45.995]],[[2.476,46.012],[2.481,46.014]],[[2.478,45.943],[2.479,45.949],[2.488,45.962],[2.484,45.967]],[[2.487,45.936],[2.478,45.943]],[[2.481,46.014],[2.486,46.017]],[[2.483,46.027],[2.482,46.021]],[[2.482,46.021],[2.486,46.017]],[[2.484,45.967],[2.486,45.974]],[[2.486,46.017],[2.492,46.019]],[[2.486,45.974],[2.487,45.976]],[[2.487,45.931],[2.487,45.936]],[[2.487,45.976],[2.487,45.978]],[[2.487,45.978],[2.491,45.978],[2.495,45.985],[2.504,45.989],[2.506,45.992]],[[2.506,45.95],[2.498,45.956],[2.487,45.976]],[[2.491,46.015],[2.492,46.019]],[[2.494,46.005],[2.491,46.015]],[[2.492,45.988],[2.494,45.991],[2.506,45.992]],[[2.492,46.019],[2.509,46.026]],[[2.494,46.098],[2.503,46.101],[2.515,46.1]],[[2.502,46.14],[2.513,46.144]],[[2.505,46.095],[2.515,46.1]],[[2.506,45.992],[2.513,45.997]],[[2.508,46.019],[2.509,46.026]],[[2.509,46.026],[2.519,46.03],[2.52,46.033]],[[2.508,46.129],[2.508,46.134],[2.515,46.143]],[[2.513,45.997],[2.522,46.01]],[[2.528,45.954],[2.524,45.958],[2.526,45.967],[2.52,45.97],[2.52,45.98],[2.513,45.989],[2.513,45.997]],[[2.513,46.144],[2.511,46.149],[2.517,46.153]],[[2.515,46.143],[2.513,46.144]],[[2.514,46.117],[2.519,46.119]],[[2.523,46.139],[2.515,46.143]],[[2.515,46.1],[2.526,46.105],[2.534,46.113]],[[2.514,46.187],[2.521,46.187],[2.523,46.184]],[[2.517,46.122],[2.519,46.119]],[[2.517,46.128],[2.525,46.12]],[[2.522,46.203],[2.526,46.208],[2.519,46.209],[2.524,46.212],[2.52,46.214],[2.517,46.221]],[[2.517,46.153],[2.518,46.157]],[[2.519,46.152],[2.517,46.153]],[[2.518,46.157],[2.518,46.165]],[[2.53,46.157],[2.518,46.157]],[[2.533,46.161],[2.526,46.164],[2.518,46.165]],[[2.518,46.165],[2.518,46.174],[2.514,46.179],[2.523,46.184]],[[2.519,46.042],[2.517,46.043],[2.519,46.046]],[[2.519,46.042],[2.519,46.046]],[[2.519,46.046],[2.529,46.064],[2.528,46.068],[2.531,46.069],[2.531,46.075],[2.536,46.079],[2.534,46.082],[2.537,46.083],[2.533,46.086],[2.534,46.09],[2.551,46.1]],[[2.519,46.019],[2.521,46.033]],[[2.523,46.014],[2.519,46.015],[2.519,46.019]],[[2.523,46.014],[2.519,46.019]],[[2.519,46.042],[2.519,46.042]],[[2.52,46.033],[2.523,46.037],[2.519,46.042]],[[2.521,46.033],[2.525,46.039],[2.519,46.042]],[[2.519,46.147],[2.519,46.152]],[[2.521,46.033],[2.52,46.033]],[[2.519,46.119],[2.525,46.12]],[[2.52,46.152],[2.519,46.152]],[[2.52,46.11],[2.534,46.113]],[[2.522,46.01],[2.524,46.013]],[[2.528,45.997],[2.527,46.008],[2.522,46.01]],[[2.539,46.147],[2.532,46.154],[2.52,46.152]],[[2.531,46.144],[2.53,46.147],[2.524,46.148],[2.52,46.152]],[[2.521,46.128],[2.528,46.125]],[[2.524,46.013],[2.523,46.014]],[[2.589,46.202],[2.576,46.198],[2.564,46.202],[2.553,46.201],[2.539,46.206],[2.528,46.205],[2.522,46.203]],[[2.528,46.185],[2.526,46.188],[2.528,46.196],[2.522,46.203]],[[2.54,46.002],[2.532,46.009],[2.524,46.013]],[[2.523,46.184],[2.528,46.185]],[[2.525,46.12],[2.531,46.12]],[[2.53,46.13],[2.528,46.125]],[[2.528,46.125],[2.531,46.12]],[[2.551,46.177],[2.542,46.176],[2.528,46.185]],[[2.531,46.12],[2.538,46.117]],[[2.534,46.113],[2.538,46.117]],[[2.534,46.241],[2.537,46.244],[2.543,46.245],[2.544,46.249]],[[2.538,46.117],[2.551,46.119]],[[2.542,45.994],[2.538,45.999],[2.54,46.002]],[[2.55,45.997],[2.54,46.002]],[[2.541,46.047],[2.558,46.053]],[[2.544,45.974],[2.538,45.988],[2.542,45.994]],[[2.564,45.976],[2.542,45.994]],[[2.591,45.98],[2.573,45.993],[2.562,45.994],[2.558,45.996],[2.551,45.998],[2.55,45.997]],[[2.556,45.988],[2.55,45.997]],[[2.55,46.036],[2.559,46.037]],[[2.551,46.119],[2.556,46.122]],[[2.551,46.1],[2.548,46.112],[2.552,46.116],[2.551,46.119]],[[2.552,46.093],[2.551,46.1]],[[2.551,46.064],[2.559,46.065]],[[2.58,46.174],[2.567,46.173],[2.555,46.178],[2.551,46.177]],[[2.565,46.143],[2.563,46.15],[2.565,46.155],[2.563,46.156],[2.561,46.154],[2.559,46.16],[2.562,46.164],[2.56,46.173],[2.551,46.177]],[[2.553,46.082],[2.55,46.086],[2.552,46.093]],[[2.554,46.077],[2.553,46.082]],[[2.572,46.081],[2.553,46.082]],[[2.57,46.084],[2.563,46.09],[2.552,46.093]],[[2.583,46.069],[2.557,46.078],[2.554,46.077]],[[2.56,46.066],[2.554,46.077]],[[2.556,46.122],[2.558,46.125],[2.554,46.126],[2.557,46.129],[2.556,46.133],[2.561,46.132],[2.559,46.138],[2.564,46.139],[2.565,46.143]],[[2.567,46.111],[2.559,46.121],[2.556,46.122]],[[2.557,46.033],[2.559,46.037]],[[2.558,46.053],[2.561,46.06],[2.559,46.065]],[[2.559,46.037],[2.556,46.047],[2.558,46.053]],[[2.559,46.065],[2.56,46.065]],[[2.56,46.065],[2.56,46.066]],[[2.564,46.064],[2.56,46.065]],[[2.564,46.064],[2.56,46.066]],[[2.571,46.047],[2.572,46.05],[2.564,46.064]],[[2.591,46.127],[2.573,46.142],[2.565,46.143]],[[2.578,46.114],[2.567,46.111]],[[2.568,46.109],[2.567,46.111]],[[2.574,46.108],[2.573,46.108],[2.571,46.108],[2.57,46.109],[2.568,46.109]],[[2.57,46.096],[2.571,46.106],[2.568,46.109]],[[2.577,46.017],[2.571,46.021],[2.58,46.034],[2.575,46.038],[2.571,46.047]],[[2.58,46.044],[2.571,46.047]],[[2.589,46.113],[2.58,46.111],[2.574,46.108]],[[2.576,46.107],[2.574,46.108]],[[2.593,46.111],[2.576,46.107]],[[2.579,46.104],[2.576,46.107]],[[2.586,46.007],[2.578,46.012],[2.577,46.017]],[[2.597,46.01],[2.577,46.017]],[[2.578,46.09],[2.576,46.093],[2.581,46.097],[2.579,46.104]],[[2.583,46.104],[2.583,46.104],[2.581,46.104],[2.579,46.104]],[[2.587,46.042],[2.584,46.043],[2.581,46.045],[2.58,46.044]],[[2.587,46.042],[2.58,46.044]],[[2.586,46.176],[2.58,46.174]],[[2.587,46.18],[2.581,46.178],[2.58,46.174]],[[2.582,46.21],[2.592,46.206]],[[2.598,46.106],[2.583,46.104]],[[2.59,46.097],[2.583,46.104]],[[2.586,46.005],[2.586,46.007]],[[2.599,45.99],[2.596,45.995],[2.596,46.002],[2.586,46.007]],[[2.603,46.032],[2.587,46.042]],[[2.599,46.176],[2.597,46.178],[2.586,46.176]],[[2.59,46.171],[2.586,46.176]],[[2.588,46.117],[2.593,46.123],[2.591,46.127]],[[2.592,46.206],[2.589,46.202]],[[2.622,46.198],[2.603,46.196],[2.589,46.202]],[[2.605,46.096],[2.598,46.095],[2.598,46.097],[2.592,46.098],[2.59,46.097]],[[2.597,46.088],[2.592,46.091],[2.59,46.097]],[[2.601,46.168],[2.595,46.166],[2.591,46.17],[2.591,46.171],[2.59,46.171],[2.59,46.171]],[[2.59,46.157],[2.588,46.167],[2.59,46.171]],[[2.598,46.129],[2.591,46.127]],[[2.621,46.211],[2.602,46.207],[2.595,46.209],[2.592,46.206]],[[2.594,46.08],[2.597,46.088]],[[2.606,46.08],[2.604,46.085],[2.597,46.088]],[[2.607,46.13],[2.602,46.131],[2.598,46.129]],[[2.602,46.112],[2.605,46.115],[2.598,46.129]],[[2.598,46.16],[2.601,46.168]],[[2.64,46.178],[2.635,46.174],[2.627,46.173],[2.611,46.173],[2.599,46.176]],[[2.608,46.186],[2.606,46.181],[2.6,46.176],[2.599,46.176]],[[2.608,46.166],[2.602,46.169],[2.601,46.168]],[[2.62,46.015],[2.609,46.021],[2.608,46.029],[2.603,46.032]],[[2.67,46.011],[2.661,46.007],[2.653,46.007],[2.64,46.017],[2.637,46.018],[2.635,46.025],[2.631,46.026],[2.628,46.031],[2.609,46.033],[2.605,46.033],[2.604,46.032],[2.604,46.032],[2.603,46.032]],[[2.616,46.092],[2.605,46.096]],[[2.613,46.108],[2.605,46.096]],[[2.606,46.138],[2.607,46.131]],[[2.607,46.131],[2.607,46.13]],[[2.615,46.126],[2.607,46.13]],[[2.611,46.133],[2.607,46.131]],[[2.617,46.16],[2.613,46.164],[2.613,46.167],[2.608,46.166]],[[2.612,46.147],[2.603,46.154],[2.609,46.161],[2.608,46.166]],[[2.624,46.14],[2.615,46.139],[2.611,46.133]],[[2.627,46.137],[2.616,46.135],[2.612,46.133],[2.611,46.133]],[[2.632,46.135],[2.615,46.126]],[[2.624,46.123],[2.62,46.125],[2.618,46.124],[2.615,46.126]],[[2.616,46.085],[2.616,46.092]],[[2.62,46.091],[2.616,46.092]],[[2.618,46.083],[2.616,46.085]],[[2.618,46.083],[2.618,46.084],[2.616,46.085]],[[2.637,46.061],[2.623,46.072],[2.618,46.083]],[[2.625,46.158],[2.621,46.161],[2.617,46.16]],[[2.619,46.146],[2.615,46.151],[2.617,46.16]],[[2.618,46.112],[2.627,46.117]],[[2.63,46.101],[2.63,46.097],[2.62,46.091]],[[2.643,46.083],[2.636,46.088],[2.62,46.091]],[[2.63,46.213],[2.625,46.213],[2.621,46.211]],[[2.628,46.209],[2.621,46.211]],[[2.623,46.106],[2.63,46.115]],[[2.644,46.117],[2.64,46.119],[2.632,46.119],[2.627,46.124],[2.624,46.123]],[[2.627,46.117],[2.624,46.123]],[[2.635,46.165],[2.625,46.158]],[[2.625,46.157],[2.625,46.158]],[[2.627,46.141],[2.623,46.146],[2.625,46.157]],[[2.64,46.156],[2.625,46.157]],[[2.63,46.115],[2.627,46.117]],[[2.636,46.113],[2.63,46.115]],[[2.635,46.204],[2.633,46.198],[2.637,46.195],[2.634,46.185],[2.636,46.18],[2.64,46.178]],[[2.638,46.104],[2.636,46.113]],[[2.649,46.105],[2.643,46.113],[2.636,46.113]],[[2.639,46.056],[2.637,46.061]],[[2.648,46.057],[2.637,46.061]],[[2.638,46.133],[2.649,46.138]],[[2.648,46.181],[2.64,46.178]],[[2.647,46.142],[2.64,46.156]],[[2.646,46.155],[2.64,46.156]],[[2.641,46.099],[2.649,46.105]],[[2.661,46.082],[2.655,46.084],[2.648,46.082],[2.643,46.083]],[[2.678,46.059],[2.671,46.061],[2.659,46.071],[2.646,46.076],[2.643,46.083]],[[2.65,46.125],[2.644,46.117]],[[2.679,46.109],[2.671,46.107],[2.664,46.111],[2.657,46.11],[2.645,46.115],[2.644,46.117]],[[2.649,46.155],[2.647,46.156],[2.646,46.155]],[[2.648,46.161],[2.646,46.155]],[[2.647,46.096],[2.653,46.103]],[[2.662,46.135],[2.654,46.141],[2.65,46.141],[2.647,46.142],[2.647,46.142]],[[2.649,46.138],[2.647,46.142]],[[2.649,46.052],[2.648,46.057]],[[2.654,46.056],[2.648,46.057]],[[2.657,46.216],[2.66,46.209],[2.653,46.2],[2.656,46.196],[2.654,46.188],[2.648,46.185],[2.648,46.181]],[[2.655,46.179],[2.648,46.181]],[[2.662,46.167],[2.654,46.162],[2.648,46.161]],[[2.654,46.17],[2.648,46.166],[2.648,46.161]],[[2.654,46.051],[2.652,46.052],[2.65,46.052],[2.649,46.052]],[[2.65,46.051],[2.649,46.052]],[[2.655,46.13],[2.649,46.134],[2.649,46.138]],[[2.654,46.051],[2.651,46.052],[2.65,46.051]],[[2.655,46.032],[2.649,46.043],[2.65,46.051]],[[2.653,46.103],[2.649,46.105]],[[2.657,46.156],[2.652,46.157],[2.649,46.155]],[[2.657,46.156],[2.652,46.156],[2.651,46.154],[2.649,46.155]],[[2.653,46.103],[2.653,46.103]],[[2.656,46.091],[2.653,46.103]],[[2.663,46.102],[2.653,46.103]],[[2.663,46.046],[2.654,46.051]],[[2.668,46.19],[2.662,46.188],[2.655,46.179]],[[2.662,46.177],[2.655,46.179]],[[2.662,46.157],[2.657,46.156]],[[2.67,46.146],[2.657,46.156]],[[2.682,46.133],[2.662,46.135]],[[2.67,46.127],[2.662,46.135]],[[2.662,46.093],[2.663,46.102]],[[2.669,46.178],[2.662,46.177]],[[2.665,46.171],[2.662,46.177]],[[2.673,46.156],[2.671,46.155],[2.668,46.157],[2.666,46.158],[2.662,46.157]],[[2.673,46.171],[2.668,46.169],[2.662,46.157]],[[2.673,46.156],[2.67,46.155],[2.662,46.157]],[[2.673,46.1],[2.663,46.102]],[[2.665,46.221],[2.671,46.22],[2.677,46.21],[2.671,46.201],[2.673,46.191]],[[2.667,46.121],[2.67,46.127]],[[2.673,46.191],[2.668,46.19]],[[2.673,46.186],[2.668,46.19]],[[2.687,46.125],[2.678,46.127],[2.67,46.127]],[[2.68,46.146],[2.674,46.146],[2.67,46.146]],[[2.691,46.13],[2.692,46.134],[2.685,46.138],[2.673,46.14],[2.67,46.146]],[[2.671,46.087],[2.673,46.1]],[[2.68,46.094],[2.673,46.1]],[[2.675,46.156],[2.673,46.156]],[[2.68,46.193],[2.678,46.192],[2.675,46.191],[2.674,46.191],[2.673,46.191],[2.673,46.191]],[[2.676,46.167],[2.675,46.156]],[[2.679,46.156],[2.676,46.155],[2.675,46.156]],[[2.684,46.056],[2.679,46.057],[2.678,46.059]],[[2.687,46.062],[2.681,46.059],[2.678,46.059],[2.678,46.059]],[[2.682,46.108],[2.679,46.109]],[[2.689,46.123],[2.676,46.115],[2.679,46.109]],[[2.682,46.171],[2.684,46.166],[2.679,46.156]],[[2.682,46.156],[2.679,46.156]],[[2.685,46.09],[2.682,46.091],[2.68,46.094]],[[2.685,46.09],[2.68,46.094]],[[2.688,46.196],[2.68,46.193]],[[2.696,46.18],[2.696,46.184],[2.69,46.185],[2.68,46.193]],[[2.697,46.161],[2.682,46.156]],[[2.692,46.148],[2.682,46.156]],[[2.688,46.117],[2.682,46.108]],[[2.692,46.107],[2.687,46.106],[2.682,46.108]],[[2.698,46.057],[2.694,46.059],[2.684,46.056]],[[2.703,46.049],[2.684,46.056]],[[2.693,46.088],[2.685,46.09]],[[2.69,46.198],[2.688,46.196]],[[2.689,46.192],[2.688,46.196]],[[2.689,46.139],[2.688,46.146],[2.692,46.148]],[[2.711,46.19],[2.69,46.198]],[[2.696,46.202],[2.69,46.198]],[[2.706,46.11],[2.692,46.107]],[[2.738,46.084],[2.718,46.089],[2.692,46.107]],[[2.695,46.146],[2.692,46.148]],[[2.709,46.084],[2.695,46.089],[2.693,46.088]],[[2.7,46.068],[2.695,46.073],[2.696,46.079],[2.693,46.081],[2.693,46.088]],[[2.694,46.171],[2.699,46.162]],[[2.695,46.137],[2.695,46.146]],[[2.717,46.136],[2.708,46.138],[2.695,46.146]],[[2.734,46.194],[2.718,46.203],[2.696,46.202]],[[2.704,46.212],[2.697,46.208],[2.696,46.202]],[[2.699,46.162],[2.697,46.161]],[[2.743,46.143],[2.697,46.161]],[[2.706,46.166],[2.7,46.164],[2.699,46.162]],[[2.708,46.21],[2.705,46.212],[2.704,46.212]],[[2.707,46.215],[2.704,46.212]],[[2.705,46.177],[2.709,46.168]],[[2.709,46.115],[2.706,46.11]],[[2.733,46.099],[2.726,46.101],[2.716,46.102],[2.706,46.11]],[[2.709,46.168],[2.706,46.166]],[[2.721,46.164],[2.707,46.164],[2.706,46.166]],[[2.714,46.212],[2.71,46.215],[2.708,46.215],[2.707,46.215]],[[2.714,46.218],[2.707,46.215]],[[2.752,46.111],[2.742,46.115],[2.718,46.116],[2.709,46.115]],[[2.764,46.127],[2.757,46.125],[2.75,46.127],[2.732,46.125],[2.717,46.121],[2.709,46.115]],[[2.723,46.175],[2.716,46.168],[2.709,46.168]],[[2.713,46.181],[2.711,46.19]],[[2.713,46.189],[2.711,46.19]],[[2.715,46.18],[2.713,46.189]],[[2.727,46.185],[2.725,46.188],[2.713,46.189]],[[2.734,46.17],[2.724,46.168],[2.721,46.164]],[[2.75,46.151],[2.721,46.164]],[[2.745,46.095],[2.741,46.098],[2.733,46.099]],[[2.739,46.091],[2.733,46.099]],[[2.772,46.174],[2.763,46.172],[2.747,46.174],[2.734,46.17]],[[2.746,46.166],[2.734,46.17]],[[2.769,46.19],[2.751,46.185],[2.738,46.193],[2.735,46.194],[2.734,46.194]],[[2.738,46.184],[2.733,46.189],[2.734,46.194]],[[2.762,46.138],[2.751,46.143],[2.748,46.143],[2.743,46.143]],[[2.748,46.137],[2.743,46.143]],[[2.764,46.154],[2.75,46.151]],[[2.761,46.147],[2.754,46.146],[2.75,46.151]],[[2.758,46.096],[2.763,46.101],[2.752,46.111]],[[2.764,46.112],[2.756,46.111],[2.752,46.111]],[[2.773,46.156],[2.764,46.154]],[[2.779,46.142],[2.764,46.154]],[[2.775,46.133],[2.772,46.129],[2.764,46.127]],[[2.769,46.123],[2.764,46.127]],[[2.797,46.18],[2.786,46.18],[2.772,46.174]],[[2.783,46.17],[2.78,46.173],[2.772,46.174]],[[2.781,46.153],[2.778,46.154],[2.775,46.155],[2.773,46.156],[2.773,46.156]],[[2.784,46.16],[2.773,46.156]],[[2.787,46.158],[2.781,46.153]],[[2.787,46.147],[2.786,46.151],[2.781,46.153]]]}},{"type":"Feature","properties":{"nom":"LE CHER DEPUIS NOYERS-SUR-CHER JUSQU'A LA CONFLUENCE AVEC LA LOIRE","code":"GR0150C","longueurKm":112.66519752949,"strahler":7.0},"geometry":{"type":"MultiLineString","coordinates":[[[0.505,47.345],[0.488,47.338],[0.479,47.344]],[[0.512,47.345],[0.509,47.346],[0.505,47.345]],[[0.512,47.345],[0.505,47.345]],[[0.68,47.371],[0.662,47.375],[0.65,47.375],[0.644,47.373],[0.638,47.375],[0.632,47.372],[0.627,47.374],[0.613,47.371],[0.604,47.364],[0.589,47.365],[0.573,47.361],[0.563,47.364],[0.547,47.359],[0.549,47.351],[0.547,47.349],[0.528,47.348],[0.519,47.344],[0.512,47.345]],[[0.686,47.371],[0.682,47.37],[0.68,47.371]],[[0.686,47.371],[0.68,47.371]],[[0.693,47.37],[0.688,47.371],[0.686,47.371]],[[0.715,47.373],[0.703,47.373],[0.693,47.37]],[[0.715,47.373],[0.707,47.37],[0.693,47.37]],[[0.8,47.365],[0.795,47.368],[0.779,47.37],[0.76,47.37],[0.751,47.375],[0.74,47.369],[0.715,47.373]],[[0.806,47.361],[0.8,47.365]],[[0.806,47.361],[0.802,47.364],[0.8,47.365]],[[0.988,47.331],[0.962,47.331],[0.939,47.336],[0.921,47.342],[0.912,47.342],[0.888,47.348],[0.866,47.348],[0.83,47.358],[0.811,47.359],[0.806,47.361]],[[0.979,47.279],[0.989,47.282]],[[0.984,47.277],[0.989,47.282]],[[0.987,47.267],[0.984,47.27],[0.991,47.279]],[[0.989,47.282],[0.991,47.282]],[[0.992,47.338],[0.988,47.331]],[[1.001,47.329],[0.988,47.331]],[[0.991,47.282],[1.002,47.292],[1.004,47.298]],[[0.991,47.279],[0.991,47.282]],[[0.994,47.269],[0.994,47.279],[0.993,47.279],[0.991,47.279]],[[1.014,47.357],[1.0,47.348],[0.992,47.338]],[[0.999,47.365],[0.992,47.338]],[[0.994,47.371],[0.989,47.367],[0.999,47.365]],[[1.001,47.266],[1.008,47.269],[1.011,47.28],[1.015,47.285],[1.011,47.291],[1.003,47.293],[1.004,47.298]],[[1.011,47.375],[0.999,47.365]],[[1.004,47.298],[1.0,47.308],[1.001,47.329]],[[1.092,47.329],[1.059,47.323],[1.028,47.328],[1.001,47.329]],[[1.046,47.367],[1.034,47.363],[1.029,47.363],[1.014,47.357]],[[1.024,47.37],[1.015,47.363],[1.014,47.357]],[[1.098,47.33],[1.092,47.329]],[[1.098,47.33],[1.096,47.329],[1.092,47.329]],[[1.196,47.343],[1.182,47.341],[1.16,47.333],[1.142,47.331],[1.115,47.333],[1.098,47.33]],[[1.201,47.343],[1.199,47.343],[1.196,47.343]],[[1.201,47.343],[1.196,47.343]],[[1.215,47.345],[1.21,47.345],[1.205,47.343],[1.203,47.343],[1.201,47.343]],[[1.222,47.345],[1.218,47.345],[1.216,47.345],[1.215,47.345]],[[1.222,47.345],[1.217,47.344],[1.215,47.345]],[[1.231,47.343],[1.222,47.345]],[[1.237,47.342],[1.231,47.343]],[[1.237,47.342],[1.235,47.342],[1.231,47.343]],[[1.289,47.328],[1.276,47.331],[1.27,47.337],[1.257,47.341],[1.237,47.342]],[[1.296,47.327],[1.291,47.327],[1.289,47.328]],[[1.296,47.327],[1.289,47.328]],[[1.361,47.285],[1.352,47.285],[1.346,47.291],[1.332,47.293],[1.319,47.305],[1.32,47.31],[1.316,47.314],[1.306,47.32],[1.304,47.325],[1.296,47.327]]]}},{"type":"Feature","properties":{"nom":"LA BORNE ET SES AFFLUENTS DEPUIS LA SOURCE JUSQU'A LA CONFLUENCE AVEC LE RUISSEAU DU LONNAC","code":"GR0154","longueurKm":236.46046918479,"strahler":5.0},"geometry":{"type":"MultiLineString","coordinates":[[[3.65,45.189],[3.659,45.184]],[[3.659,45.184],[3.659,45.185],[3.66,45.184]],[[3.66,45.157],[3.656,45.178],[3.656,45.183],[3.659,45.184]],[[3.659,45.184],[3.66,45.184]],[[3.66,45.184],[3.668,45.186]],[[3.661,45.038],[3.673,45.035],[3.676,45.037],[3.684,45.036],[3.698,45.043],[3.704,45.048],[3.703,45.051],[3.716,45.053],[3.718,45.061],[3.716,45.064],[3.72,45.067],[3.747,45.076]],[[3.666,45.197],[3.671,45.197],[3.679,45.191]],[[3.666,45.18],[3.668,45.186]],[[3.668,45.186],[3.672,45.187]],[[3.669,45.163],[3.676,45.163]],[[3.669,45.168],[3.676,45.163]],[[3.672,45.18],[3.672,45.187]],[[3.672,45.187],[3.679,45.191]],[[3.674,45.118],[3.685,45.122],[3.686,45.126],[3.694,45.126],[3.705,45.123],[3.723,45.125]],[[3.675,45.142],[3.703,45.141],[3.706,45.146]],[[3.676,45.163],[3.687,45.158],[3.701,45.156],[3.702,45.153],[3.708,45.151],[3.713,45.151]],[[3.676,45.055],[3.69,45.059],[3.694,45.064],[3.7,45.067],[3.699,45.072]],[[3.679,45.23],[3.686,45.226],[3.692,45.219],[3.696,45.219],[3.697,45.216]],[[3.679,45.191],[3.69,45.189]],[[3.683,45.09],[3.686,45.078],[3.699,45.072]],[[3.687,45.151],[3.698,45.146],[3.706,45.146]],[[3.688,45.115],[3.708,45.112]],[[3.697,45.216],[3.688,45.206],[3.689,45.2],[3.697,45.193],[3.69,45.189]],[[3.69,45.189],[3.691,45.185],[3.699,45.184],[3.708,45.176],[3.72,45.175],[3.724,45.171],[3.722,45.163],[3.73,45.157]],[[3.694,45.097],[3.704,45.098],[3.717,45.104]],[[3.723,45.276],[3.718,45.272],[3.718,45.264],[3.713,45.253],[3.714,45.243],[3.704,45.232],[3.704,45.219],[3.702,45.217],[3.698,45.216],[3.697,45.216]],[[3.696,45.106],[3.708,45.112]],[[3.698,45.082],[3.705,45.076],[3.716,45.076]],[[3.699,45.072],[3.707,45.073],[3.712,45.071],[3.716,45.076]],[[3.704,45.133],[3.715,45.126],[3.723,45.125]],[[3.706,45.146],[3.713,45.151]],[[3.708,45.112],[3.711,45.112],[3.717,45.104]],[[3.713,45.151],[3.717,45.15],[3.73,45.157]],[[3.714,45.095],[3.72,45.102]],[[3.716,45.076],[3.723,45.086],[3.733,45.089],[3.736,45.093],[3.74,45.092],[3.75,45.092],[3.76,45.095]],[[3.717,45.104],[3.72,45.102]],[[3.72,45.102],[3.725,45.099],[3.735,45.1],[3.742,45.097],[3.76,45.095]],[[3.721,45.05],[3.725,45.055],[3.739,45.06],[3.746,45.071]],[[3.723,45.125],[3.74,45.123],[3.739,45.129],[3.743,45.131],[3.764,45.12],[3.77,45.124],[3.786,45.118],[3.787,45.125]],[[3.725,45.233],[3.724,45.216],[3.736,45.21]],[[3.729,45.265],[3.726,45.252],[3.73,45.242],[3.736,45.241]],[[3.727,45.109],[3.73,45.107],[3.743,45.105],[3.752,45.098],[3.762,45.098],[3.765,45.096]],[[3.73,45.157],[3.738,45.154],[3.747,45.143],[3.752,45.146]],[[3.74,45.279],[3.745,45.277],[3.744,45.265],[3.746,45.261],[3.737,45.248],[3.736,45.241]],[[3.736,45.241],[3.735,45.237],[3.743,45.23]],[[3.734,45.068],[3.746,45.071]],[[3.743,45.23],[3.736,45.21]],[[3.736,45.21],[3.736,45.205],[3.741,45.202]],[[3.735,45.051],[3.751,45.058],[3.763,45.073],[3.77,45.075]],[[3.738,45.026],[3.746,45.04],[3.769,45.042],[3.788,45.048]],[[3.75,45.209],[3.741,45.202]],[[3.741,45.202],[3.742,45.196],[3.736,45.196],[3.737,45.193],[3.747,45.19]],[[3.752,45.234],[3.743,45.23]],[[3.747,45.19],[3.75,45.188]],[[3.747,45.19],[3.75,45.187]],[[3.746,45.071],[3.747,45.076]],[[3.747,45.076],[3.754,45.081],[3.757,45.09],[3.772,45.091]],[[3.75,45.188],[3.75,45.187]],[[3.762,45.2],[3.763,45.193],[3.752,45.188],[3.75,45.188]],[[3.75,45.187],[3.751,45.185]],[[3.756,45.223],[3.75,45.209]],[[3.761,45.205],[3.75,45.209]],[[3.751,45.185],[3.753,45.184]],[[3.751,45.185],[3.753,45.184],[3.753,45.184]],[[3.753,45.246],[3.752,45.234]],[[3.755,45.233],[3.752,45.234]],[[3.753,45.184],[3.749,45.175],[3.757,45.171],[3.755,45.169],[3.758,45.162],[3.751,45.156],[3.753,45.153],[3.749,45.149],[3.752,45.146]],[[3.752,45.146],[3.759,45.143],[3.759,45.14],[3.77,45.137],[3.771,45.133],[3.777,45.133],[3.779,45.126],[3.787,45.125]],[[3.76,45.095],[3.765,45.096]],[[3.765,45.096],[3.778,45.093]],[[3.767,45.049],[3.776,45.053],[3.787,45.053],[3.793,45.059],[3.815,45.065]],[[3.768,45.07],[3.77,45.075]],[[3.77,45.075],[3.773,45.079],[3.772,45.091]],[[3.772,45.214],[3.778,45.209],[3.784,45.214],[3.799,45.207]],[[3.772,45.091],[3.778,45.093]],[[3.775,45.24],[3.789,45.228],[3.789,45.226],[3.797,45.222]],[[3.779,45.223],[3.789,45.221],[3.797,45.222]],[[3.776,45.038],[3.788,45.048]],[[3.778,45.093],[3.784,45.089],[3.794,45.089],[3.796,45.088]],[[3.777,45.022],[3.794,45.026]],[[3.783,45.244],[3.794,45.236],[3.802,45.225],[3.799,45.219]],[[3.783,45.191],[3.797,45.177],[3.801,45.176]],[[3.783,45.015],[3.792,45.022],[3.794,45.026]],[[3.787,45.125],[3.789,45.128],[3.794,45.128],[3.791,45.121],[3.795,45.12],[3.795,45.115],[3.803,45.108],[3.797,45.102],[3.801,45.101]],[[3.788,45.048],[3.795,45.055],[3.804,45.056],[3.813,45.061]],[[3.8,45.147],[3.793,45.14]],[[3.802,45.162],[3.795,45.158],[3.797,45.154],[3.792,45.15],[3.789,45.142],[3.79,45.14],[3.793,45.14]],[[3.793,45.14],[3.793,45.135],[3.799,45.134]],[[3.794,45.026],[3.798,45.037],[3.809,45.046],[3.814,45.055],[3.813,45.061]],[[3.797,45.222],[3.799,45.219]],[[3.801,45.101],[3.796,45.088]],[[3.796,45.088],[3.793,45.081],[3.794,45.075],[3.798,45.073],[3.797,45.07],[3.817,45.068],[3.815,45.065]],[[3.799,45.219],[3.799,45.207]],[[3.799,45.207],[3.797,45.204],[3.802,45.201],[3.8,45.199]],[[3.8,45.199],[3.799,45.194],[3.805,45.192]],[[3.806,45.199],[3.805,45.199],[3.802,45.199],[3.801,45.199],[3.8,45.199]],[[3.806,45.143],[3.799,45.134]],[[3.799,45.134],[3.806,45.128],[3.805,45.121],[3.811,45.11],[3.801,45.101]],[[3.805,45.192],[3.8,45.185],[3.801,45.176]],[[3.801,45.176],[3.802,45.173]],[[3.819,45.158],[3.812,45.162],[3.807,45.161],[3.805,45.162],[3.802,45.162]],[[3.802,45.173],[3.798,45.171],[3.802,45.162]],[[3.817,45.18],[3.811,45.174],[3.807,45.172],[3.804,45.173],[3.803,45.173],[3.802,45.173]],[[3.814,45.195],[3.805,45.192]],[[3.815,45.206],[3.81,45.204],[3.806,45.199]],[[3.815,45.2],[3.812,45.198],[3.806,45.199]],[[3.813,45.061],[3.815,45.065]]]}},{"type":"Feature","properties":{"nom":"LA BORNE DEPUIS LA CONFLUENCE AVEC LE RUISSEAU DU LONNAC JUSQU'A LA CONFLUENCE AVEC LA LOIRE","code":"GR0155","longueurKm":11.53156879516,"strahler":5.0},"geometry":{"type":"LineString","coordinates":[[3.817,45.068],[3.828,45.07],[3.833,45.067],[3.837,45.068],[3.842,45.064],[3.844,45.053],[3.848,45.051],[3.852,45.052],[3.859,45.048],[3.861,45.051],[3.875,45.048],[3.884,45.054],[3.887,45.05],[3.897,45.051],[3.903,45.058],[3.91,45.056],[3.914,45.057]]}},{"type":"Feature","properties":{"nom":"LE CHER DEPUIS LE COMPLEXE DE ROCHEBUT JUSQU'A MONTLUCON","code":"GR0147","longueurKm":12.37559151515,"strahler":6.0},"geometry":{"type":"LineString","coordinates":[[2.556,46.256],[2.56,46.263],[2.567,46.259],[2.572,46.261],[2.571,46.27],[2.578,46.273],[2.577,46.275],[2.582,46.277],[2.583,46.282],[2.588,46.283],[2.6,46.297],[2.602,46.305],[2.597,46.31],[2.607,46.317],[2.599,46.321],[2.602,46.33]]}},{"type":"Feature","properties":{"nom":"L'ISAC DEPUIS BLAIN JUSQU'A LA CONFLUENCE AVEC LA VILAINE","code":"GR0139","longueurKm":49.81264873879,"strahler":5.0},"geometry":{"type":"MultiLineString","coordinates":[[[-2.097,47.573],[-2.099,47.572],[-2.098,47.575],[-2.102,47.578]],[[-2.077,47.576],[-2.08,47.575],[-2.079,47.579],[-2.084,47.578],[-2.093,47.576],[-2.097,47.573]],[[-2.077,47.576],[-2.078,47.573],[-2.088,47.569],[-2.093,47.569],[-2.097,47.573]],[[-2.072,47.574],[-2.073,47.575],[-2.076,47.576],[-2.077,47.576]],[[-2.046,47.571],[-2.052,47.573],[-2.07,47.574],[-2.072,47.574]],[[-2.042,47.567],[-2.049,47.57],[-2.069,47.571],[-2.072,47.574]],[[-2.042,47.567],[-2.046,47.571]],[[-2.035,47.569],[-2.046,47.571]],[[-2.037,47.564],[-2.041,47.564],[-2.042,47.567]],[[-2.037,47.564],[-2.035,47.569]],[[-2.027,47.564],[-2.028,47.562],[-2.037,47.564]],[[-2.026,47.566],[-2.035,47.569]],[[-2.027,47.564],[-2.026,47.566]],[[-2.013,47.56],[-2.027,47.564]],[[-2.013,47.56],[-2.026,47.566]],[[-1.82,47.47],[-1.834,47.475],[-1.844,47.475],[-1.857,47.465],[-1.87,47.466],[-1.88,47.479],[-1.891,47.483],[-1.911,47.484],[-1.914,47.497],[-1.931,47.497],[-1.933,47.499],[-1.933,47.503],[-1.925,47.505],[-1.924,47.51],[-1.926,47.511],[-1.936,47.507],[-1.945,47.507],[-1.948,47.514],[-1.946,47.524],[-1.951,47.525],[-1.956,47.522],[-1.963,47.525],[-1.961,47.532],[-1.964,47.541],[-1.97,47.544],[-1.981,47.542],[-1.995,47.544],[-2.001,47.549],[-2.005,47.558],[-2.013,47.56]],[[-1.814,47.47],[-1.817,47.469],[-1.82,47.47]],[[-1.814,47.47],[-1.815,47.47],[-1.818,47.47],[-1.82,47.47]],[[-1.754,47.462],[-1.774,47.473],[-1.806,47.468],[-1.814,47.47]]]}},{"type":"Feature","properties":{"nom":"LE CHER DEPUIS MONTLUCON JUSQU'A LA CONFLUENCE AVEC L'AUMANCE","code":"GR0148","longueurKm":44.20167688766,"strahler":6.0},"geometry":{"type":"MultiLineString","coordinates":[[[2.602,46.33],[2.594,46.332],[2.591,46.339],[2.593,46.342],[2.605,46.346],[2.61,46.352],[2.604,46.363],[2.604,46.379],[2.608,46.381],[2.602,46.391],[2.606,46.399],[2.596,46.402],[2.604,46.412],[2.605,46.42],[2.6,46.425],[2.608,46.433],[2.604,46.436],[2.598,46.437],[2.595,46.443],[2.599,46.446],[2.595,46.448],[2.595,46.452],[2.605,46.455],[2.603,46.459],[2.61,46.461],[2.606,46.464],[2.605,46.475]],[[2.619,46.516],[2.622,46.523],[2.616,46.526],[2.615,46.539],[2.609,46.547],[2.612,46.548],[2.617,46.547],[2.618,46.55],[2.615,46.556],[2.609,46.557],[2.611,46.562],[2.605,46.562],[2.603,46.564],[2.609,46.567],[2.609,46.571],[2.605,46.576],[2.606,46.58],[2.602,46.582],[2.603,46.588],[2.596,46.594],[2.604,46.594],[2.604,46.597]],[[2.605,46.475],[2.607,46.481]],[[2.605,46.475],[2.602,46.474],[2.6,46.478],[2.607,46.481]],[[2.607,46.481],[2.61,46.494],[2.617,46.496],[2.613,46.505],[2.621,46.506],[2.616,46.515],[2.619,46.516]],[[2.621,46.505],[2.625,46.507],[2.625,46.514],[2.62,46.514],[2.619,46.516]]]}},{"type":"Feature","properties":{"nom":"LE TREVELO ET SES AFFLUENTS DEPUIS LA SOURCE JUSQU'A LA CONFLUENCE AVEC LA VILAINE","code":"GR0140","longueurKm":133.36800406428,"strahler":5.0},"geometry":{"type":"MultiLineString","coordinates":[[[-2.429,47.64],[-2.42,47.639],[-2.409,47.643],[-2.399,47.641]],[[-2.408,47.609],[-2.41,47.602],[-2.402,47.599]],[[-2.405,47.617],[-2.401,47.619],[-2.392,47.619],[-2.358,47.605]],[[-2.402,47.604],[-2.402,47.599]],[[-2.402,47.599],[-2.397,47.599]],[[-2.41,47.675],[-2.411,47.673],[-2.399,47.669],[-2.39,47.67],[-2.375,47.666],[-2.377,47.659],[-2.362,47.653],[-2.341,47.651],[-2.34,47.644],[-2.336,47.642],[-2.336,47.639],[-2.345,47.628]],[[-2.39,47.61],[-2.397,47.599]],[[-2.397,47.599],[-2.382,47.597],[-2.36,47.604]],[[-2.4,47.651],[-2.395,47.65],[-2.4,47.644],[-2.399,47.641]],[[-2.399,47.641],[-2.398,47.64]],[[-2.385,47.654],[-2.388,47.646],[-2.398,47.64]],[[-2.398,47.64],[-2.394,47.637],[-2.383,47.633]],[[-2.391,47.63],[-2.377,47.625],[-2.371,47.627],[-2.37,47.631]],[[-2.379,47.646],[-2.384,47.638],[-2.383,47.633]],[[-2.383,47.633],[-2.37,47.631]],[[-2.37,47.631],[-2.366,47.631]],[[-2.371,47.647],[-2.372,47.635],[-2.366,47.631]],[[-2.363,47.578],[-2.366,47.578],[-2.368,47.584],[-2.358,47.593],[-2.359,47.6]],[[-2.366,47.631],[-2.362,47.63]],[[-2.36,47.604],[-2.358,47.605]],[[-2.359,47.6],[-2.36,47.604]],[[-2.363,47.645],[-2.359,47.636],[-2.362,47.63]],[[-2.362,47.63],[-2.359,47.627],[-2.345,47.628]],[[-2.343,47.598],[-2.359,47.6]],[[-2.358,47.605],[-2.35,47.607],[-2.343,47.606],[-2.338,47.61],[-2.331,47.611],[-2.323,47.609],[-2.32,47.614]],[[-2.345,47.628],[-2.342,47.623],[-2.331,47.62],[-2.329,47.616],[-2.32,47.614]],[[-2.33,47.64],[-2.329,47.633],[-2.32,47.625],[-2.31,47.623],[-2.309,47.619],[-2.308,47.618]],[[-2.32,47.614],[-2.315,47.614],[-2.31,47.61]],[[-2.308,47.618],[-2.305,47.616],[-2.31,47.61]],[[-2.31,47.61],[-2.298,47.599]],[[-2.295,47.653],[-2.311,47.65]],[[-2.309,47.667],[-2.313,47.662],[-2.311,47.65]],[[-2.311,47.65],[-2.313,47.647],[-2.31,47.643],[-2.316,47.631],[-2.308,47.622],[-2.308,47.618]],[[-2.293,47.602],[-2.298,47.599]],[[-2.298,47.599],[-2.299,47.597],[-2.295,47.594],[-2.299,47.59],[-2.291,47.586],[-2.288,47.576],[-2.284,47.575]],[[-2.303,47.668],[-2.292,47.66]],[[-2.286,47.605],[-2.293,47.602]],[[-2.286,47.605],[-2.291,47.605],[-2.293,47.602]],[[-2.285,47.64],[-2.291,47.636],[-2.296,47.628]],[[-2.293,47.64],[-2.299,47.633],[-2.296,47.628]],[[-2.296,47.628],[-2.287,47.623]],[[-2.291,47.655],[-2.295,47.653]],[[-2.288,47.648],[-2.294,47.65],[-2.295,47.653]],[[-2.292,47.66],[-2.291,47.655]],[[-2.288,47.655],[-2.289,47.655],[-2.291,47.655],[-2.291,47.655]],[[-2.288,47.669],[-2.293,47.665],[-2.292,47.66]],[[-2.282,47.606],[-2.283,47.605],[-2.286,47.605]],[[-2.278,47.632],[-2.287,47.623]],[[-2.287,47.623],[-2.276,47.62]],[[-2.283,47.664],[-2.282,47.662],[-2.288,47.655]],[[-2.271,47.661],[-2.276,47.658],[-2.286,47.655],[-2.288,47.655]],[[-2.276,47.62],[-2.281,47.614],[-2.282,47.606]],[[-2.272,47.607],[-2.276,47.606],[-2.279,47.606],[-2.281,47.605],[-2.282,47.606]],[[-2.266,47.639],[-2.278,47.632]],[[-2.273,47.643],[-2.279,47.635],[-2.278,47.632]],[[-2.254,47.631],[-2.271,47.627],[-2.276,47.62]],[[-2.255,47.61],[-2.267,47.61],[-2.272,47.607]],[[-2.264,47.6],[-2.272,47.607]],[[-2.27,47.648],[-2.262,47.644],[-2.253,47.647]],[[-2.265,47.653],[-2.264,47.651],[-2.256,47.651],[-2.253,47.647]],[[-2.255,47.601],[-2.255,47.61]],[[-2.25,47.61],[-2.255,47.61]],[[-2.249,47.646],[-2.254,47.631]],[[-2.232,47.635],[-2.242,47.631],[-2.254,47.631]],[[-2.243,47.6],[-2.246,47.601],[-2.247,47.607],[-2.249,47.608],[-2.25,47.61],[-2.25,47.61],[-2.25,47.61]],[[-2.244,47.614],[-2.25,47.61]],[[-2.253,47.647],[-2.249,47.646]],[[-2.25,47.626],[-2.253,47.624],[-2.253,47.621],[-2.246,47.618],[-2.244,47.614]],[[-2.246,47.648],[-2.249,47.646]],[[-2.215,47.621],[-2.227,47.615],[-2.244,47.614]],[[-2.247,47.654],[-2.246,47.648]],[[-2.243,47.649],[-2.245,47.648],[-2.246,47.648]],[[-2.229,47.654],[-2.243,47.649]],[[-2.23,47.649],[-2.235,47.647],[-2.243,47.649]],[[-2.23,47.642],[-2.23,47.639],[-2.215,47.635]],[[-2.226,47.634],[-2.226,47.631],[-2.218,47.629]],[[-2.215,47.635],[-2.218,47.629]],[[-2.218,47.629],[-2.213,47.627]],[[-2.213,47.627],[-2.215,47.621]],[[-2.193,47.619],[-2.204,47.618],[-2.215,47.621]],[[-2.209,47.641],[-2.215,47.635]],[[-2.208,47.635],[-2.213,47.627]],[[-2.204,47.636],[-2.196,47.635],[-2.192,47.632],[-2.19,47.621],[-2.193,47.619]],[[-2.175,47.618],[-2.193,47.619]],[[-2.169,47.634],[-2.175,47.624],[-2.173,47.621],[-2.175,47.618]],[[-2.166,47.618],[-2.175,47.618]]]}},{"type":"Feature","properties":{"nom":"L'ALLIER DEPUIS LANGOGNE JUSQU'A LA RETENUE DE POUTES","code":"GR0141A","longueurKm":41.49741646508,"strahler":6.0},"geometry":{"type":"LineString","coordinates":[[3.86,44.733],[3.856,44.737],[3.837,44.744],[3.836,44.751],[3.83,44.755],[3.842,44.767],[3.842,44.772],[3.831,44.777],[3.818,44.772],[3.817,44.769],[3.812,44.769],[3.812,44.766],[3.809,44.765],[3.803,44.77],[3.803,44.782],[3.798,44.786],[3.787,44.794],[3.78,44.796],[3.778,44.799],[3.772,44.797],[3.774,44.8],[3.771,44.804],[3.764,44.8],[3.761,44.802],[3.758,44.806],[3.763,44.81],[3.762,44.814],[3.75,44.823],[3.752,44.828],[3.747,44.83],[3.744,44.838],[3.735,44.84],[3.741,44.844],[3.733,44.847],[3.738,44.849],[3.736,44.853],[3.737,44.858],[3.717,44.862],[3.717,44.869],[3.708,44.87],[3.701,44.877],[3.696,44.874],[3.69,44.874],[3.689,44.878],[3.696,44.881],[3.696,44.883],[3.688,44.884],[3.694,44.888],[3.694,44.893],[3.684,44.899],[3.678,44.895],[3.673,44.896],[3.676,44.91],[3.674,44.915],[3.669,44.913],[3.666,44.916],[3.673,44.92]]}},{"type":"Feature","properties":{"nom":"L'ALLIER DEPUIS LA RETENUE DE POUTES JUSQU'A MONISTROL-D'ALLIER","code":"GR0141C","longueurKm":9.74973535281,"strahler":6.0},"geometry":{"type":"LineString","coordinates":[[3.673,44.947],[3.675,44.95],[3.684,44.95],[3.697,44.956],[3.695,44.959],[3.687,44.959],[3.68,44.975],[3.675,44.975],[3.674,44.969],[3.666,44.972],[3.664,44.97],[3.651,44.968],[3.649,44.966],[3.643,44.97]]}},{"type":"Feature","properties":{"nom":"L'ALLIER DEPUIS MONISTROL-D'ALLIER JUSQU'A LA CONFLUENCE AVEC LA SENOUIRE","code":"GR0142A","longueurKm":60.68481889464,"strahler":6.0},"geometry":{"type":"LineString","coordinates":[[3.643,44.97],[3.641,44.972],[3.645,44.975],[3.64,44.977],[3.634,44.986],[3.627,44.989],[3.628,44.995],[3.624,45.001],[3.631,45.008],[3.626,45.015],[3.611,45.023],[3.598,45.024],[3.597,45.029],[3.592,45.03],[3.586,45.039],[3.592,45.044],[3.581,45.049],[3.579,45.057],[3.57,45.059],[3.562,45.065],[3.552,45.065],[3.536,45.076],[3.535,45.086],[3.53,45.092],[3.518,45.096],[3.508,45.093],[3.498,45.097],[3.498,45.101],[3.505,45.105],[3.499,45.111],[3.491,45.115],[3.487,45.128],[3.488,45.137],[3.485,45.139],[3.478,45.142],[3.466,45.139],[3.462,45.146],[3.457,45.143],[3.45,45.146],[3.441,45.144],[3.44,45.147],[3.444,45.154],[3.441,45.156],[3.433,45.154],[3.422,45.156],[3.419,45.145],[3.411,45.146],[3.408,45.149],[3.401,45.146],[3.401,45.149],[3.408,45.152],[3.405,45.157],[3.413,45.165],[3.414,45.169],[3.406,45.172],[3.405,45.175],[3.411,45.176],[3.412,45.179],[3.406,45.182],[3.401,45.178],[3.39,45.179],[3.391,45.186],[3.386,45.19],[3.386,45.195],[3.387,45.199],[3.395,45.201],[3.399,45.205],[3.392,45.224],[3.399,45.228],[3.399,45.232],[3.396,45.234],[3.395,45.249],[3.409,45.258],[3.408,45.277]]}},{"type":"Feature","properties":{"nom":"LE CHER DEPUIS LA CONFLUENCE DE L'AUMANCE JUSQU'A VIERZON","code":"GR0149","longueurKm":152.65953397619,"strahler":7.0},"geometry":{"type":"MultiLineString","coordinates":[[[2.054,47.219],[2.046,47.217]],[[2.056,47.219],[2.054,47.219]],[[2.056,47.219],[2.056,47.219],[2.054,47.219]],[[2.092,47.201],[2.079,47.214],[2.056,47.219]],[[2.103,47.198],[2.094,47.197],[2.092,47.201]],[[2.103,47.198],[2.099,47.204],[2.096,47.204],[2.095,47.201],[2.094,47.201],[2.093,47.201],[2.092,47.201]],[[2.208,47.054],[2.204,47.062],[2.195,47.067],[2.195,47.084],[2.176,47.097],[2.175,47.102],[2.181,47.106],[2.181,47.112],[2.178,47.113],[2.172,47.111],[2.169,47.113],[2.17,47.127],[2.158,47.14],[2.16,47.156],[2.151,47.16],[2.155,47.165],[2.141,47.175],[2.135,47.176],[2.134,47.183],[2.125,47.184],[2.124,47.193],[2.117,47.197],[2.11,47.194],[2.107,47.198],[2.103,47.198]],[[2.244,46.992],[2.239,46.998],[2.226,47.005],[2.226,47.011],[2.214,47.022],[2.216,47.026],[2.221,47.027],[2.209,47.034],[2.208,47.054]],[[2.236,47.047],[2.229,47.051],[2.223,47.049],[2.208,47.054]],[[2.26,47.052],[2.236,47.047]],[[2.293,47.035],[2.288,47.03],[2.283,47.029],[2.276,47.036],[2.252,47.038],[2.249,47.043],[2.236,47.047]],[[2.252,46.977],[2.242,46.989],[2.244,46.992]],[[2.254,46.978],[2.244,46.992]],[[2.254,46.978],[2.252,46.977]],[[2.255,46.969],[2.252,46.97],[2.252,46.977]],[[2.255,46.969],[2.257,46.974],[2.254,46.978]],[[2.255,46.96],[2.255,46.969]],[[2.267,46.95],[2.256,46.956],[2.255,46.96]],[[2.267,46.95],[2.269,46.954],[2.255,46.96]],[[2.259,46.858],[2.265,46.86],[2.271,46.866],[2.284,46.871]],[[2.266,46.943],[2.267,46.95]],[[2.272,46.937],[2.267,46.938],[2.266,46.943]],[[2.267,46.943],[2.266,46.943]],[[2.267,46.95],[2.267,46.95]],[[2.267,46.943],[2.267,46.95]],[[2.272,46.937],[2.267,46.943]],[[2.273,46.849],[2.281,46.856],[2.279,46.861],[2.287,46.865],[2.284,46.871]],[[2.286,46.932],[2.287,46.935],[2.283,46.938],[2.277,46.937],[2.272,46.937]],[[2.281,46.882],[2.286,46.88],[2.297,46.882],[2.304,46.889]],[[2.284,46.871],[2.285,46.872],[2.305,46.878],[2.308,46.883],[2.304,46.889]],[[2.284,46.926],[2.284,46.928]],[[2.284,46.926],[2.28,46.928],[2.286,46.932]],[[2.285,46.926],[2.284,46.926]],[[2.284,46.928],[2.286,46.932]],[[2.285,46.926],[2.284,46.928]],[[2.289,46.924],[2.285,46.926]],[[2.291,46.908],[2.29,46.916],[2.285,46.92],[2.289,46.921],[2.289,46.924]],[[2.291,46.908],[2.297,46.912],[2.295,46.917],[2.297,46.921],[2.289,46.924]],[[2.303,46.89],[2.3,46.895],[2.294,46.898],[2.297,46.905],[2.291,46.905],[2.291,46.908]],[[2.304,46.889],[2.303,46.89]],[[2.308,46.877],[2.311,46.884],[2.303,46.89]],[[2.307,46.873],[2.308,46.877]],[[2.307,46.873],[2.307,46.874],[2.308,46.877]],[[2.313,46.861],[2.307,46.866],[2.305,46.872],[2.307,46.873]],[[2.314,46.855],[2.313,46.861]],[[2.316,46.859],[2.313,46.861]],[[2.314,46.855],[2.316,46.859]],[[2.338,46.837],[2.325,46.836],[2.316,46.84],[2.314,46.855]],[[2.338,46.837],[2.322,46.845],[2.322,46.852],[2.32,46.858],[2.316,46.859]],[[2.369,46.806],[2.364,46.816],[2.35,46.818],[2.341,46.824],[2.342,46.828],[2.339,46.831],[2.342,46.834],[2.338,46.837]],[[2.372,46.803],[2.369,46.806]],[[2.372,46.805],[2.369,46.806]],[[2.372,46.803],[2.372,46.805]],[[2.403,46.796],[2.389,46.8],[2.385,46.804],[2.372,46.805]],[[2.375,46.803],[2.372,46.803]],[[2.403,46.796],[2.385,46.797],[2.379,46.8]],[[2.471,46.733],[2.468,46.739],[2.456,46.734],[2.449,46.738],[2.446,46.735],[2.443,46.744],[2.438,46.744],[2.438,46.749],[2.425,46.753],[2.429,46.767],[2.425,46.777],[2.418,46.78],[2.421,46.784],[2.403,46.788],[2.406,46.794],[2.403,46.796]],[[2.475,46.732],[2.474,46.736],[2.471,46.733]],[[2.475,46.732],[2.471,46.733]],[[2.604,46.597],[2.593,46.602],[2.593,46.615],[2.586,46.619],[2.584,46.626],[2.592,46.63],[2.597,46.637],[2.593,46.647],[2.574,46.65],[2.567,46.653],[2.571,46.658],[2.566,46.666],[2.571,46.673],[2.561,46.676],[2.56,46.681],[2.549,46.68],[2.543,46.682],[2.535,46.682],[2.537,46.686],[2.535,46.689],[2.527,46.685],[2.523,46.692],[2.513,46.693],[2.514,46.698],[2.5,46.708],[2.494,46.707],[2.485,46.712],[2.486,46.722],[2.491,46.725],[2.488,46.733],[2.486,46.734],[2.484,46.732],[2.475,46.732]]]}},{"type":"Feature","properties":{"nom":"L'ALLIER DEPUIS LA CONFLUENCE DE LA SENOUIRE JUSQU'A LA CONFLUENCE AVEC L'AUZON","code":"GR0142B","longueurKm":82.83953802099,"strahler":6.0},"geometry":{"type":"MultiLineString","coordinates":[[[3.196,45.654],[3.204,45.658]],[[3.196,45.654],[3.198,45.656]],[[3.284,45.52],[3.281,45.523],[3.283,45.533],[3.28,45.539],[3.275,45.542],[3.278,45.549],[3.277,45.554],[3.269,45.563],[3.258,45.564],[3.25,45.567],[3.249,45.574],[3.24,45.576],[3.247,45.589],[3.228,45.595],[3.218,45.6],[3.218,45.604],[3.224,45.605],[3.225,45.61],[3.213,45.613],[3.211,45.617],[3.222,45.629],[3.213,45.632],[3.21,45.647],[3.199,45.65],[3.196,45.654]],[[3.198,45.656],[3.201,45.658]],[[3.198,45.656],[3.198,45.658],[3.201,45.658]],[[3.201,45.658],[3.204,45.658]],[[3.204,45.658],[3.205,45.66],[3.2,45.665],[3.204,45.669],[3.208,45.669],[3.216,45.663],[3.219,45.663]],[[3.222,45.666],[3.221,45.678],[3.205,45.681],[3.202,45.683],[3.207,45.704],[3.213,45.705],[3.22,45.715],[3.218,45.717],[3.212,45.716],[3.213,45.72],[3.209,45.726]],[[3.219,45.663],[3.222,45.666]],[[3.219,45.663],[3.22,45.663],[3.221,45.663],[3.222,45.664],[3.222,45.666]],[[3.285,45.516],[3.284,45.52]],[[3.285,45.516],[3.287,45.519],[3.284,45.52]],[[3.377,45.355],[3.369,45.358],[3.375,45.361],[3.375,45.365],[3.367,45.367],[3.365,45.364],[3.362,45.366],[3.362,45.379],[3.356,45.38],[3.36,45.384],[3.347,45.392],[3.34,45.392],[3.334,45.399],[3.334,45.408],[3.344,45.418],[3.334,45.425],[3.337,45.433],[3.334,45.437],[3.326,45.443],[3.314,45.445],[3.312,45.45],[3.306,45.45],[3.295,45.467],[3.281,45.469],[3.271,45.466],[3.267,45.482],[3.276,45.492],[3.274,45.503],[3.278,45.505],[3.285,45.516]],[[3.375,45.352],[3.377,45.355]],[[3.376,45.349],[3.375,45.352]],[[3.378,45.349],[3.375,45.352]],[[3.378,45.349],[3.376,45.349]],[[3.379,45.348],[3.376,45.349]],[[3.378,45.349],[3.377,45.355]],[[3.379,45.348],[3.378,45.349]],[[3.405,45.306],[3.403,45.314],[3.397,45.318],[3.398,45.322],[3.393,45.328],[3.397,45.332],[3.388,45.333],[3.39,45.338],[3.382,45.342],[3.379,45.348]],[[3.405,45.296],[3.402,45.3],[3.405,45.306]],[[3.407,45.28],[3.412,45.295],[3.405,45.306]],[[3.405,45.284],[3.408,45.289],[3.405,45.296]],[[3.405,45.284],[3.401,45.289],[3.405,45.296]],[[3.407,45.28],[3.405,45.284]],[[3.408,45.277],[3.407,45.28]]]}},{"type":"Feature","properties":{"nom":"L'ALLIER DEPUIS LA CONFLUENCE DE L'AUZON JUSQU'A VICHY","code":"GR0143A","longueurKm":82.45034890654,"strahler":6.0},"geometry":{"type":"MultiLineString","coordinates":[[[3.209,45.726],[3.218,45.737],[3.225,45.741],[3.217,45.746],[3.22,45.752],[3.218,45.758],[3.229,45.758],[3.233,45.763],[3.229,45.767],[3.23,45.772],[3.236,45.772],[3.239,45.778],[3.247,45.779],[3.242,45.786],[3.246,45.793],[3.252,45.796],[3.267,45.797],[3.281,45.792],[3.285,45.793],[3.275,45.813],[3.274,45.819],[3.284,45.824],[3.29,45.835],[3.301,45.842],[3.311,45.873],[3.325,45.879],[3.324,45.883],[3.326,45.886],[3.337,45.888],[3.34,45.884],[3.343,45.888],[3.337,45.895],[3.349,45.894],[3.353,45.905],[3.358,45.908],[3.365,45.908],[3.365,45.917]],[[3.365,45.917],[3.367,45.919]],[[3.365,45.917],[3.363,45.926],[3.368,45.925],[3.372,45.93],[3.377,45.928],[3.381,45.93]],[[3.367,45.919],[3.377,45.922]],[[3.367,45.919],[3.373,45.923],[3.377,45.922]],[[3.377,45.922],[3.381,45.93]],[[3.381,45.93],[3.382,45.935],[3.387,45.939]],[[3.387,45.939],[3.393,45.941]],[[3.387,45.939],[3.389,45.939],[3.393,45.941]],[[3.393,45.941],[3.398,45.946],[3.422,45.947],[3.422,45.955],[3.434,45.952],[3.441,45.954],[3.447,45.967],[3.454,45.975]],[[3.412,46.136],[3.411,46.142],[3.405,46.142],[3.404,46.14]],[[3.407,46.138],[3.403,46.135],[3.401,46.136],[3.4,46.14],[3.404,46.14]],[[3.407,46.138],[3.404,46.14]],[[3.412,46.136],[3.41,46.137],[3.408,46.138],[3.408,46.138],[3.407,46.138]],[[3.472,46.04],[3.46,46.051],[3.461,46.06],[3.449,46.067],[3.455,46.076],[3.461,46.078],[3.46,46.082],[3.441,46.098],[3.436,46.106],[3.425,46.107],[3.425,46.11],[3.435,46.114],[3.417,46.119],[3.412,46.136]],[[3.452,45.981],[3.455,45.985]],[[3.454,45.975],[3.452,45.981]],[[3.454,45.975],[3.456,45.975],[3.458,45.975],[3.46,45.977],[3.457,45.98],[3.452,45.981]],[[3.455,45.985],[3.459,45.991]],[[3.455,45.985],[3.456,45.99],[3.459,45.991]],[[3.459,45.991],[3.464,46.003],[3.473,46.01]],[[3.472,46.039],[3.472,46.04]],[[3.474,46.019],[3.469,46.023],[3.473,46.027],[3.464,46.032],[3.466,46.035],[3.472,46.037],[3.472,46.04]],[[3.473,46.01],[3.477,46.017],[3.476,46.019],[3.475,46.019],[3.474,46.019]],[[3.473,46.01],[3.474,46.019]]]}},{"type":"Feature","properties":{"nom":"L'ALLIER ET SES AFFLUENTS DEPUIS VICHY JUSQU'A LA CONFLUENCE AVEC LA SIOULE","code":"GR0143B","longueurKm":65.22359453217,"strahler":6.0},"geometry":{"type":"MultiLineString","coordinates":[[[3.323,46.366],[3.322,46.366]],[[3.34,46.363],[3.339,46.368],[3.336,46.369],[3.323,46.366]],[[3.336,46.36],[3.33,46.366],[3.326,46.365],[3.323,46.366]],[[3.336,46.36],[3.34,46.363]],[[3.35,46.349],[3.336,46.358],[3.336,46.36]],[[3.342,46.359],[3.34,46.363]],[[3.349,46.357],[3.344,46.36],[3.342,46.359]],[[3.353,46.35],[3.342,46.359]],[[3.418,46.36],[3.411,46.362],[3.395,46.359],[3.372,46.36],[3.363,46.355],[3.362,46.356],[3.356,46.356],[3.351,46.357],[3.349,46.357]],[[3.411,46.349],[3.386,46.351],[3.381,46.349],[3.376,46.35],[3.366,46.345],[3.363,46.346],[3.36,46.353],[3.356,46.352],[3.349,46.357]],[[3.353,46.346],[3.35,46.349]],[[3.353,46.346],[3.352,46.347],[3.35,46.349]],[[3.357,46.335],[3.353,46.339],[3.353,46.346]],[[3.357,46.335],[3.353,46.346]],[[3.361,46.325],[3.357,46.335]],[[3.366,46.321],[3.361,46.325]],[[3.366,46.321],[3.364,46.323],[3.361,46.325]],[[3.375,46.315],[3.372,46.315],[3.366,46.321]],[[3.381,46.313],[3.381,46.316],[3.375,46.315]],[[3.381,46.313],[3.375,46.315]],[[3.382,46.312],[3.381,46.313]],[[3.382,46.299],[3.383,46.303],[3.389,46.306],[3.382,46.312]],[[3.382,46.299],[3.381,46.297],[3.376,46.299],[3.378,46.306],[3.385,46.307],[3.382,46.312]],[[3.398,46.295],[3.385,46.293],[3.382,46.299]],[[3.404,46.289],[3.403,46.292],[3.399,46.295],[3.399,46.296],[3.398,46.295]],[[3.404,46.289],[3.399,46.291],[3.398,46.295]],[[3.403,46.278],[3.407,46.285],[3.404,46.289]],[[3.403,46.273],[3.403,46.278]],[[3.403,46.273],[3.405,46.276],[3.403,46.278]],[[3.403,46.272],[3.403,46.273]],[[3.411,46.253],[3.404,46.262],[3.4,46.263],[3.4,46.266],[3.405,46.269],[3.402,46.271],[3.403,46.272]],[[3.413,46.258],[3.414,46.261],[3.405,46.264],[3.408,46.27],[3.403,46.272]],[[3.404,46.163],[3.409,46.164]],[[3.405,46.16],[3.404,46.161],[3.404,46.163]],[[3.405,46.162],[3.404,46.163]],[[3.405,46.162],[3.409,46.164]],[[3.405,46.16],[3.405,46.162]],[[3.411,46.142],[3.407,46.15],[3.409,46.156],[3.405,46.16]],[[3.409,46.164],[3.417,46.168],[3.414,46.174]],[[3.411,46.253],[3.41,46.256],[3.413,46.258]],[[3.415,46.252],[3.411,46.253]],[[3.415,46.252],[3.411,46.255],[3.413,46.258]],[[3.413,46.181],[3.419,46.191],[3.414,46.207],[3.418,46.211]],[[3.414,46.174],[3.412,46.177],[3.413,46.181]],[[3.414,46.174],[3.413,46.181]],[[3.426,46.239],[3.426,46.242],[3.415,46.252]],[[3.418,46.211],[3.42,46.214]],[[3.418,46.211],[3.418,46.216]],[[3.418,46.216],[3.42,46.22]],[[3.42,46.214],[3.418,46.216]],[[3.42,46.22],[3.417,46.227],[3.423,46.235]],[[3.42,46.214],[3.42,46.22]],[[3.423,46.235],[3.426,46.236],[3.426,46.239]],[[3.423,46.235],[3.426,46.239]]]}},{"type":"Feature","properties":{"nom":"LE CHER DEPUIS VIERZON JUSQU'A CHABRIS","code":"GR0150A","longueurKm":49.16452819517,"strahler":7.0},"geometry":{"type":"MultiLineString","coordinates":[[[1.775,47.285],[1.763,47.283],[1.757,47.289],[1.749,47.284],[1.725,47.283],[1.712,47.273],[1.705,47.271],[1.705,47.265],[1.683,47.263],[1.678,47.259],[1.671,47.261],[1.668,47.258]],[[1.668,47.258],[1.667,47.257],[1.664,47.259],[1.666,47.258],[1.668,47.258]],[[1.788,47.283],[1.786,47.285],[1.782,47.286],[1.781,47.283],[1.775,47.285]],[[1.788,47.283],[1.789,47.286],[1.786,47.288],[1.782,47.288],[1.777,47.285],[1.776,47.285],[1.775,47.285]],[[1.885,47.265],[1.878,47.264],[1.873,47.268],[1.863,47.267],[1.858,47.271],[1.85,47.271],[1.846,47.275],[1.842,47.274],[1.843,47.27],[1.835,47.27],[1.817,47.275],[1.809,47.28],[1.798,47.279],[1.788,47.283]],[[1.897,47.264],[1.892,47.265],[1.885,47.265]],[[1.897,47.264],[1.894,47.263],[1.885,47.265]],[[1.948,47.24],[1.95,47.243],[1.943,47.251],[1.931,47.253],[1.922,47.25],[1.918,47.253],[1.915,47.259],[1.902,47.265],[1.897,47.264]],[[1.952,47.233],[1.941,47.238],[1.942,47.24],[1.948,47.24]],[[1.952,47.233],[1.947,47.237],[1.948,47.24]],[[1.966,47.23],[1.964,47.229],[1.952,47.233]],[[1.971,47.229],[1.969,47.231],[1.966,47.23]],[[1.971,47.229],[1.971,47.234],[1.966,47.23]],[[1.977,47.229],[1.973,47.227],[1.971,47.229]],[[1.977,47.229],[1.971,47.229]],[[1.997,47.224],[1.996,47.221],[1.988,47.221],[1.984,47.228],[1.981,47.229],[1.977,47.229]],[[2.001,47.225],[1.997,47.224]],[[2.001,47.225],[1.998,47.225],[1.997,47.224]],[[2.021,47.219],[2.007,47.216],[2.001,47.219],[2.003,47.224],[2.001,47.225]],[[2.021,47.219],[2.022,47.219],[2.026,47.22],[2.046,47.217],[2.03,47.223],[2.024,47.223],[2.021,47.219]]]}},{"type":"Feature","properties":{"nom":"L'ALLIER ET SES AFFLUENTS DEPUIS LA CONFLUENCE DE LA SIOULE JUSQU'A LIVRY","code":"GR0144A","longueurKm":123.76450341644,"strahler":7.0},"geometry":{"type":"MultiLineString","coordinates":[[[3.036,46.78],[3.034,46.786]],[[3.034,46.776],[3.036,46.78]],[[3.036,46.774],[3.034,46.774],[3.034,46.776]],[[3.036,46.774],[3.034,46.776]],[[3.037,46.773],[3.036,46.78]],[[3.037,46.773],[3.036,46.774]],[[3.037,46.773],[3.037,46.773]],[[3.05,46.757],[3.036,46.764],[3.037,46.773]],[[3.048,46.759],[3.037,46.773]],[[3.05,46.757],[3.048,46.759]],[[3.052,46.755],[3.048,46.759]],[[3.052,46.755],[3.05,46.757]],[[3.054,46.754],[3.052,46.755]],[[3.06,46.75],[3.057,46.751],[3.054,46.754]],[[3.06,46.75],[3.054,46.754]],[[3.065,46.747],[3.06,46.75]],[[3.071,46.744],[3.065,46.747]],[[3.071,46.744],[3.07,46.745],[3.065,46.747]],[[3.085,46.736],[3.08,46.737],[3.071,46.744]],[[3.091,46.737],[3.085,46.736]],[[3.091,46.737],[3.087,46.736],[3.085,46.736]],[[3.097,46.736],[3.091,46.737]],[[3.107,46.733],[3.097,46.736]],[[3.107,46.733],[3.105,46.734],[3.097,46.736]],[[3.133,46.723],[3.133,46.726],[3.127,46.729],[3.107,46.733]],[[3.137,46.719],[3.133,46.723]],[[3.137,46.719],[3.136,46.721],[3.133,46.723]],[[3.14,46.717],[3.137,46.719]],[[3.152,46.703],[3.146,46.706],[3.14,46.717]],[[3.145,46.713],[3.14,46.717]],[[3.151,46.705],[3.145,46.713]],[[3.152,46.705],[3.145,46.713]],[[3.152,46.705],[3.151,46.705],[3.151,46.705]],[[3.152,46.703],[3.151,46.705]],[[3.154,46.701],[3.152,46.705]],[[3.154,46.701],[3.152,46.703]],[[3.198,46.676],[3.194,46.681],[3.165,46.692],[3.154,46.701]],[[3.173,46.639],[3.181,46.645]],[[3.175,46.63],[3.181,46.635]],[[3.181,46.645],[3.183,46.652],[3.2,46.657]],[[3.181,46.635],[3.181,46.645]],[[3.182,46.63],[3.181,46.635]],[[3.185,46.628],[3.196,46.63],[3.213,46.645]],[[3.187,46.635],[3.195,46.652],[3.2,46.657]],[[3.19,46.623],[3.2,46.626],[3.21,46.635],[3.213,46.645]],[[3.197,46.644],[3.212,46.649]],[[3.212,46.663],[3.209,46.668],[3.198,46.674],[3.198,46.676]],[[3.212,46.671],[3.198,46.676]],[[3.2,46.657],[3.212,46.663]],[[3.217,46.667],[3.212,46.671]],[[3.217,46.667],[3.214,46.67],[3.212,46.671]],[[3.212,46.649],[3.211,46.652],[3.216,46.652]],[[3.213,46.645],[3.212,46.649]],[[3.216,46.652],[3.218,46.657],[3.212,46.663]],[[3.231,46.642],[3.229,46.641],[3.217,46.646],[3.216,46.652]],[[3.224,46.663],[3.217,46.667]],[[3.228,46.66],[3.224,46.663]],[[3.228,46.66],[3.227,46.662],[3.224,46.663]],[[3.231,46.658],[3.228,46.66]],[[3.235,46.653],[3.231,46.658]],[[3.235,46.653],[3.234,46.656],[3.231,46.658]],[[3.241,46.646],[3.235,46.648],[3.235,46.653]],[[3.244,46.64],[3.241,46.646]],[[3.244,46.64],[3.243,46.645],[3.241,46.646]],[[3.256,46.629],[3.245,46.636],[3.244,46.64]],[[3.262,46.623],[3.256,46.626],[3.256,46.629]],[[3.259,46.628],[3.256,46.629]],[[3.262,46.623],[3.259,46.628]],[[3.266,46.62],[3.259,46.628]],[[3.266,46.62],[3.262,46.623]],[[3.266,46.62],[3.266,46.62]],[[3.269,46.614],[3.266,46.62]],[[3.269,46.614],[3.269,46.617],[3.266,46.62]],[[3.295,46.597],[3.281,46.6],[3.283,46.609],[3.27,46.611],[3.269,46.614]],[[3.331,46.519],[3.333,46.524],[3.328,46.53],[3.334,46.537],[3.324,46.547],[3.328,46.557],[3.326,46.56],[3.321,46.561],[3.313,46.575],[3.302,46.579],[3.295,46.597]],[[3.299,46.592],[3.295,46.597]],[[3.313,46.39],[3.316,46.395]],[[3.313,46.39],[3.311,46.393],[3.314,46.398]],[[3.322,46.366],[3.317,46.368],[3.316,46.372],[3.323,46.382],[3.313,46.388],[3.313,46.39]],[[3.314,46.398],[3.319,46.402]],[[3.316,46.395],[3.314,46.398]],[[3.316,46.395],[3.321,46.401],[3.319,46.402]],[[3.318,46.408],[3.329,46.415]],[[3.318,46.408],[3.321,46.414],[3.329,46.415]],[[3.319,46.402],[3.318,46.408]],[[3.321,46.426],[3.323,46.429]],[[3.321,46.43],[3.325,46.433]],[[3.321,46.43],[3.319,46.435],[3.329,46.441]],[[3.323,46.429],[3.321,46.43]],[[3.322,46.496],[3.322,46.498]],[[3.322,46.498],[3.327,46.503]],[[3.33,46.498],[3.324,46.497],[3.322,46.498]],[[3.327,46.43],[3.325,46.429],[3.323,46.429]],[[3.325,46.433],[3.33,46.436],[3.329,46.441]],[[3.327,46.43],[3.325,46.433]],[[3.332,46.429],[3.33,46.43],[3.327,46.43]],[[3.327,46.503],[3.337,46.505],[3.337,46.509]],[[3.327,46.503],[3.328,46.512]],[[3.328,46.512],[3.326,46.515],[3.329,46.517]],[[3.334,46.511],[3.328,46.512]],[[3.329,46.517],[3.331,46.519]],[[3.329,46.517],[3.329,46.517],[3.331,46.518],[3.331,46.519]],[[3.328,46.446],[3.33,46.452],[3.334,46.453],[3.336,46.457],[3.335,46.463],[3.327,46.467],[3.33,46.478]],[[3.329,46.441],[3.328,46.446]],[[3.333,46.445],[3.328,46.446]],[[3.329,46.415],[3.334,46.417],[3.331,46.425]],[[3.33,46.478],[3.325,46.488],[3.332,46.496],[3.33,46.498]],[[3.335,46.466],[3.337,46.475],[3.33,46.478]],[[3.33,46.498],[3.341,46.504],[3.337,46.509]],[[3.331,46.425],[3.335,46.427],[3.334,46.429],[3.333,46.429],[3.333,46.429],[3.332,46.429]],[[3.331,46.425],[3.332,46.429]],[[3.334,46.511],[3.338,46.514],[3.337,46.523]],[[3.337,46.509],[3.334,46.511]],[[3.347,46.443],[3.344,46.443],[3.342,46.444],[3.336,46.445],[3.333,46.445]],[[3.342,46.439],[3.343,46.443],[3.333,46.445]]]}},{"type":"Feature","properties":{"nom":"LA MARE DEPUIS SAINT-MARCELLIN-EN-FOREZ JUSQU'A LA CONFLUENCE AVEC LA LOIRE","code":"GR0166","longueurKm":19.48048125694,"strahler":5.0},"geometry":{"type":"LineString","coordinates":[[4.167,45.502],[4.176,45.511],[4.18,45.529],[4.177,45.547],[4.167,45.557],[4.166,45.566],[4.172,45.575],[4.18,45.578],[4.188,45.583],[4.19,45.592],[4.198,45.597],[4.197,45.601],[4.203,45.603],[4.205,45.614],[4.218,45.62],[4.223,45.627],[4.221,45.634],[4.225,45.638]]}},{"type":"Feature","properties":{"nom":"LE LIGNON-DU-VELAY ET SES AFFLUENTS DU COMPLEXE DE LAVALETTE JUSQU'A LA CONFLUENCE AVEC LA LOIRE","code":"GR0161C","longueurKm":89.74552975871,"strahler":5.0},"geometry":{"type":"MultiLineString","coordinates":[[[4.115,45.107],[4.122,45.121],[4.13,45.125]],[[4.13,45.125],[4.133,45.131],[4.13,45.139],[4.139,45.144],[4.138,45.146],[4.144,45.146]],[[4.135,45.113],[4.13,45.125]],[[4.129,45.075],[4.137,45.082],[4.148,45.086]],[[4.141,45.161],[4.145,45.158]],[[4.14,45.094],[4.148,45.093]],[[4.141,45.13],[4.143,45.135]],[[4.142,45.126],[4.141,45.13]],[[4.147,45.128],[4.141,45.13]],[[4.171,45.163],[4.168,45.167],[4.176,45.167],[4.173,45.171],[4.168,45.17],[4.165,45.172],[4.169,45.173],[4.17,45.177],[4.164,45.176],[4.147,45.181],[4.15,45.182],[4.148,45.185],[4.15,45.189],[4.156,45.192],[4.158,45.192],[4.16,45.186],[4.165,45.194],[4.17,45.195],[4.168,45.201],[4.164,45.203],[4.168,45.211],[4.173,45.213],[4.166,45.213],[4.164,45.217],[4.166,45.221],[4.171,45.221],[4.179,45.224],[4.174,45.228],[4.156,45.229],[4.155,45.234],[4.158,45.236],[4.156,45.238],[4.158,45.241],[4.155,45.241],[4.143,45.247],[4.144,45.249],[4.151,45.251],[4.152,45.255],[4.145,45.259]],[[4.143,45.135],[4.145,45.14]],[[4.146,45.13],[4.143,45.135]],[[4.144,45.143],[4.144,45.146]],[[4.144,45.146],[4.147,45.152],[4.145,45.158]],[[4.145,45.14],[4.144,45.143]],[[4.154,45.141],[4.144,45.143]],[[4.145,45.158],[4.148,45.16],[4.156,45.159]],[[4.154,45.133],[4.145,45.14]],[[4.148,45.086],[4.149,45.088]],[[4.148,45.078],[4.148,45.086]],[[4.148,45.093],[4.153,45.097],[4.158,45.097],[4.163,45.103]],[[4.149,45.088],[4.148,45.093]],[[4.151,45.079],[4.149,45.088]],[[4.154,45.119],[4.151,45.128],[4.154,45.133]],[[4.162,45.125],[4.159,45.133],[4.154,45.133]],[[4.154,45.084],[4.155,45.087],[4.159,45.088],[4.164,45.085],[4.177,45.085]],[[4.156,45.159],[4.162,45.163]],[[4.159,45.143],[4.162,45.147],[4.156,45.159]],[[4.156,45.045],[4.159,45.045],[4.165,45.052]],[[4.16,45.107],[4.163,45.103]],[[4.16,45.115],[4.165,45.116],[4.172,45.113],[4.179,45.113]],[[4.162,45.158],[4.162,45.163]],[[4.162,45.163],[4.169,45.161],[4.171,45.163]],[[4.163,45.103],[4.169,45.103],[4.173,45.106],[4.178,45.106]],[[4.166,45.136],[4.164,45.141],[4.17,45.149],[4.174,45.151]],[[4.165,45.052],[4.159,45.069],[4.169,45.077],[4.175,45.078],[4.179,45.082],[4.177,45.085]],[[4.176,45.041],[4.172,45.044],[4.171,45.049],[4.165,45.052]],[[4.169,45.125],[4.172,45.122],[4.181,45.121]],[[4.174,45.151],[4.171,45.163]],[[4.18,45.149],[4.174,45.151]],[[4.175,45.132],[4.182,45.135]],[[4.177,45.085],[4.184,45.096],[4.178,45.106]],[[4.178,45.106],[4.179,45.108]],[[4.179,45.113],[4.181,45.113],[4.184,45.118],[4.18,45.12],[4.181,45.121]],[[4.179,45.108],[4.179,45.113]],[[4.186,45.15],[4.182,45.149],[4.18,45.149]],[[4.184,45.141],[4.18,45.142],[4.18,45.149]],[[4.194,45.098],[4.179,45.108]],[[4.181,45.132],[4.182,45.135]],[[4.181,45.121],[4.188,45.134]],[[4.182,45.135],[4.183,45.136]],[[4.183,45.136],[4.184,45.141]],[[4.188,45.134],[4.183,45.136]],[[4.198,45.138],[4.184,45.141]],[[4.197,45.134],[4.192,45.135],[4.188,45.134]]]}},{"type":"Feature","properties":{"nom":"L'AIX DEPUIS POMMIERS JUSQU'A LA RETENUE DE VILLEREST","code":"GR0176","longueurKm":13.32517194733,"strahler":5.0},"geometry":{"type":"MultiLineString","coordinates":[[[4.067,45.826],[4.058,45.83],[4.051,45.829],[4.058,45.825],[4.067,45.826]],[[4.067,45.826],[4.081,45.821],[4.084,45.821],[4.082,45.824],[4.086,45.824],[4.093,45.819],[4.097,45.823],[4.096,45.825],[4.099,45.825],[4.1,45.827],[4.108,45.827],[4.112,45.831],[4.117,45.829],[4.122,45.83],[4.124,45.834],[4.139,45.837]]]}},{"type":"Feature","properties":{"nom":"LE LIGNON-DU-FOREZ ET SES AFFLUENTS DEPUIS LA SOURCE JUSQU'A BOEN","code":"GR0170","longueurKm":142.6893465527,"strahler":5.0},"geometry":{"type":"MultiLineString","coordinates":[[[3.78,45.692],[3.794,45.69]],[[3.78,45.7],[3.785,45.704],[3.796,45.703]],[[3.783,45.717],[3.794,45.725],[3.801,45.725],[3.819,45.729]],[[3.784,45.698],[3.791,45.697],[3.796,45.703]],[[3.785,45.74],[3.789,45.736],[3.797,45.738],[3.812,45.734],[3.819,45.729]],[[3.794,45.69],[3.805,45.696],[3.814,45.696]],[[3.794,45.681],[3.794,45.69]],[[3.796,45.703],[3.801,45.709],[3.808,45.711],[3.814,45.696]],[[3.8,45.665],[3.817,45.675],[3.828,45.678],[3.835,45.683]],[[3.803,45.684],[3.808,45.69],[3.815,45.694]],[[3.814,45.696],[3.815,45.694]],[[3.814,45.66],[3.818,45.66],[3.832,45.657],[3.83,45.671],[3.843,45.68],[3.843,45.683]],[[3.815,45.694],[3.824,45.689],[3.832,45.688],[3.835,45.683]],[[3.817,45.643],[3.817,45.639],[3.82,45.638],[3.836,45.636]],[[3.819,45.729],[3.828,45.726]],[[3.82,45.709],[3.83,45.709],[3.838,45.704]],[[3.827,45.7],[3.838,45.704]],[[3.829,45.736],[3.828,45.726]],[[3.828,45.726],[3.836,45.722],[3.846,45.723],[3.853,45.721],[3.857,45.71],[3.852,45.705]],[[3.827,45.634],[3.836,45.636]],[[3.83,45.696],[3.848,45.703],[3.853,45.702]],[[3.836,45.711],[3.845,45.711],[3.852,45.705]],[[3.835,45.683],[3.843,45.683]],[[3.836,45.636],[3.844,45.638],[3.853,45.635]],[[3.837,45.69],[3.844,45.695],[3.853,45.697]],[[3.838,45.704],[3.852,45.705]],[[3.839,45.628],[3.852,45.626],[3.854,45.629]],[[3.843,45.683],[3.85,45.688],[3.858,45.688],[3.858,45.692],[3.862,45.697]],[[3.845,45.646],[3.853,45.648],[3.864,45.655],[3.869,45.65],[3.877,45.649]],[[3.848,45.644],[3.859,45.644],[3.863,45.641]],[[3.852,45.705],[3.852,45.705]],[[3.852,45.705],[3.853,45.702]],[[3.853,45.702],[3.853,45.697]],[[3.853,45.697],[3.857,45.695],[3.862,45.697]],[[3.853,45.635],[3.863,45.641]],[[3.854,45.629],[3.853,45.635]],[[3.869,45.632],[3.866,45.636],[3.854,45.629]],[[3.858,45.735],[3.871,45.73],[3.883,45.728]],[[3.862,45.697],[3.871,45.696],[3.874,45.698],[3.876,45.693],[3.88,45.694],[3.882,45.69],[3.887,45.691],[3.897,45.684],[3.908,45.687],[3.912,45.687],[3.913,45.684]],[[3.863,45.641],[3.875,45.644]],[[3.866,45.663],[3.87,45.664],[3.888,45.659]],[[3.867,45.625],[3.878,45.631]],[[3.872,45.72],[3.883,45.728]],[[3.875,45.644],[3.877,45.649]],[[3.878,45.631],[3.881,45.635],[3.88,45.64],[3.875,45.644]],[[3.878,45.736],[3.885,45.728]],[[3.877,45.649],[3.878,45.653],[3.888,45.659]],[[3.879,45.616],[3.878,45.631]],[[3.884,45.608],[3.878,45.613],[3.879,45.616]],[[3.89,45.613],[3.885,45.612],[3.879,45.616]],[[3.883,45.728],[3.885,45.728]],[[3.883,45.704],[3.882,45.709],[3.886,45.718],[3.895,45.722]],[[3.885,45.728],[3.896,45.724]],[[3.888,45.659],[3.891,45.658]],[[3.891,45.658],[3.897,45.661]],[[3.894,45.647],[3.896,45.65],[3.89,45.656],[3.891,45.658]],[[3.893,45.705],[3.896,45.718],[3.895,45.722]],[[3.894,45.734],[3.902,45.734],[3.912,45.73]],[[3.894,45.672],[3.903,45.671],[3.904,45.669]],[[3.895,45.722],[3.896,45.724]],[[3.896,45.724],[3.901,45.723]],[[3.897,45.661],[3.9,45.667],[3.904,45.669]],[[3.902,45.654],[3.897,45.661]],[[3.901,45.707],[3.899,45.713],[3.901,45.723]],[[3.901,45.723],[3.904,45.722]],[[3.902,45.646],[3.902,45.654]],[[3.914,45.643],[3.914,45.645],[3.902,45.654]],[[3.904,45.722],[3.909,45.724],[3.914,45.73]],[[3.908,45.709],[3.904,45.722]],[[3.904,45.669],[3.911,45.67],[3.914,45.675],[3.913,45.684]],[[3.911,45.739],[3.912,45.73]],[[3.912,45.73],[3.914,45.73]],[[3.914,45.73],[3.926,45.733],[3.934,45.732]],[[3.913,45.684],[3.919,45.688],[3.928,45.69],[3.931,45.694],[3.938,45.695],[3.94,45.699],[3.946,45.698],[3.951,45.7],[3.951,45.703],[3.958,45.702],[3.967,45.709],[3.973,45.71],[3.97,45.72],[3.978,45.732],[3.97,45.737]],[[3.916,45.713],[3.927,45.723],[3.948,45.719],[3.962,45.729]],[[3.92,45.725],[3.93,45.727],[3.934,45.732]],[[3.934,45.732],[3.962,45.729]],[[3.962,45.729],[3.97,45.734],[3.97,45.737]],[[3.97,45.737],[3.968,45.756],[3.976,45.756],[3.978,45.752],[3.987,45.751],[3.992,45.752],[3.999,45.749],[3.999,45.746],[4.006,45.742],[4.007,45.738]]]}},{"type":"Feature","properties":{"nom":"LE RHINS DEPUIS LA CONFLUENCE DU GAND JUSQU'A LA CONFLUENCE AVEC LA LOIRE","code":"GR0179","longueurKm":16.13011407509,"strahler":5.0},"geometry":{"type":"MultiLineString","coordinates":[[[4.094,46.026],[4.093,46.036],[4.097,46.04]],[[4.094,46.026],[4.089,46.032],[4.093,46.04],[4.097,46.04]],[[4.106,46.011],[4.098,46.018],[4.1,46.023],[4.094,46.026]],[[4.097,46.04],[4.106,46.044],[4.109,46.051]],[[4.105,46.002],[4.106,46.011]],[[4.105,46.002],[4.105,46.008],[4.106,46.011]],[[4.134,45.974],[4.129,45.978],[4.12,45.978],[4.119,45.981],[4.113,45.984],[4.116,45.991],[4.112,45.989],[4.107,45.992],[4.105,46.002]]]}},{"type":"Feature","properties":{"nom":"LA BESBRE DEPUIS LA CONFLUENCE DU BARBENAN JUSQU'A LA CONFLUENCE AVEC LA LOIRE","code":"GR0209","longueurKm":65.09890126274,"strahler":5.0},"geometry":{"type":"MultiLineString","coordinates":[[[3.584,46.346],[3.584,46.357]],[[3.584,46.346],[3.58,46.353],[3.584,46.357]],[[3.646,46.223],[3.647,46.23],[3.644,46.24],[3.638,46.243],[3.635,46.252],[3.625,46.256],[3.631,46.262],[3.618,46.271],[3.62,46.272],[3.616,46.279],[3.619,46.288],[3.614,46.295],[3.616,46.296],[3.614,46.298],[3.619,46.298],[3.614,46.304],[3.609,46.305],[3.61,46.308],[3.604,46.309],[3.599,46.319],[3.589,46.326],[3.591,46.331],[3.586,46.336],[3.588,46.339],[3.581,46.344],[3.584,46.346]],[[3.584,46.357],[3.585,46.362],[3.583,46.363],[3.586,46.366],[3.584,46.37],[3.588,46.371],[3.588,46.378],[3.597,46.386],[3.596,46.388],[3.604,46.398],[3.609,46.4],[3.608,46.411],[3.623,46.424],[3.622,46.426],[3.619,46.426],[3.621,46.431],[3.625,46.431],[3.627,46.435],[3.634,46.435],[3.633,46.446],[3.636,46.448],[3.639,46.447],[3.639,46.451],[3.642,46.451],[3.64,46.456],[3.644,46.458],[3.644,46.465],[3.646,46.464],[3.647,46.468],[3.655,46.47],[3.654,46.481],[3.658,46.481],[3.66,46.485],[3.665,46.484],[3.67,46.49],[3.668,46.493],[3.672,46.495],[3.67,46.497],[3.675,46.499],[3.674,46.502],[3.679,46.502],[3.677,46.504],[3.68,46.506],[3.683,46.517],[3.697,46.524],[3.698,46.53],[3.701,46.532],[3.703,46.53],[3.708,46.534],[3.709,46.538],[3.716,46.542],[3.715,46.545],[3.719,46.548],[3.724,46.548],[3.728,46.553],[3.732,46.553]],[[3.646,46.22],[3.646,46.223]],[[3.646,46.22],[3.645,46.222],[3.646,46.223]],[[3.648,46.214],[3.649,46.218],[3.646,46.22]],[[3.648,46.212],[3.647,46.212],[3.648,46.214]],[[3.648,46.212],[3.648,46.214]],[[3.668,46.197],[3.666,46.202],[3.658,46.201],[3.649,46.204],[3.648,46.212]]]}},{"type":"Feature","properties":{"nom":"LE LIGNON-DU-FOREZ DEPUIS BOEN JUSQU'A LA CONFLUENCE AVEC LA LOIRE","code":"GR0171","longueurKm":34.57659538222,"strahler":5.0},"geometry":{"type":"MultiLineString","coordinates":[[[4.007,45.738],[4.009,45.734],[4.017,45.735]],[[4.017,45.735],[4.021,45.733]],[[4.017,45.735],[4.02,45.73],[4.026,45.73]],[[4.021,45.733],[4.026,45.732]],[[4.021,45.733],[4.022,45.733],[4.023,45.733],[4.023,45.736],[4.029,45.732]],[[4.026,45.73],[4.035,45.729]],[[4.026,45.73],[4.026,45.732]],[[4.026,45.732],[4.029,45.732]],[[4.029,45.732],[4.034,45.732],[4.035,45.729]],[[4.035,45.729],[4.038,45.727],[4.041,45.73],[4.045,45.727]],[[4.045,45.727],[4.046,45.73],[4.053,45.73]],[[4.045,45.727],[4.054,45.723],[4.073,45.722]],[[4.053,45.73],[4.075,45.729],[4.079,45.722]],[[4.053,45.73],[4.06,45.723],[4.063,45.725],[4.074,45.724]],[[4.074,45.724],[4.073,45.722]],[[4.073,45.722],[4.076,45.72],[4.077,45.722]],[[4.074,45.724],[4.077,45.722]],[[4.077,45.722],[4.079,45.722]],[[4.079,45.722],[4.085,45.72],[4.09,45.722],[4.093,45.721],[4.099,45.724],[4.116,45.723],[4.129,45.729],[4.134,45.726],[4.138,45.727],[4.137,45.729],[4.146,45.73],[4.154,45.727],[4.169,45.733]],[[4.169,45.733],[4.173,45.735],[4.178,45.741]],[[4.169,45.733],[4.174,45.737],[4.17,45.742],[4.178,45.741]],[[4.178,45.741],[4.181,45.745],[4.189,45.743],[4.187,45.748],[4.19,45.753],[4.194,45.753],[4.194,45.759]]]}},{"type":"Feature","properties":{"nom":"LE SORNIN DEPUIS LA CONFLUENCE DU BOTORET JUSQU'A LA CONFLUENCE AVEC LA LOIRE","code":"GR0186","longueurKm":15.01703353351,"strahler":5.0},"geometry":{"type":"MultiLineString","coordinates":[[[4.166,46.155],[4.161,46.15],[4.158,46.152],[4.144,46.148],[4.141,46.15],[4.135,46.149],[4.129,46.15],[4.115,46.147],[4.113,46.15],[4.103,46.152],[4.107,46.153],[4.105,46.155],[4.097,46.153]],[[4.171,46.157],[4.166,46.155]],[[4.171,46.157],[4.168,46.155],[4.166,46.155]],[[4.2,46.169],[4.189,46.167],[4.184,46.159],[4.175,46.156],[4.172,46.157],[4.171,46.157]],[[4.205,46.175],[4.204,46.171],[4.2,46.169]],[[4.205,46.175],[4.2,46.169]],[[4.212,46.177],[4.208,46.177],[4.205,46.175]]]}},{"type":"Feature","properties":{"nom":"L'ARROUX ET SES AFFLUENTS DEPUIS LA SOURCE JUSQU'A LA CONFLUENCE AVEC LE TERNIN","code":"GR0183","longueurKm":327.24966003827,"strahler":5.0},"geometry":{"type":"MultiLineString","coordinates":[[[4.265,47.024],[4.29,47.024]],[[4.266,47.031],[4.277,47.03],[4.286,47.026]],[[4.276,47.211],[4.287,47.198]],[[4.273,47.049],[4.29,47.048]],[[4.278,47.202],[4.287,47.198]],[[4.28,47.043],[4.292,47.044],[4.295,47.043]],[[4.287,47.198],[4.304,47.198]],[[4.288,47.209],[4.291,47.206],[4.3,47.205],[4.304,47.198]],[[4.284,47.021],[4.292,47.023]],[[4.282,46.918],[4.291,46.919],[4.294,46.922]],[[4.283,46.921],[4.294,46.922]],[[4.288,47.033],[4.286,47.026]],[[4.286,47.026],[4.29,47.024]],[[4.287,47.053],[4.29,47.048]],[[4.29,47.127],[4.324,47.121]],[[4.291,47.162],[4.303,47.168],[4.311,47.166],[4.326,47.167]],[[4.29,47.048],[4.294,47.046]],[[4.29,47.024],[4.292,47.023]],[[4.295,47.191],[4.314,47.186]],[[4.295,47.175],[4.301,47.176],[4.314,47.186]],[[4.292,47.023],[4.304,47.021]],[[4.294,47.034],[4.304,47.025]],[[4.295,47.053],[4.297,47.049],[4.294,47.046]],[[4.294,47.046],[4.295,47.043]],[[4.296,47.075],[4.31,47.07],[4.337,47.069]],[[4.298,47.156],[4.297,47.151],[4.308,47.148],[4.319,47.134]],[[4.295,47.043],[4.306,47.033],[4.304,47.025]],[[4.297,47.08],[4.309,47.081],[4.319,47.088]],[[4.298,46.962],[4.294,46.96]],[[4.294,46.922],[4.311,46.918],[4.326,46.924]],[[4.308,46.959],[4.3,46.963],[4.298,46.962],[4.298,46.962],[4.298,46.962]],[[4.308,46.99],[4.308,46.982],[4.303,46.981],[4.305,46.979],[4.301,46.977],[4.304,46.976],[4.297,46.968],[4.298,46.962]],[[4.304,47.198],[4.31,47.197]],[[4.304,47.025],[4.304,47.021]],[[4.306,47.094],[4.313,47.089],[4.319,47.088]],[[4.304,47.021],[4.31,47.017],[4.305,47.012],[4.312,47.005],[4.308,46.996],[4.309,46.995]],[[4.302,46.945],[4.3,46.938],[4.313,46.942],[4.319,46.939]],[[4.31,47.197],[4.317,47.193]],[[4.313,47.202],[4.31,47.197]],[[4.31,46.991],[4.308,46.99]],[[4.31,46.991],[4.31,46.988],[4.308,46.99]],[[4.37,47.034],[4.359,47.032],[4.351,47.035],[4.349,47.032],[4.341,47.032],[4.332,47.024],[4.334,47.022],[4.332,47.021],[4.333,47.013],[4.329,47.014],[4.324,47.009],[4.326,47.003],[4.312,47.0],[4.314,46.998],[4.309,46.995]],[[4.309,46.995],[4.31,46.991]],[[4.319,46.939],[4.317,46.951],[4.308,46.959]],[[4.321,46.958],[4.308,46.959]],[[4.314,47.186],[4.324,47.188]],[[4.315,47.114],[4.328,47.115]],[[4.322,47.203],[4.317,47.193]],[[4.317,47.193],[4.323,47.189]],[[4.319,47.134],[4.324,47.121]],[[4.326,47.137],[4.324,47.135],[4.32,47.134],[4.319,47.133],[4.319,47.134]],[[4.318,47.063],[4.334,47.06]],[[4.319,47.088],[4.34,47.086]],[[4.329,47.197],[4.323,47.189]],[[4.323,47.189],[4.324,47.188]],[[4.321,47.103],[4.339,47.102]],[[4.324,47.188],[4.33,47.179]],[[4.326,46.924],[4.327,46.928],[4.321,46.93],[4.322,46.935],[4.319,46.939]],[[4.324,47.121],[4.328,47.115]],[[4.326,47.167],[4.337,47.175]],[[4.326,47.161],[4.326,47.167]],[[4.34,46.967],[4.321,46.958]],[[4.337,46.954],[4.321,46.958]],[[4.328,47.115],[4.336,47.107]],[[4.329,47.151],[4.338,47.154],[4.356,47.166]],[[4.337,47.184],[4.33,47.179]],[[4.33,47.179],[4.337,47.175]],[[4.327,46.918],[4.326,46.924]],[[4.337,47.213],[4.354,47.212],[4.359,47.209]],[[4.337,47.069],[4.334,47.06]],[[4.334,47.06],[4.335,47.057],[4.346,47.054],[4.357,47.054],[4.361,47.057]],[[4.337,47.175],[4.356,47.166]],[[4.346,47.114],[4.336,47.107]],[[4.336,47.107],[4.339,47.102]],[[4.34,47.086],[4.335,47.074],[4.337,47.069]],[[4.347,47.107],[4.339,47.102]],[[4.339,47.102],[4.34,47.099],[4.336,47.092],[4.34,47.086]],[[4.339,46.939],[4.343,46.945],[4.337,46.954]],[[4.354,46.95],[4.337,46.954]],[[4.345,46.968],[4.34,46.967]],[[4.343,46.976],[4.34,46.967]],[[4.348,47.151],[4.359,47.153],[4.367,47.158]],[[4.361,46.974],[4.345,46.968]],[[4.349,46.962],[4.346,46.963],[4.345,46.968]],[[4.351,47.195],[4.357,47.191],[4.364,47.194]],[[4.35,47.145],[4.361,47.148],[4.377,47.147]],[[4.348,46.918],[4.357,46.916],[4.36,46.922],[4.368,46.926],[4.362,46.933],[4.352,46.938],[4.356,46.946]],[[4.355,47.204],[4.363,47.203]],[[4.356,47.166],[4.362,47.163]],[[4.361,47.214],[4.359,47.209]],[[4.359,47.209],[4.363,47.203]],[[4.358,47.134],[4.373,47.133],[4.381,47.138]],[[4.367,46.95],[4.354,46.95]],[[4.356,46.946],[4.354,46.95]],[[4.361,46.941],[4.356,46.946]],[[4.363,47.203],[4.364,47.194]],[[4.369,47.181],[4.361,47.17],[4.362,47.163]],[[4.362,47.163],[4.367,47.158]],[[4.364,47.194],[4.369,47.181]],[[4.371,47.084],[4.366,47.084],[4.369,47.074],[4.363,47.07],[4.359,47.06],[4.361,47.057]],[[4.361,47.057],[4.368,47.054],[4.368,47.047],[4.373,47.047],[4.375,47.039]],[[4.381,46.975],[4.373,46.977],[4.361,46.974]],[[4.372,46.96],[4.361,46.974]],[[4.367,47.158],[4.377,47.149]],[[4.383,47.184],[4.369,47.181]],[[4.371,47.124],[4.386,47.122]],[[4.395,47.108],[4.394,47.098],[4.376,47.09],[4.371,47.084]],[[4.378,47.082],[4.371,47.084]],[[4.383,46.952],[4.379,46.953],[4.367,46.95]],[[4.37,46.941],[4.372,46.945],[4.367,46.95]],[[4.375,47.039],[4.375,47.036],[4.37,47.034]],[[4.375,47.039],[4.37,47.034]],[[4.389,47.154],[4.377,47.149]],[[4.377,47.149],[4.377,47.147]],[[4.377,47.147],[4.381,47.138]],[[4.384,47.076],[4.379,47.078],[4.378,47.082]],[[4.403,47.083],[4.397,47.084],[4.383,47.083],[4.38,47.082],[4.378,47.082]],[[4.381,47.138],[4.388,47.133],[4.386,47.122]],[[4.383,47.192],[4.383,47.184]],[[4.392,47.187],[4.388,47.183],[4.383,47.184]],[[4.383,47.169],[4.391,47.158]],[[4.378,46.937],[4.385,46.942],[4.384,46.95]],[[4.383,46.962],[4.378,46.97],[4.381,46.975]],[[4.388,46.974],[4.381,46.975]],[[4.386,47.122],[4.387,47.116],[4.395,47.108]],[[4.387,46.954],[4.383,46.952]],[[4.384,46.95],[4.383,46.952]],[[4.391,46.949],[4.384,46.95]],[[4.391,47.157],[4.389,47.154]],[[4.401,47.151],[4.395,47.15],[4.389,47.154]],[[4.404,47.157],[4.391,47.157]],[[4.391,47.158],[4.391,47.157]],[[4.399,47.173],[4.398,47.167],[4.391,47.158]],[[4.387,46.962],[4.389,46.964],[4.388,46.974]],[[4.396,46.971],[4.388,46.974]],[[4.454,47.139],[4.448,47.138],[4.446,47.134],[4.438,47.131],[4.433,47.132],[4.43,47.13],[4.428,47.131],[4.413,47.127],[4.403,47.12],[4.4,47.111],[4.395,47.108]],[[4.399,46.951],[4.391,46.949]],[[4.41,46.95],[4.4,46.946],[4.391,46.949]],[[4.402,47.204],[4.402,47.193],[4.407,47.191],[4.408,47.186],[4.399,47.173]],[[4.41,47.171],[4.402,47.171],[4.399,47.173]],[[4.4,47.072],[4.404,47.077],[4.413,47.08]],[[4.405,47.093],[4.403,47.083]],[[4.413,47.08],[4.403,47.083]],[[4.416,47.079],[4.415,47.079],[4.414,47.08],[4.413,47.08]],[[4.417,47.068],[4.416,47.079]],[[4.43,47.08],[4.421,47.078],[4.416,47.079]],[[4.423,47.166],[4.438,47.163]],[[4.428,47.089],[4.43,47.08]],[[4.446,47.084],[4.43,47.08]],[[4.434,47.073],[4.43,47.08]],[[4.439,47.171],[4.438,47.163]],[[4.438,47.163],[4.44,47.157],[4.448,47.154]],[[4.439,47.095],[4.446,47.084]],[[4.44,47.1],[4.448,47.1],[4.456,47.091]],[[4.445,47.147],[4.446,47.145],[4.454,47.142]],[[4.449,47.085],[4.446,47.084]],[[4.45,47.168],[4.448,47.154]],[[4.448,47.154],[4.456,47.152]],[[4.456,47.091],[4.449,47.085]],[[4.451,47.068],[4.453,47.081],[4.449,47.085]],[[4.453,47.113],[4.461,47.11],[4.463,47.101]],[[4.458,47.148],[4.454,47.142]],[[4.454,47.142],[4.454,47.139]],[[4.453,47.109],[4.463,47.101]],[[4.501,47.132],[4.454,47.139]],[[4.461,47.163],[4.461,47.157],[4.456,47.152]],[[4.456,47.152],[4.458,47.148]],[[4.466,47.093],[4.456,47.091]],[[4.475,47.16],[4.472,47.152],[4.465,47.152],[4.458,47.148]],[[4.463,47.101],[4.463,47.096],[4.466,47.093]],[[4.466,47.191],[4.477,47.191],[4.488,47.187]],[[4.468,47.201],[4.475,47.2],[4.48,47.205]],[[4.483,47.095],[4.48,47.097],[4.466,47.093]],[[4.474,47.177],[4.479,47.175],[4.484,47.168]],[[4.476,47.236],[4.487,47.227],[4.476,47.212],[4.48,47.205]],[[4.484,47.168],[4.476,47.163],[4.475,47.16]],[[4.484,47.168],[4.474,47.163],[4.475,47.16]],[[4.477,47.106],[4.483,47.102]],[[4.48,47.205],[4.486,47.202]],[[4.487,47.169],[4.484,47.168]],[[4.485,47.106],[4.483,47.102]],[[4.483,47.102],[4.483,47.095]],[[4.492,47.211],[4.486,47.202]],[[4.486,47.202],[4.488,47.199]],[[4.517,47.107],[4.495,47.098],[4.487,47.095],[4.483,47.095]],[[4.509,47.174],[4.487,47.169]],[[4.489,47.182],[4.487,47.169]],[[4.49,47.191],[4.488,47.187]],[[4.488,47.187],[4.489,47.182]],[[4.503,47.208],[4.5,47.202],[4.488,47.199]],[[4.488,47.199],[4.491,47.192]],[[4.49,47.191],[4.489,47.182]],[[4.491,47.192],[4.49,47.191]],[[4.538,47.207],[4.52,47.195],[4.502,47.195],[4.498,47.194],[4.493,47.192],[4.492,47.192],[4.491,47.192]],[[4.507,47.218],[4.492,47.211]],[[4.494,47.229],[4.492,47.211]],[[4.505,47.144],[4.501,47.132]],[[4.506,47.132],[4.505,47.132],[4.502,47.132],[4.501,47.132]],[[4.518,47.134],[4.506,47.132]],[[4.514,47.123],[4.509,47.124],[4.506,47.132]],[[4.523,47.177],[4.509,47.174]],[[4.518,47.163],[4.511,47.167],[4.509,47.174]],[[4.514,47.117],[4.517,47.107]],[[4.525,47.107],[4.517,47.107]],[[4.54,47.138],[4.528,47.134],[4.518,47.134]],[[4.521,47.143],[4.518,47.139],[4.518,47.134]],[[4.522,47.189],[4.526,47.181]],[[4.534,47.157],[4.531,47.155],[4.529,47.147],[4.521,47.143]],[[4.523,47.151],[4.519,47.147],[4.521,47.143]],[[4.553,47.19],[4.531,47.178],[4.523,47.177]],[[4.526,47.181],[4.523,47.177]],[[4.55,47.2],[4.544,47.199],[4.526,47.181]],[[4.537,47.111],[4.525,47.107]],[[4.539,47.101],[4.525,47.107]],[[4.563,47.121],[4.537,47.111]],[[4.557,47.107],[4.546,47.108],[4.537,47.111]],[[4.552,47.139],[4.54,47.138]],[[4.542,47.148],[4.54,47.138]],[[4.562,47.158],[4.553,47.146],[4.552,47.139]],[[4.556,47.139],[4.552,47.139]],[[4.572,47.15],[4.562,47.141],[4.556,47.139]],[[4.575,47.135],[4.563,47.133],[4.556,47.139]]]}},{"type":"Feature","properties":{"nom":"L'ARROUX DEPUIS LA CONFLUENCE DU TERNIN JUSQU'A GUEUGNON","code":"GR0184A","longueurKm":63.31138608674,"strahler":5.0},"geometry":{"type":"MultiLineString","coordinates":[[[4.134,46.694],[4.126,46.687],[4.13,46.675],[4.126,46.671],[4.11,46.669],[4.104,46.655],[4.093,46.646],[4.076,46.643],[4.074,46.639],[4.066,46.638],[4.062,46.634],[4.062,46.629],[4.067,46.624],[4.075,46.621],[4.077,46.616],[4.073,46.616]],[[4.125,46.746],[4.124,46.739]],[[4.124,46.739],[4.126,46.736]],[[4.124,46.739],[4.126,46.736],[4.126,46.736]],[[4.126,46.751],[4.125,46.746]],[[4.126,46.751],[4.124,46.747],[4.125,46.746]],[[4.199,46.893],[4.189,46.882],[4.191,46.879],[4.186,46.869],[4.194,46.852],[4.189,46.851],[4.18,46.839],[4.168,46.831],[4.159,46.828],[4.158,46.825],[4.162,46.822],[4.145,46.811],[4.142,46.806],[4.135,46.805],[4.127,46.8],[4.106,46.795],[4.105,46.792],[4.11,46.792],[4.113,46.79],[4.109,46.782],[4.11,46.767],[4.114,46.769],[4.118,46.766],[4.126,46.751]],[[4.126,46.736],[4.125,46.734],[4.129,46.732],[4.127,46.724],[4.135,46.716],[4.134,46.711]],[[4.138,46.697],[4.136,46.694],[4.134,46.694]],[[4.138,46.697],[4.134,46.694]],[[4.134,46.711],[4.134,46.708]],[[4.134,46.711],[4.135,46.71],[4.134,46.708]],[[4.134,46.708],[4.134,46.701],[4.138,46.697]],[[4.199,46.898],[4.202,46.896],[4.199,46.893]],[[4.199,46.898],[4.199,46.893]],[[4.245,46.943],[4.24,46.942],[4.241,46.938],[4.231,46.932],[4.214,46.932],[4.204,46.92],[4.197,46.919],[4.199,46.914],[4.195,46.903],[4.199,46.898]],[[4.246,46.942],[4.245,46.94],[4.245,46.943]],[[4.246,46.942],[4.245,46.943]],[[4.263,46.943],[4.25,46.94],[4.246,46.942]],[[4.265,46.946],[4.263,46.943]],[[4.265,46.946],[4.266,46.948],[4.261,46.946],[4.263,46.943]],[[4.274,46.95],[4.274,46.948],[4.268,46.945],[4.265,46.946]],[[4.273,46.95],[4.272,46.953],[4.268,46.95],[4.274,46.95]],[[4.273,46.95],[4.274,46.95]],[[4.294,46.96],[4.29,46.956],[4.276,46.95],[4.273,46.95]]]}},{"type":"Feature","properties":{"nom":"L'ARROUX DEPUIS GUEUGNON JUSQU'A LA CONFLUENCE AVEC LA LOIRE","code":"GR0184B","longueurKm":28.96702132407,"strahler":6.0},"geometry":{"type":"MultiLineString","coordinates":[[[4.011,46.511],[4.009,46.506],[4.0,46.503],[3.995,46.494],[3.986,46.495],[3.966,46.487],[3.958,46.49]],[[4.033,46.517],[4.023,46.509],[4.017,46.513],[4.011,46.511]],[[4.025,46.516],[4.021,46.513],[4.013,46.517],[4.011,46.511]],[[4.028,46.517],[4.025,46.516]],[[4.028,46.517],[4.024,46.517],[4.025,46.516]],[[4.033,46.517],[4.03,46.518],[4.028,46.517]],[[4.045,46.561],[4.047,46.56],[4.046,46.556],[4.035,46.555],[4.029,46.551],[4.031,46.535],[4.035,46.532],[4.033,46.525]],[[4.033,46.525],[4.033,46.523],[4.035,46.522]],[[4.033,46.525],[4.035,46.522]],[[4.035,46.522],[4.038,46.52],[4.037,46.518],[4.035,46.517],[4.034,46.517],[4.033,46.517]],[[4.045,46.563],[4.045,46.561]],[[4.045,46.563],[4.041,46.563],[4.045,46.561]],[[4.073,46.616],[4.062,46.615],[4.068,46.603],[4.052,46.594],[4.062,46.583],[4.054,46.581],[4.052,46.575],[4.046,46.573],[4.044,46.569],[4.048,46.564],[4.045,46.563]]]}},{"type":"Feature","properties":{"nom":"L'ARCONCE DEPUIS LA CONFLUENCE DE L'OZOLETTE JUSQU'A LA CONFLUENCE AVEC LA LOIRE","code":"GR0190","longueurKm":63.45552141726,"strahler":5.0},"geometry":{"type":"MultiLineString","coordinates":[[[4.013,46.442],[4.004,46.444]],[[4.017,46.432],[4.013,46.431],[4.017,46.437],[4.014,46.438],[4.013,46.442]],[[4.019,46.432],[4.017,46.437],[4.013,46.442]],[[4.019,46.432],[4.017,46.432]],[[4.019,46.432],[4.018,46.431],[4.017,46.432]],[[4.019,46.432],[4.019,46.432]],[[4.022,46.431],[4.019,46.432]],[[4.022,46.431],[4.019,46.432]],[[4.064,46.326],[4.057,46.326],[4.059,46.335],[4.063,46.336],[4.05,46.344],[4.053,46.345],[4.054,46.348],[4.051,46.348],[4.046,46.369],[4.052,46.371],[4.047,46.375],[4.049,46.377],[4.042,46.379],[4.043,46.389],[4.037,46.391],[4.041,46.394],[4.036,46.396],[4.037,46.4],[4.032,46.403],[4.036,46.41],[4.029,46.414],[4.03,46.416],[4.029,46.42],[4.026,46.421],[4.027,46.423],[4.021,46.425],[4.022,46.431]],[[4.065,46.324],[4.064,46.325],[4.064,46.326]],[[4.065,46.324],[4.064,46.326]],[[4.254,46.421],[4.249,46.422],[4.237,46.42],[4.235,46.415],[4.227,46.414],[4.227,46.412],[4.219,46.408],[4.207,46.407],[4.208,46.405],[4.206,46.406],[4.204,46.401],[4.202,46.402],[4.202,46.4],[4.196,46.398],[4.195,46.392],[4.192,46.392],[4.191,46.388],[4.194,46.385],[4.192,46.384],[4.192,46.379],[4.175,46.377],[4.174,46.374],[4.168,46.375],[4.167,46.37],[4.163,46.371],[4.16,46.368],[4.155,46.367],[4.155,46.365],[4.152,46.364],[4.153,46.359],[4.156,46.358],[4.154,46.355],[4.144,46.355],[4.145,46.353],[4.142,46.353],[4.134,46.346],[4.138,46.344],[4.126,46.341],[4.122,46.34],[4.121,46.342],[4.122,46.338],[4.108,46.329],[4.106,46.33],[4.102,46.326],[4.091,46.326],[4.087,46.322],[4.085,46.323],[4.078,46.316],[4.079,46.312],[4.076,46.309],[4.068,46.312],[4.067,46.314],[4.07,46.316],[4.066,46.321],[4.069,46.322],[4.065,46.324]]]}},{"type":"Feature","properties":{"nom":"L'ARON DEPUIS LA CONFLUENCE DU VEYNON JUSQU'A LA CONFLUENCE AVEC LA LOIRE","code":"GR0214","longueurKm":57.02800088046,"strahler":6.0},"geometry":{"type":"MultiLineString","coordinates":[[[3.517,46.835],[3.509,46.833],[3.504,46.836],[3.505,46.839],[3.496,46.839],[3.491,46.838],[3.491,46.834],[3.487,46.836],[3.483,46.833],[3.475,46.835],[3.472,46.831],[3.463,46.836],[3.45,46.837]],[[3.522,46.835],[3.518,46.837],[3.517,46.835]],[[3.522,46.835],[3.519,46.835],[3.517,46.835]],[[3.575,46.848],[3.57,46.846],[3.564,46.849],[3.56,46.846],[3.555,46.847],[3.551,46.842],[3.547,46.845],[3.545,46.841],[3.549,46.839],[3.546,46.837],[3.542,46.838],[3.538,46.836],[3.524,46.837],[3.523,46.835],[3.523,46.835],[3.522,46.835]],[[3.581,46.855],[3.575,46.85],[3.575,46.848]],[[3.581,46.855],[3.58,46.857],[3.577,46.856],[3.577,46.853],[3.573,46.85],[3.575,46.848]],[[3.597,46.86],[3.587,46.86],[3.581,46.855]],[[3.607,46.858],[3.599,46.861],[3.597,46.86]],[[3.606,46.855],[3.597,46.86]],[[3.607,46.858],[3.606,46.855]],[[3.611,46.857],[3.608,46.854],[3.606,46.855]],[[3.611,46.857],[3.608,46.859],[3.607,46.858]],[[3.631,46.865],[3.627,46.866],[3.624,46.861],[3.623,46.864],[3.617,46.861],[3.611,46.863],[3.611,46.857]],[[3.634,46.864],[3.636,46.866],[3.631,46.865]],[[3.634,46.864],[3.631,46.865]],[[3.702,46.888],[3.694,46.885],[3.686,46.885],[3.683,46.88],[3.685,46.879],[3.68,46.88],[3.677,46.875],[3.666,46.876],[3.658,46.867],[3.644,46.868],[3.639,46.864],[3.635,46.862],[3.634,46.864]],[[3.705,46.893],[3.708,46.892],[3.702,46.888]],[[3.705,46.893],[3.701,46.89],[3.702,46.888]],[[3.721,46.991],[3.721,46.986],[3.727,46.98],[3.736,46.979],[3.744,46.973],[3.746,46.967],[3.739,46.964],[3.738,46.962],[3.747,46.954],[3.742,46.954],[3.74,46.951],[3.745,46.945],[3.739,46.93],[3.735,46.929],[3.731,46.923],[3.729,46.903],[3.725,46.902],[3.721,46.899],[3.713,46.9],[3.706,46.897],[3.705,46.893]]]}},{"type":"Feature","properties":{"nom":"L'ALENE DEPUIS LUZY JUSQU'A LA CONFLUENCE AVEC L'ARON","code":"GR0215","longueurKm":45.36043957722,"strahler":5.0},"geometry":{"type":"MultiLineString","coordinates":[[[3.812,46.825],[3.81,46.817],[3.795,46.813],[3.786,46.815],[3.772,46.813],[3.76,46.818],[3.755,46.816],[3.753,46.822],[3.748,46.821],[3.736,46.826],[3.732,46.824],[3.725,46.831],[3.715,46.832],[3.712,46.835],[3.698,46.837],[3.688,46.845],[3.67,46.846],[3.653,46.863],[3.646,46.866],[3.64,46.865]],[[3.816,46.83],[3.812,46.825]],[[3.816,46.83],[3.813,46.828],[3.812,46.825]],[[4.0,46.781],[3.989,46.78],[3.974,46.787],[3.969,46.787],[3.965,46.795],[3.952,46.802],[3.948,46.81],[3.932,46.808],[3.926,46.811],[3.92,46.805],[3.903,46.804],[3.895,46.818],[3.889,46.818],[3.885,46.822],[3.88,46.819],[3.88,46.827],[3.869,46.83],[3.864,46.835],[3.859,46.835],[3.856,46.841],[3.85,46.841],[3.842,46.846],[3.835,46.842],[3.817,46.835],[3.816,46.83]]]}},{"type":"Feature","properties":{"nom":"L'ACOLIN ET SES AFFLUENTS DEPUIS LA SOURCE JUSQU'A LA CONFLUENCE AVEC LA LOIRE","code":"GR0222","longueurKm":324.05366666617,"strahler":5.0},"geometry":{"type":"MultiLineString","coordinates":[[[3.368,46.819],[3.365,46.82],[3.367,46.824],[3.363,46.825],[3.366,46.828],[3.359,46.828]],[[3.372,46.813],[3.375,46.815],[3.37,46.817],[3.369,46.818],[3.368,46.818],[3.368,46.819],[3.368,46.819]],[[3.372,46.813],[3.368,46.819]],[[3.488,46.737],[3.472,46.758],[3.45,46.769],[3.438,46.784],[3.413,46.794],[3.401,46.803],[3.388,46.806],[3.385,46.808],[3.38,46.808],[3.372,46.813]],[[3.412,46.57],[3.413,46.569],[3.421,46.569],[3.453,46.577]],[[3.413,46.553],[3.43,46.557]],[[3.42,46.625],[3.438,46.622]],[[3.421,46.599],[3.427,46.608],[3.437,46.616],[3.436,46.62]],[[3.422,46.62],[3.436,46.62]],[[3.422,46.582],[3.431,46.587],[3.446,46.591],[3.454,46.591],[3.458,46.588]],[[3.424,46.58],[3.458,46.588]],[[3.427,46.54],[3.429,46.55],[3.432,46.552],[3.43,46.557]],[[3.43,46.565],[3.447,46.569]],[[3.43,46.557],[3.443,46.559]],[[3.432,46.63],[3.45,46.629]],[[3.433,46.595],[3.448,46.6],[3.451,46.603],[3.471,46.608]],[[3.435,46.636],[3.459,46.637],[3.462,46.635]],[[3.435,46.538],[3.445,46.543],[3.445,46.547],[3.44,46.55],[3.443,46.559]],[[3.436,46.62],[3.438,46.622]],[[3.438,46.622],[3.445,46.624],[3.45,46.629]],[[3.441,46.669],[3.459,46.666]],[[3.443,46.663],[3.459,46.666]],[[3.443,46.559],[3.447,46.569]],[[3.443,46.519],[3.453,46.518],[3.463,46.523],[3.48,46.523]],[[3.443,46.527],[3.466,46.547]],[[3.447,46.569],[3.453,46.577]],[[3.447,46.649],[3.454,46.654],[3.476,46.661]],[[3.449,46.679],[3.462,46.687],[3.476,46.686]],[[3.449,46.614],[3.466,46.621],[3.473,46.622]],[[3.45,46.629],[3.462,46.635]],[[3.452,46.548],[3.458,46.546],[3.466,46.547]],[[3.454,46.723],[3.454,46.726],[3.464,46.731],[3.474,46.729]],[[3.453,46.577],[3.461,46.581]],[[3.454,46.556],[3.47,46.551]],[[3.457,46.705],[3.468,46.702],[3.487,46.706]],[[3.457,46.56],[3.479,46.573],[3.506,46.575]],[[3.459,46.666],[3.473,46.669]],[[3.457,46.5],[3.467,46.507]],[[3.458,46.588],[3.47,46.587],[3.475,46.589]],[[3.458,46.507],[3.467,46.507]],[[3.458,46.528],[3.479,46.528]],[[3.46,46.718],[3.474,46.729]],[[3.461,46.581],[3.473,46.586],[3.475,46.589]],[[3.462,46.57],[3.464,46.575],[3.461,46.581]],[[3.462,46.635],[3.467,46.636],[3.474,46.642]],[[3.465,46.7],[3.477,46.695],[3.486,46.699]],[[3.465,46.498],[3.477,46.505]],[[3.466,46.547],[3.47,46.551]],[[3.467,46.715],[3.484,46.719]],[[3.466,46.519],[3.482,46.521]],[[3.467,46.507],[3.477,46.508]],[[3.468,46.476],[3.481,46.481]],[[3.47,46.551],[3.483,46.553]],[[3.471,46.608],[3.47,46.615],[3.473,46.622]],[[3.475,46.589],[3.479,46.595],[3.471,46.608]],[[3.47,46.494],[3.477,46.505]],[[3.473,46.669],[3.474,46.678]],[[3.476,46.662],[3.473,46.669]],[[3.473,46.622],[3.476,46.629],[3.475,46.633]],[[3.474,46.729],[3.481,46.73]],[[3.474,46.678],[3.476,46.686]],[[3.488,46.676],[3.475,46.675],[3.474,46.678]],[[3.474,46.642],[3.472,46.647],[3.476,46.651]],[[3.475,46.633],[3.474,46.642]],[[3.474,46.544],[3.485,46.55]],[[3.491,46.633],[3.484,46.634],[3.481,46.633],[3.477,46.633],[3.476,46.633],[3.475,46.633]],[[3.474,46.537],[3.484,46.537]],[[3.476,46.686],[3.487,46.691]],[[3.476,46.651],[3.48,46.656],[3.476,46.661]],[[3.486,46.646],[3.475,46.649],[3.476,46.651]],[[3.476,46.661],[3.476,46.662]],[[3.49,46.664],[3.48,46.662],[3.477,46.662],[3.476,46.662]],[[3.476,46.556],[3.481,46.555],[3.485,46.557]],[[3.476,46.566],[3.484,46.567],[3.491,46.567],[3.494,46.569]],[[3.476,46.562],[3.49,46.561]],[[3.477,46.508],[3.481,46.509]],[[3.477,46.505],[3.477,46.508]],[[3.479,46.528],[3.481,46.529]],[[3.48,46.524],[3.479,46.528]],[[3.481,46.73],[3.481,46.733],[3.488,46.737]],[[3.484,46.719],[3.481,46.73]],[[3.48,46.524],[3.481,46.529]],[[3.48,46.523],[3.48,46.524]],[[3.482,46.521],[3.48,46.523]],[[3.48,46.475],[3.481,46.481]],[[3.481,46.529],[3.481,46.533],[3.484,46.537]],[[3.481,46.509],[3.482,46.521]],[[3.481,46.481],[3.486,46.486],[3.485,46.495],[3.488,46.498],[3.481,46.509]],[[3.487,46.706],[3.484,46.719]],[[3.483,46.553],[3.485,46.557]],[[3.485,46.55],[3.483,46.553]],[[3.483,46.461],[3.488,46.463],[3.502,46.464]],[[3.486,46.699],[3.487,46.706]],[[3.487,46.692],[3.486,46.699]],[[3.484,46.537],[3.487,46.541],[3.485,46.55]],[[3.485,46.557],[3.49,46.561]],[[3.487,46.691],[3.487,46.692]],[[3.502,46.695],[3.495,46.692],[3.492,46.691],[3.487,46.692]],[[3.486,46.604],[3.49,46.608],[3.497,46.609],[3.515,46.606]],[[3.488,46.69],[3.487,46.691]],[[3.487,46.582],[3.493,46.584],[3.499,46.593]],[[3.489,46.679],[3.489,46.683],[3.485,46.687],[3.488,46.69]],[[3.499,46.68],[3.498,46.687],[3.488,46.69]],[[3.551,46.617],[3.556,46.624],[3.549,46.646],[3.552,46.654],[3.548,46.661],[3.536,46.673],[3.54,46.678],[3.539,46.685],[3.529,46.69],[3.53,46.698],[3.511,46.715],[3.511,46.72],[3.495,46.732],[3.488,46.735],[3.488,46.737]],[[3.486,46.45],[3.491,46.454],[3.497,46.454]],[[3.487,46.596],[3.499,46.593]],[[3.49,46.561],[3.493,46.566]],[[3.491,46.448],[3.497,46.454]],[[3.491,46.476],[3.509,46.483]],[[3.493,46.566],[3.494,46.569]],[[3.496,46.552],[3.493,46.566]],[[3.493,46.521],[3.495,46.524],[3.504,46.525]],[[3.494,46.569],[3.506,46.575]],[[3.494,46.509],[3.495,46.514],[3.502,46.519],[3.504,46.525]],[[3.494,46.486],[3.509,46.483]],[[3.497,46.454],[3.501,46.457],[3.502,46.464]],[[3.498,46.543],[3.514,46.55]],[[3.499,46.593],[3.519,46.597]],[[3.5,46.602],[3.515,46.606]],[[3.501,46.585],[3.504,46.586],[3.516,46.586]],[[3.501,46.494],[3.514,46.498],[3.526,46.497]],[[3.503,46.555],[3.515,46.559],[3.517,46.562]],[[3.502,46.464],[3.515,46.473],[3.515,46.476]],[[3.503,46.536],[3.51,46.537]],[[3.504,46.525],[3.51,46.537]],[[3.506,46.575],[3.508,46.58],[3.513,46.583]],[[3.506,46.436],[3.507,46.445],[3.516,46.469],[3.515,46.476]],[[3.507,46.515],[3.523,46.514],[3.533,46.516],[3.541,46.526],[3.542,46.531]],[[3.509,46.483],[3.516,46.483],[3.518,46.485]],[[3.51,46.537],[3.516,46.543],[3.514,46.55]],[[3.51,46.507],[3.514,46.503],[3.528,46.499]],[[3.513,46.583],[3.516,46.586]],[[3.517,46.562],[3.517,46.575],[3.513,46.578],[3.513,46.583]],[[3.514,46.55],[3.517,46.562]],[[3.515,46.606],[3.525,46.604]],[[3.516,46.586],[3.518,46.592]],[[3.515,46.476],[3.518,46.485]],[[3.516,46.525],[3.526,46.526],[3.534,46.53],[3.542,46.531]],[[3.517,46.615],[3.533,46.61]],[[3.518,46.592],[3.521,46.6]],[[3.518,46.592],[3.519,46.597]],[[3.517,46.441],[3.519,46.449],[3.528,46.464]],[[3.519,46.597],[3.521,46.6]],[[3.518,46.485],[3.526,46.497]],[[3.521,46.6],[3.525,46.604]],[[3.52,46.435],[3.534,46.441]],[[3.522,46.536],[3.536,46.539],[3.555,46.54]],[[3.522,46.504],[3.531,46.501]],[[3.525,46.604],[3.533,46.61]],[[3.526,46.497],[3.528,46.499]],[[3.528,46.499],[3.531,46.501]],[[3.528,46.448],[3.537,46.453],[3.53,46.463]],[[3.528,46.464],[3.527,46.465],[3.527,46.472],[3.53,46.475]],[[3.53,46.463],[3.528,46.464]],[[3.538,46.452],[3.538,46.456],[3.531,46.463],[3.53,46.463]],[[3.53,46.463],[3.528,46.465],[3.53,46.475]],[[3.531,46.501],[3.551,46.503]],[[3.53,46.475],[3.532,46.482],[3.54,46.486],[3.548,46.5]],[[3.533,46.61],[3.546,46.615]],[[3.533,46.598],[3.542,46.6],[3.545,46.603],[3.543,46.607],[3.546,46.615]],[[3.534,46.441],[3.538,46.452]],[[3.536,46.437],[3.534,46.441]],[[3.535,46.497],[3.537,46.5],[3.548,46.5]],[[3.536,46.425],[3.534,46.431],[3.536,46.434]],[[3.536,46.434],[3.536,46.437]],[[3.539,46.431],[3.536,46.434]],[[3.543,46.43],[3.54,46.437],[3.536,46.437]],[[3.547,46.441],[3.546,46.447],[3.538,46.452]],[[3.542,46.531],[3.552,46.533],[3.555,46.54]],[[3.542,46.462],[3.553,46.469],[3.556,46.482],[3.561,46.486]],[[3.546,46.615],[3.547,46.615]],[[3.547,46.615],[3.551,46.617]],[[3.554,46.604],[3.547,46.61],[3.547,46.615]],[[3.548,46.5],[3.551,46.503]],[[3.561,46.589],[3.564,46.596],[3.559,46.6],[3.559,46.605],[3.552,46.612],[3.551,46.617]],[[3.551,46.503],[3.559,46.509]],[[3.555,46.54],[3.567,46.551]],[[3.558,46.573],[3.559,46.573]],[[3.558,46.573],[3.556,46.578],[3.56,46.586]],[[3.566,46.562],[3.561,46.568],[3.558,46.573]],[[3.557,46.461],[3.566,46.465]],[[3.559,46.573],[3.557,46.579],[3.561,46.586]],[[3.569,46.559],[3.57,46.563],[3.559,46.573]],[[3.56,46.586],[3.561,46.589]],[[3.561,46.586],[3.56,46.586]],[[3.559,46.508],[3.559,46.509]],[[3.559,46.495],[3.561,46.506],[3.559,46.508]],[[3.575,46.495],[3.574,46.501],[3.567,46.502],[3.564,46.507],[3.559,46.508]],[[3.559,46.509],[3.564,46.519],[3.572,46.524],[3.575,46.535]],[[3.561,46.486],[3.559,46.495]],[[3.569,46.491],[3.559,46.495]],[[3.561,46.586],[3.561,46.589]],[[3.56,46.452],[3.563,46.459],[3.568,46.462],[3.566,46.465]],[[3.562,46.486],[3.561,46.486]],[[3.574,46.49],[3.57,46.487],[3.562,46.486]],[[3.569,46.471],[3.562,46.486]],[[3.567,46.551],[3.565,46.554],[3.566,46.562]],[[3.569,46.559],[3.566,46.562]],[[3.567,46.554],[3.567,46.551]],[[3.566,46.445],[3.578,46.466],[3.569,46.471]],[[3.567,46.554],[3.569,46.559]],[[3.575,46.535],[3.575,46.54],[3.567,46.554]],[[3.566,46.465],[3.569,46.471]],[[3.581,46.527],[3.575,46.535]],[[3.606,46.531],[3.594,46.531],[3.581,46.527]],[[3.596,46.491],[3.607,46.506],[3.591,46.522],[3.581,46.527]],[[3.616,46.532],[3.612,46.533],[3.606,46.531]],[[3.607,46.529],[3.606,46.531]]]}},{"type":"Feature","properties":{"nom":"L'ABRON ET SES AFFLUENTS DEPUIS LA SOURCE JUSQU'A LA CONFLUENCE AVEC L'ACOLIN","code":"GR0223","longueurKm":156.09421747807,"strahler":5.0},"geometry":{"type":"MultiLineString","coordinates":[[[3.304,46.728],[3.313,46.735],[3.326,46.734]],[[3.305,46.774],[3.315,46.768],[3.335,46.764]],[[3.305,46.763],[3.313,46.762],[3.335,46.764]],[[3.306,46.793],[3.315,46.796],[3.323,46.795]],[[3.307,46.788],[3.323,46.795]],[[3.307,46.722],[3.324,46.729]],[[3.309,46.702],[3.323,46.708],[3.334,46.706]],[[3.31,46.745],[3.319,46.744],[3.325,46.747]],[[3.315,46.731],[3.324,46.729]],[[3.316,46.748],[3.325,46.747]],[[3.317,46.784],[3.325,46.79],[3.331,46.791],[3.331,46.795]],[[3.32,46.781],[3.328,46.782],[3.336,46.787]],[[3.322,46.757],[3.34,46.762]],[[3.322,46.693],[3.334,46.706]],[[3.323,46.795],[3.331,46.795]],[[3.324,46.729],[3.326,46.734]],[[3.325,46.747],[3.348,46.747]],[[3.326,46.734],[3.34,46.735]],[[3.327,46.741],[3.345,46.741],[3.346,46.743]],[[3.33,46.72],[3.34,46.735]],[[3.331,46.795],[3.343,46.793]],[[3.334,46.706],[3.347,46.711],[3.352,46.72]],[[3.349,46.687],[3.334,46.706]],[[3.335,46.764],[3.34,46.762]],[[3.336,46.787],[3.343,46.793]],[[3.336,46.782],[3.336,46.787]],[[3.337,46.754],[3.352,46.756]],[[3.34,46.762],[3.347,46.761]],[[3.34,46.768],[3.347,46.761]],[[3.34,46.735],[3.346,46.74]],[[3.342,46.777],[3.354,46.79],[3.36,46.792]],[[3.343,46.793],[3.351,46.795],[3.36,46.792]],[[3.346,46.74],[3.346,46.743]],[[3.346,46.738],[3.346,46.74]],[[3.346,46.68],[3.351,46.675],[3.361,46.675],[3.384,46.683]],[[3.346,46.743],[3.348,46.747]],[[3.361,46.737],[3.358,46.738],[3.346,46.738]],[[3.353,46.726],[3.346,46.738]],[[3.347,46.761],[3.357,46.761]],[[3.348,46.747],[3.352,46.756]],[[3.352,46.756],[3.353,46.756]],[[3.357,46.719],[3.352,46.72]],[[3.352,46.72],[3.353,46.726]],[[3.353,46.756],[3.356,46.76]],[[3.364,46.742],[3.349,46.746],[3.353,46.756]],[[3.364,46.724],[3.353,46.726]],[[3.355,46.7],[3.358,46.705],[3.357,46.719]],[[3.356,46.76],[3.357,46.761]],[[3.361,46.754],[3.356,46.76]],[[3.357,46.761],[3.361,46.765],[3.366,46.766],[3.368,46.765]],[[3.368,46.699],[3.37,46.703],[3.366,46.719],[3.364,46.72],[3.357,46.719]],[[3.36,46.792],[3.372,46.8]],[[3.376,46.775],[3.36,46.792]],[[3.361,46.686],[3.373,46.687],[3.384,46.683]],[[3.367,46.658],[3.373,46.666],[3.39,46.671],[3.413,46.672]],[[3.368,46.765],[3.379,46.769],[3.376,46.775]],[[3.374,46.757],[3.368,46.765]],[[3.372,46.8],[3.364,46.811],[3.368,46.816]],[[3.368,46.646],[3.389,46.651]],[[3.371,46.752],[3.374,46.757]],[[3.405,46.775],[3.399,46.786],[3.392,46.788],[3.372,46.8]],[[3.372,46.737],[3.389,46.742]],[[3.377,46.755],[3.374,46.757]],[[3.385,46.776],[3.381,46.774],[3.376,46.775]],[[3.385,46.758],[3.377,46.755]],[[3.389,46.742],[3.377,46.755]],[[3.378,46.653],[3.381,46.654],[3.389,46.651]],[[3.381,46.732],[3.389,46.737],[3.389,46.742]],[[3.381,46.708],[3.399,46.706],[3.408,46.702],[3.41,46.696]],[[3.382,46.639],[3.394,46.637],[3.406,46.638]],[[3.384,46.683],[3.404,46.689],[3.413,46.695]],[[3.389,46.699],[3.394,46.696]],[[3.389,46.651],[3.399,46.653],[3.418,46.662]],[[3.389,46.695],[3.394,46.696]],[[3.392,46.597],[3.395,46.6],[3.397,46.606],[3.409,46.611]],[[3.394,46.696],[3.41,46.696]],[[3.397,46.663],[3.413,46.672]],[[3.401,46.592],[3.404,46.598],[3.409,46.601]],[[3.403,46.581],[3.412,46.586],[3.414,46.59],[3.415,46.595],[3.409,46.601]],[[3.412,46.764],[3.405,46.775]],[[3.412,46.764],[3.409,46.772],[3.405,46.775]],[[3.405,46.615],[3.409,46.617]],[[3.406,46.638],[3.409,46.642]],[[3.409,46.617],[3.402,46.632],[3.406,46.638]],[[3.408,46.68],[3.424,46.685],[3.434,46.692]],[[3.409,46.642],[3.415,46.651]],[[3.413,46.633],[3.415,46.637],[3.409,46.642]],[[3.409,46.611],[3.409,46.617]],[[3.409,46.601],[3.412,46.607],[3.409,46.611]],[[3.41,46.696],[3.413,46.695]],[[3.428,46.7],[3.434,46.712],[3.433,46.719],[3.436,46.721],[3.432,46.726],[3.426,46.744],[3.421,46.748],[3.421,46.753],[3.414,46.756],[3.412,46.764]],[[3.413,46.695],[3.428,46.7]],[[3.413,46.672],[3.426,46.674]],[[3.415,46.651],[3.421,46.657],[3.418,46.662]],[[3.425,46.646],[3.421,46.646],[3.415,46.651]],[[3.418,46.662],[3.426,46.672]],[[3.426,46.672],[3.426,46.674]],[[3.436,46.662],[3.426,46.672]],[[3.426,46.674],[3.435,46.683]],[[3.434,46.692],[3.428,46.7]],[[3.434,46.692],[3.434,46.692]],[[3.435,46.683],[3.434,46.692]],[[3.447,46.691],[3.434,46.692]],[[3.443,46.673],[3.435,46.683]]]}},{"type":"Feature","properties":{"nom":"LA DORE DEPUIS LA CONFLUENCE DU RUISSEAU DE VERTOLAYE JUSQU'A COURPIERE","code":"GR0230B","longueurKm":31.18149240011,"strahler":5.0},"geometry":{"type":"MultiLineString","coordinates":[[[3.537,45.75],[3.54,45.753]],[[3.537,45.75],[3.537,45.752],[3.54,45.753]],[[3.555,45.699],[3.552,45.703],[3.548,45.703],[3.537,45.707],[3.535,45.712],[3.528,45.716],[3.534,45.72],[3.527,45.724],[3.53,45.734],[3.538,45.742],[3.537,45.75]],[[3.54,45.753],[3.549,45.757],[3.546,45.761]],[[3.556,45.697],[3.555,45.698],[3.555,45.699]],[[3.556,45.697],[3.555,45.699]],[[3.7,45.646],[3.693,45.648],[3.682,45.645],[3.675,45.649],[3.666,45.645],[3.666,45.653],[3.658,45.656],[3.659,45.661],[3.643,45.668],[3.647,45.672],[3.64,45.671],[3.634,45.676],[3.63,45.675],[3.628,45.678],[3.619,45.678],[3.618,45.683],[3.61,45.684],[3.612,45.688],[3.609,45.691],[3.599,45.692],[3.598,45.694],[3.595,45.692],[3.59,45.693],[3.593,45.701],[3.59,45.705],[3.587,45.705],[3.588,45.702],[3.582,45.702],[3.579,45.7],[3.563,45.701],[3.559,45.697],[3.557,45.697],[3.556,45.697]]]}},{"type":"Feature","properties":{"nom":"LA DORE DEPUIS COURPIERE JUSQU'A LA CONFLUENCE AVEC L'ALLIER","code":"GR0231","longueurKm":43.27986030388,"strahler":5.0},"geometry":{"type":"MultiLineString","coordinates":[[[3.464,45.896],[3.465,45.901],[3.464,45.902]],[[3.464,45.902],[3.456,45.907],[3.455,45.911],[3.449,45.91],[3.453,45.916],[3.447,45.919],[3.451,45.92],[3.445,45.924],[3.447,45.935],[3.441,45.936],[3.445,45.943],[3.452,45.945],[3.449,45.948],[3.455,45.951],[3.454,45.955],[3.462,45.956],[3.461,45.959],[3.469,45.966],[3.466,45.972],[3.474,45.974],[3.469,45.988],[3.475,45.995],[3.47,45.999],[3.478,46.001],[3.474,46.01]],[[3.464,45.896],[3.464,45.902]],[[3.477,45.875],[3.483,45.876],[3.477,45.885],[3.483,45.886],[3.475,45.893],[3.464,45.896]],[[3.478,45.868],[3.476,45.871],[3.477,45.875]],[[3.478,45.868],[3.478,45.869],[3.48,45.868],[3.482,45.868],[3.477,45.875]],[[3.547,45.767],[3.541,45.77],[3.544,45.776],[3.54,45.779],[3.543,45.785],[3.542,45.789],[3.53,45.791],[3.527,45.801],[3.517,45.806],[3.518,45.818],[3.51,45.825],[3.507,45.829],[3.509,45.832],[3.498,45.841],[3.493,45.854],[3.486,45.861],[3.479,45.864],[3.478,45.868]],[[3.547,45.767],[3.549,45.765],[3.546,45.763],[3.545,45.762],[3.546,45.761],[3.55,45.765],[3.547,45.767]]]}},{"type":"Feature","properties":{"nom":"LA BOURBINCE DEPUIS TORCY JUSQU'A GENELARD","code":"GR0199","longueurKm":32.83143039112,"strahler":5.0},"geometry":{"type":"LineString","coordinates":[[4.446,46.772],[4.456,46.764],[4.456,46.76],[4.445,46.749],[4.427,46.744],[4.42,46.739],[4.421,46.731],[4.407,46.714],[4.415,46.704],[4.413,46.701],[4.403,46.697],[4.397,46.7],[4.384,46.693],[4.374,46.684],[4.363,46.68],[4.352,46.666],[4.337,46.656],[4.335,46.646],[4.332,46.644],[4.333,46.626],[4.325,46.624],[4.324,46.619],[4.314,46.618],[4.308,46.607],[4.285,46.599],[4.261,46.6]]}},{"type":"Feature","properties":{"nom":"LA BOURBINCE DEPUIS GENELARD JUSQU'A LA CONFLUENCE AVEC L'ARROUX","code":"GR0200","longueurKm":46.59247338878,"strahler":5.0},"geometry":{"type":"MultiLineString","coordinates":[[[4.009,46.497],[4.003,46.501],[3.999,46.5]],[[4.01,46.496],[4.009,46.496],[4.009,46.497]],[[4.01,46.496],[4.009,46.497]],[[4.046,46.488],[4.04,46.489],[4.038,46.487],[4.033,46.489],[4.032,46.488],[4.019,46.49],[4.016,46.489],[4.01,46.491],[4.012,46.494],[4.01,46.496]],[[4.048,46.487],[4.049,46.488],[4.046,46.488]],[[4.048,46.487],[4.046,46.488]],[[4.261,46.6],[4.256,46.598],[4.256,46.595],[4.246,46.591],[4.246,46.589],[4.236,46.583],[4.229,46.587],[4.226,46.584],[4.233,46.577],[4.226,46.572],[4.217,46.57],[4.222,46.565],[4.216,46.561],[4.211,46.553],[4.209,46.553],[4.209,46.548],[4.202,46.542],[4.205,46.538],[4.201,46.536],[4.199,46.529],[4.195,46.526],[4.197,46.524],[4.193,46.524],[4.187,46.512],[4.191,46.51],[4.185,46.507],[4.183,46.497],[4.175,46.49],[4.17,46.473],[4.162,46.469],[4.162,46.464],[4.155,46.457],[4.156,46.45],[4.151,46.444],[4.137,46.446],[4.129,46.443],[4.126,46.447],[4.111,46.452],[4.101,46.459],[4.096,46.465],[4.089,46.466],[4.083,46.471],[4.083,46.474],[4.083,46.472],[4.077,46.471],[4.067,46.477],[4.067,46.481],[4.058,46.48],[4.053,46.483],[4.053,46.486],[4.048,46.487]]]}},{"type":"Feature","properties":{"nom":"LA DORE DEPUIS LA CONFLUENCE DE LA DOLORE JUSQU'A LA CONFLUENCE AVEC LE RUISSEAU DE VERTOLAYE","code":"GR0230A","longueurKm":32.46448923857,"strahler":5.0},"geometry":{"type":"LineString","coordinates":[[3.733,45.452],[3.731,45.465],[3.734,45.468],[3.73,45.468],[3.728,45.471],[3.734,45.474],[3.731,45.476],[3.733,45.48],[3.73,45.484],[3.735,45.486],[3.737,45.492],[3.735,45.495],[3.739,45.496],[3.735,45.497],[3.737,45.507],[3.734,45.506],[3.731,45.508],[3.739,45.519],[3.734,45.518],[3.735,45.524],[3.73,45.527],[3.733,45.53],[3.731,45.531],[3.733,45.534],[3.73,45.539],[3.733,45.542],[3.73,45.544],[3.733,45.546],[3.731,45.551],[3.733,45.555],[3.735,45.554],[3.739,45.557],[3.738,45.559],[3.742,45.562],[3.738,45.565],[3.74,45.568],[3.732,45.572],[3.736,45.575],[3.734,45.58],[3.729,45.579],[3.724,45.584],[3.729,45.594],[3.719,45.598],[3.718,45.613],[3.724,45.615],[3.726,45.618],[3.715,45.624],[3.71,45.63],[3.714,45.637],[3.705,45.637],[3.704,45.644],[3.7,45.646]]}},{"type":"Feature","properties":{"nom":"LE CHAPEAUROUX DEPUIS LA CONFLUENCE DE LA CLAMOUSE JUSQU'A LA CONFLUENCE AVEC L'ALLIER","code":"GR0235","longueurKm":25.3474769883,"strahler":5.0},"geometry":{"type":"MultiLineString","coordinates":[[[3.735,44.839],[3.735,44.84]],[[3.737,44.836],[3.735,44.839]],[[3.737,44.836],[3.737,44.838],[3.735,44.839]],[[3.747,44.725],[3.746,44.729],[3.74,44.728],[3.744,44.732],[3.737,44.732],[3.735,44.74],[3.73,44.739],[3.729,44.745],[3.724,44.746],[3.729,44.751],[3.724,44.752],[3.722,44.756],[3.718,44.756],[3.719,44.762],[3.712,44.772],[3.713,44.782],[3.706,44.786],[3.71,44.789],[3.707,44.791],[3.709,44.794],[3.702,44.797],[3.7,44.801],[3.696,44.801],[3.698,44.805],[3.695,44.807],[3.696,44.809],[3.7,44.809],[3.701,44.812],[3.707,44.812],[3.703,44.815],[3.709,44.819],[3.715,44.818],[3.715,44.814],[3.72,44.815],[3.717,44.811],[3.72,44.809],[3.731,44.82],[3.736,44.817],[3.737,44.825],[3.734,44.827],[3.736,44.829],[3.733,44.832],[3.737,44.836]]]}},{"type":"Feature","properties":{"nom":"L'ALAGNON DEPUIS LA CONFLUENCE DE L'ALLANCHE JUSQU'A LA CONFLUENCE AVEC L'ALLIER","code":"GR0248","longueurKm":67.10373519169,"strahler":5.0},"geometry":{"type":"MultiLineString","coordinates":[[[3.013,45.138],[3.022,45.155],[3.042,45.171],[3.04,45.177],[3.049,45.177],[3.057,45.182],[3.073,45.186],[3.08,45.192],[3.085,45.192],[3.086,45.197],[3.108,45.217],[3.11,45.223],[3.124,45.225],[3.138,45.235],[3.155,45.242],[3.167,45.241],[3.193,45.247],[3.195,45.253],[3.192,45.257],[3.197,45.26],[3.19,45.272],[3.192,45.275],[3.187,45.285],[3.192,45.291],[3.185,45.294],[3.186,45.3],[3.19,45.305],[3.186,45.313],[3.194,45.321],[3.199,45.322],[3.201,45.329],[3.209,45.333],[3.203,45.338],[3.205,45.347],[3.21,45.348],[3.21,45.352],[3.215,45.348],[3.222,45.351],[3.218,45.36],[3.213,45.362],[3.22,45.365],[3.226,45.374],[3.232,45.375],[3.233,45.371],[3.236,45.375],[3.24,45.372],[3.247,45.372],[3.247,45.376],[3.265,45.383]],[[3.265,45.383],[3.283,45.393],[3.284,45.397],[3.29,45.401],[3.299,45.424],[3.295,45.429]],[[3.265,45.383],[3.269,45.391],[3.278,45.396]],[[3.278,45.396],[3.28,45.397],[3.28,45.399]],[[3.278,45.396],[3.28,45.399]],[[3.28,45.399],[3.286,45.403]],[[3.286,45.403],[3.289,45.409]],[[3.286,45.403],[3.286,45.409],[3.29,45.411]],[[3.289,45.409],[3.293,45.412],[3.294,45.421],[3.298,45.424],[3.295,45.429]],[[3.289,45.409],[3.29,45.411]],[[3.29,45.412],[3.291,45.415]],[[3.29,45.412],[3.289,45.413],[3.291,45.415]],[[3.29,45.411],[3.29,45.412]],[[3.291,45.415],[3.291,45.421],[3.295,45.423],[3.292,45.427],[3.295,45.432]],[[3.295,45.429],[3.295,45.432]],[[3.295,45.432],[3.295,45.44],[3.3,45.444],[3.298,45.448],[3.304,45.452]]]}},{"type":"Feature","properties":{"nom":"L'EAU MERE ET SES AFFLUENTS DEPUIS LA SOURCE JUSQU'A LA CONFLUENCE AVEC L'ALLIER","code":"GR0254","longueurKm":195.54921173413,"strahler":5.0},"geometry":{"type":"MultiLineString","coordinates":[[[3.293,45.535],[3.275,45.543]],[[3.308,45.526],[3.3,45.527],[3.293,45.532],[3.293,45.535]],[[3.308,45.526],[3.299,45.529],[3.293,45.535]],[[3.312,45.524],[3.308,45.526]],[[3.341,45.513],[3.331,45.509],[3.332,45.511],[3.328,45.511],[3.326,45.514],[3.316,45.516],[3.312,45.524]],[[3.341,45.513],[3.334,45.512],[3.312,45.524]],[[3.343,45.513],[3.341,45.513]],[[3.347,45.515],[3.343,45.513]],[[3.35,45.509],[3.343,45.513]],[[3.351,45.523],[3.351,45.516],[3.348,45.514],[3.347,45.515]],[[3.351,45.523],[3.348,45.519],[3.348,45.516],[3.348,45.515],[3.347,45.515]],[[3.364,45.507],[3.355,45.513],[3.35,45.509]],[[3.357,45.502],[3.356,45.505],[3.35,45.509]],[[3.36,45.543],[3.351,45.523]],[[3.354,45.555],[3.355,45.553],[3.365,45.553]],[[3.364,45.487],[3.357,45.496],[3.357,45.502]],[[3.364,45.501],[3.357,45.502]],[[3.368,45.547],[3.36,45.543]],[[3.364,45.547],[3.36,45.543]],[[3.362,45.568],[3.364,45.564],[3.366,45.564]],[[3.37,45.549],[3.364,45.547]],[[3.365,45.553],[3.364,45.547]],[[3.369,45.494],[3.364,45.496],[3.364,45.501]],[[3.369,45.503],[3.367,45.501],[3.364,45.501],[3.364,45.501]],[[3.366,45.564],[3.367,45.558],[3.365,45.553]],[[3.377,45.572],[3.365,45.565]],[[3.366,45.571],[3.365,45.565]],[[3.365,45.565],[3.366,45.564]],[[3.366,45.577],[3.364,45.571],[3.366,45.571]],[[3.38,45.58],[3.375,45.576],[3.369,45.576],[3.366,45.571]],[[3.381,45.55],[3.368,45.547]],[[3.379,45.539],[3.371,45.542],[3.368,45.547]],[[3.372,45.504],[3.369,45.503]],[[3.375,45.489],[3.375,45.495],[3.369,45.503]],[[3.394,45.576],[3.378,45.565],[3.37,45.549]],[[3.393,45.555],[3.39,45.556],[3.389,45.553],[3.381,45.551],[3.375,45.551],[3.372,45.549],[3.37,45.549]],[[3.373,45.504],[3.372,45.504]],[[3.381,45.499],[3.378,45.501],[3.372,45.501],[3.372,45.504]],[[3.4,45.521],[3.379,45.512],[3.373,45.504]],[[3.386,45.504],[3.382,45.505],[3.376,45.505],[3.375,45.504],[3.373,45.504],[3.373,45.504]],[[3.392,45.546],[3.386,45.55],[3.384,45.551],[3.381,45.55]],[[3.383,45.541],[3.381,45.55]],[[3.409,45.506],[3.389,45.506],[3.386,45.504]],[[3.397,45.493],[3.386,45.504]],[[3.401,45.544],[3.394,45.546],[3.392,45.546]],[[3.406,45.533],[3.391,45.538],[3.392,45.546]],[[3.401,45.563],[3.398,45.556],[3.393,45.555]],[[3.419,45.556],[3.41,45.556],[3.405,45.552],[3.395,45.553],[3.393,45.555]],[[3.397,45.483],[3.394,45.489],[3.397,45.493]],[[3.417,45.491],[3.406,45.489],[3.397,45.493]],[[3.42,45.522],[3.412,45.526],[3.4,45.521]],[[3.412,45.514],[3.4,45.521]],[[3.415,45.568],[3.41,45.564],[3.401,45.563]],[[3.403,45.57],[3.401,45.563]],[[3.418,45.573],[3.403,45.57]],[[3.43,45.579],[3.425,45.582],[3.416,45.581],[3.403,45.573],[3.403,45.57]],[[3.404,45.527],[3.406,45.533]],[[3.409,45.535],[3.408,45.535],[3.408,45.533],[3.406,45.533],[3.406,45.533]],[[3.412,45.535],[3.411,45.535],[3.41,45.535],[3.409,45.535],[3.409,45.535]],[[3.415,45.543],[3.409,45.535]],[[3.438,45.531],[3.427,45.539],[3.412,45.535]],[[3.42,45.528],[3.412,45.535]],[[3.42,45.496],[3.417,45.491]],[[3.443,45.477],[3.438,45.478],[3.433,45.485],[3.427,45.485],[3.421,45.491],[3.419,45.49],[3.417,45.491]],[[3.417,45.545],[3.419,45.554],[3.422,45.555]],[[3.429,45.566],[3.419,45.556]],[[3.422,45.555],[3.419,45.556]],[[3.424,45.5],[3.42,45.496]],[[3.442,45.491],[3.42,45.496]],[[3.421,45.514],[3.425,45.509],[3.422,45.503],[3.424,45.5]],[[3.445,45.553],[3.422,45.555]],[[3.442,45.505],[3.432,45.5],[3.428,45.5],[3.427,45.5],[3.425,45.5],[3.424,45.5]],[[3.429,45.568],[3.43,45.579]],[[3.436,45.572],[3.436,45.578],[3.433,45.58],[3.43,45.579]],[[3.44,45.517],[3.438,45.531]],[[3.453,45.526],[3.452,45.528],[3.438,45.531]],[[3.443,45.514],[3.442,45.505]],[[3.458,45.5],[3.45,45.5],[3.442,45.505]],[[3.453,45.496],[3.442,45.491]],[[3.45,45.489],[3.442,45.491]],[[3.461,45.48],[3.45,45.48],[3.443,45.477]],[[3.455,45.471],[3.448,45.473],[3.443,45.477]],[[3.455,45.542],[3.45,45.542],[3.446,45.545],[3.442,45.549],[3.445,45.553]],[[3.496,45.546],[3.489,45.553],[3.49,45.556],[3.484,45.552],[3.471,45.554],[3.469,45.552],[3.466,45.555],[3.465,45.553],[3.45,45.556],[3.448,45.552],[3.445,45.553]],[[3.458,45.496],[3.45,45.489]],[[3.46,45.484],[3.45,45.489]],[[3.451,45.514],[3.45,45.521],[3.453,45.526]],[[3.458,45.524],[3.453,45.526]],[[3.482,45.537],[3.476,45.536],[3.473,45.541],[3.462,45.544],[3.455,45.542]],[[3.468,45.534],[3.455,45.542]],[[3.466,45.524],[3.458,45.524]],[[3.465,45.514],[3.458,45.524]],[[3.469,45.503],[3.465,45.514]],[[3.48,45.509],[3.468,45.514],[3.466,45.513],[3.465,45.514]],[[3.475,45.522],[3.471,45.521],[3.469,45.523],[3.467,45.523],[3.467,45.524],[3.467,45.524],[3.466,45.524]],[[3.473,45.532],[3.466,45.524]],[[3.48,45.484],[3.471,45.49],[3.469,45.503]],[[3.487,45.498],[3.469,45.503]],[[3.485,45.531],[3.475,45.526],[3.475,45.522]],[[3.481,45.518],[3.477,45.518],[3.475,45.522]],[[3.479,45.477],[3.48,45.484]],[[3.485,45.483],[3.48,45.484]],[[3.494,45.509],[3.484,45.513],[3.481,45.518]],[[3.488,45.524],[3.489,45.521],[3.484,45.518],[3.482,45.518],[3.481,45.518]],[[3.496,45.505],[3.49,45.504],[3.487,45.498]],[[3.488,45.497],[3.487,45.498]],[[3.515,45.496],[3.511,45.5],[3.488,45.497]],[[3.507,45.485],[3.503,45.484],[3.492,45.489],[3.488,45.497]],[[3.505,45.55],[3.496,45.546]],[[3.501,45.537],[3.496,45.546]],[[3.505,45.519],[3.504,45.523],[3.497,45.526],[3.497,45.531],[3.501,45.537]],[[3.517,45.52],[3.51,45.526],[3.512,45.532],[3.501,45.537]],[[3.518,45.544],[3.507,45.55],[3.505,45.55]],[[3.524,45.561],[3.519,45.561],[3.515,45.558],[3.509,45.558],[3.505,45.55]],[[3.51,45.503],[3.512,45.506],[3.505,45.519]],[[3.518,45.514],[3.505,45.519]],[[3.517,45.489],[3.507,45.485]],[[3.513,45.479],[3.507,45.485]],[[3.524,45.478],[3.518,45.481],[3.513,45.479]],[[3.537,45.477],[3.533,45.476],[3.531,45.473],[3.52,45.471],[3.514,45.474],[3.513,45.479]],[[3.529,45.496],[3.524,45.491],[3.519,45.492],[3.517,45.489]],[[3.547,45.487],[3.54,45.487],[3.536,45.49],[3.529,45.49],[3.525,45.487],[3.517,45.489]],[[3.519,45.501],[3.518,45.514]],[[3.52,45.513],[3.518,45.514]],[[3.525,45.55],[3.518,45.544]],[[3.555,45.529],[3.551,45.536],[3.542,45.539],[3.532,45.538],[3.526,45.542],[3.518,45.544]],[[3.545,45.516],[3.54,45.517],[3.533,45.512],[3.522,45.514],[3.52,45.513]],[[3.531,45.502],[3.52,45.513]],[[3.542,45.563],[3.534,45.556],[3.527,45.554],[3.525,45.55]],[[3.551,45.555],[3.54,45.549],[3.532,45.548],[3.525,45.55]]]}},{"type":"Feature","properties":{"nom":"LA COUZE PAVIN DEPUIS LA CONFLUENCE DE LA COUZE DE VALBELEIX JUSQU'A LA CONFLUENCE AVEC L'ALLIER","code":"GR0257","longueurKm":30.20170154897,"strahler":5.0},"geometry":{"type":"MultiLineString","coordinates":[[[3.042,45.53],[3.043,45.539],[3.055,45.541],[3.059,45.545],[3.077,45.547],[3.079,45.545],[3.084,45.546],[3.092,45.551],[3.097,45.549],[3.11,45.551],[3.116,45.549],[3.122,45.551]],[[3.122,45.551],[3.133,45.551],[3.138,45.553],[3.172,45.548]],[[3.122,45.551],[3.179,45.547]],[[3.172,45.548],[3.181,45.548]],[[3.172,45.548],[3.179,45.547]],[[3.179,45.547],[3.181,45.548]],[[3.181,45.548],[3.185,45.549],[3.187,45.546]],[[3.187,45.546],[3.193,45.547],[3.202,45.543]],[[3.187,45.546],[3.198,45.542],[3.202,45.543]],[[3.202,45.543],[3.237,45.539],[3.253,45.543],[3.277,45.545]]]}},{"type":"Feature","properties":{"nom":"LA MORGE ET SES AFFLUENTS DE LA CONFLUENCE DU RUISSEAU DE SAGNES JUSQU'A LA CONFLUENCE AVEC L'ALLIER","code":"GR0262","longueurKm":115.60066543399,"strahler":5.0},"geometry":{"type":"MultiLineString","coordinates":[[[2.997,45.951],[3.001,45.949],[3.011,45.938],[3.029,45.933],[3.052,45.933]],[[3.019,45.953],[3.04,45.949]],[[3.027,45.942],[3.031,45.945],[3.044,45.946]],[[3.036,45.926],[3.048,45.928],[3.052,45.933]],[[3.038,45.954],[3.04,45.949]],[[3.04,45.949],[3.044,45.946]],[[3.044,45.946],[3.052,45.945],[3.071,45.951],[3.109,45.946]],[[3.052,45.933],[3.06,45.931],[3.069,45.931]],[[3.059,45.94],[3.067,45.936],[3.069,45.931]],[[3.069,45.931],[3.087,45.934],[3.091,45.94],[3.104,45.942],[3.109,45.946]],[[3.109,45.946],[3.118,45.948]],[[3.112,46.04],[3.116,46.036]],[[3.119,46.047],[3.117,46.045],[3.12,46.04],[3.116,46.036]],[[3.116,46.036],[3.117,46.03],[3.121,46.023]],[[3.118,45.948],[3.133,45.949]],[[3.118,45.948],[3.121,45.951],[3.133,45.949]],[[3.118,45.996],[3.125,45.998]],[[3.128,46.034],[3.121,46.023]],[[3.121,46.023],[3.124,46.019]],[[3.133,46.028],[3.129,46.027],[3.124,46.019]],[[3.124,46.019],[3.125,46.017]],[[3.137,46.026],[3.125,46.017]],[[3.125,46.017],[3.127,46.015],[3.124,46.013],[3.122,46.004],[3.125,45.998]],[[3.125,45.998],[3.138,45.995],[3.142,45.996],[3.147,45.987]],[[3.133,45.949],[3.155,45.947],[3.16,45.949]],[[3.147,45.987],[3.154,45.978],[3.16,45.974],[3.162,45.975]],[[3.147,45.987],[3.162,45.975]],[[3.166,45.956],[3.16,45.949]],[[3.16,45.949],[3.172,45.944],[3.181,45.945],[3.199,45.941],[3.202,45.945],[3.21,45.941],[3.214,45.94],[3.22,45.932],[3.233,45.926],[3.235,45.921],[3.245,45.918]],[[3.162,45.975],[3.164,45.973]],[[3.164,45.973],[3.168,45.967],[3.165,45.964],[3.167,45.959],[3.163,45.957],[3.166,45.956]],[[3.164,45.973],[3.168,45.972],[3.17,45.969],[3.166,45.956]],[[3.226,45.968],[3.236,45.97],[3.269,45.97]],[[3.245,45.918],[3.248,45.918],[3.256,45.915]],[[3.245,45.918],[3.256,45.915]],[[3.256,45.915],[3.263,45.915],[3.264,45.911],[3.283,45.914],[3.296,45.909],[3.311,45.908],[3.328,45.919]],[[3.269,45.97],[3.271,45.965],[3.28,45.961],[3.282,45.957],[3.285,45.971]],[[3.269,45.97],[3.28,45.969],[3.285,45.971]],[[3.273,45.988],[3.276,45.986],[3.276,45.983],[3.283,45.983],[3.291,45.979],[3.29,45.974],[3.295,45.967]],[[3.277,45.977],[3.284,45.975],[3.287,45.971]],[[3.285,45.971],[3.287,45.971]],[[3.287,45.971],[3.292,45.964]],[[3.295,45.965],[3.292,45.964]],[[3.292,45.964],[3.287,45.953],[3.296,45.942]],[[3.293,45.953],[3.296,45.942]],[[3.303,45.974],[3.295,45.967]],[[3.295,45.967],[3.295,45.965]],[[3.315,45.979],[3.304,45.968],[3.295,45.965]],[[3.296,45.942],[3.299,45.937]],[[3.299,45.937],[3.31,45.93]],[[3.299,45.937],[3.308,45.935]],[[3.305,45.921],[3.304,45.923],[3.314,45.929]],[[3.312,45.949],[3.308,45.935]],[[3.308,45.935],[3.31,45.93]],[[3.31,45.93],[3.314,45.929]],[[3.314,45.929],[3.315,45.929]],[[3.32,45.949],[3.315,45.929]],[[3.315,45.929],[3.324,45.925],[3.324,45.921],[3.328,45.919]],[[3.328,45.919],[3.335,45.921],[3.34,45.921],[3.341,45.923],[3.347,45.921],[3.348,45.926],[3.352,45.923],[3.36,45.926],[3.363,45.934],[3.382,45.935]]]}},{"type":"Feature","properties":{"nom":"LA SIOULE DEPUIS OLBY JUSQU'AU COMPLEXE DES FADES-BESSERVES","code":"GR0271A","longueurKm":49.92744044849,"strahler":6.0},"geometry":{"type":"MultiLineString","coordinates":[[[2.836,45.799],[2.839,45.803],[2.838,45.809],[2.842,45.811],[2.84,45.818],[2.844,45.821],[2.843,45.826],[2.85,45.834],[2.847,45.836],[2.848,45.845],[2.856,45.848],[2.859,45.857],[2.851,45.858],[2.855,45.864],[2.84,45.867],[2.837,45.863],[2.834,45.869],[2.827,45.869],[2.826,45.873],[2.818,45.871],[2.821,45.878],[2.815,45.88],[2.81,45.879],[2.808,45.882],[2.813,45.881],[2.815,45.883],[2.81,45.885],[2.808,45.883],[2.803,45.883],[2.805,45.889],[2.8,45.888],[2.799,45.882],[2.797,45.883],[2.799,45.89],[2.805,45.894],[2.798,45.898],[2.801,45.903],[2.796,45.908],[2.801,45.91],[2.796,45.911],[2.799,45.913],[2.797,45.914]],[[2.798,45.973],[2.815,45.972],[2.812,45.976],[2.812,45.986],[2.822,45.984],[2.832,45.989],[2.831,45.993]],[[2.833,45.786],[2.838,45.789]],[[2.833,45.786],[2.835,45.79]],[[2.876,45.726],[2.869,45.728],[2.87,45.732],[2.862,45.741],[2.865,45.743],[2.861,45.745],[2.861,45.748],[2.852,45.743],[2.846,45.751],[2.837,45.75],[2.827,45.753],[2.826,45.76],[2.835,45.77],[2.833,45.772],[2.836,45.781],[2.832,45.783],[2.833,45.786]],[[2.835,45.79],[2.836,45.799]],[[2.835,45.79],[2.838,45.789]],[[2.838,45.789],[2.839,45.798],[2.837,45.798],[2.837,45.799],[2.836,45.799]]]}},{"type":"Feature","properties":{"nom":"LA SIOULE DEPUIS LA RETENUE DE QUEUILLE JUSQU'A JENZAT","code":"GR0272C","longueurKm":57.47908571749,"strahler":6.0},"geometry":{"type":"MultiLineString","coordinates":[[[2.87,45.98],[2.873,45.982],[2.876,45.98],[2.878,45.982],[2.876,45.991],[2.883,45.997],[2.883,46.009],[2.888,46.01],[2.884,46.012],[2.885,46.014],[2.894,46.017],[2.895,46.023],[2.901,46.03],[2.905,46.03],[2.905,46.024],[2.91,46.026],[2.907,46.035],[2.903,46.037],[2.904,46.043],[2.916,46.055],[2.915,46.063],[2.923,46.068],[2.915,46.07],[2.911,46.081],[2.92,46.089],[2.926,46.089],[2.92,46.095],[2.931,46.096],[2.929,46.103],[2.932,46.106],[2.938,46.105],[2.942,46.108],[2.957,46.111],[2.958,46.117],[2.964,46.122],[2.971,46.121],[2.977,46.125],[2.987,46.125],[2.994,46.124],[3.009,46.115],[3.016,46.102]],[[3.016,46.102],[3.019,46.101],[3.022,46.102]],[[3.016,46.102],[3.022,46.102]],[[3.022,46.102],[3.034,46.104],[3.039,46.108],[3.049,46.1],[3.059,46.103],[3.067,46.103],[3.095,46.116]],[[3.095,46.116],[3.103,46.122]],[[3.095,46.116],[3.094,46.115],[3.098,46.115],[3.109,46.12],[3.11,46.124]],[[3.103,46.122],[3.107,46.124]],[[3.103,46.122],[3.105,46.124],[3.107,46.124]],[[3.107,46.124],[3.11,46.124]],[[3.11,46.124],[3.117,46.122],[3.12,46.126],[3.126,46.126],[3.129,46.13]],[[3.129,46.13],[3.129,46.133]],[[3.129,46.13],[3.128,46.131],[3.129,46.133]],[[3.129,46.133],[3.131,46.135],[3.139,46.133],[3.142,46.135]],[[3.142,46.135],[3.148,46.138]],[[3.142,46.135],[3.146,46.138],[3.148,46.138]],[[3.148,46.138],[3.154,46.133],[3.159,46.133],[3.166,46.134],[3.166,46.139]],[[3.166,46.139],[3.167,46.146]],[[3.166,46.139],[3.164,46.143],[3.167,46.146]],[[3.167,46.146],[3.171,46.152],[3.168,46.157],[3.17,46.16],[3.19,46.165],[3.196,46.173],[3.199,46.172]]]}},{"type":"Feature","properties":{"nom":"LA SIOULE DEPUIS JENZAT JUSQU'A LA CONFLUENCE AVEC L'ALLIER","code":"GR0273","longueurKm":56.66630338827,"strahler":6.0},"geometry":{"type":"MultiLineString","coordinates":[[[3.206,46.173],[3.207,46.173]],[[3.206,46.173],[3.199,46.172],[3.199,46.172],[3.202,46.171],[3.206,46.173]],[[3.207,46.173],[3.216,46.169],[3.225,46.171]],[[3.207,46.173],[3.215,46.172],[3.224,46.176],[3.226,46.174]],[[3.225,46.171],[3.225,46.172]],[[3.225,46.171],[3.226,46.174]],[[3.225,46.172],[3.23,46.173]],[[3.225,46.172],[3.227,46.171],[3.23,46.173]],[[3.226,46.174],[3.23,46.174]],[[3.23,46.173],[3.23,46.174]],[[3.23,46.174],[3.241,46.181],[3.239,46.187],[3.243,46.191],[3.249,46.195],[3.258,46.197],[3.262,46.203]],[[3.262,46.236],[3.262,46.237]],[[3.262,46.233],[3.261,46.234],[3.262,46.236]],[[3.262,46.233],[3.262,46.236]],[[3.262,46.237],[3.272,46.245],[3.271,46.251]],[[3.262,46.237],[3.271,46.251]],[[3.265,46.232],[3.262,46.233]],[[3.262,46.203],[3.275,46.214],[3.276,46.216]],[[3.262,46.203],[3.263,46.207],[3.276,46.216]],[[3.266,46.231],[3.267,46.232],[3.266,46.232],[3.265,46.232]],[[3.266,46.231],[3.265,46.232]],[[3.276,46.216],[3.27,46.22],[3.274,46.225],[3.265,46.228],[3.266,46.231]],[[3.271,46.251],[3.274,46.257]],[[3.274,46.257],[3.282,46.259],[3.279,46.264],[3.284,46.274]],[[3.274,46.257],[3.28,46.271],[3.284,46.274]],[[3.275,46.284],[3.276,46.29]],[[3.289,46.281],[3.275,46.282],[3.275,46.284]],[[3.283,46.287],[3.279,46.286],[3.279,46.283],[3.275,46.284]],[[3.276,46.29],[3.28,46.294],[3.285,46.294]],[[3.283,46.287],[3.276,46.29]],[[3.289,46.281],[3.287,46.285],[3.283,46.287]],[[3.284,46.274],[3.29,46.278],[3.289,46.281]],[[3.285,46.294],[3.291,46.295]],[[3.285,46.294],[3.29,46.293],[3.291,46.295]],[[3.291,46.295],[3.293,46.297]],[[3.293,46.303],[3.295,46.304]],[[3.293,46.303],[3.294,46.307]],[[3.293,46.297],[3.293,46.303]],[[3.293,46.297],[3.295,46.304]],[[3.293,46.315],[3.296,46.322],[3.308,46.325],[3.308,46.328]],[[3.294,46.308],[3.293,46.315]],[[3.295,46.308],[3.297,46.313],[3.293,46.315]],[[3.294,46.307],[3.294,46.308]],[[3.295,46.305],[3.294,46.307]],[[3.294,46.308],[3.295,46.308]],[[3.295,46.305],[3.295,46.308]],[[3.295,46.304],[3.295,46.305]],[[3.297,46.333],[3.3,46.335]],[[3.297,46.333],[3.298,46.335],[3.3,46.335]],[[3.3,46.33],[3.297,46.333]],[[3.3,46.335],[3.316,46.343]],[[3.308,46.328],[3.309,46.332],[3.303,46.332],[3.3,46.33]],[[3.308,46.328],[3.306,46.33],[3.303,46.329],[3.3,46.33]],[[3.316,46.343],[3.323,46.347],[3.322,46.351]],[[3.316,46.343],[3.321,46.348],[3.314,46.358],[3.316,46.361],[3.322,46.362]],[[3.319,46.357],[3.322,46.362]],[[3.322,46.351],[3.319,46.357]],[[3.322,46.351],[3.325,46.355],[3.319,46.357]],[[3.322,46.362],[3.322,46.366]]]}},{"type":"Feature","properties":{"nom":"LA BOUBLE DEPUIS MONESTIER JUSQU'A LA CONFLUENCE AVEC LA SIOULE","code":"GR0283","longueurKm":19.1482914742,"strahler":5.0},"geometry":{"type":"MultiLineString","coordinates":[[[3.119,46.241],[3.137,46.238],[3.142,46.242],[3.143,46.239],[3.148,46.237],[3.151,46.243],[3.156,46.241],[3.158,46.243],[3.179,46.244],[3.183,46.247]],[[3.183,46.247],[3.195,46.25]],[[3.183,46.247],[3.19,46.247],[3.195,46.25]],[[3.195,46.25],[3.204,46.255],[3.21,46.252],[3.211,46.257],[3.222,46.259],[3.229,46.264],[3.24,46.263],[3.244,46.266],[3.245,46.264],[3.249,46.266],[3.256,46.266],[3.257,46.27],[3.265,46.272],[3.264,46.276],[3.274,46.284]]]}},{"type":"Feature","properties":{"nom":"LE SIOULET ET SES AFFLUENTS DEPUIS LA SOURCE JUSQU'A LA RETENUE DES FADES-BESSERVES","code":"GR0279","longueurKm":314.19057320109,"strahler":5.0},"geometry":{"type":"MultiLineString","coordinates":[[[2.43,45.896],[2.439,45.893],[2.443,45.888],[2.453,45.886]],[[2.44,45.882],[2.445,45.885],[2.453,45.886]],[[2.447,45.834],[2.456,45.825],[2.461,45.813]],[[2.45,45.817],[2.451,45.813],[2.461,45.813]],[[2.453,45.886],[2.471,45.886],[2.488,45.88],[2.504,45.87],[2.51,45.857],[2.521,45.852],[2.528,45.85],[2.547,45.854],[2.563,45.853],[2.571,45.848],[2.575,45.849]],[[2.455,45.792],[2.468,45.784],[2.474,45.785],[2.495,45.781]],[[2.461,45.813],[2.462,45.81],[2.467,45.808],[2.477,45.808]],[[2.473,45.826],[2.477,45.82],[2.477,45.809]],[[2.475,45.774],[2.484,45.773],[2.489,45.779],[2.495,45.781]],[[2.477,45.809],[2.477,45.808]],[[2.477,45.808],[2.487,45.805],[2.493,45.807]],[[2.486,45.815],[2.477,45.809]],[[2.479,45.77],[2.496,45.772],[2.506,45.778]],[[2.485,45.82],[2.491,45.815],[2.493,45.807]],[[2.489,45.762],[2.502,45.764],[2.513,45.771]],[[2.493,45.807],[2.5,45.806],[2.507,45.809]],[[2.497,45.791],[2.495,45.781]],[[2.495,45.781],[2.506,45.778]],[[2.502,45.821],[2.512,45.819],[2.516,45.816]],[[2.506,45.778],[2.511,45.779]],[[2.506,45.799],[2.507,45.809]],[[2.507,45.809],[2.516,45.816]],[[2.511,45.79],[2.513,45.784],[2.511,45.779]],[[2.511,45.779],[2.512,45.778]],[[2.513,45.771],[2.509,45.776],[2.512,45.778]],[[2.512,45.778],[2.516,45.777],[2.52,45.779],[2.529,45.779],[2.531,45.776],[2.536,45.775]],[[2.518,45.764],[2.513,45.771]],[[2.516,45.816],[2.524,45.819],[2.531,45.818]],[[2.525,45.823],[2.531,45.818]],[[2.531,45.818],[2.562,45.811],[2.564,45.807],[2.577,45.804],[2.58,45.797],[2.596,45.796]],[[2.534,45.726],[2.543,45.727]],[[2.557,45.739],[2.54,45.75],[2.545,45.761],[2.538,45.766],[2.54,45.768],[2.536,45.775]],[[2.536,45.775],[2.555,45.776],[2.558,45.78],[2.567,45.781],[2.574,45.787],[2.581,45.787],[2.582,45.784],[2.587,45.783],[2.592,45.785]],[[2.541,45.716],[2.544,45.722],[2.543,45.727]],[[2.543,45.727],[2.555,45.735]],[[2.553,45.719],[2.554,45.73]],[[2.554,45.73],[2.555,45.735]],[[2.562,45.724],[2.561,45.727],[2.554,45.73]],[[2.555,45.735],[2.557,45.739]],[[2.576,45.732],[2.572,45.735],[2.557,45.739]],[[2.56,45.716],[2.562,45.724]],[[2.568,45.721],[2.562,45.724]],[[2.564,45.844],[2.575,45.849]],[[2.575,45.849],[2.578,45.847],[2.585,45.848],[2.592,45.845],[2.594,45.843],[2.591,45.841],[2.594,45.839],[2.598,45.842],[2.6,45.84],[2.608,45.839]],[[2.581,45.721],[2.576,45.725],[2.576,45.732]],[[2.583,45.727],[2.576,45.732]],[[2.582,45.762],[2.585,45.767],[2.596,45.774]],[[2.588,45.736],[2.583,45.75],[2.592,45.756],[2.593,45.76],[2.6,45.765]],[[2.591,45.716],[2.6,45.723],[2.606,45.736]],[[2.592,45.785],[2.586,45.79],[2.596,45.796]],[[2.596,45.774],[2.592,45.779],[2.592,45.785]],[[2.6,45.766],[2.596,45.774]],[[2.596,45.796],[2.609,45.805],[2.618,45.808],[2.614,45.815],[2.619,45.821]],[[2.6,45.765],[2.6,45.766]],[[2.602,45.757],[2.6,45.765]],[[2.636,45.751],[2.616,45.767],[2.612,45.767],[2.604,45.764],[2.6,45.766]],[[2.607,45.743],[2.608,45.748],[2.602,45.754],[2.602,45.757]],[[2.607,45.743],[2.61,45.747],[2.607,45.754],[2.603,45.754],[2.602,45.757]],[[2.606,45.736],[2.607,45.741]],[[2.614,45.728],[2.609,45.729],[2.606,45.736]],[[2.607,45.741],[2.607,45.743]],[[2.621,45.738],[2.611,45.739],[2.607,45.741]],[[2.608,45.839],[2.618,45.843],[2.62,45.847],[2.626,45.847],[2.633,45.85],[2.633,45.856],[2.643,45.853],[2.66,45.859]],[[2.619,45.821],[2.616,45.831],[2.609,45.833],[2.611,45.836],[2.608,45.839]],[[2.633,45.722],[2.622,45.728],[2.614,45.728]],[[2.621,45.717],[2.617,45.721],[2.614,45.728]],[[2.615,45.945],[2.619,45.93],[2.645,45.915],[2.661,45.914],[2.678,45.916],[2.686,45.913]],[[2.636,45.807],[2.632,45.807],[2.626,45.817],[2.619,45.821]],[[2.634,45.74],[2.621,45.738]],[[2.632,45.735],[2.623,45.735],[2.621,45.738]],[[2.63,45.957],[2.646,45.952],[2.675,45.937],[2.686,45.936],[2.69,45.938]],[[2.642,45.722],[2.637,45.723],[2.633,45.722]],[[2.646,45.712],[2.635,45.715],[2.633,45.722]],[[2.635,45.829],[2.649,45.84]],[[2.635,45.939],[2.647,45.936],[2.651,45.937],[2.657,45.934],[2.667,45.932],[2.67,45.928],[2.676,45.928],[2.687,45.92],[2.689,45.917],[2.686,45.913]],[[2.661,45.787],[2.656,45.794],[2.659,45.806],[2.651,45.81],[2.636,45.807]],[[2.679,45.761],[2.677,45.764],[2.654,45.765],[2.651,45.768],[2.652,45.781],[2.636,45.807]],[[2.656,45.723],[2.645,45.723],[2.642,45.722]],[[2.643,45.72],[2.642,45.722]],[[2.649,45.84],[2.652,45.842]],[[2.652,45.825],[2.649,45.84]],[[2.65,45.968],[2.675,45.963]],[[2.652,45.842],[2.655,45.846],[2.652,45.848],[2.661,45.857]],[[2.662,45.816],[2.66,45.826],[2.662,45.834],[2.652,45.842]],[[2.66,45.717],[2.656,45.723]],[[2.674,45.735],[2.656,45.723]],[[2.674,45.716],[2.67,45.713],[2.664,45.713],[2.66,45.717]],[[2.68,45.721],[2.676,45.719],[2.674,45.719],[2.672,45.719],[2.664,45.718],[2.663,45.718],[2.661,45.717],[2.66,45.717]],[[2.66,45.859],[2.665,45.861]],[[2.661,45.857],[2.66,45.859]],[[2.66,45.998],[2.654,45.996],[2.653,45.992],[2.672,45.974]],[[2.68,45.84],[2.661,45.857]],[[2.665,45.861],[2.671,45.86],[2.671,45.865]],[[2.665,45.861],[2.666,45.861],[2.667,45.861],[2.668,45.862],[2.671,45.865]],[[2.668,45.995],[2.673,45.988]],[[2.671,45.865],[2.674,45.869],[2.684,45.869],[2.689,45.876],[2.699,45.877],[2.7,45.886],[2.706,45.887],[2.709,45.891],[2.715,45.886],[2.715,45.895],[2.724,45.895],[2.724,45.898],[2.719,45.9]],[[2.673,45.988],[2.677,45.979],[2.672,45.974]],[[2.672,45.974],[2.675,45.963]],[[2.692,45.996],[2.679,45.994],[2.673,45.988]],[[2.675,45.963],[2.675,45.96],[2.681,45.957],[2.68,45.954],[2.684,45.95]],[[2.678,45.9],[2.687,45.905],[2.692,45.904],[2.699,45.909]],[[2.696,45.804],[2.685,45.815],[2.678,45.816],[2.679,45.821],[2.675,45.826],[2.674,45.83],[2.68,45.84]],[[2.687,45.841],[2.687,45.841],[2.682,45.84],[2.68,45.84]],[[2.684,45.95],[2.684,45.95],[2.684,45.947]],[[2.684,45.95],[2.685,45.948]],[[2.685,45.948],[2.684,45.947]],[[2.684,45.947],[2.69,45.938]],[[2.694,45.952],[2.685,45.948]],[[2.686,45.913],[2.693,45.908],[2.699,45.909]],[[2.704,45.844],[2.691,45.843],[2.687,45.841]],[[2.698,45.835],[2.687,45.841]],[[2.69,45.938],[2.7,45.924]],[[2.7,45.807],[2.696,45.804]],[[2.706,45.798],[2.702,45.803],[2.696,45.804]],[[2.703,45.839],[2.698,45.835]],[[2.709,45.821],[2.698,45.835]],[[2.699,45.785],[2.706,45.798]],[[2.699,45.909],[2.703,45.911]],[[2.708,45.808],[2.7,45.807]],[[2.713,45.804],[2.711,45.806],[2.7,45.807]],[[2.72,45.954],[2.719,45.94],[2.714,45.937],[2.712,45.93],[2.7,45.924]],[[2.7,45.924],[2.704,45.921]],[[2.704,45.921],[2.703,45.911]],[[2.703,45.911],[2.705,45.904],[2.703,45.9],[2.711,45.902],[2.714,45.899],[2.719,45.9]],[[2.74,45.926],[2.733,45.93],[2.704,45.921]],[[2.705,45.847],[2.709,45.854],[2.714,45.855]],[[2.71,45.796],[2.706,45.798]],[[2.708,45.745],[2.711,45.754]],[[2.711,45.823],[2.709,45.821]],[[2.716,45.817],[2.709,45.821]],[[2.717,45.789],[2.71,45.792],[2.71,45.796]],[[2.717,45.8],[2.714,45.796],[2.711,45.796],[2.71,45.796]],[[2.711,45.754],[2.713,45.758]],[[2.715,45.741],[2.717,45.751],[2.711,45.754]],[[2.713,45.758],[2.719,45.769],[2.713,45.782],[2.717,45.786]],[[2.726,45.746],[2.713,45.758]],[[2.714,45.855],[2.721,45.858]],[[2.716,45.842],[2.714,45.855]],[[2.736,45.801],[2.717,45.789]],[[2.717,45.786],[2.717,45.789]],[[2.73,45.773],[2.733,45.78],[2.729,45.782],[2.723,45.781],[2.717,45.786]],[[2.719,45.9],[2.72,45.903],[2.726,45.904],[2.728,45.897],[2.733,45.896],[2.737,45.897],[2.737,45.891],[2.734,45.891],[2.736,45.889],[2.731,45.884],[2.738,45.881],[2.74,45.874]],[[2.721,45.858],[2.725,45.862],[2.736,45.866]],[[2.728,45.839],[2.721,45.858]],[[2.73,45.825],[2.732,45.834],[2.742,45.839]],[[2.735,45.858],[2.736,45.866]],[[2.736,45.866],[2.741,45.87]],[[2.738,45.844],[2.743,45.847],[2.75,45.848]],[[2.738,45.829],[2.742,45.839]],[[2.741,45.87],[2.74,45.874]],[[2.759,45.868],[2.755,45.873],[2.74,45.874]],[[2.747,45.866],[2.741,45.87]],[[2.742,45.839],[2.749,45.844]],[[2.75,45.848],[2.751,45.853],[2.745,45.862],[2.747,45.866]],[[2.759,45.866],[2.755,45.864],[2.747,45.866]],[[2.747,45.833],[2.749,45.844]],[[2.759,45.792],[2.747,45.795],[2.744,45.799],[2.747,45.812],[2.743,45.819],[2.745,45.832],[2.747,45.833]],[[2.751,45.829],[2.747,45.833]],[[2.749,45.844],[2.75,45.848]],[[2.763,45.822],[2.758,45.828],[2.754,45.829],[2.751,45.829]],[[2.754,45.814],[2.75,45.82],[2.753,45.823],[2.751,45.829]],[[2.763,45.812],[2.76,45.816],[2.763,45.822]],[[2.77,45.811],[2.773,45.813],[2.772,45.816],[2.763,45.822]]]}},{"type":"Feature","properties":{"nom":"LA SENOUIRE ET SES AFFLUENTS DEPUIS LA SOURCE JUSQU'A LA CONFLUENCE AVEC L'ALLIER","code":"GR0242","longueurKm":192.86143576972,"strahler":5.0},"geometry":{"type":"MultiLineString","coordinates":[[[3.51,45.233],[3.503,45.234],[3.504,45.24],[3.499,45.247],[3.5,45.25],[3.508,45.251],[3.502,45.254],[3.506,45.257],[3.505,45.259],[3.491,45.258],[3.485,45.264],[3.465,45.265],[3.445,45.258],[3.439,45.262],[3.44,45.266],[3.436,45.266],[3.431,45.27],[3.422,45.267],[3.417,45.269],[3.411,45.277],[3.408,45.277]],[[3.472,45.186],[3.481,45.185],[3.501,45.195]],[[3.473,45.211],[3.475,45.205],[3.483,45.202],[3.5,45.208]],[[3.481,45.216],[3.5,45.208]],[[3.483,45.163],[3.491,45.165],[3.497,45.172]],[[3.497,45.172],[3.5,45.177],[3.501,45.195]],[[3.555,45.147],[3.54,45.165],[3.534,45.168],[3.52,45.17],[3.508,45.166],[3.497,45.172]],[[3.5,45.208],[3.504,45.206]],[[3.501,45.195],[3.503,45.2]],[[3.503,45.2],[3.504,45.206]],[[3.553,45.167],[3.545,45.175],[3.508,45.188],[3.502,45.196],[3.503,45.2]],[[3.504,45.206],[3.505,45.207]],[[3.582,45.196],[3.582,45.193],[3.576,45.189],[3.57,45.189],[3.565,45.183],[3.558,45.184],[3.555,45.182],[3.55,45.187],[3.535,45.191],[3.505,45.207]],[[3.505,45.207],[3.503,45.21],[3.509,45.218],[3.505,45.223],[3.511,45.228],[3.51,45.233]],[[3.53,45.233],[3.513,45.236],[3.51,45.233]],[[3.541,45.238],[3.53,45.233]],[[3.57,45.228],[3.552,45.225],[3.536,45.233],[3.53,45.233]],[[3.586,45.241],[3.557,45.233],[3.552,45.236],[3.548,45.236],[3.543,45.238],[3.542,45.238],[3.541,45.238]],[[3.555,45.246],[3.541,45.238]],[[3.554,45.167],[3.553,45.167]],[[3.587,45.145],[3.574,45.146],[3.569,45.153],[3.558,45.16],[3.553,45.167]],[[3.565,45.254],[3.56,45.253],[3.555,45.246]],[[3.567,45.246],[3.565,45.244],[3.555,45.246]],[[3.595,45.158],[3.579,45.157],[3.56,45.167],[3.554,45.167]],[[3.582,45.151],[3.562,45.16],[3.554,45.167]],[[3.581,45.262],[3.569,45.261],[3.565,45.254]],[[3.576,45.251],[3.565,45.254]],[[3.601,45.262],[3.6,45.26],[3.592,45.259],[3.584,45.252],[3.576,45.251]],[[3.584,45.245],[3.576,45.251]],[[3.611,45.196],[3.582,45.196]],[[3.654,45.257],[3.656,45.254],[3.651,45.251],[3.653,45.25],[3.646,45.245],[3.641,45.245],[3.636,45.24],[3.624,45.237],[3.622,45.229],[3.618,45.226],[3.62,45.224],[3.613,45.221],[3.608,45.221],[3.604,45.214],[3.6,45.215],[3.594,45.211],[3.596,45.208],[3.587,45.204],[3.581,45.198],[3.582,45.196]],[[3.612,45.149],[3.605,45.145],[3.598,45.147],[3.587,45.145]],[[3.641,45.151],[3.637,45.152],[3.633,45.148],[3.618,45.146],[3.604,45.138],[3.587,45.145]],[[3.596,45.159],[3.595,45.158]],[[3.605,45.15],[3.6,45.152],[3.595,45.158]],[[3.609,45.163],[3.596,45.159]],[[3.618,45.171],[3.612,45.167],[3.607,45.167],[3.603,45.163],[3.598,45.162],[3.596,45.159]],[[3.6,45.318],[3.62,45.319],[3.627,45.318]],[[3.609,45.187],[3.611,45.196]],[[3.614,45.195],[3.611,45.196]],[[3.613,45.334],[3.627,45.318]],[[3.613,45.175],[3.616,45.18],[3.622,45.182]],[[3.622,45.182],[3.614,45.195]],[[3.637,45.195],[3.626,45.198],[3.617,45.195],[3.614,45.195]],[[3.62,45.299],[3.645,45.285]],[[3.621,45.283],[3.633,45.28],[3.645,45.285]],[[3.623,45.308],[3.625,45.31],[3.64,45.31],[3.642,45.318]],[[3.647,45.161],[3.638,45.161],[3.635,45.162],[3.631,45.176],[3.622,45.182]],[[3.627,45.318],[3.638,45.314],[3.642,45.318]],[[3.641,45.271],[3.648,45.273]],[[3.642,45.318],[3.645,45.321],[3.653,45.32],[3.656,45.322],[3.665,45.318]],[[3.645,45.285],[3.649,45.281]],[[3.654,45.286],[3.651,45.28],[3.646,45.279]],[[3.649,45.281],[3.646,45.279]],[[3.646,45.279],[3.648,45.273]],[[3.648,45.273],[3.649,45.267],[3.652,45.265],[3.65,45.259],[3.654,45.257]],[[3.648,45.273],[3.648,45.273]],[[3.669,45.272],[3.659,45.276],[3.653,45.273],[3.651,45.272],[3.648,45.273]],[[3.654,45.286],[3.649,45.281]],[[3.655,45.287],[3.654,45.286]],[[3.666,45.257],[3.659,45.26],[3.654,45.257]],[[3.656,45.287],[3.655,45.287]],[[3.656,45.288],[3.655,45.287]],[[3.667,45.302],[3.661,45.298],[3.661,45.289],[3.656,45.288]],[[3.656,45.288],[3.656,45.287]],[[3.669,45.282],[3.656,45.287]],[[3.698,45.293],[3.705,45.298],[3.717,45.314],[3.713,45.324],[3.707,45.327],[3.705,45.34],[3.697,45.346],[3.678,45.352],[3.665,45.344],[3.663,45.336],[3.667,45.324],[3.665,45.318]],[[3.665,45.318],[3.669,45.314]],[[3.676,45.264],[3.666,45.257]],[[3.681,45.25],[3.666,45.257]],[[3.673,45.31],[3.672,45.304],[3.667,45.302]],[[3.673,45.297],[3.667,45.302]],[[3.688,45.322],[3.682,45.322],[3.669,45.314]],[[3.669,45.314],[3.673,45.31]],[[3.672,45.289],[3.673,45.297]],[[3.683,45.313],[3.673,45.31]],[[3.682,45.288],[3.677,45.296],[3.673,45.297]],[[3.684,45.259],[3.681,45.25]],[[3.682,45.249],[3.681,45.25]],[[3.682,45.241],[3.68,45.245],[3.682,45.249]],[[3.691,45.245],[3.682,45.249]],[[3.683,45.282],[3.681,45.279],[3.684,45.267],[3.681,45.264],[3.684,45.259]],[[3.705,45.287],[3.702,45.281],[3.698,45.28],[3.69,45.262],[3.684,45.259]],[[3.703,45.263],[3.7,45.256],[3.691,45.245]],[[3.707,45.241],[3.703,45.237],[3.699,45.237],[3.691,45.245]]]}},{"type":"Feature","properties":{"nom":"LA BOUBLE ET SES AFFLUENTS DEPUIS LA SOURCE JUSQU'A MONESTIER","code":"GR0282","longueurKm":306.31156842259,"strahler":5.0},"geometry":{"type":"MultiLineString","coordinates":[[[2.788,46.141],[2.825,46.136]],[[2.788,46.121],[2.796,46.124],[2.816,46.12]],[[2.79,46.081],[2.794,46.09],[2.799,46.092]],[[2.793,46.103],[2.805,46.106]],[[2.799,46.092],[2.802,46.103]],[[2.813,46.089],[2.799,46.092]],[[2.802,46.103],[2.805,46.106]],[[2.82,46.097],[2.809,46.098],[2.802,46.103]],[[2.805,46.106],[2.817,46.12]],[[2.806,46.156],[2.815,46.154],[2.828,46.156]],[[2.808,46.164],[2.827,46.158],[2.828,46.156]],[[2.811,46.145],[2.829,46.141]],[[2.811,46.186],[2.834,46.181],[2.854,46.173]],[[2.816,46.12],[2.82,46.128]],[[2.817,46.12],[2.816,46.12]],[[2.816,46.194],[2.831,46.193]],[[2.821,46.105],[2.823,46.117],[2.819,46.121],[2.817,46.12]],[[2.82,46.172],[2.824,46.169],[2.844,46.169],[2.854,46.173]],[[2.82,46.128],[2.825,46.136]],[[2.84,46.124],[2.831,46.123],[2.82,46.128]],[[2.825,46.136],[2.825,46.136]],[[2.825,46.136],[2.829,46.141]],[[2.844,46.133],[2.833,46.131],[2.825,46.136]],[[2.828,46.156],[2.834,46.156],[2.839,46.153]],[[2.829,46.141],[2.831,46.147]],[[2.831,46.147],[2.839,46.153]],[[2.846,46.141],[2.831,46.147]],[[2.831,46.193],[2.85,46.19],[2.854,46.184],[2.864,46.18]],[[2.832,46.203],[2.824,46.201],[2.831,46.193]],[[2.833,46.209],[2.84,46.207],[2.84,46.203],[2.845,46.198],[2.879,46.184]],[[2.837,46.211],[2.847,46.21],[2.857,46.205],[2.865,46.206],[2.876,46.212]],[[2.839,46.153],[2.849,46.161]],[[2.846,46.135],[2.846,46.141]],[[2.854,46.137],[2.851,46.141],[2.846,46.141]],[[2.849,46.161],[2.85,46.163]],[[2.853,46.151],[2.849,46.161]],[[2.85,46.163],[2.855,46.173]],[[2.86,46.145],[2.861,46.15],[2.858,46.157],[2.85,46.163]],[[2.853,46.215],[2.859,46.219],[2.876,46.212]],[[2.854,46.173],[2.855,46.173]],[[2.855,46.173],[2.861,46.175]],[[2.871,46.159],[2.871,46.166],[2.861,46.175]],[[2.861,46.175],[2.86,46.178],[2.864,46.18]],[[2.864,46.18],[2.879,46.184]],[[2.876,46.233],[2.881,46.224],[2.907,46.215]],[[2.876,46.212],[2.898,46.211],[2.907,46.215]],[[2.879,46.184],[2.89,46.191],[2.893,46.197],[2.905,46.203],[2.904,46.206],[2.912,46.207]],[[2.884,46.17],[2.896,46.175]],[[2.891,46.152],[2.898,46.16]],[[2.892,46.253],[2.902,46.25],[2.946,46.259],[2.958,46.257]],[[2.893,46.265],[2.909,46.268]],[[2.896,46.175],[2.902,46.185]],[[2.898,46.16],[2.896,46.175]],[[2.909,46.155],[2.909,46.157],[2.899,46.158],[2.898,46.16]],[[2.899,46.228],[2.917,46.232],[2.946,46.242]],[[2.902,46.235],[2.905,46.239],[2.922,46.244],[2.931,46.245],[2.938,46.242],[2.946,46.242]],[[2.902,46.269],[2.909,46.268]],[[2.902,46.185],[2.907,46.189],[2.909,46.194],[2.907,46.197],[2.912,46.202]],[[2.916,46.174],[2.902,46.185]],[[2.907,46.215],[2.924,46.217]],[[2.908,46.26],[2.925,46.262],[2.962,46.263]],[[2.908,46.272],[2.916,46.269]],[[2.909,46.268],[2.916,46.269]],[[2.912,46.207],[2.916,46.208],[2.913,46.21],[2.917,46.212],[2.914,46.214],[2.924,46.217]],[[2.912,46.202],[2.909,46.203],[2.912,46.207]],[[2.916,46.198],[2.912,46.202]],[[2.923,46.175],[2.916,46.174]],[[2.918,46.159],[2.92,46.167],[2.916,46.174]],[[2.916,46.269],[2.937,46.271],[2.944,46.266],[2.951,46.267],[2.971,46.271],[2.978,46.279]],[[2.922,46.28],[2.929,46.279],[2.954,46.283],[2.957,46.28]],[[2.931,46.176],[2.923,46.175]],[[2.932,46.164],[2.923,46.175]],[[2.924,46.217],[2.926,46.219],[2.943,46.22],[2.949,46.227],[2.968,46.234],[2.966,46.236],[2.972,46.237],[2.972,46.24],[2.978,46.241],[2.98,46.244],[2.984,46.244],[2.984,46.247],[2.988,46.245],[2.997,46.248],[3.007,46.255],[3.009,46.262],[3.02,46.263],[3.02,46.267]],[[2.928,46.29],[2.94,46.29]],[[2.936,46.297],[2.941,46.295],[2.94,46.29]],[[2.94,46.29],[2.957,46.29]],[[2.946,46.242],[2.948,46.243]],[[2.948,46.243],[2.951,46.25]],[[2.962,46.241],[2.948,46.243]],[[2.949,46.273],[2.959,46.28]],[[2.949,46.301],[2.963,46.302]],[[2.95,46.279],[2.957,46.28]],[[2.951,46.25],[2.958,46.257]],[[2.967,46.246],[2.956,46.247],[2.951,46.25]],[[2.951,46.311],[2.963,46.302]],[[2.953,46.297],[2.959,46.297],[2.957,46.29]],[[2.957,46.28],[2.959,46.28]],[[2.957,46.29],[2.962,46.287],[2.963,46.282]],[[2.958,46.257],[2.962,46.263]],[[2.959,46.28],[2.963,46.282]],[[2.962,46.263],[2.97,46.267]],[[2.963,46.282],[2.978,46.279]],[[2.963,46.302],[2.972,46.294],[2.98,46.28]],[[2.97,46.267],[2.979,46.28]],[[2.974,46.256],[2.975,46.26],[2.97,46.267]],[[2.971,46.192],[2.975,46.195],[2.978,46.195]],[[2.972,46.197],[2.983,46.202]],[[2.975,46.314],[2.981,46.309],[2.989,46.307]],[[2.976,46.191],[2.978,46.195]],[[2.978,46.279],[2.979,46.28]],[[2.978,46.195],[2.985,46.197],[2.983,46.202]],[[2.979,46.332],[2.985,46.332],[2.994,46.326]],[[2.979,46.28],[2.98,46.28]],[[2.98,46.28],[2.986,46.281]],[[2.982,46.347],[2.986,46.34],[2.997,46.332],[2.994,46.326]],[[2.983,46.202],[2.984,46.211],[2.99,46.217],[3.014,46.226]],[[2.989,46.307],[2.986,46.288],[2.988,46.284],[2.986,46.281]],[[2.986,46.281],[2.989,46.276],[2.999,46.277],[3.0,46.275]],[[2.994,46.326],[2.989,46.307]],[[2.989,46.263],[2.996,46.266],[3.0,46.275]],[[2.993,46.352],[3.001,46.355],[3.02,46.347]],[[2.994,46.194],[3.0,46.195],[3.003,46.199],[3.001,46.204]],[[2.998,46.21],[3.005,46.211]],[[2.998,46.204],[3.001,46.204]],[[3.0,46.275],[3.005,46.275]],[[3.001,46.229],[3.014,46.226]],[[3.001,46.204],[3.005,46.211]],[[3.002,46.345],[3.02,46.347]],[[3.003,46.311],[3.007,46.31]],[[3.005,46.289],[3.003,46.281],[3.005,46.275]],[[3.005,46.275],[3.015,46.271],[3.025,46.276],[3.03,46.273]],[[3.016,46.291],[3.005,46.289]],[[3.015,46.302],[3.007,46.297],[3.005,46.289]],[[3.005,46.211],[3.008,46.215],[3.019,46.218]],[[3.007,46.313],[3.007,46.31]],[[3.007,46.31],[3.015,46.302]],[[3.007,46.334],[3.019,46.335],[3.023,46.333]],[[3.01,46.193],[3.022,46.197],[3.034,46.197]],[[3.013,46.202],[3.019,46.218]],[[3.014,46.226],[3.032,46.231]],[[3.014,46.33],[3.023,46.333]],[[3.024,46.31],[3.021,46.309],[3.022,46.307],[3.015,46.302]],[[3.016,46.19],[3.022,46.189],[3.03,46.191],[3.034,46.197]],[[3.019,46.218],[3.031,46.226]],[[3.02,46.347],[3.024,46.342],[3.034,46.34],[3.044,46.331]],[[3.02,46.267],[3.023,46.271]],[[3.02,46.267],[3.019,46.269],[3.023,46.271]],[[3.021,46.203],[3.052,46.217],[3.065,46.218]],[[3.023,46.333],[3.039,46.328]],[[3.023,46.271],[3.03,46.273]],[[3.029,46.313],[3.024,46.31]],[[3.032,46.304],[3.024,46.31]],[[3.039,46.328],[3.033,46.321],[3.035,46.319],[3.027,46.316],[3.029,46.313]],[[3.039,46.311],[3.029,46.313]],[[3.03,46.361],[3.044,46.357]],[[3.033,46.277],[3.03,46.273]],[[3.03,46.273],[3.036,46.269],[3.038,46.265],[3.043,46.263],[3.039,46.259],[3.045,46.259],[3.044,46.255],[3.051,46.251],[3.055,46.253],[3.061,46.251],[3.061,46.248]],[[3.031,46.288],[3.029,46.283],[3.033,46.277]],[[3.031,46.226],[3.032,46.231]],[[3.032,46.225],[3.031,46.226]],[[3.032,46.231],[3.052,46.246],[3.061,46.248]],[[3.033,46.218],[3.032,46.225]],[[3.038,46.224],[3.032,46.225]],[[3.045,46.286],[3.047,46.283],[3.039,46.281],[3.033,46.277]],[[3.034,46.197],[3.04,46.198],[3.046,46.204],[3.055,46.208],[3.065,46.218]],[[3.034,46.368],[3.038,46.363],[3.045,46.36],[3.044,46.357]],[[3.044,46.331],[3.039,46.328]],[[3.04,46.375],[3.054,46.376],[3.057,46.374]],[[3.044,46.382],[3.07,46.383],[3.084,46.381]],[[3.065,46.343],[3.044,46.331]],[[3.044,46.357],[3.046,46.351],[3.055,46.35],[3.058,46.345],[3.065,46.343]],[[3.049,46.369],[3.066,46.372]],[[3.05,46.388],[3.081,46.39]],[[3.05,46.373],[3.057,46.374]],[[3.051,46.364],[3.066,46.366],[3.072,46.362]],[[3.057,46.374],[3.063,46.374],[3.066,46.372]],[[3.061,46.248],[3.07,46.243],[3.076,46.244],[3.084,46.237],[3.09,46.237],[3.088,46.234],[3.09,46.231],[3.095,46.232]],[[3.062,46.4],[3.077,46.399],[3.081,46.392]],[[3.074,46.357],[3.072,46.346],[3.067,46.346],[3.065,46.343]],[[3.065,46.218],[3.095,46.224],[3.098,46.23],[3.095,46.232]],[[3.066,46.372],[3.072,46.369]],[[3.069,46.409],[3.08,46.402],[3.089,46.401]],[[3.072,46.369],[3.074,46.364],[3.072,46.362]],[[3.072,46.362],[3.074,46.357]],[[3.084,46.381],[3.08,46.374],[3.072,46.369]],[[3.092,46.365],[3.079,46.357],[3.074,46.357]],[[3.078,46.392],[3.08,46.391]],[[3.081,46.392],[3.08,46.391]],[[3.08,46.391],[3.081,46.39]],[[3.081,46.39],[3.086,46.387],[3.086,46.383]],[[3.089,46.401],[3.089,46.396],[3.083,46.392],[3.082,46.392],[3.081,46.392]],[[3.086,46.383],[3.084,46.381]],[[3.101,46.391],[3.096,46.386],[3.086,46.383]],[[3.091,46.41],[3.087,46.404],[3.089,46.401]],[[3.095,46.232],[3.098,46.236],[3.109,46.237],[3.114,46.241],[3.119,46.241]]]}},{"type":"Feature","properties":{"nom":"LA BIEUDRE ET SES AFFLUENTS DEPUIS LA SOURCE JUSQU'A LA CONFLUENCE AVEC L'ALLIER","code":"GR0286","longueurKm":290.70656401097,"strahler":5.0},"geometry":{"type":"MultiLineString","coordinates":[[[2.83,46.596],[2.847,46.599]],[[2.832,46.585],[2.834,46.584],[2.832,46.58],[2.841,46.574]],[[2.834,46.593],[2.847,46.599]],[[2.837,46.645],[2.858,46.651],[2.856,46.656]],[[2.838,46.57],[2.841,46.574]],[[2.84,46.591],[2.852,46.59],[2.872,46.593],[2.874,46.592]],[[2.841,46.574],[2.849,46.571]],[[2.842,46.607],[2.863,46.612]],[[2.843,46.638],[2.853,46.641],[2.861,46.639],[2.873,46.642],[2.878,46.641]],[[2.843,46.67],[2.853,46.671],[2.874,46.663]],[[2.845,46.613],[2.863,46.612]],[[2.845,46.659],[2.853,46.66],[2.856,46.656]],[[2.846,46.663],[2.852,46.663],[2.866,46.66]],[[2.847,46.599],[2.882,46.61]],[[2.851,46.579],[2.849,46.571]],[[2.849,46.571],[2.875,46.571]],[[2.851,46.582],[2.885,46.575]],[[2.853,46.561],[2.869,46.565],[2.875,46.571]],[[2.855,46.623],[2.869,46.628]],[[2.855,46.628],[2.869,46.628]],[[2.856,46.656],[2.865,46.659]],[[2.856,46.679],[2.876,46.685],[2.908,46.688],[2.917,46.691]],[[2.863,46.612],[2.886,46.615]],[[2.864,46.634],[2.878,46.641]],[[2.865,46.659],[2.866,46.66]],[[2.868,46.649],[2.866,46.652],[2.868,46.656],[2.865,46.659]],[[2.866,46.66],[2.874,46.663]],[[2.869,46.628],[2.881,46.632]],[[2.87,46.585],[2.883,46.586],[2.896,46.591]],[[2.872,46.6],[2.882,46.604],[2.882,46.61]],[[2.872,46.588],[2.874,46.592]],[[2.873,46.69],[2.883,46.692],[2.883,46.696],[2.888,46.699],[2.904,46.704],[2.926,46.7]],[[2.874,46.663],[2.875,46.663]],[[2.874,46.592],[2.879,46.593],[2.896,46.591]],[[2.874,46.655],[2.875,46.663]],[[2.875,46.571],[2.879,46.572]],[[2.875,46.663],[2.906,46.669],[2.916,46.667]],[[2.876,46.646],[2.885,46.643]],[[2.878,46.706],[2.888,46.705],[2.904,46.711],[2.908,46.717]],[[2.878,46.641],[2.884,46.642]],[[2.878,46.627],[2.881,46.632]],[[2.879,46.566],[2.883,46.568],[2.879,46.572]],[[2.879,46.572],[2.88,46.573]],[[2.88,46.573],[2.893,46.575]],[[2.88,46.573],[2.885,46.575]],[[2.881,46.632],[2.885,46.634],[2.884,46.642]],[[2.882,46.61],[2.883,46.615],[2.886,46.615]],[[2.883,46.75],[2.894,46.761],[2.921,46.764]],[[2.884,46.642],[2.885,46.643]],[[2.885,46.575],[2.893,46.575]],[[2.885,46.643],[2.901,46.647],[2.915,46.648]],[[2.886,46.615],[2.91,46.622]],[[2.888,46.721],[2.898,46.716],[2.908,46.717]],[[2.889,46.626],[2.893,46.626],[2.918,46.631],[2.929,46.627]],[[2.891,46.73],[2.935,46.734]],[[2.891,46.612],[2.906,46.614]],[[2.892,46.655],[2.904,46.663],[2.916,46.667]],[[2.893,46.575],[2.914,46.58]],[[2.893,46.748],[2.904,46.754],[2.917,46.757]],[[2.894,46.56],[2.91,46.569]],[[2.896,46.591],[2.907,46.591],[2.923,46.585]],[[2.896,46.601],[2.918,46.599],[2.928,46.601],[2.93,46.605],[2.944,46.61]],[[2.897,46.637],[2.914,46.644],[2.915,46.648]],[[2.897,46.607],[2.906,46.614]],[[2.899,46.683],[2.901,46.685],[2.908,46.685]],[[2.902,46.757],[2.907,46.758],[2.917,46.757]],[[2.904,46.696],[2.926,46.7]],[[2.906,46.614],[2.911,46.618],[2.91,46.622]],[[2.908,46.677],[2.908,46.685]],[[2.908,46.685],[2.914,46.686],[2.917,46.691]],[[2.909,46.561],[2.912,46.565],[2.91,46.569]],[[2.908,46.717],[2.91,46.717]],[[2.91,46.622],[2.929,46.627]],[[2.91,46.569],[2.914,46.58]],[[2.91,46.717],[2.914,46.717],[2.916,46.721]],[[2.91,46.717],[2.914,46.716],[2.916,46.721]],[[2.913,46.741],[2.919,46.746]],[[2.914,46.58],[2.921,46.582],[2.923,46.585]],[[2.915,46.648],[2.938,46.655],[2.945,46.659],[2.946,46.663],[2.944,46.667],[2.95,46.674],[2.966,46.678]],[[2.915,46.751],[2.915,46.747],[2.919,46.746]],[[2.916,46.667],[2.935,46.671],[2.949,46.679],[2.969,46.679]],[[2.916,46.721],[2.935,46.725]],[[2.917,46.757],[2.928,46.759]],[[2.917,46.691],[2.926,46.7]],[[2.918,46.767],[2.921,46.764]],[[2.919,46.746],[2.925,46.747],[2.93,46.743],[2.945,46.741]],[[2.921,46.764],[2.928,46.759]],[[2.923,46.585],[2.94,46.59]],[[2.926,46.7],[2.935,46.698],[2.953,46.699]],[[2.927,46.616],[2.937,46.62],[2.94,46.627]],[[2.927,46.614],[2.938,46.615],[2.944,46.61]],[[2.928,46.759],[2.932,46.755]],[[2.928,46.569],[2.939,46.579],[2.944,46.581]],[[2.929,46.714],[2.935,46.725]],[[2.929,46.627],[2.94,46.627]],[[2.94,46.767],[2.936,46.765],[2.941,46.762],[2.932,46.757],[2.932,46.755]],[[2.932,46.755],[2.945,46.741]],[[2.935,46.725],[2.935,46.734]],[[2.935,46.562],[2.944,46.574],[2.944,46.581]],[[2.935,46.734],[2.946,46.738]],[[2.936,46.705],[2.945,46.707],[2.949,46.704],[2.957,46.704]],[[2.936,46.642],[2.939,46.645],[2.952,46.649],[2.953,46.656],[2.959,46.659],[2.968,46.672],[2.966,46.678]],[[2.94,46.59],[2.942,46.594],[2.954,46.602],[2.951,46.607],[2.955,46.611]],[[2.945,46.586],[2.94,46.59]],[[2.94,46.627],[2.951,46.632],[2.957,46.631]],[[2.944,46.581],[2.945,46.586]],[[2.944,46.61],[2.955,46.611]],[[2.945,46.741],[2.946,46.738]],[[2.947,46.555],[2.95,46.558],[2.949,46.568],[2.956,46.578],[2.954,46.584],[2.952,46.584],[2.951,46.585],[2.946,46.586],[2.945,46.586]],[[2.946,46.738],[2.946,46.738]],[[2.946,46.738],[2.95,46.736],[2.961,46.738],[2.962,46.738]],[[2.946,46.738],[2.952,46.737]],[[2.949,46.691],[2.954,46.695],[2.953,46.699]],[[2.951,46.638],[2.954,46.632],[2.961,46.634],[2.967,46.633]],[[2.952,46.549],[2.959,46.55],[2.964,46.554],[2.97,46.554],[2.984,46.568]],[[2.952,46.621],[2.957,46.631]],[[2.952,46.737],[2.963,46.739],[2.973,46.74]],[[2.952,46.737],[2.954,46.737],[2.962,46.738]],[[2.953,46.699],[2.957,46.704]],[[2.955,46.611],[2.956,46.614],[2.966,46.614],[2.968,46.616]],[[2.955,46.726],[2.965,46.736]],[[2.956,46.752],[2.972,46.75],[2.988,46.738]],[[2.957,46.704],[2.965,46.708],[2.984,46.708]],[[2.957,46.631],[2.967,46.633]],[[2.962,46.738],[2.965,46.739]],[[2.964,46.563],[2.984,46.568]],[[2.965,46.736],[2.965,46.739]],[[2.967,46.73],[2.967,46.734],[2.965,46.736]],[[2.965,46.739],[2.973,46.74]],[[2.966,46.678],[2.969,46.679]],[[2.967,46.633],[2.979,46.637],[2.985,46.643]],[[2.968,46.571],[2.977,46.571],[2.98,46.573],[2.974,46.579]],[[2.968,46.616],[2.978,46.623]],[[2.971,46.608],[2.968,46.616]],[[2.969,46.679],[2.979,46.684],[2.987,46.695],[2.989,46.704],[2.996,46.708],[2.992,46.712]],[[2.974,46.579],[2.969,46.582],[2.973,46.601],[2.971,46.608]],[[2.988,46.599],[2.98,46.606],[2.971,46.608]],[[2.973,46.74],[2.988,46.738]],[[2.984,46.568],[2.977,46.579],[2.975,46.579],[2.974,46.579]],[[2.978,46.623],[2.981,46.634],[2.989,46.637]],[[2.98,46.62],[2.978,46.623]],[[2.979,46.704],[2.984,46.708]],[[2.994,46.619],[2.986,46.62],[2.98,46.62]],[[2.998,46.61],[2.995,46.613],[2.987,46.614],[2.98,46.62]],[[2.984,46.708],[2.992,46.712]],[[2.984,46.568],[2.984,46.568]],[[2.985,46.563],[2.988,46.567],[2.986,46.569],[2.984,46.568]],[[2.985,46.643],[2.989,46.646],[2.987,46.65],[2.996,46.651],[2.993,46.657],[3.002,46.657],[3.0,46.668],[3.007,46.67],[3.005,46.674],[3.008,46.68],[3.006,46.684],[3.009,46.687],[2.996,46.693],[3.005,46.699],[3.001,46.704],[3.008,46.708]],[[2.989,46.637],[2.985,46.643]],[[2.988,46.738],[2.997,46.735],[3.009,46.734],[3.011,46.736]],[[3.006,46.63],[2.999,46.631],[2.996,46.637],[2.991,46.638],[2.989,46.637]],[[2.992,46.712],[2.998,46.717],[3.003,46.718]],[[3.003,46.718],[3.006,46.722],[3.014,46.723],[3.015,46.727],[3.017,46.726]],[[3.009,46.711],[3.009,46.715],[3.003,46.718]],[[3.018,46.632],[3.006,46.63]],[[3.011,46.626],[3.006,46.63]],[[3.008,46.708],[3.009,46.711]],[[3.008,46.708],[3.008,46.709],[3.009,46.711]],[[3.011,46.736],[3.007,46.739],[3.008,46.741],[3.024,46.745],[3.026,46.748],[3.022,46.751],[3.029,46.752],[3.032,46.764],[3.036,46.764]],[[3.017,46.726],[3.011,46.736]],[[3.028,46.723],[3.017,46.726]],[[3.041,46.671],[3.039,46.679],[3.024,46.69],[3.023,46.694],[3.025,46.703],[3.023,46.712],[3.028,46.723]],[[3.034,46.718],[3.028,46.723]],[[3.054,46.718],[3.046,46.72],[3.034,46.718]],[[3.038,46.711],[3.034,46.718]],[[3.04,46.704],[3.036,46.708],[3.038,46.711]],[[3.043,46.71],[3.038,46.711]],[[3.053,46.694],[3.049,46.699],[3.049,46.706],[3.043,46.71]],[[3.06,46.701],[3.051,46.709],[3.043,46.71]]]}},{"type":"Feature","properties":{"nom":"LE BEUVRON DEPUIS NEUNG-SUR-BEUVRON JUSQU'A LA CONFLUENCE AVEC LA LOIRE","code":"GR0288","longueurKm":66.75261326497,"strahler":6.0},"geometry":{"type":"MultiLineString","coordinates":[[[1.31,47.491],[1.295,47.494],[1.282,47.489],[1.273,47.493],[1.266,47.492],[1.252,47.495],[1.244,47.493],[1.239,47.494]],[[1.323,47.494],[1.31,47.491]],[[1.323,47.492],[1.316,47.49],[1.31,47.491]],[[1.326,47.495],[1.323,47.494]],[[1.323,47.494],[1.323,47.492]],[[1.326,47.495],[1.323,47.492]],[[1.385,47.525],[1.377,47.52],[1.357,47.515],[1.35,47.507],[1.331,47.499],[1.326,47.495]],[[1.388,47.529],[1.388,47.528],[1.385,47.525]],[[1.388,47.529],[1.385,47.525]],[[1.438,47.534],[1.412,47.532],[1.4,47.534],[1.388,47.529]],[[1.442,47.535],[1.438,47.534]],[[1.442,47.535],[1.441,47.534],[1.44,47.534],[1.438,47.534]],[[1.481,47.54],[1.475,47.542],[1.47,47.539],[1.466,47.541],[1.459,47.538],[1.453,47.538],[1.45,47.536],[1.447,47.536],[1.443,47.535],[1.442,47.535]],[[1.497,47.54],[1.492,47.542],[1.486,47.542],[1.481,47.54]],[[1.497,47.54],[1.491,47.542],[1.485,47.54],[1.481,47.54]],[[1.499,47.54],[1.497,47.54]],[[1.514,47.545],[1.5,47.542],[1.499,47.54]],[[1.514,47.545],[1.501,47.54],[1.501,47.54],[1.499,47.54]],[[1.538,47.551],[1.514,47.545]],[[1.542,47.552],[1.538,47.551]],[[1.542,47.552],[1.54,47.552],[1.538,47.551]],[[1.547,47.555],[1.542,47.552]],[[1.584,47.564],[1.559,47.559],[1.547,47.555]],[[1.584,47.564],[1.547,47.553],[1.547,47.555]],[[1.586,47.563],[1.584,47.564]],[[1.609,47.558],[1.601,47.562],[1.596,47.561],[1.593,47.563],[1.586,47.563]],[[1.608,47.556],[1.586,47.563]],[[1.608,47.556],[1.609,47.558]],[[1.613,47.555],[1.608,47.556]],[[1.624,47.553],[1.611,47.559],[1.609,47.558]],[[1.613,47.555],[1.609,47.558]],[[1.624,47.553],[1.616,47.553],[1.613,47.555]],[[1.654,47.543],[1.647,47.545],[1.64,47.551],[1.624,47.553]],[[1.662,47.536],[1.654,47.543]],[[1.662,47.536],[1.659,47.539],[1.654,47.543]],[[1.72,47.529],[1.702,47.529],[1.674,47.525],[1.662,47.536]],[[1.723,47.528],[1.721,47.529],[1.72,47.529]],[[1.723,47.528],[1.72,47.529]],[[1.723,47.528],[1.723,47.528]],[[1.741,47.527],[1.727,47.528],[1.723,47.528]],[[1.741,47.527],[1.736,47.525],[1.723,47.528]],[[1.792,47.529],[1.779,47.53],[1.761,47.53],[1.752,47.527],[1.741,47.527]],[[1.794,47.528],[1.792,47.529],[1.792,47.529]],[[1.794,47.528],[1.792,47.529]],[[1.803,47.532],[1.803,47.529],[1.8,47.529],[1.796,47.528],[1.794,47.528]]]}},{"type":"Feature","properties":{"nom":"LE NEANT DEPUIS SAINT-VIATRE JUSQU'A LA CONFLUENCE AVEC LE BEUVRON","code":"GR0304","longueurKm":21.57113339765,"strahler":5.0},"geometry":{"type":"LineString","coordinates":[[1.912,47.538],[1.882,47.531],[1.86,47.517],[1.832,47.519],[1.81,47.515],[1.802,47.512],[1.78,47.51],[1.71,47.516],[1.698,47.515],[1.669,47.525],[1.665,47.534]]}},{"type":"Feature","properties":{"nom":"LE COSSON DEPUIS LA CONFLUENCE DE LA CANNE JUSQU'A L'AVAL DE VINEUIL","code":"GR0309A","longueurKm":79.07662890897,"strahler":5.0},"geometry":{"type":"MultiLineString","coordinates":[[[1.382,47.579],[1.36,47.581]],[[1.387,47.578],[1.384,47.578],[1.382,47.579]],[[1.387,47.578],[1.382,47.579]],[[1.41,47.579],[1.401,47.583],[1.393,47.578],[1.387,47.578]],[[1.412,47.58],[1.412,47.58],[1.412,47.579],[1.411,47.579],[1.41,47.579]],[[1.412,47.58],[1.41,47.579]],[[1.419,47.585],[1.412,47.58]],[[1.422,47.586],[1.419,47.585]],[[1.422,47.586],[1.421,47.585],[1.419,47.585],[1.419,47.585]],[[1.459,47.594],[1.436,47.591],[1.422,47.586]],[[1.502,47.615],[1.489,47.613],[1.459,47.594]],[[1.512,47.585],[1.503,47.592],[1.472,47.585],[1.461,47.589],[1.459,47.594]],[[1.501,47.577],[1.512,47.585]],[[1.526,47.617],[1.52,47.617],[1.517,47.619],[1.502,47.615]],[[1.528,47.612],[1.523,47.613],[1.513,47.611],[1.502,47.615]],[[1.516,47.583],[1.512,47.585]],[[1.528,47.579],[1.522,47.577],[1.516,47.583]],[[1.53,47.583],[1.516,47.583]],[[1.569,47.63],[1.551,47.626],[1.542,47.619],[1.526,47.617]],[[1.528,47.612],[1.526,47.617]],[[1.569,47.63],[1.555,47.626],[1.528,47.612]],[[1.544,47.603],[1.532,47.608],[1.528,47.612]],[[1.537,47.579],[1.544,47.603]],[[1.571,47.592],[1.564,47.599],[1.544,47.603]],[[1.561,47.584],[1.571,47.592]],[[1.563,47.583],[1.572,47.585],[1.576,47.59]],[[1.616,47.65],[1.6,47.646],[1.581,47.634],[1.569,47.63]],[[1.576,47.59],[1.571,47.592]],[[1.591,47.588],[1.576,47.59]],[[1.601,47.594],[1.591,47.588]],[[1.625,47.591],[1.601,47.587],[1.591,47.588]],[[1.623,47.652],[1.616,47.65]],[[1.623,47.652],[1.619,47.652],[1.616,47.65]],[[1.647,47.656],[1.623,47.652]],[[1.666,47.657],[1.668,47.656],[1.664,47.657],[1.655,47.655],[1.647,47.656]],[[1.666,47.657],[1.658,47.657],[1.656,47.656],[1.65,47.656],[1.647,47.656]],[[1.703,47.662],[1.682,47.656],[1.666,47.657]],[[1.709,47.663],[1.703,47.662]],[[1.709,47.663],[1.706,47.662],[1.703,47.662],[1.703,47.662]],[[1.759,47.673],[1.73,47.665],[1.714,47.664],[1.711,47.663],[1.71,47.663],[1.709,47.663],[1.709,47.663]],[[1.764,47.676],[1.759,47.673]],[[1.764,47.676],[1.761,47.676],[1.759,47.673]],[[1.782,47.682],[1.772,47.677],[1.764,47.676]],[[1.789,47.687],[1.782,47.682]],[[1.789,47.687],[1.782,47.682],[1.782,47.682]],[[1.797,47.691],[1.789,47.687]],[[1.799,47.691],[1.797,47.691]],[[1.799,47.691],[1.798,47.692],[1.797,47.691]],[[1.837,47.704],[1.814,47.701],[1.803,47.695],[1.799,47.691],[1.799,47.691],[1.799,47.691]]]}},{"type":"Feature","properties":{"nom":"LA VAUVISE ET SES AFFLUENTS DEPUIS LA SOURCE JUSQU'A LA CONFLUENCE AVEC LA LOIRE","code":"GR0290","longueurKm":226.56944675437,"strahler":5.0},"geometry":{"type":"MultiLineString","coordinates":[[[2.733,47.179],[2.744,47.171],[2.756,47.17],[2.758,47.171]],[[2.754,47.143],[2.755,47.147],[2.752,47.149],[2.756,47.151],[2.76,47.152],[2.764,47.149],[2.769,47.152]],[[2.758,47.171],[2.789,47.169]],[[2.765,47.191],[2.765,47.185],[2.757,47.175],[2.758,47.171]],[[2.758,47.208],[2.766,47.206]],[[2.759,47.195],[2.769,47.195],[2.774,47.199]],[[2.761,47.198],[2.774,47.199]],[[2.766,47.206],[2.774,47.205]],[[2.766,47.206],[2.767,47.206],[2.77,47.206],[2.771,47.207],[2.774,47.205]],[[2.769,47.152],[2.781,47.16],[2.782,47.164],[2.789,47.169]],[[2.78,47.133],[2.782,47.141],[2.771,47.147],[2.769,47.152]],[[2.774,47.205],[2.8,47.212]],[[2.774,47.199],[2.785,47.208],[2.801,47.211]],[[2.774,47.217],[2.793,47.215],[2.8,47.212]],[[2.789,47.169],[2.797,47.173],[2.806,47.182],[2.812,47.183],[2.817,47.187],[2.832,47.192],[2.848,47.193]],[[2.791,47.036],[2.79,47.05],[2.811,47.045]],[[2.8,47.212],[2.801,47.211]],[[2.801,47.211],[2.817,47.205]],[[2.806,47.038],[2.814,47.038],[2.814,47.044]],[[2.808,47.125],[2.824,47.136]],[[2.844,47.013],[2.837,47.019],[2.828,47.022],[2.816,47.021],[2.801,47.024],[2.799,47.044],[2.801,47.045],[2.811,47.045]],[[2.811,47.045],[2.814,47.044]],[[2.814,47.044],[2.818,47.047]],[[2.816,47.137],[2.818,47.138]],[[2.828,47.058],[2.816,47.055]],[[2.816,47.055],[2.811,47.064],[2.825,47.08]],[[2.818,47.048],[2.824,47.054],[2.816,47.055]],[[2.816,47.139],[2.818,47.138]],[[2.817,47.205],[2.823,47.203]],[[2.817,47.205],[2.818,47.205],[2.821,47.205],[2.823,47.203]],[[2.818,47.047],[2.818,47.048]],[[2.834,47.026],[2.828,47.025],[2.822,47.028],[2.818,47.047]],[[2.837,47.04],[2.834,47.043],[2.824,47.044],[2.818,47.048]],[[2.818,47.138],[2.824,47.136]],[[2.819,47.122],[2.821,47.126],[2.835,47.129]],[[2.823,47.203],[2.844,47.196]],[[2.824,47.136],[2.832,47.132],[2.835,47.129]],[[2.825,47.08],[2.828,47.087],[2.836,47.092],[2.836,47.096]],[[2.832,47.074],[2.829,47.08],[2.825,47.08]],[[2.832,47.118],[2.841,47.125]],[[2.834,47.148],[2.855,47.171],[2.854,47.176],[2.865,47.192],[2.879,47.2],[2.879,47.207]],[[2.835,47.129],[2.841,47.125]],[[2.836,47.096],[2.844,47.102]],[[2.836,47.096],[2.837,47.096],[2.843,47.1],[2.844,47.102]],[[2.841,47.037],[2.838,47.04],[2.837,47.04]],[[2.843,47.031],[2.838,47.034],[2.837,47.04]],[[2.84,47.116],[2.843,47.124]],[[2.841,47.125],[2.843,47.124]],[[2.843,47.124],[2.86,47.123]],[[2.852,46.996],[2.844,46.998],[2.844,47.013]],[[2.849,47.012],[2.844,47.013]],[[2.844,47.102],[2.857,47.109]],[[2.844,47.196],[2.845,47.193],[2.848,47.193]],[[2.844,47.196],[2.85,47.194],[2.855,47.198],[2.857,47.198],[2.863,47.198]],[[2.847,47.12],[2.848,47.112],[2.857,47.109]],[[2.86,47.068],[2.847,47.07]],[[2.847,47.07],[2.855,47.081]],[[2.851,47.043],[2.85,47.047],[2.841,47.048],[2.837,47.053],[2.837,47.057],[2.847,47.07]],[[2.864,47.017],[2.859,47.013],[2.849,47.012]],[[2.862,47.009],[2.849,47.012]],[[2.848,47.135],[2.857,47.134],[2.862,47.129],[2.86,47.123]],[[2.848,47.193],[2.853,47.194],[2.857,47.198],[2.861,47.196],[2.863,47.198]],[[2.855,47.081],[2.852,47.083],[2.852,47.091],[2.866,47.1]],[[2.861,47.078],[2.855,47.081]],[[2.857,47.109],[2.869,47.108]],[[2.86,47.05],[2.866,47.064],[2.873,47.07],[2.874,47.078],[2.875,47.09],[2.866,47.094]],[[2.86,47.123],[2.873,47.123],[2.884,47.117]],[[2.863,47.198],[2.866,47.202]],[[2.864,47.085],[2.859,47.087],[2.866,47.094]],[[2.866,47.1],[2.866,47.103]],[[2.866,47.094],[2.866,47.1]],[[2.866,47.103],[2.87,47.107],[2.875,47.107],[2.876,47.108]],[[2.866,47.103],[2.869,47.108]],[[2.892,47.056],[2.893,47.061],[2.883,47.082],[2.882,47.093],[2.872,47.097],[2.866,47.103]],[[2.866,47.202],[2.868,47.205],[2.886,47.213]],[[2.866,47.202],[2.867,47.202],[2.869,47.203],[2.879,47.207]],[[2.889,47.278],[2.894,47.287],[2.876,47.308],[2.868,47.309],[2.859,47.317],[2.857,47.323],[2.864,47.327],[2.864,47.335],[2.868,47.338]],[[2.868,47.116],[2.875,47.12],[2.884,47.117]],[[2.869,47.108],[2.876,47.108]],[[2.876,47.03],[2.891,47.034],[2.897,47.034]],[[2.876,47.108],[2.882,47.111],[2.891,47.11]],[[2.879,47.207],[2.886,47.213]],[[2.884,47.117],[2.891,47.11]],[[2.885,47.028],[2.897,47.034]],[[2.886,47.213],[2.887,47.213]],[[2.887,47.213],[2.895,47.225]],[[2.887,47.213],[2.888,47.213],[2.894,47.217],[2.895,47.225]],[[2.889,47.053],[2.888,47.056],[2.892,47.056]],[[2.895,47.272],[2.888,47.274],[2.889,47.278]],[[2.892,47.275],[2.889,47.278]],[[2.891,47.11],[2.923,47.119],[2.929,47.126]],[[2.902,47.26],[2.903,47.266],[2.896,47.274],[2.894,47.274],[2.893,47.275],[2.892,47.275]],[[2.895,47.272],[2.892,47.275]],[[2.896,47.052],[2.892,47.056]],[[2.895,47.225],[2.899,47.23],[2.898,47.232]],[[2.902,47.26],[2.895,47.272]],[[2.896,47.238],[2.9,47.253]],[[2.896,47.238],[2.896,47.246],[2.9,47.253]],[[2.898,47.232],[2.896,47.238]],[[2.897,47.034],[2.912,47.039],[2.916,47.049]],[[2.898,47.042],[2.905,47.041],[2.909,47.047],[2.916,47.049]],[[2.911,47.182],[2.91,47.187],[2.9,47.191],[2.9,47.194],[2.894,47.198],[2.899,47.2],[2.907,47.211],[2.904,47.226],[2.898,47.232]],[[2.9,47.253],[2.902,47.26]],[[2.914,47.17],[2.908,47.171],[2.903,47.175],[2.911,47.182]],[[2.914,47.17],[2.905,47.175],[2.911,47.182]],[[2.917,47.162],[2.911,47.165],[2.912,47.166],[2.914,47.167]],[[2.917,47.162],[2.914,47.167]],[[2.914,47.167],[2.918,47.169],[2.914,47.17]],[[2.916,47.039],[2.924,47.045],[2.918,47.05]],[[2.916,47.049],[2.918,47.05]],[[2.917,47.092],[2.93,47.098]],[[2.918,47.159],[2.917,47.162]],[[2.918,47.05],[2.928,47.07],[2.936,47.075],[2.946,47.078]],[[2.918,47.155],[2.92,47.156],[2.918,47.159]],[[2.923,47.151],[2.916,47.151],[2.915,47.153],[2.918,47.155]],[[2.921,47.152],[2.917,47.153],[2.918,47.155]],[[2.921,47.152],[2.919,47.153],[2.921,47.157],[2.918,47.159]],[[2.923,47.151],[2.921,47.152]],[[2.921,47.147],[2.924,47.15],[2.923,47.151]],[[2.921,47.147],[2.923,47.151]],[[2.933,47.137],[2.921,47.147]],[[2.929,47.126],[2.931,47.13]],[[2.935,47.118],[2.935,47.122],[2.929,47.126]],[[2.929,47.105],[2.931,47.106]],[[2.93,47.098],[2.932,47.104]],[[2.941,47.094],[2.93,47.098]],[[2.931,47.13],[2.93,47.134],[2.933,47.137]],[[2.931,47.13],[2.927,47.134],[2.933,47.137]],[[2.931,47.106],[2.933,47.107]],[[2.932,47.104],[2.931,47.106]],[[2.932,47.084],[2.933,47.089],[2.941,47.094]],[[2.932,47.104],[2.933,47.107]],[[2.933,47.107],[2.937,47.114],[2.935,47.118]],[[2.966,47.1],[2.958,47.104],[2.949,47.117],[2.94,47.119],[2.935,47.118]],[[2.938,47.057],[2.944,47.06]],[[2.957,47.095],[2.941,47.094]],[[2.947,47.085],[2.941,47.094]],[[2.944,47.06],[2.95,47.066]],[[2.946,47.055],[2.944,47.06]],[[2.946,47.078],[2.949,47.081],[2.947,47.085]],[[2.95,47.066],[2.952,47.074],[2.946,47.078]],[[2.949,47.085],[2.947,47.085]],[[2.952,47.051],[2.955,47.064],[2.95,47.066]]]}},{"type":"Feature","properties":{"nom":"LE COSSON DEPUIS L'AVAL DE VINEUIL JUSQU'A LA CONFLUENCE AVEC LE BEUVRON","code":"GR0309B","longueurKm":15.73402160752,"strahler":5.0},"geometry":{"type":"MultiLineString","coordinates":[[[1.305,47.541],[1.28,47.525],[1.276,47.511],[1.264,47.507],[1.25,47.495]],[[1.311,47.545],[1.305,47.541]],[[1.311,47.545],[1.306,47.545],[1.305,47.541]],[[1.317,47.549],[1.311,47.545]],[[1.322,47.554],[1.317,47.549]],[[1.322,47.554],[1.316,47.552],[1.317,47.549]],[[1.36,47.581],[1.322,47.554]]]}},{"type":"Feature","properties":{"nom":"LA CISSE DEPUIS CHOUZY-SUR-CISSE JUSQU'A LA CONFLUENCE AVEC LA LOIRE","code":"GR0311B","longueurKm":59.45438773364,"strahler":5.0},"geometry":{"type":"MultiLineString","coordinates":[[[0.877,47.418],[0.851,47.412],[0.841,47.405],[0.832,47.404],[0.82,47.408],[0.795,47.407],[0.779,47.409]],[[0.888,47.418],[0.883,47.42],[0.877,47.418]],[[0.888,47.418],[0.877,47.418]],[[0.901,47.416],[0.888,47.418]],[[0.926,47.422],[0.922,47.42],[0.918,47.413],[0.912,47.416],[0.901,47.416]],[[0.914,47.421],[0.901,47.416]],[[0.918,47.421],[0.916,47.421],[0.914,47.421]],[[0.918,47.421],[0.914,47.421]],[[0.927,47.423],[0.924,47.423],[0.92,47.422],[0.918,47.421],[0.918,47.421]],[[0.927,47.423],[0.926,47.422]],[[0.947,47.429],[0.937,47.421],[0.929,47.42],[0.926,47.422]],[[0.947,47.429],[0.927,47.423]],[[1.006,47.44],[1.0,47.436],[0.982,47.431],[0.977,47.437],[0.949,47.43],[0.947,47.429],[0.947,47.429]],[[1.007,47.44],[1.006,47.44]],[[1.007,47.44],[1.007,47.44],[1.006,47.44]],[[1.043,47.457],[1.02,47.45],[1.007,47.44]],[[1.12,47.481],[1.093,47.47],[1.076,47.47],[1.06,47.462],[1.043,47.457]],[[1.119,47.482],[1.115,47.486],[1.097,47.48],[1.087,47.474],[1.078,47.473],[1.067,47.466],[1.056,47.465],[1.044,47.46],[1.043,47.457]],[[1.123,47.482],[1.12,47.483],[1.119,47.482]],[[1.119,47.482],[1.12,47.481]],[[1.123,47.482],[1.12,47.481]],[[1.127,47.483],[1.123,47.482]],[[1.158,47.491],[1.149,47.491],[1.127,47.483]],[[1.158,47.491],[1.139,47.483],[1.135,47.483],[1.127,47.483]],[[1.243,47.52],[1.231,47.512],[1.212,47.506],[1.213,47.503],[1.195,47.497],[1.183,47.494],[1.169,47.495],[1.158,47.491]]]}},{"type":"Feature","properties":{"nom":"L'YEVRE DEPUIS LA CONFLUENCE AVEC LES MARGES JUSQU'A OSMOY","code":"GR0315A","longueurKm":15.299456229,"strahler":5.0},"geometry":{"type":"MultiLineString","coordinates":[[[2.588,47.051],[2.566,47.049],[2.559,47.052],[2.554,47.056],[2.553,47.059],[2.557,47.068],[2.549,47.069]],[[2.594,47.05],[2.591,47.052],[2.588,47.051]],[[2.594,47.05],[2.588,47.051]],[[2.603,47.047],[2.604,47.048],[2.602,47.049],[2.596,47.05],[2.595,47.051],[2.594,47.05]],[[2.603,47.047],[2.594,47.05]],[[2.603,47.046],[2.603,47.047]],[[2.615,47.042],[2.602,47.043],[2.603,47.046]],[[2.615,47.042],[2.604,47.044],[2.603,47.046]],[[2.659,47.045],[2.657,47.043],[2.647,47.044],[2.645,47.04],[2.639,47.042],[2.632,47.039],[2.628,47.041],[2.622,47.039],[2.615,47.042]]]}},{"type":"Feature","properties":{"nom":"L'YEVRE DEPUIS OSMOY JUSQU'A LA CONFLUENCE AVEC LE CHER","code":"GR0315B","longueurKm":102.59179455481,"strahler":6.0},"geometry":{"type":"MultiLineString","coordinates":[[[2.075,47.221],[2.057,47.219]],[[2.09,47.217],[2.075,47.221]],[[2.091,47.218],[2.075,47.221]],[[2.091,47.218],[2.09,47.217]],[[2.109,47.213],[2.103,47.212],[2.098,47.216],[2.09,47.217]],[[2.103,47.216],[2.096,47.218],[2.092,47.219],[2.091,47.218]],[[2.109,47.213],[2.103,47.216]],[[2.109,47.214],[2.103,47.216]],[[2.113,47.212],[2.111,47.214],[2.11,47.214],[2.109,47.214]],[[2.11,47.212],[2.109,47.214]],[[2.11,47.212],[2.109,47.213]],[[2.113,47.212],[2.11,47.212]],[[2.195,47.16],[2.183,47.169],[2.177,47.18],[2.166,47.189],[2.167,47.192],[2.162,47.193],[2.162,47.195],[2.141,47.2],[2.139,47.204],[2.13,47.207],[2.125,47.206],[2.121,47.21],[2.116,47.209],[2.113,47.212]],[[2.199,47.158],[2.197,47.161],[2.195,47.16]],[[2.199,47.158],[2.195,47.16]],[[2.208,47.15],[2.207,47.154],[2.199,47.158]],[[2.21,47.146],[2.208,47.15]],[[2.21,47.147],[2.208,47.15]],[[2.21,47.146],[2.21,47.147]],[[2.212,47.144],[2.21,47.146]],[[2.212,47.144],[2.213,47.145],[2.21,47.147]],[[2.212,47.143],[2.212,47.144]],[[2.216,47.141],[2.212,47.143]],[[2.216,47.141],[2.216,47.142],[2.212,47.143]],[[2.217,47.138],[2.216,47.141]],[[2.223,47.132],[2.218,47.134],[2.217,47.138]],[[2.225,47.132],[2.217,47.138]],[[2.225,47.132],[2.223,47.132]],[[2.236,47.124],[2.223,47.132]],[[2.234,47.13],[2.227,47.133],[2.225,47.132]],[[2.267,47.111],[2.256,47.116],[2.248,47.126],[2.237,47.13],[2.235,47.13],[2.234,47.13]],[[2.236,47.124],[2.234,47.13]],[[2.263,47.109],[2.249,47.114],[2.245,47.12],[2.236,47.124]],[[2.267,47.111],[2.263,47.109]],[[2.273,47.106],[2.263,47.108],[2.263,47.109]],[[2.275,47.108],[2.267,47.111]],[[2.275,47.108],[2.275,47.107],[2.274,47.106],[2.274,47.106],[2.273,47.106],[2.273,47.106]],[[2.274,47.105],[2.273,47.106]],[[2.281,47.106],[2.274,47.105]],[[2.294,47.104],[2.274,47.105]],[[2.279,47.109],[2.275,47.108]],[[2.275,47.108],[2.275,47.108]],[[2.275,47.108],[2.279,47.108]],[[2.279,47.108],[2.279,47.109]],[[2.281,47.106],[2.279,47.108]],[[2.291,47.106],[2.289,47.107],[2.279,47.109]],[[2.291,47.106],[2.281,47.106]],[[2.294,47.104],[2.291,47.106]],[[2.33,47.09],[2.324,47.09],[2.306,47.102],[2.303,47.101],[2.298,47.104],[2.294,47.104]],[[2.352,47.085],[2.34,47.091],[2.334,47.091],[2.33,47.09]],[[2.352,47.085],[2.345,47.085],[2.343,47.087],[2.33,47.09]],[[2.358,47.087],[2.352,47.085]],[[2.38,47.086],[2.367,47.088],[2.358,47.087]],[[2.385,47.089],[2.384,47.09],[2.364,47.089],[2.358,47.087]],[[2.385,47.089],[2.38,47.086]],[[2.39,47.09],[2.384,47.086],[2.382,47.085],[2.38,47.086]],[[2.39,47.09],[2.388,47.092],[2.385,47.089]],[[2.395,47.091],[2.391,47.09],[2.39,47.09]],[[2.43,47.089],[2.415,47.088],[2.406,47.093],[2.395,47.091]],[[2.403,47.087],[2.402,47.09],[2.395,47.091]],[[2.439,47.088],[2.426,47.085],[2.406,47.084],[2.403,47.085],[2.403,47.087]],[[2.439,47.088],[2.408,47.085],[2.403,47.087]],[[2.447,47.091],[2.44,47.093],[2.435,47.091],[2.43,47.089]],[[2.447,47.091],[2.433,47.09],[2.432,47.089],[2.43,47.089],[2.43,47.089]],[[2.482,47.089],[2.47,47.09],[2.46,47.086],[2.451,47.088],[2.439,47.088]],[[2.47,47.092],[2.454,47.091],[2.447,47.091]],[[2.485,47.091],[2.487,47.093],[2.482,47.093],[2.482,47.095],[2.47,47.092]],[[2.481,47.091],[2.47,47.092]],[[2.485,47.091],[2.481,47.091]],[[2.484,47.09],[2.481,47.091]],[[2.484,47.09],[2.482,47.089]],[[2.49,47.085],[2.482,47.089]],[[2.491,47.085],[2.484,47.09]],[[2.501,47.081],[2.485,47.091]],[[2.49,47.085],[2.491,47.085]],[[2.499,47.078],[2.49,47.085]],[[2.491,47.085],[2.501,47.081]],[[2.501,47.081],[2.499,47.078]],[[2.533,47.07],[2.521,47.076],[2.509,47.075],[2.499,47.078]],[[2.501,47.081],[2.501,47.081]],[[2.511,47.079],[2.505,47.08],[2.502,47.081],[2.501,47.081]],[[2.53,47.073],[2.523,47.079],[2.511,47.079]],[[2.53,47.073],[2.511,47.079]],[[2.534,47.071],[2.53,47.073]],[[2.534,47.071],[2.533,47.07]],[[2.533,47.07],[2.541,47.067],[2.549,47.069],[2.534,47.071]]]}},{"type":"Feature","properties":{"nom":"LA TARDES DEPUIS CHAMBON-SUR-VOUEIZE JUSQU'AU COMPLEXE DE ROCHEBUT","code":"GR0317A","longueurKm":9.79973907202,"strahler":5.0},"geometry":{"type":"LineString","coordinates":[[2.422,46.188],[2.426,46.186],[2.43,46.188],[2.446,46.184],[2.454,46.185],[2.462,46.188],[2.462,46.197],[2.472,46.193],[2.477,46.201],[2.481,46.195],[2.488,46.198],[2.494,46.205],[2.505,46.205]]}},{"type":"Feature","properties":{"nom":"LA VOUEIZE DEPUIS PIERREFITTE JUSQU'A LA CONFLUENCE AVEC LA TARDES","code":"GR0318","longueurKm":31.19055711289,"strahler":5.0},"geometry":{"type":"MultiLineString","coordinates":[[[2.227,46.154],[2.223,46.164],[2.24,46.178],[2.236,46.18],[2.238,46.189],[2.243,46.188],[2.257,46.194],[2.276,46.205]],[[2.276,46.205],[2.283,46.213]],[[2.276,46.205],[2.277,46.204],[2.28,46.207],[2.283,46.213]],[[2.283,46.213],[2.299,46.21],[2.307,46.213],[2.309,46.211],[2.318,46.208],[2.321,46.21],[2.322,46.207],[2.327,46.208],[2.332,46.204],[2.345,46.201],[2.35,46.204],[2.366,46.205],[2.374,46.201],[2.377,46.203],[2.383,46.202],[2.387,46.207],[2.387,46.204],[2.392,46.202],[2.391,46.199],[2.394,46.197],[2.398,46.2],[2.397,46.205],[2.403,46.203],[2.407,46.208],[2.411,46.209],[2.412,46.205],[2.416,46.206],[2.416,46.203],[2.421,46.203],[2.422,46.188]]]}},{"type":"Feature","properties":{"nom":"LA MAGIEURE ET SES AFFLUENTS DEPUIS LA SOURCE JUSQU'A LA CONFLUENCE AVEC LE CHER","code":"GR0320","longueurKm":144.29894790452,"strahler":5.0},"geometry":{"type":"MultiLineString","coordinates":[[[2.346,46.348],[2.356,46.352]],[[2.346,46.385],[2.358,46.393],[2.381,46.396]],[[2.347,46.379],[2.362,46.385]],[[2.354,46.378],[2.359,46.38],[2.362,46.385]],[[2.359,46.335],[2.352,46.34],[2.358,46.351],[2.356,46.352]],[[2.356,46.352],[2.357,46.353]],[[2.363,46.344],[2.366,46.346],[2.363,46.351],[2.357,46.353]],[[2.357,46.353],[2.365,46.357],[2.387,46.361],[2.397,46.368],[2.405,46.367],[2.417,46.37],[2.433,46.369],[2.442,46.371]],[[2.36,46.376],[2.368,46.381],[2.375,46.382]],[[2.362,46.385],[2.377,46.386],[2.38,46.391],[2.386,46.392]],[[2.37,46.371],[2.375,46.374],[2.372,46.377],[2.375,46.382]],[[2.372,46.403],[2.38,46.398]],[[2.375,46.382],[2.381,46.385],[2.386,46.392]],[[2.378,46.414],[2.386,46.41],[2.399,46.412],[2.416,46.407]],[[2.383,46.403],[2.38,46.398]],[[2.38,46.398],[2.381,46.396]],[[2.381,46.396],[2.396,46.394]],[[2.386,46.392],[2.396,46.394]],[[2.396,46.385],[2.408,46.391]],[[2.396,46.394],[2.402,46.394],[2.408,46.391]],[[2.397,46.402],[2.416,46.407]],[[2.402,46.379],[2.409,46.381],[2.409,46.384],[2.414,46.388]],[[2.406,46.338],[2.417,46.348],[2.427,46.35],[2.432,46.355],[2.437,46.357]],[[2.407,46.327],[2.413,46.325],[2.421,46.317]],[[2.408,46.391],[2.414,46.391]],[[2.413,46.331],[2.418,46.329],[2.43,46.332],[2.432,46.338],[2.441,46.35],[2.437,46.357]],[[2.414,46.388],[2.414,46.391]],[[2.417,46.382],[2.414,46.388]],[[2.414,46.391],[2.438,46.401]],[[2.416,46.407],[2.438,46.401]],[[2.42,46.306],[2.421,46.317]],[[2.421,46.317],[2.444,46.321]],[[2.428,46.419],[2.439,46.416],[2.458,46.418]],[[2.431,46.305],[2.436,46.308],[2.444,46.321]],[[2.434,46.327],[2.447,46.323]],[[2.437,46.357],[2.442,46.371]],[[2.438,46.401],[2.455,46.404],[2.468,46.41],[2.473,46.415]],[[2.442,46.371],[2.456,46.377],[2.482,46.379],[2.482,46.381],[2.489,46.381],[2.491,46.385],[2.495,46.382],[2.501,46.383],[2.51,46.381],[2.53,46.387],[2.555,46.398]],[[2.444,46.321],[2.447,46.323]],[[2.445,46.331],[2.461,46.341]],[[2.447,46.309],[2.453,46.312],[2.452,46.315],[2.456,46.319],[2.453,46.324]],[[2.447,46.323],[2.453,46.324]],[[2.453,46.324],[2.462,46.327]],[[2.456,46.421],[2.458,46.418]],[[2.458,46.418],[2.467,46.418]],[[2.461,46.341],[2.464,46.346],[2.475,46.353],[2.485,46.355],[2.489,46.354],[2.496,46.355]],[[2.465,46.33],[2.469,46.335],[2.461,46.341]],[[2.462,46.327],[2.465,46.33]],[[2.466,46.324],[2.462,46.327]],[[2.479,46.328],[2.465,46.33]],[[2.472,46.42],[2.467,46.418]],[[2.467,46.418],[2.473,46.415]],[[2.473,46.415],[2.493,46.419],[2.505,46.42],[2.512,46.422],[2.53,46.423],[2.536,46.428]],[[2.491,46.332],[2.486,46.338],[2.486,46.343],[2.488,46.348],[2.496,46.355]],[[2.494,46.433],[2.514,46.434],[2.53,46.43],[2.531,46.428],[2.536,46.428]],[[2.496,46.355],[2.509,46.359],[2.509,46.363],[2.516,46.367],[2.554,46.382],[2.564,46.384]],[[2.511,46.34],[2.512,46.346],[2.532,46.354],[2.54,46.362],[2.562,46.373]],[[2.533,46.409],[2.549,46.417],[2.572,46.418]],[[2.536,46.428],[2.54,46.429],[2.547,46.426],[2.555,46.426]],[[2.548,46.442],[2.56,46.439]],[[2.554,46.365],[2.562,46.368],[2.562,46.373]],[[2.555,46.398],[2.563,46.406],[2.567,46.414],[2.574,46.417]],[[2.564,46.384],[2.563,46.393],[2.555,46.398]],[[2.555,46.428],[2.555,46.426]],[[2.555,46.426],[2.573,46.422],[2.572,46.418]],[[2.566,46.434],[2.555,46.428]],[[2.56,46.439],[2.555,46.428]],[[2.563,46.44],[2.56,46.439]],[[2.562,46.373],[2.565,46.383]],[[2.565,46.383],[2.564,46.384]],[[2.571,46.385],[2.567,46.382],[2.565,46.383]],[[2.572,46.418],[2.574,46.417]],[[2.574,46.417],[2.579,46.418],[2.58,46.422],[2.59,46.423],[2.591,46.427],[2.601,46.428]]]}},{"type":"Feature","properties":{"nom":"LA VIENNE DEPUIS LA CONFLUENCE DE LA MAULDE JUSQU'A LA CONFLUENCE AVEC LE TAURION","code":"GR0357B","longueurKm":15.80673027888,"strahler":5.0},"geometry":{"type":"MultiLineString","coordinates":[[[1.472,45.836],[1.469,45.838],[1.466,45.847],[1.459,45.854],[1.447,45.862],[1.44,45.862],[1.435,45.868],[1.428,45.869],[1.416,45.884],[1.394,45.883]],[[1.475,45.835],[1.472,45.836]],[[1.475,45.835],[1.473,45.836],[1.472,45.836]],[[1.526,45.803],[1.519,45.805],[1.51,45.812],[1.5,45.814],[1.475,45.835]]]}},{"type":"Feature","properties":{"nom":"LA VIENNE DEPUIS SAILLAT JUSQU'A L'AMONT DU PLAN D'EAU DE JOUSSEAU","code":"GR0358","longueurKm":45.51764960701,"strahler":6.0},"geometry":{"type":"MultiLineString","coordinates":[[[0.635,45.909],[0.634,45.923],[0.64,45.927],[0.644,45.934],[0.641,45.961],[0.646,45.973],[0.649,45.994],[0.667,46.008],[0.68,46.043]],[[0.636,45.904],[0.635,45.909]],[[0.636,45.904],[0.636,45.907],[0.635,45.909]],[[0.808,45.87],[0.771,45.862],[0.747,45.872],[0.743,45.877],[0.718,45.875],[0.693,45.881],[0.689,45.886],[0.682,45.888],[0.662,45.888],[0.65,45.897],[0.639,45.898],[0.636,45.904]],[[0.683,46.053],[0.683,46.071],[0.688,46.08],[0.687,46.099],[0.679,46.11],[0.659,46.122],[0.652,46.133]],[[0.68,46.043],[0.683,46.047],[0.683,46.053]],[[0.68,46.043],[0.683,46.053]]]}},{"type":"Feature","properties":{"nom":"LA VIENNE DEPUIS LA CONFLUENCE DU TAURION JUSQU'A LE PALAIS-SUR-VIENNE","code":"GR0359A","longueurKm":9.35936806169,"strahler":6.0},"geometry":{"type":"LineString","coordinates":[[1.412,45.906],[1.39,45.88],[1.378,45.875],[1.349,45.874],[1.339,45.871],[1.332,45.868],[1.327,45.861]]}},{"type":"Feature","properties":{"nom":"LA VIENNE DEPUIS LE PALAIS-SUR-VIENNE JUSQU'A SAINT-JUNIEN","code":"GR0359B","longueurKm":47.09540080137,"strahler":6.0},"geometry":{"type":"MultiLineString","coordinates":[[[0.97,45.871],[0.955,45.873],[0.95,45.879],[0.935,45.881]],[[0.975,45.873],[0.973,45.871],[0.97,45.871]],[[0.975,45.873],[0.971,45.871],[0.97,45.871]],[[1.1,45.839],[1.085,45.863],[1.076,45.86],[1.066,45.862],[1.057,45.869],[1.055,45.873],[1.04,45.878],[1.008,45.875],[0.984,45.877],[0.975,45.873]],[[1.103,45.835],[1.1,45.837],[1.1,45.839]],[[1.105,45.835],[1.1,45.839]],[[1.109,45.835],[1.106,45.834],[1.103,45.835]],[[1.105,45.835],[1.104,45.835],[1.103,45.835]],[[1.109,45.835],[1.105,45.835]],[[1.116,45.835],[1.112,45.836],[1.109,45.835]],[[1.116,45.835],[1.109,45.835]],[[1.113,45.824],[1.118,45.829]],[[1.113,45.824],[1.115,45.828],[1.118,45.829]],[[1.114,45.822],[1.113,45.824]],[[1.118,45.819],[1.114,45.822]],[[1.118,45.819],[1.118,45.82],[1.114,45.822]],[[1.118,45.829],[1.12,45.833],[1.116,45.835]],[[1.117,45.814],[1.119,45.816],[1.118,45.819]],[[1.117,45.814],[1.118,45.819]],[[1.327,45.861],[1.292,45.843],[1.27,45.828],[1.267,45.821],[1.248,45.814],[1.226,45.797],[1.218,45.789],[1.205,45.782],[1.192,45.782],[1.173,45.789],[1.161,45.789],[1.139,45.8],[1.125,45.8],[1.116,45.811],[1.117,45.814]]]}},{"type":"Feature","properties":{"nom":"LA VIENNE DEPUIS SAINT-JUNIEN JUSQU'A SAILLAT","code":"GR0359C","longueurKm":15.40160232794,"strahler":6.0},"geometry":{"type":"MultiLineString","coordinates":[[[0.831,45.883],[0.817,45.878],[0.808,45.87]],[[0.863,45.886],[0.854,45.888],[0.831,45.883]],[[0.863,45.886],[0.86,45.884],[0.84,45.884],[0.833,45.883],[0.831,45.883]],[[0.87,45.887],[0.863,45.886]],[[0.877,45.884],[0.874,45.884],[0.87,45.887]],[[0.877,45.885],[0.87,45.887]],[[0.877,45.884],[0.877,45.885]],[[0.882,45.886],[0.88,45.885],[0.877,45.885]],[[0.882,45.886],[0.879,45.884],[0.877,45.884]],[[0.935,45.881],[0.896,45.88],[0.887,45.887],[0.882,45.886]]]}},{"type":"Feature","properties":{"nom":"LA VIENNE DEPUIS L'AMONT DU PLAN D'EAU DE JOUSSEAU A AVAILLES-LIMOUZINE JUSQU'A LA CONFLUENCE AVEC LE CLAIN","code":"GR0360B","longueurKm":96.73559447603,"strahler":6.0},"geometry":{"type":"MultiLineString","coordinates":[[[0.542,46.757],[0.543,46.761]],[[0.542,46.757],[0.542,46.759],[0.543,46.761]],[[0.548,46.749],[0.542,46.757]],[[0.543,46.761],[0.539,46.771],[0.541,46.782]],[[0.545,46.736],[0.545,46.743]],[[0.549,46.73],[0.546,46.733],[0.545,46.736]],[[0.549,46.73],[0.545,46.736]],[[0.545,46.743],[0.549,46.747],[0.548,46.749]],[[0.545,46.743],[0.548,46.749]],[[0.548,46.727],[0.549,46.73]],[[0.549,46.721],[0.546,46.724],[0.548,46.727]],[[0.549,46.721],[0.548,46.727]],[[0.555,46.704],[0.559,46.71],[0.552,46.713],[0.549,46.721]],[[0.56,46.699],[0.555,46.702],[0.555,46.704]],[[0.56,46.699],[0.555,46.704]],[[0.591,46.631],[0.574,46.666],[0.578,46.677],[0.56,46.699]],[[0.592,46.625],[0.591,46.631]],[[0.592,46.625],[0.593,46.628],[0.591,46.631]],[[0.632,46.576],[0.619,46.58],[0.607,46.59],[0.604,46.596],[0.605,46.6],[0.592,46.614],[0.592,46.625]],[[0.636,46.574],[0.632,46.576]],[[0.637,46.574],[0.632,46.576]],[[0.652,46.133],[0.657,46.137],[0.669,46.142],[0.669,46.147],[0.662,46.152],[0.672,46.17],[0.669,46.18],[0.66,46.187],[0.664,46.197],[0.679,46.198],[0.686,46.203],[0.676,46.221],[0.68,46.23],[0.678,46.24],[0.687,46.244],[0.688,46.248]],[[0.634,46.555],[0.636,46.559]],[[0.634,46.555],[0.635,46.557],[0.636,46.559]],[[0.642,46.494],[0.641,46.499],[0.632,46.5],[0.63,46.503],[0.644,46.533],[0.633,46.548],[0.634,46.555]],[[0.637,46.574],[0.636,46.574]],[[0.64,46.573],[0.636,46.574]],[[0.636,46.559],[0.638,46.561]],[[0.64,46.573],[0.637,46.574]],[[0.638,46.561],[0.64,46.565]],[[0.638,46.561],[0.638,46.562],[0.64,46.565]],[[0.645,46.491],[0.642,46.494]],[[0.645,46.491],[0.644,46.493],[0.642,46.494]],[[0.64,46.565],[0.64,46.573]],[[0.651,46.479],[0.645,46.491]],[[0.655,46.473],[0.651,46.479]],[[0.655,46.473],[0.656,46.476],[0.651,46.479]],[[0.676,46.443],[0.66,46.461],[0.655,46.473]],[[0.681,46.311],[0.675,46.318],[0.673,46.328],[0.68,46.348]],[[0.686,46.305],[0.684,46.306],[0.681,46.311]],[[0.686,46.305],[0.681,46.311]],[[0.68,46.434],[0.677,46.436],[0.676,46.443]],[[0.68,46.434],[0.676,46.443]],[[0.684,46.256],[0.681,46.263],[0.683,46.27],[0.68,46.276],[0.684,46.286],[0.685,46.298]],[[0.688,46.248],[0.683,46.254],[0.684,46.256]],[[0.688,46.248],[0.684,46.256]],[[0.68,46.348],[0.687,46.351]],[[0.68,46.348],[0.683,46.351],[0.687,46.351]],[[0.685,46.298],[0.688,46.303],[0.686,46.305]],[[0.685,46.298],[0.686,46.305]],[[0.697,46.371],[0.704,46.386],[0.702,46.405],[0.68,46.434]],[[0.687,46.351],[0.687,46.358],[0.693,46.363]],[[0.693,46.363],[0.697,46.371]],[[0.693,46.363],[0.693,46.368],[0.697,46.371]]]}},{"type":"Feature","properties":{"nom":"L'AUMANCE DEPUIS COSNE-D'ALLIER JUSQU'A LA CONFLUENCE AVEC LE CHER","code":"GR0323","longueurKm":28.97968410174,"strahler":6.0},"geometry":{"type":"MultiLineString","coordinates":[[[2.81,46.497],[2.761,46.497],[2.745,46.494],[2.738,46.501],[2.733,46.502],[2.729,46.505],[2.724,46.505],[2.72,46.51],[2.716,46.51],[2.711,46.507],[2.705,46.512],[2.698,46.51],[2.699,46.518],[2.696,46.521],[2.675,46.522],[2.671,46.525],[2.676,46.531],[2.673,46.538],[2.667,46.54],[2.666,46.543],[2.654,46.545],[2.655,46.549],[2.649,46.551],[2.65,46.553],[2.645,46.555],[2.645,46.56],[2.639,46.562],[2.641,46.567],[2.633,46.569],[2.629,46.568],[2.623,46.569],[2.624,46.575],[2.62,46.582],[2.622,46.591],[2.614,46.597],[2.604,46.597]],[[2.813,46.495],[2.812,46.497],[2.81,46.497]],[[2.813,46.495],[2.81,46.497]],[[2.826,46.492],[2.816,46.493],[2.813,46.495]]]}},{"type":"Feature","properties":{"nom":"L'INDRE DEPUIS PERASSAY JUSQU'A LA CHATRE","code":"GR0349","longueurKm":26.93412575775,"strahler":5.0},"geometry":{"type":"MultiLineString","coordinates":[[[1.992,46.58],[1.993,46.583],[1.991,46.586],[1.991,46.581],[1.992,46.58]],[[1.993,46.574],[1.992,46.58]],[[1.993,46.57],[1.995,46.57],[1.993,46.574]],[[1.993,46.57],[1.993,46.574]],[[2.011,46.562],[2.003,46.564],[2.0,46.567],[1.994,46.567],[1.993,46.57]],[[2.015,46.56],[2.014,46.562],[2.012,46.562],[2.011,46.562]],[[2.015,46.56],[2.011,46.562]],[[2.022,46.55],[2.017,46.553],[2.015,46.56]],[[2.028,46.544],[2.028,46.547],[2.024,46.55],[2.024,46.55],[2.022,46.55]],[[2.028,46.544],[2.022,46.55]],[[2.037,46.533],[2.037,46.538],[2.028,46.544]],[[2.042,46.529],[2.038,46.531],[2.037,46.533]],[[2.042,46.529],[2.037,46.533]],[[2.128,46.476],[2.122,46.476],[2.118,46.479],[2.101,46.478],[2.096,46.485],[2.085,46.48],[2.084,46.482],[2.078,46.483],[2.075,46.481],[2.069,46.484],[2.061,46.485],[2.053,46.491],[2.044,46.503],[2.042,46.511],[2.046,46.514],[2.046,46.519],[2.042,46.529]]]}},{"type":"Feature","properties":{"nom":"LA VIENNE DEPUIS LA CONFLUENCE DE LA CREUSE JUSQU'A LA CONFLUENCE AVEC LA LOIRE","code":"GR0361","longueurKm":66.60517980335,"strahler":7.0},"geometry":{"type":"MultiLineString","coordinates":[[[0.082,47.209],[0.072,47.215]],[[0.096,47.2],[0.085,47.205],[0.082,47.209]],[[0.096,47.2],[0.093,47.204],[0.082,47.209]],[[0.097,47.199],[0.096,47.2]],[[0.106,47.19],[0.097,47.199]],[[0.106,47.19],[0.104,47.194],[0.097,47.199]],[[0.107,47.19],[0.106,47.19]],[[0.113,47.186],[0.107,47.19]],[[0.117,47.186],[0.107,47.19]],[[0.125,47.184],[0.122,47.183],[0.113,47.186]],[[0.117,47.186],[0.113,47.186]],[[0.125,47.184],[0.117,47.186]],[[0.151,47.181],[0.125,47.184]],[[0.166,47.176],[0.151,47.181]],[[0.166,47.176],[0.159,47.18],[0.151,47.181]],[[0.171,47.174],[0.166,47.176]],[[0.184,47.174],[0.176,47.175],[0.171,47.174]],[[0.184,47.174],[0.171,47.174]],[[0.237,47.166],[0.184,47.174]],[[0.248,47.162],[0.245,47.164],[0.24,47.165],[0.237,47.166],[0.237,47.166]],[[0.248,47.162],[0.237,47.166]],[[0.291,47.146],[0.256,47.154],[0.248,47.162]],[[0.303,47.145],[0.297,47.146],[0.291,47.146]],[[0.303,47.145],[0.291,47.146]],[[0.362,47.136],[0.328,47.141],[0.314,47.146],[0.312,47.146],[0.303,47.145]],[[0.374,47.134],[0.362,47.136]],[[0.374,47.134],[0.367,47.136],[0.362,47.136]],[[0.421,47.121],[0.397,47.125],[0.383,47.132],[0.374,47.134]],[[0.429,47.119],[0.421,47.121]],[[0.429,47.119],[0.424,47.121],[0.423,47.121],[0.422,47.121],[0.421,47.121]],[[0.547,47.065],[0.546,47.072],[0.542,47.076],[0.519,47.083],[0.497,47.099],[0.489,47.114],[0.483,47.116],[0.467,47.114],[0.452,47.121],[0.436,47.119],[0.429,47.119]],[[0.555,47.065],[0.549,47.065],[0.548,47.066],[0.547,47.065]],[[0.568,47.006],[0.562,47.016],[0.546,47.028],[0.542,47.037],[0.547,47.065]],[[0.585,47.08],[0.573,47.07],[0.555,47.065]],[[0.581,47.066],[0.574,47.063],[0.564,47.064],[0.56,47.062],[0.555,47.065]]]}},{"type":"Feature","properties":{"nom":"LA VIENNE DEPUIS LA CONFLUENCE DU CLAIN JUSQU'A LA CONFLUENCE AVEC LA CREUSE","code":"GR0362","longueurKm":30.48224320265,"strahler":6.0},"geometry":{"type":"MultiLineString","coordinates":[[[0.536,46.81],[0.538,46.814]],[[0.536,46.81],[0.537,46.813],[0.538,46.814]],[[0.541,46.782],[0.543,46.794],[0.535,46.804],[0.536,46.81]],[[0.538,46.814],[0.539,46.816]],[[0.539,46.816],[0.541,46.82]],[[0.539,46.816],[0.54,46.818],[0.541,46.82]],[[0.541,46.82],[0.542,46.822]],[[0.542,46.822],[0.542,46.827]],[[0.542,46.822],[0.541,46.825],[0.542,46.827]],[[0.542,46.827],[0.542,46.832],[0.537,46.837],[0.537,46.846],[0.548,46.853],[0.555,46.869],[0.565,46.879],[0.562,46.892],[0.567,46.901],[0.576,46.911],[0.59,46.918],[0.598,46.925],[0.601,46.933],[0.597,46.952],[0.602,46.959],[0.601,46.973],[0.594,46.977],[0.58,46.979],[0.574,46.983],[0.574,46.994],[0.567,47.0],[0.568,47.006]]]}},{"type":"Feature","properties":{"nom":"L'INDRE DEPUIS LA CHATRE JUSQU'A ARDENTES","code":"GR0350A","longueurKm":41.62320028411,"strahler":5.0},"geometry":{"type":"MultiLineString","coordinates":[[[1.831,46.736],[1.832,46.738],[1.832,46.738],[1.831,46.737],[1.831,46.736]],[[1.851,46.698],[1.854,46.703],[1.85,46.716],[1.836,46.722],[1.844,46.73],[1.841,46.733],[1.833,46.732],[1.831,46.736]],[[1.853,46.671],[1.853,46.674],[1.847,46.677]],[[1.847,46.677],[1.849,46.679]],[[1.853,46.671],[1.846,46.674],[1.847,46.677]],[[1.849,46.679],[1.852,46.683]],[[1.855,46.671],[1.852,46.679],[1.849,46.679]],[[1.851,46.695],[1.851,46.698]],[[1.851,46.695],[1.848,46.696],[1.851,46.698]],[[1.852,46.683],[1.851,46.695]],[[1.854,46.678],[1.852,46.683]],[[1.855,46.671],[1.854,46.671],[1.853,46.671]],[[1.855,46.677],[1.854,46.678]],[[1.855,46.677],[1.855,46.677],[1.854,46.678]],[[1.857,46.671],[1.856,46.671],[1.855,46.671]],[[1.857,46.671],[1.855,46.677]],[[1.91,46.657],[1.903,46.657],[1.896,46.665],[1.89,46.665],[1.888,46.663],[1.871,46.67],[1.862,46.668],[1.857,46.671]],[[1.919,46.66],[1.918,46.657],[1.916,46.658],[1.91,46.657]],[[1.919,46.66],[1.91,46.657]],[[1.945,46.64],[1.938,46.643],[1.938,46.647],[1.933,46.651],[1.934,46.659],[1.922,46.66],[1.919,46.66]],[[1.951,46.637],[1.951,46.64],[1.95,46.64],[1.945,46.64]],[[1.951,46.637],[1.945,46.64]],[[1.979,46.601],[1.968,46.605],[1.967,46.616],[1.959,46.628],[1.95,46.63],[1.951,46.637]],[[1.987,46.595],[1.981,46.601],[1.98,46.601],[1.979,46.601]],[[1.987,46.595],[1.985,46.595],[1.979,46.601]],[[1.991,46.586],[1.992,46.595],[1.987,46.595]]]}},{"type":"Feature","properties":{"nom":"L'INDRE DEPUIS ARDENTES JUSQU'A NIHERNE","code":"GR0350B","longueurKm":65.85571087013,"strahler":5.0},"geometry":{"type":"MultiLineString","coordinates":[[[1.558,46.833],[1.554,46.834],[1.548,46.83]],[[1.561,46.833],[1.559,46.835],[1.558,46.833]],[[1.565,46.831],[1.559,46.83],[1.558,46.833]],[[1.564,46.833],[1.562,46.834],[1.561,46.833]],[[1.565,46.831],[1.561,46.833]],[[1.57,46.83],[1.571,46.832],[1.565,46.833],[1.564,46.833]],[[1.565,46.831],[1.564,46.833]],[[1.566,46.83],[1.565,46.831]],[[1.569,46.829],[1.568,46.829],[1.566,46.83]],[[1.569,46.829],[1.566,46.83]],[[1.57,46.83],[1.569,46.829]],[[1.577,46.829],[1.57,46.83]],[[1.583,46.831],[1.577,46.829]],[[1.583,46.83],[1.581,46.829],[1.577,46.829]],[[1.588,46.831],[1.583,46.831]],[[1.583,46.831],[1.583,46.83]],[[1.591,46.829],[1.583,46.83]],[[1.591,46.831],[1.59,46.832],[1.588,46.831]],[[1.591,46.83],[1.588,46.831]],[[1.591,46.829],[1.591,46.83]],[[1.593,46.827],[1.591,46.829]],[[1.591,46.83],[1.591,46.831]],[[1.6,46.823],[1.591,46.831]],[[1.598,46.823],[1.594,46.824],[1.592,46.826],[1.593,46.827]],[[1.598,46.823],[1.593,46.827]],[[1.6,46.823],[1.598,46.823],[1.598,46.823]],[[1.607,46.821],[1.6,46.823]],[[1.616,46.817],[1.616,46.819],[1.609,46.818],[1.607,46.821]],[[1.616,46.817],[1.618,46.819],[1.616,46.821],[1.607,46.821]],[[1.623,46.813],[1.616,46.817]],[[1.63,46.812],[1.625,46.812],[1.623,46.813]],[[1.63,46.812],[1.623,46.813]],[[1.634,46.805],[1.63,46.812]],[[1.646,46.806],[1.643,46.804],[1.636,46.805],[1.634,46.805]],[[1.642,46.802],[1.638,46.799],[1.632,46.803],[1.634,46.805]],[[1.642,46.802],[1.634,46.805]],[[1.646,46.806],[1.642,46.802]],[[1.647,46.806],[1.646,46.806]],[[1.649,46.807],[1.647,46.806]],[[1.66,46.81],[1.649,46.809],[1.647,46.806]],[[1.662,46.811],[1.66,46.805],[1.649,46.807]],[[1.66,46.81],[1.657,46.808],[1.651,46.807],[1.649,46.807]],[[1.662,46.811],[1.66,46.81]],[[1.662,46.811],[1.662,46.811]],[[1.675,46.814],[1.67,46.814],[1.662,46.811]],[[1.672,46.816],[1.667,46.816],[1.662,46.811]],[[1.687,46.814],[1.678,46.816],[1.672,46.816]],[[1.675,46.814],[1.672,46.816]],[[1.687,46.814],[1.675,46.814]],[[1.687,46.814],[1.687,46.814]],[[1.693,46.82],[1.694,46.816],[1.69,46.814],[1.688,46.813],[1.687,46.814]],[[1.69,46.82],[1.687,46.814]],[[1.691,46.824],[1.69,46.82]],[[1.69,46.82],[1.693,46.82]],[[1.691,46.824],[1.692,46.824]],[[1.698,46.826],[1.695,46.83],[1.69,46.828],[1.691,46.824]],[[1.698,46.826],[1.692,46.824]],[[1.692,46.824],[1.693,46.82]],[[1.698,46.825],[1.698,46.826]],[[1.71,46.824],[1.71,46.821],[1.705,46.82],[1.698,46.825]],[[1.71,46.824],[1.703,46.823],[1.698,46.825]],[[1.723,46.825],[1.719,46.827],[1.71,46.824]],[[1.728,46.819],[1.725,46.819],[1.723,46.825]],[[1.727,46.822],[1.723,46.825]],[[1.728,46.819],[1.727,46.822]],[[1.736,46.808],[1.738,46.81],[1.735,46.815],[1.732,46.815],[1.727,46.822]],[[1.736,46.808],[1.727,46.813],[1.728,46.819]],[[1.743,46.797],[1.742,46.806],[1.736,46.808]],[[1.749,46.789],[1.745,46.794],[1.743,46.797]],[[1.752,46.794],[1.743,46.797]],[[1.753,46.791],[1.749,46.789]],[[1.763,46.786],[1.757,46.785],[1.749,46.789]],[[1.753,46.791],[1.752,46.794]],[[1.754,46.792],[1.752,46.794]],[[1.754,46.792],[1.753,46.791]],[[1.758,46.79],[1.753,46.791]],[[1.758,46.79],[1.754,46.792]],[[1.763,46.786],[1.763,46.789],[1.761,46.79],[1.758,46.79]],[[1.79,46.768],[1.784,46.771],[1.778,46.77],[1.763,46.786]],[[1.797,46.764],[1.794,46.762],[1.79,46.768]],[[1.797,46.764],[1.79,46.768]],[[1.832,46.738],[1.826,46.745],[1.817,46.745],[1.8,46.752],[1.802,46.76],[1.797,46.764]]]}},{"type":"Feature","properties":{"nom":"L'OEIL DEPUIS COMMENTRY JUSQU'A LA CONFLUENCE AVEC L'AUMANCE","code":"GR0326","longueurKm":31.8528323317,"strahler":5.0},"geometry":{"type":"LineString","coordinates":[[2.756,46.293],[2.759,46.299],[2.753,46.302],[2.758,46.305],[2.756,46.307],[2.759,46.309],[2.755,46.314],[2.756,46.324],[2.753,46.326],[2.756,46.328],[2.749,46.335],[2.75,46.349],[2.756,46.356],[2.756,46.361],[2.763,46.362],[2.763,46.366],[2.773,46.37],[2.777,46.374],[2.791,46.376],[2.793,46.379],[2.801,46.378],[2.812,46.382],[2.821,46.392],[2.82,46.409],[2.825,46.412],[2.826,46.416],[2.822,46.422],[2.825,46.424],[2.822,46.438],[2.825,46.441],[2.822,46.455],[2.829,46.467],[2.822,46.493]]}},{"type":"Feature","properties":{"nom":"LA MARMANDE DEPUIS AINAY-LE-CHATEAU JUSQU'A LA CONFLUENCE AVEC LE CHER","code":"GR0328","longueurKm":26.79351820616,"strahler":5.0},"geometry":{"type":"LineString","coordinates":[[2.728,46.714],[2.722,46.722],[2.713,46.724],[2.718,46.734],[2.71,46.74],[2.687,46.734],[2.678,46.729],[2.665,46.725],[2.634,46.73],[2.612,46.723],[2.61,46.721],[2.603,46.724],[2.59,46.724],[2.55,46.718],[2.531,46.721],[2.522,46.719],[2.496,46.728],[2.491,46.727]]}},{"type":"Feature","properties":{"nom":"LA CREUSE DEPUIS LA RETENUE DES COMBES JUSQU'A LA CONFLUENCE AVEC LE RUISSEAU DES CHERS","code":"GR0364A","longueurKm":49.45757122891,"strahler":5.0},"geometry":{"type":"LineString","coordinates":[[2.165,45.925],[2.166,45.928],[2.174,45.93],[2.176,45.933],[2.171,45.938],[2.171,45.942],[2.175,45.949],[2.171,45.95],[2.174,45.954],[2.161,45.959],[2.158,45.964],[2.159,45.97],[2.154,45.968],[2.156,45.975],[2.151,45.976],[2.152,45.982],[2.146,45.985],[2.149,45.988],[2.147,45.993],[2.14,45.996],[2.136,46.003],[2.128,46.009],[2.126,46.016],[2.122,46.017],[2.122,46.023],[2.117,46.028],[2.116,46.032],[2.111,46.035],[2.111,46.044],[2.106,46.046],[2.102,46.045],[2.101,46.05],[2.095,46.05],[2.092,46.055],[2.085,46.053],[2.077,46.06],[2.074,46.06],[2.067,46.072],[2.069,46.079],[2.065,46.09],[2.057,46.093],[2.051,46.1],[2.046,46.1],[2.045,46.104],[2.05,46.105],[2.046,46.111],[2.042,46.11],[2.038,46.113],[2.036,46.12],[2.026,46.121],[2.026,46.126],[2.014,46.129],[2.01,46.14],[1.999,46.149],[1.998,46.152],[1.992,46.153],[1.99,46.16],[1.98,46.164],[1.981,46.17],[1.973,46.169],[1.969,46.172],[1.969,46.18],[1.963,46.176],[1.958,46.187],[1.94,46.185],[1.94,46.196],[1.935,46.196],[1.923,46.206]]}},{"type":"Feature","properties":{"nom":"L'INDRE DEPUIS NIHERNE JUSQU'A PALLUAU-SUR-INDRE","code":"GR0351A","longueurKm":53.64276734759,"strahler":5.0},"geometry":{"type":"MultiLineString","coordinates":[[[1.378,46.925],[1.368,46.923],[1.356,46.925],[1.348,46.93],[1.335,46.933],[1.333,46.938],[1.335,46.94],[1.337,46.939],[1.339,46.936],[1.346,46.932],[1.359,46.929],[1.358,46.926],[1.362,46.927],[1.365,46.925],[1.371,46.927],[1.381,46.926],[1.382,46.924]],[[1.388,46.918],[1.386,46.918],[1.378,46.925]],[[1.382,46.924],[1.378,46.925]],[[1.388,46.918],[1.387,46.922],[1.382,46.924]],[[1.435,46.875],[1.425,46.88],[1.415,46.899],[1.403,46.906],[1.404,46.908],[1.397,46.913],[1.399,46.914],[1.388,46.918]],[[1.445,46.861],[1.442,46.861],[1.434,46.87],[1.435,46.875]],[[1.445,46.861],[1.435,46.875]],[[1.453,46.859],[1.445,46.861]],[[1.455,46.86],[1.453,46.859]],[[1.46,46.857],[1.458,46.856],[1.453,46.859]],[[1.463,46.859],[1.457,46.861],[1.455,46.86]],[[1.455,46.86],[1.46,46.857]],[[1.463,46.859],[1.46,46.857]],[[1.483,46.854],[1.463,46.859]],[[1.509,46.849],[1.509,46.855],[1.487,46.848],[1.481,46.85],[1.483,46.854]],[[1.494,46.854],[1.486,46.85],[1.487,46.854],[1.483,46.854]],[[1.498,46.857],[1.494,46.854]],[[1.498,46.857],[1.498,46.855],[1.495,46.854],[1.494,46.854]],[[1.509,46.857],[1.498,46.857]],[[1.509,46.849],[1.51,46.85]],[[1.51,46.846],[1.509,46.849]],[[1.512,46.855],[1.509,46.857]],[[1.512,46.855],[1.512,46.857],[1.509,46.857]],[[1.512,46.84],[1.51,46.846]],[[1.511,46.847],[1.51,46.846],[1.51,46.846]],[[1.51,46.85],[1.512,46.855]],[[1.511,46.847],[1.51,46.85]],[[1.521,46.844],[1.514,46.842],[1.511,46.847]],[[1.512,46.84],[1.521,46.841],[1.521,46.844]],[[1.528,46.842],[1.52,46.838],[1.512,46.84]],[[1.522,46.844],[1.521,46.844]],[[1.527,46.846],[1.522,46.844]],[[1.528,46.842],[1.522,46.844]],[[1.532,46.844],[1.533,46.846],[1.53,46.847],[1.527,46.846]],[[1.532,46.844],[1.527,46.846]],[[1.533,46.842],[1.529,46.842],[1.528,46.842],[1.528,46.842]],[[1.535,46.842],[1.532,46.844]],[[1.537,46.839],[1.533,46.842]],[[1.537,46.841],[1.533,46.842]],[[1.538,46.84],[1.541,46.841],[1.539,46.842],[1.537,46.843],[1.535,46.842]],[[1.537,46.841],[1.535,46.842]],[[1.548,46.83],[1.545,46.829],[1.54,46.831],[1.537,46.839]],[[1.537,46.839],[1.537,46.839],[1.538,46.839],[1.538,46.84]],[[1.538,46.84],[1.537,46.841]]]}},{"type":"Feature","properties":{"nom":"LA CREUSE DEPUIS LA CONFLUENCE DU RUISSEAU DES CHERS JUSQU'A L'AMONT DU PLAN D'EAU DE CHAMPSANGLARD","code":"GR0364B","longueurKm":5.95543800223,"strahler":5.0},"geometry":{"type":"LineString","coordinates":[[1.923,46.206],[1.918,46.212],[1.922,46.217],[1.921,46.223],[1.916,46.226],[1.914,46.233],[1.899,46.238],[1.901,46.242],[1.898,46.246]]}},{"type":"Feature","properties":{"nom":"LA CREUSE DEPUIS L'AMONT DU PLAN D'EAU DE CHAMPSANGLARD JUSQU'AU COMPLEXE D'EGUZON","code":"GR0364D","longueurKm":30.94496521135,"strahler":5.0},"geometry":{"type":"LineString","coordinates":[[1.898,46.246],[1.893,46.247],[1.894,46.25],[1.888,46.253],[1.891,46.263],[1.886,46.264],[1.884,46.261],[1.877,46.261],[1.873,46.263],[1.878,46.267],[1.841,46.274],[1.843,46.277],[1.837,46.277],[1.835,46.282],[1.831,46.282],[1.821,46.289],[1.821,46.3],[1.817,46.297],[1.81,46.299],[1.802,46.305],[1.794,46.303],[1.784,46.312],[1.772,46.31],[1.768,46.307],[1.766,46.316],[1.756,46.316],[1.741,46.329],[1.72,46.342],[1.713,46.351],[1.716,46.355],[1.708,46.358],[1.703,46.358],[1.702,46.362],[1.691,46.367],[1.671,46.388]]}},{"type":"Feature","properties":{"nom":"LA CREUSE ET SES AFFLUENTS DEPUIS LE COMPLEXE D'EGUZON JUSQU'A LA CONFLUENCE AVEC LA GARTEMPE","code":"GR0365B","longueurKm":109.67102078259,"strahler":6.0},"geometry":{"type":"MultiLineString","coordinates":[[[0.835,46.788],[0.83,46.785]],[[0.84,46.787],[0.837,46.788],[0.835,46.788]],[[0.838,46.789],[0.835,46.788]],[[0.845,46.786],[0.844,46.789],[0.838,46.789]],[[0.84,46.787],[0.838,46.789]],[[0.845,46.786],[0.84,46.787]],[[0.854,46.783],[0.845,46.786]],[[0.857,46.785],[0.854,46.783]],[[0.857,46.785],[0.856,46.783],[0.854,46.783],[0.854,46.783]],[[0.884,46.773],[0.879,46.772],[0.867,46.777],[0.865,46.786],[0.857,46.785]],[[0.888,46.776],[0.884,46.773]],[[0.888,46.776],[0.886,46.775],[0.884,46.773]],[[0.899,46.763],[0.895,46.763],[0.897,46.771],[0.893,46.777],[0.888,46.776]],[[0.901,46.765],[0.899,46.763]],[[0.901,46.765],[0.899,46.764],[0.899,46.763]],[[0.907,46.763],[0.904,46.765],[0.901,46.765]],[[0.912,46.759],[0.907,46.763]],[[0.912,46.759],[0.91,46.762],[0.907,46.763]],[[0.933,46.753],[0.927,46.757],[0.918,46.756],[0.912,46.759]],[[0.935,46.749],[0.933,46.753]],[[0.935,46.749],[0.935,46.752],[0.933,46.753]],[[0.951,46.733],[0.944,46.737],[0.935,46.749]],[[0.949,46.731],[0.951,46.732],[0.951,46.733]],[[0.949,46.731],[0.951,46.733]],[[0.954,46.706],[0.947,46.715],[0.945,46.725],[0.949,46.731]],[[0.958,46.702],[0.954,46.706]],[[0.958,46.702],[0.957,46.704],[0.954,46.706]],[[0.96,46.701],[0.958,46.702]],[[0.963,46.697],[0.96,46.701]],[[0.963,46.697],[0.962,46.7],[0.96,46.701]],[[1.008,46.669],[0.988,46.671],[0.978,46.676],[0.969,46.691],[0.963,46.697]],[[1.014,46.663],[1.008,46.669]],[[1.014,46.663],[1.012,46.667],[1.008,46.669]],[[1.168,46.626],[1.16,46.624],[1.141,46.625],[1.126,46.631],[1.118,46.63],[1.107,46.633],[1.091,46.63],[1.061,46.631],[1.055,46.634],[1.049,46.644],[1.036,46.645],[1.022,46.651],[1.014,46.663]],[[1.177,46.627],[1.168,46.626]],[[1.177,46.627],[1.172,46.627],[1.168,46.626]],[[1.239,46.623],[1.219,46.62],[1.2,46.628],[1.177,46.627]],[[1.253,46.627],[1.239,46.623]],[[1.253,46.627],[1.253,46.626],[1.243,46.623],[1.239,46.623]],[[1.28,46.633],[1.253,46.627]],[[1.295,46.649],[1.284,46.642],[1.28,46.633]],[[1.323,46.642],[1.314,46.641],[1.313,46.639],[1.296,46.632],[1.28,46.633]],[[1.301,46.658],[1.295,46.649]],[[1.308,46.648],[1.297,46.647],[1.295,46.649]],[[1.304,46.662],[1.301,46.658]],[[1.307,46.654],[1.301,46.658]],[[1.307,46.667],[1.304,46.662]],[[1.311,46.659],[1.304,46.662]],[[1.305,46.674],[1.307,46.67]],[[1.311,46.674],[1.307,46.67]],[[1.307,46.67],[1.307,46.667]],[[1.318,46.667],[1.307,46.667]],[[1.311,46.681],[1.311,46.674]],[[1.318,46.68],[1.311,46.674]],[[1.33,46.673],[1.326,46.671],[1.318,46.674],[1.313,46.673],[1.311,46.674]],[[1.349,46.683],[1.341,46.68],[1.337,46.682],[1.33,46.679],[1.32,46.68],[1.318,46.68]],[[1.323,46.684],[1.318,46.68]],[[1.328,46.643],[1.323,46.642]],[[1.328,46.643],[1.327,46.642],[1.323,46.642]],[[1.37,46.633],[1.354,46.632],[1.345,46.64],[1.328,46.643]],[[1.373,46.634],[1.37,46.633]],[[1.373,46.634],[1.372,46.634],[1.37,46.633]],[[1.392,46.637],[1.381,46.639],[1.373,46.634]],[[1.397,46.636],[1.395,46.637],[1.392,46.637]],[[1.397,46.636],[1.392,46.637]],[[1.492,46.608],[1.481,46.619],[1.471,46.625],[1.46,46.627],[1.44,46.637],[1.426,46.635],[1.417,46.629],[1.404,46.631],[1.397,46.636]],[[1.492,46.606],[1.492,46.608]],[[1.492,46.606],[1.492,46.607],[1.492,46.608]],[[1.537,46.568],[1.526,46.583],[1.518,46.584],[1.517,46.591],[1.506,46.594],[1.5,46.602],[1.492,46.606]],[[1.538,46.566],[1.537,46.568]],[[1.538,46.566],[1.538,46.568],[1.537,46.568]],[[1.541,46.56],[1.538,46.566]],[[1.547,46.558],[1.543,46.558],[1.541,46.56]],[[1.547,46.558],[1.541,46.56]],[[1.549,46.557],[1.547,46.558]],[[1.553,46.556],[1.549,46.557]],[[1.552,46.557],[1.549,46.557]],[[1.558,46.555],[1.556,46.557],[1.552,46.557],[1.552,46.557]],[[1.553,46.556],[1.552,46.557]],[[1.558,46.555],[1.553,46.556]],[[1.561,46.554],[1.559,46.555],[1.559,46.555],[1.558,46.555]],[[1.561,46.554],[1.558,46.555]],[[1.566,46.55],[1.561,46.554]],[[1.568,46.548],[1.566,46.55]],[[1.568,46.548],[1.567,46.55],[1.566,46.55]],[[1.582,46.53],[1.568,46.548]]]}},{"type":"Feature","properties":{"nom":"LA CREUSE DEPUIS LA CONFLUENCE DE LA GARTEMPE JUSQU'A DESCARTES","code":"GR0366A","longueurKm":43.26091353743,"strahler":7.0},"geometry":{"type":"MultiLineString","coordinates":[[[0.67,46.911],[0.672,46.92],[0.676,46.924],[0.681,46.925],[0.69,46.924]],[[0.677,46.897],[0.687,46.912]],[[0.681,46.92],[0.69,46.923]],[[0.687,46.912],[0.69,46.923]],[[0.691,46.888],[0.695,46.895],[0.691,46.899],[0.692,46.909],[0.687,46.912]],[[0.69,46.923],[0.69,46.924]],[[0.69,46.924],[0.695,46.928],[0.703,46.927]],[[0.703,46.927],[0.706,46.937],[0.704,46.945],[0.696,46.956],[0.694,46.973],[0.689,46.975]],[[0.799,46.832],[0.794,46.833],[0.787,46.84],[0.788,46.845],[0.796,46.847],[0.796,46.85],[0.79,46.852],[0.768,46.851],[0.766,46.856],[0.772,46.862],[0.77,46.865],[0.765,46.866],[0.753,46.86],[0.747,46.869],[0.733,46.876],[0.726,46.887],[0.705,46.903],[0.704,46.91],[0.709,46.918],[0.703,46.927]],[[0.805,46.831],[0.803,46.833],[0.799,46.832]],[[0.805,46.831],[0.799,46.832]],[[0.815,46.788],[0.812,46.798],[0.817,46.804],[0.81,46.809],[0.809,46.827],[0.805,46.831]],[[0.821,46.788],[0.818,46.787],[0.816,46.787],[0.815,46.788]],[[0.821,46.788],[0.815,46.788]],[[0.83,46.785],[0.821,46.788]]]}},{"type":"Feature","properties":{"nom":"LA CREUSE DEPUIS DESCARTES JUSQU'A LA CONFLUENCE AVEC LA VIENNE","code":"GR0366B","longueurKm":12.45281059114,"strahler":7.0},"geometry":{"type":"MultiLineString","coordinates":[[[0.583,47.006],[0.575,47.005],[0.568,47.006]],[[0.588,47.007],[0.583,47.006]],[[0.588,47.007],[0.586,47.006],[0.583,47.006]],[[0.689,46.975],[0.662,46.978],[0.656,46.986],[0.648,46.988],[0.636,46.986],[0.622,46.996],[0.624,47.004],[0.618,47.008],[0.603,47.006],[0.588,47.007]]]}},{"type":"Feature","properties":{"nom":"LE TAURION DEPUIS THAURON JUSQU'AU COMPLEXE DE LA ROCHE TALAMIE","code":"GR0368A","longueurKm":18.15634599052,"strahler":5.0},"geometry":{"type":"MultiLineString","coordinates":[[[1.621,46.009],[1.612,46.01],[1.614,46.007],[1.609,46.002],[1.616,46.002],[1.613,45.997]],[[1.776,45.997],[1.758,45.997],[1.759,45.992],[1.768,45.99],[1.77,45.986],[1.765,45.972],[1.755,45.969],[1.757,45.964],[1.75,45.959],[1.747,45.962],[1.751,45.964],[1.745,45.967],[1.741,45.965],[1.734,45.965],[1.722,45.978],[1.707,45.983],[1.703,45.999]]]}},{"type":"Feature","properties":{"nom":"LE TAURION DEPUIS LE COMPLEXE DE LA ROCHE TALAMIE JUSQU'AU COMPLEXE SAINT-MARC","code":"GR0368C","longueurKm":8.15481999112,"strahler":5.0},"geometry":{"type":"MultiLineString","coordinates":[[[1.455,45.928],[1.452,45.925],[1.435,45.921]],[[1.596,45.989],[1.588,45.991],[1.586,45.989],[1.575,45.989],[1.574,45.985],[1.577,45.978],[1.571,45.974],[1.567,45.964],[1.555,45.965],[1.554,45.963]]]}},{"type":"Feature","properties":{"nom":"LE TAURION DEPUIS LA CONFLUENCE DE LA BANIZE JUSQU'A THAURON","code":"GR0369","longueurKm":22.33380714571,"strahler":5.0},"geometry":{"type":"LineString","coordinates":[[1.975,45.934],[1.969,45.936],[1.963,45.935],[1.953,45.943],[1.929,45.954],[1.93,45.957],[1.922,45.964],[1.91,45.968],[1.909,45.974],[1.897,45.974],[1.897,45.98],[1.891,45.983],[1.888,45.983],[1.877,45.988],[1.871,45.987],[1.87,45.989],[1.866,45.986],[1.855,45.989],[1.843,45.999],[1.839,45.997],[1.835,45.998],[1.832,45.995],[1.827,45.994],[1.82,45.996],[1.819,45.994],[1.81,45.998],[1.805,45.995],[1.785,45.999],[1.776,45.997]]}},{"type":"Feature","properties":{"nom":"L'INDRE DEPUIS PALLUAU-SUR-INDRE JUSQU'A COURCAY","code":"GR0351B","longueurKm":106.55271305367,"strahler":6.0},"geometry":{"type":"MultiLineString","coordinates":[[[0.896,47.236],[0.888,47.24],[0.888,47.243]],[[0.93,47.225],[0.919,47.226],[0.91,47.231],[0.909,47.228],[0.898,47.233],[0.896,47.236]],[[0.931,47.226],[0.896,47.236]],[[0.93,47.225],[0.931,47.226]],[[0.947,47.209],[0.93,47.225]],[[0.96,47.245],[0.959,47.242],[0.931,47.226]],[[0.948,47.207],[0.947,47.209]],[[0.948,47.207],[0.949,47.208],[0.947,47.209]],[[0.951,47.202],[0.948,47.207]],[[0.973,47.184],[0.97,47.183],[0.951,47.202]],[[0.973,47.184],[0.975,47.186],[0.963,47.197],[0.951,47.202]],[[0.957,47.249],[0.96,47.245]],[[0.988,47.26],[0.973,47.248],[0.96,47.245]],[[0.992,47.166],[0.984,47.174],[0.982,47.181],[0.973,47.184]],[[0.993,47.163],[0.992,47.166]],[[0.993,47.163],[0.993,47.164],[0.992,47.166]],[[1.005,47.141],[1.003,47.152],[0.999,47.152],[0.993,47.163]],[[1.0,47.127],[0.999,47.132],[1.002,47.136]],[[1.001,47.126],[1.0,47.127]],[[1.002,47.128],[1.003,47.127],[1.0,47.127]],[[1.002,47.123],[1.001,47.126]],[[1.002,47.123],[1.001,47.126]],[[1.002,47.123],[1.002,47.123]],[[1.006,47.12],[1.002,47.123]],[[1.009,47.128],[1.008,47.129],[1.002,47.128]],[[1.002,47.128],[1.002,47.136]],[[1.006,47.12],[1.005,47.123],[1.003,47.123],[1.002,47.123]],[[1.002,47.136],[1.005,47.139]],[[1.005,47.139],[1.006,47.14]],[[1.005,47.139],[1.005,47.141]],[[1.012,47.117],[1.006,47.12]],[[1.006,47.14],[1.005,47.141]],[[1.011,47.128],[1.006,47.14]],[[1.011,47.128],[1.009,47.128]],[[1.012,47.117],[1.009,47.128]],[[1.013,47.116],[1.011,47.128]],[[1.013,47.116],[1.012,47.117]],[[1.035,47.086],[1.028,47.092],[1.031,47.092],[1.028,47.096],[1.016,47.103],[1.013,47.108],[1.016,47.108],[1.013,47.116]],[[1.038,47.085],[1.037,47.085],[1.035,47.086]],[[1.038,47.085],[1.035,47.086]],[[1.066,47.08],[1.06,47.08],[1.056,47.083],[1.038,47.085]],[[1.07,47.079],[1.067,47.081],[1.066,47.08]],[[1.07,47.079],[1.066,47.08]],[[1.075,47.074],[1.07,47.079]],[[1.075,47.074],[1.075,47.074]],[[1.099,47.053],[1.098,47.056],[1.089,47.058],[1.081,47.067],[1.081,47.072],[1.077,47.071],[1.073,47.073],[1.075,47.074]],[[1.075,47.074],[1.076,47.073],[1.075,47.074]],[[1.099,47.05],[1.101,47.052],[1.1,47.053],[1.099,47.053]],[[1.099,47.05],[1.099,47.053]],[[1.178,46.991],[1.176,46.996],[1.156,46.999],[1.148,47.008],[1.135,47.009],[1.128,47.016],[1.122,47.018],[1.11,47.029],[1.106,47.042],[1.098,47.041],[1.097,47.048],[1.099,47.05]],[[1.196,46.971],[1.179,46.981],[1.176,46.988],[1.178,46.991]],[[1.196,46.971],[1.196,46.974],[1.191,46.975],[1.189,46.981],[1.183,46.983],[1.178,46.991]],[[1.212,46.961],[1.196,46.971]],[[1.218,46.959],[1.212,46.961]],[[1.218,46.959],[1.215,46.961],[1.212,46.961]],[[1.231,46.957],[1.218,46.959]],[[1.24,46.949],[1.231,46.957]],[[1.239,46.956],[1.231,46.957]],[[1.24,46.949],[1.239,46.956]],[[1.244,46.953],[1.239,46.956]],[[1.244,46.949],[1.24,46.949]],[[1.244,46.949],[1.246,46.951],[1.244,46.953]],[[1.25,46.952],[1.244,46.953]],[[1.249,46.948],[1.244,46.949]],[[1.255,46.949],[1.249,46.948]],[[1.249,46.948],[1.25,46.952]],[[1.257,46.946],[1.253,46.946],[1.249,46.948]],[[1.255,46.949],[1.255,46.949],[1.255,46.949],[1.255,46.949],[1.25,46.952]],[[1.257,46.946],[1.255,46.949]],[[1.27,46.943],[1.265,46.946],[1.257,46.946]],[[1.274,46.941],[1.27,46.943]],[[1.274,46.941],[1.272,46.944],[1.27,46.943],[1.27,46.943]],[[1.295,46.942],[1.279,46.943],[1.279,46.941],[1.277,46.942],[1.276,46.941],[1.274,46.941]],[[1.299,46.941],[1.296,46.942],[1.295,46.942],[1.295,46.942]],[[1.299,46.941],[1.297,46.94],[1.295,46.942]],[[1.305,46.939],[1.299,46.941]],[[1.306,46.939],[1.308,46.94],[1.305,46.939]],[[1.306,46.939],[1.305,46.939]],[[1.314,46.939],[1.313,46.937],[1.306,46.939]],[[1.32,46.94],[1.314,46.939]],[[1.32,46.94],[1.315,46.941],[1.314,46.939]],[[1.336,46.94],[1.331,46.943],[1.32,46.94]]]}},{"type":"Feature","properties":{"nom":"L'AURON ET SES AFFLUENTS DEPUIS LA SOURCE JUSQU'A BOURGES","code":"GR0331A","longueurKm":221.45329274581,"strahler":5.0},"geometry":{"type":"MultiLineString","coordinates":[[[2.446,47.038],[2.436,47.038],[2.409,47.049]],[[2.433,46.89],[2.449,46.888],[2.461,46.88],[2.472,46.876]],[[2.45,47.031],[2.443,47.036],[2.446,47.038]],[[2.45,47.031],[2.45,47.036],[2.446,47.038]],[[2.448,46.878],[2.458,46.879],[2.462,46.875]],[[2.453,47.018],[2.448,47.022],[2.45,47.031]],[[2.453,46.871],[2.462,46.875]],[[2.463,47.009],[2.466,47.012],[2.465,47.016],[2.461,47.017],[2.457,47.018],[2.456,47.018],[2.453,47.018],[2.453,47.018]],[[2.463,47.009],[2.461,47.013],[2.453,47.018]],[[2.462,46.875],[2.472,46.876]],[[2.471,46.997],[2.463,46.996],[2.457,47.001],[2.457,47.003],[2.463,47.009]],[[2.465,46.889],[2.468,46.888],[2.47,46.885],[2.476,46.885],[2.488,46.879]],[[2.48,46.995],[2.474,46.998],[2.471,46.997]],[[2.48,46.995],[2.478,47.0],[2.471,46.997]],[[2.472,46.876],[2.488,46.879]],[[2.522,46.979],[2.518,46.98],[2.511,46.975],[2.506,46.975],[2.505,46.979],[2.51,46.99],[2.504,46.991],[2.492,46.986],[2.486,46.987],[2.48,46.995]],[[2.488,46.879],[2.492,46.88],[2.512,46.871],[2.525,46.874],[2.53,46.878],[2.533,46.887],[2.529,46.891],[2.538,46.903]],[[2.503,46.897],[2.512,46.9],[2.538,46.903]],[[2.521,46.973],[2.524,46.976],[2.522,46.979]],[[2.521,46.969],[2.521,46.973]],[[2.521,46.973],[2.522,46.973],[2.524,46.975],[2.525,46.977],[2.525,46.979],[2.522,46.979]],[[2.531,46.964],[2.521,46.969]],[[2.531,46.961],[2.535,46.964],[2.534,46.968],[2.521,46.969]],[[2.531,46.961],[2.531,46.964]],[[2.538,46.943],[2.537,46.95],[2.529,46.958],[2.531,46.961]],[[2.531,46.964],[2.531,46.964]],[[2.531,46.964],[2.523,46.957],[2.523,46.96],[2.531,46.964]],[[2.538,46.903],[2.537,46.907],[2.543,46.913],[2.541,46.915],[2.542,46.917]],[[2.538,46.9],[2.538,46.906],[2.544,46.912],[2.542,46.917]],[[2.546,46.936],[2.538,46.943]],[[2.546,46.936],[2.545,46.94],[2.538,46.943]],[[2.542,46.917],[2.542,46.927],[2.545,46.929]],[[2.545,46.929],[2.546,46.936]],[[2.577,46.868],[2.576,46.871],[2.568,46.871],[2.566,46.872],[2.568,46.882],[2.56,46.887],[2.563,46.895],[2.56,46.897],[2.56,46.903],[2.553,46.905],[2.556,46.913],[2.551,46.921],[2.542,46.923],[2.545,46.929]],[[2.631,46.818],[2.616,46.823],[2.597,46.836],[2.596,46.846],[2.588,46.849],[2.588,46.852],[2.579,46.858],[2.576,46.863],[2.577,46.868]],[[2.602,46.874],[2.597,46.869],[2.587,46.864],[2.581,46.865],[2.577,46.868]],[[2.616,46.874],[2.61,46.876],[2.602,46.874]],[[2.61,46.885],[2.602,46.881],[2.602,46.874]],[[2.637,46.874],[2.62,46.873],[2.617,46.874],[2.616,46.874]],[[2.639,46.887],[2.621,46.88],[2.616,46.874]],[[2.618,46.864],[2.636,46.867],[2.639,46.872]],[[2.715,46.843],[2.683,46.827],[2.674,46.826],[2.663,46.828],[2.651,46.823],[2.643,46.824],[2.631,46.818]],[[2.715,46.803],[2.711,46.804],[2.696,46.798],[2.689,46.789],[2.667,46.791],[2.663,46.794],[2.663,46.798],[2.652,46.801],[2.65,46.81],[2.635,46.813],[2.631,46.818]],[[2.657,46.878],[2.653,46.875],[2.637,46.874]],[[2.639,46.872],[2.637,46.874]],[[2.651,46.869],[2.639,46.872]],[[2.647,46.858],[2.651,46.869]],[[2.667,46.863],[2.663,46.862],[2.658,46.867],[2.651,46.869]],[[2.651,46.887],[2.657,46.883],[2.657,46.878]],[[2.655,46.89],[2.667,46.886]],[[2.659,46.879],[2.657,46.878]],[[2.667,46.886],[2.659,46.879]],[[2.68,46.879],[2.659,46.879]],[[2.659,46.846],[2.665,46.851],[2.668,46.861]],[[2.682,46.872],[2.667,46.863]],[[2.668,46.861],[2.667,46.863]],[[2.682,46.892],[2.667,46.886]],[[2.67,46.86],[2.668,46.861]],[[2.682,46.861],[2.675,46.863],[2.67,46.86]],[[2.683,46.85],[2.67,46.86]],[[2.67,46.897],[2.678,46.895],[2.682,46.892]],[[2.697,46.885],[2.68,46.879]],[[2.688,46.872],[2.68,46.879]],[[2.684,46.894],[2.682,46.892]],[[2.722,46.847],[2.715,46.843]],[[2.726,46.837],[2.715,46.843]],[[2.716,46.805],[2.715,46.803]],[[2.73,46.799],[2.715,46.803]],[[2.721,46.815],[2.718,46.812],[2.721,46.809],[2.716,46.805]],[[2.778,46.82],[2.756,46.809],[2.735,46.809],[2.721,46.805],[2.72,46.805],[2.717,46.805],[2.716,46.805]],[[2.743,46.856],[2.722,46.847]],[[2.736,46.844],[2.722,46.847]],[[2.764,46.738],[2.762,46.747],[2.747,46.751],[2.727,46.765],[2.735,46.776],[2.73,46.799]],[[2.742,46.795],[2.73,46.799]],[[2.737,46.777],[2.742,46.785],[2.747,46.785]],[[2.746,46.788],[2.741,46.792],[2.742,46.795]],[[2.747,46.794],[2.742,46.795]],[[2.748,46.785],[2.746,46.788]],[[2.749,46.784],[2.746,46.788]],[[2.747,46.785],[2.75,46.782],[2.756,46.781],[2.757,46.776]],[[2.747,46.785],[2.747,46.785],[2.748,46.785]],[[2.778,46.795],[2.768,46.793],[2.762,46.795],[2.747,46.794]],[[2.828,46.784],[2.822,46.789],[2.777,46.783],[2.77,46.788],[2.759,46.789],[2.747,46.794]],[[2.749,46.784],[2.748,46.785]],[[2.757,46.776],[2.758,46.78],[2.749,46.784]],[[2.756,46.719],[2.768,46.725],[2.772,46.731],[2.764,46.738]],[[2.756,46.727],[2.764,46.738]],[[2.785,46.754],[2.784,46.759],[2.772,46.761],[2.761,46.768],[2.757,46.776]],[[2.769,46.828],[2.777,46.825],[2.778,46.82]],[[2.776,46.836],[2.794,46.831],[2.789,46.826]],[[2.812,46.8],[2.81,46.798],[2.803,46.798],[2.795,46.804],[2.781,46.8],[2.778,46.795]],[[2.786,46.793],[2.778,46.795]],[[2.778,46.848],[2.782,46.846],[2.792,46.849],[2.803,46.849],[2.813,46.855]],[[2.789,46.826],[2.778,46.82]],[[2.794,46.734],[2.793,46.738],[2.784,46.745],[2.785,46.754]],[[2.812,46.749],[2.791,46.751],[2.785,46.754]],[[2.824,46.852],[2.811,46.843],[2.808,46.837],[2.8,46.835],[2.792,46.826],[2.789,46.826]],[[2.792,46.855],[2.795,46.857],[2.8,46.855],[2.802,46.858],[2.813,46.855]],[[2.8,46.866],[2.816,46.868]],[[2.809,46.876],[2.809,46.871],[2.816,46.868]],[[2.812,46.878],[2.819,46.875],[2.822,46.867]],[[2.822,46.757],[2.812,46.749]],[[2.813,46.748],[2.812,46.749]],[[2.85,46.741],[2.823,46.739],[2.813,46.748]],[[2.865,46.753],[2.861,46.758],[2.835,46.754],[2.826,46.749],[2.823,46.748],[2.813,46.748]],[[2.813,46.855],[2.824,46.852]],[[2.816,46.868],[2.822,46.867]],[[2.822,46.867],[2.837,46.858],[2.824,46.852]]]}},{"type":"Feature","properties":{"nom":"L'AURON DEPUIS BOURGES JUSQU'A LA CONFLUENCE AVEC L'YEVRE","code":"GR0331B","longueurKm":5.28803685525,"strahler":5.0},"geometry":{"type":"LineString","coordinates":[[2.409,47.049],[2.406,47.047],[2.403,47.049],[2.396,47.063],[2.396,47.076],[2.384,47.086]]}},{"type":"Feature","properties":{"nom":"L'INDRE DEPUIS COURCAY JUSQU'A LA CONFLUENCE AVEC LA LOIRE","code":"GR0351C","longueurKm":144.46245028187,"strahler":6.0},"geometry":{"type":"MultiLineString","coordinates":[[[0.258,47.246],[0.247,47.242],[0.237,47.242],[0.236,47.24],[0.223,47.236],[0.207,47.234],[0.206,47.235],[0.199,47.232],[0.194,47.232]],[[0.262,47.247],[0.258,47.246]],[[0.271,47.252],[0.262,47.25],[0.258,47.246]],[[0.29,47.251],[0.285,47.25],[0.282,47.251],[0.268,47.246],[0.264,47.247],[0.262,47.247]],[[0.271,47.251],[0.262,47.247]],[[0.295,47.259],[0.285,47.255],[0.28,47.256],[0.271,47.252]],[[0.271,47.251],[0.271,47.252]],[[0.284,47.254],[0.271,47.251]],[[0.291,47.256],[0.284,47.254]],[[0.287,47.251],[0.284,47.254]],[[0.29,47.251],[0.287,47.251]],[[0.29,47.251],[0.29,47.251],[0.288,47.251],[0.287,47.251]],[[0.295,47.252],[0.29,47.251]],[[0.292,47.257],[0.291,47.256]],[[0.293,47.256],[0.292,47.256],[0.291,47.256]],[[0.295,47.259],[0.292,47.257]],[[0.292,47.257],[0.293,47.256]],[[0.307,47.258],[0.293,47.256]],[[0.293,47.256],[0.295,47.252]],[[0.307,47.258],[0.295,47.252]],[[0.317,47.259],[0.311,47.262],[0.295,47.259]],[[0.317,47.259],[0.307,47.258]],[[0.344,47.277],[0.333,47.271],[0.326,47.262],[0.317,47.259]],[[0.35,47.279],[0.344,47.277]],[[0.352,47.282],[0.346,47.28],[0.344,47.277]],[[0.369,47.274],[0.362,47.28],[0.35,47.279]],[[0.352,47.282],[0.35,47.279]],[[0.362,47.284],[0.352,47.282]],[[0.368,47.285],[0.362,47.284]],[[0.367,47.286],[0.362,47.284]],[[0.382,47.291],[0.378,47.291],[0.367,47.286]],[[0.368,47.285],[0.367,47.286]],[[0.376,47.284],[0.374,47.284],[0.369,47.285],[0.368,47.285]],[[0.39,47.271],[0.383,47.271],[0.379,47.274],[0.377,47.274],[0.373,47.274],[0.37,47.274],[0.369,47.274]],[[0.379,47.278],[0.375,47.278],[0.369,47.274]],[[0.376,47.284],[0.383,47.286]],[[0.377,47.283],[0.376,47.284]],[[0.377,47.283],[0.377,47.281]],[[0.377,47.281],[0.379,47.278]],[[0.377,47.281],[0.39,47.274]],[[0.386,47.282],[0.377,47.283]],[[0.379,47.278],[0.39,47.274]],[[0.382,47.291],[0.391,47.291],[0.396,47.29]],[[0.383,47.286],[0.382,47.291]],[[0.388,47.285],[0.386,47.286],[0.385,47.286],[0.383,47.286],[0.383,47.286]],[[0.394,47.278],[0.392,47.276],[0.386,47.282]],[[0.388,47.282],[0.387,47.282],[0.386,47.282],[0.386,47.282]],[[0.388,47.282],[0.388,47.285]],[[0.39,47.28],[0.388,47.282]],[[0.396,47.29],[0.391,47.288],[0.39,47.284],[0.388,47.285]],[[0.391,47.274],[0.39,47.271]],[[0.402,47.272],[0.395,47.27],[0.39,47.271]],[[0.39,47.274],[0.391,47.274]],[[0.39,47.28],[0.392,47.286],[0.398,47.291],[0.396,47.29]],[[0.394,47.278],[0.39,47.28]],[[0.402,47.274],[0.395,47.276],[0.391,47.274]],[[0.403,47.275],[0.396,47.278],[0.394,47.278]],[[0.402,47.274],[0.402,47.272]],[[0.409,47.273],[0.405,47.272],[0.402,47.272]],[[0.403,47.275],[0.402,47.274]],[[0.409,47.273],[0.403,47.275]],[[0.41,47.273],[0.409,47.273]],[[0.423,47.271],[0.412,47.273],[0.41,47.273],[0.41,47.273]],[[0.425,47.268],[0.41,47.273]],[[0.424,47.269],[0.423,47.271]],[[0.424,47.269],[0.424,47.27],[0.423,47.271]],[[0.425,47.269],[0.424,47.269]],[[0.425,47.268],[0.425,47.269]],[[0.438,47.267],[0.434,47.264],[0.425,47.268]],[[0.438,47.267],[0.425,47.269]],[[0.462,47.26],[0.447,47.262],[0.443,47.265],[0.44,47.266],[0.439,47.267],[0.438,47.267]],[[0.468,47.258],[0.462,47.26]],[[0.468,47.258],[0.464,47.258],[0.462,47.26]],[[0.488,47.254],[0.473,47.255],[0.468,47.258]],[[0.509,47.253],[0.492,47.257],[0.488,47.254]],[[0.509,47.253],[0.508,47.25],[0.488,47.254]],[[0.514,47.254],[0.509,47.253]],[[0.519,47.253],[0.517,47.254],[0.514,47.254]],[[0.519,47.253],[0.517,47.252],[0.514,47.254]],[[0.527,47.253],[0.519,47.253]],[[0.545,47.254],[0.527,47.253]],[[0.543,47.251],[0.536,47.25],[0.527,47.253]],[[0.54,47.234],[0.546,47.246],[0.545,47.252],[0.544,47.251],[0.543,47.251]],[[0.545,47.252],[0.543,47.251]],[[0.55,47.256],[0.545,47.254]],[[0.545,47.254],[0.545,47.252]],[[0.55,47.256],[0.551,47.255],[0.545,47.252]],[[0.567,47.266],[0.559,47.265],[0.55,47.256]],[[0.569,47.263],[0.552,47.256],[0.55,47.256]],[[0.567,47.266],[0.569,47.263]],[[0.572,47.264],[0.567,47.266]],[[0.574,47.263],[0.569,47.263]],[[0.583,47.265],[0.591,47.268],[0.572,47.264]],[[0.574,47.263],[0.572,47.264]],[[0.576,47.263],[0.574,47.263]],[[0.583,47.265],[0.576,47.263]],[[0.59,47.264],[0.586,47.263],[0.583,47.264],[0.582,47.263],[0.577,47.263],[0.576,47.263]],[[0.59,47.264],[0.583,47.265]],[[0.601,47.269],[0.59,47.264]],[[0.603,47.272],[0.603,47.271],[0.601,47.269]],[[0.603,47.272],[0.601,47.269]],[[0.603,47.275],[0.603,47.272]],[[0.611,47.286],[0.605,47.282],[0.603,47.275]],[[0.611,47.286],[0.612,47.283],[0.605,47.275],[0.603,47.275]],[[0.618,47.285],[0.613,47.286],[0.611,47.286]],[[0.639,47.279],[0.628,47.28],[0.619,47.285],[0.619,47.285],[0.618,47.285],[0.618,47.285]],[[0.627,47.278],[0.622,47.28],[0.618,47.285]],[[0.637,47.279],[0.627,47.278]],[[0.639,47.278],[0.635,47.278],[0.627,47.278]],[[0.639,47.279],[0.637,47.279]],[[0.639,47.278],[0.637,47.279]],[[0.64,47.28],[0.639,47.279]],[[0.64,47.28],[0.639,47.278]],[[0.669,47.292],[0.662,47.294],[0.652,47.291],[0.64,47.28]],[[0.669,47.292],[0.669,47.292]],[[0.675,47.289],[0.669,47.292]],[[0.676,47.29],[0.671,47.293],[0.669,47.292]],[[0.676,47.29],[0.669,47.292]],[[0.675,47.289],[0.676,47.29]],[[0.676,47.288],[0.675,47.289]],[[0.676,47.29],[0.676,47.29]],[[0.678,47.289],[0.676,47.29]],[[0.681,47.284],[0.676,47.288]],[[0.678,47.289],[0.677,47.288],[0.676,47.288]],[[0.682,47.287],[0.678,47.289]],[[0.681,47.284],[0.682,47.287]],[[0.692,47.283],[0.69,47.281],[0.681,47.284]],[[0.693,47.288],[0.686,47.286],[0.682,47.287]],[[0.711,47.293],[0.707,47.296],[0.702,47.295],[0.692,47.283]],[[0.693,47.288],[0.692,47.283]],[[0.711,47.293],[0.707,47.299],[0.701,47.299],[0.696,47.295],[0.693,47.288]],[[0.713,47.291],[0.711,47.293]],[[0.716,47.289],[0.714,47.288],[0.713,47.291]],[[0.716,47.289],[0.713,47.291]],[[0.717,47.286],[0.716,47.285]],[[0.716,47.285],[0.717,47.288]],[[0.717,47.284],[0.716,47.285]],[[0.717,47.288],[0.716,47.289]],[[0.718,47.283],[0.717,47.284],[0.717,47.284]],[[0.723,47.282],[0.72,47.282],[0.717,47.284]],[[0.718,47.286],[0.717,47.288]],[[0.728,47.285],[0.717,47.288]],[[0.718,47.286],[0.717,47.286]],[[0.718,47.283],[0.717,47.286]],[[0.725,47.283],[0.718,47.286]],[[0.723,47.282],[0.718,47.283]],[[0.725,47.283],[0.724,47.282],[0.723,47.282]],[[0.728,47.285],[0.725,47.283]],[[0.73,47.288],[0.728,47.285]],[[0.737,47.289],[0.73,47.288]],[[0.743,47.291],[0.739,47.292],[0.73,47.288]],[[0.743,47.291],[0.737,47.289]],[[0.753,47.288],[0.737,47.289]],[[0.753,47.289],[0.743,47.291]],[[0.763,47.287],[0.755,47.289],[0.753,47.289]],[[0.753,47.289],[0.753,47.288]],[[0.762,47.286],[0.761,47.284],[0.753,47.288]],[[0.762,47.286],[0.753,47.288]],[[0.763,47.287],[0.762,47.286]],[[0.788,47.282],[0.779,47.282],[0.763,47.287]],[[0.798,47.278],[0.794,47.277],[0.788,47.282]],[[0.798,47.279],[0.788,47.282]],[[0.798,47.278],[0.798,47.279]],[[0.812,47.275],[0.803,47.275],[0.798,47.279]],[[0.81,47.274],[0.802,47.274],[0.798,47.278]],[[0.812,47.276],[0.812,47.275],[0.81,47.274]],[[0.812,47.275],[0.81,47.274]],[[0.812,47.276],[0.812,47.275]],[[0.832,47.27],[0.82,47.27],[0.818,47.277],[0.815,47.278],[0.812,47.276]],[[0.834,47.271],[0.832,47.27]],[[0.834,47.27],[0.832,47.27]],[[0.837,47.271],[0.837,47.272],[0.834,47.271]],[[0.834,47.27],[0.834,47.271]],[[0.835,47.27],[0.834,47.27]],[[0.837,47.271],[0.835,47.27]],[[0.837,47.271],[0.836,47.27],[0.836,47.27],[0.835,47.27]],[[0.862,47.265],[0.84,47.271],[0.837,47.271]],[[0.888,47.243],[0.889,47.247],[0.885,47.249],[0.87,47.25],[0.862,47.265]]]}},{"type":"Feature","properties":{"nom":"LA BRIANCE DEPUIS LA CONFLUENCE DE LA ROSELLE JUSQU'A LA CONFLUENCE AVEC LA VIENNE","code":"GR0376","longueurKm":15.5585745529,"strahler":5.0},"geometry":{"type":"LineString","coordinates":[[1.325,45.728],[1.32,45.732],[1.313,45.732],[1.311,45.74],[1.306,45.739],[1.304,45.75],[1.289,45.747],[1.284,45.752],[1.275,45.752],[1.266,45.757],[1.252,45.754],[1.25,45.761],[1.243,45.762],[1.245,45.758],[1.241,45.756],[1.237,45.759],[1.237,45.764],[1.224,45.769],[1.213,45.777],[1.208,45.777],[1.203,45.782]]}},{"type":"Feature","properties":{"nom":"L'ARNON DEPUIS LA CONFLUENCE DE LA SINAISE JUSQU'A LA CONFLUENCE AVEC LA THEOLS","code":"GR0334A","longueurKm":85.85146294419,"strahler":5.0},"geometry":{"type":"MultiLineString","coordinates":[[[2.051,47.045],[2.051,47.047]],[[2.051,47.045],[2.049,47.046],[2.051,47.047]],[[2.052,47.043],[2.051,47.045]],[[2.051,47.047],[2.052,47.047]],[[2.051,47.047],[2.052,47.046],[2.053,47.047],[2.052,47.047]],[[2.052,47.047],[2.058,47.059],[2.053,47.07]],[[2.055,47.038],[2.051,47.04],[2.052,47.043]],[[2.055,47.038],[2.052,47.043]],[[2.055,47.037],[2.055,47.038]],[[2.061,47.035],[2.058,47.037],[2.055,47.037]],[[2.059,47.034],[2.055,47.037]],[[2.081,47.022],[2.064,47.028],[2.059,47.034]],[[2.061,47.035],[2.06,47.034],[2.06,47.034],[2.059,47.034]],[[2.081,47.022],[2.078,47.026],[2.066,47.03],[2.061,47.035]],[[2.082,47.017],[2.081,47.022]],[[2.084,47.007],[2.079,47.006],[2.077,47.008],[2.082,47.017]],[[2.084,47.007],[2.082,47.017]],[[2.121,46.994],[2.12,46.997],[2.116,46.998],[2.102,46.994],[2.096,46.997],[2.096,47.005],[2.089,47.008],[2.087,47.007],[2.085,47.007],[2.084,47.007]],[[2.11,46.937],[2.11,46.937]],[[2.115,46.933],[2.111,46.933],[2.11,46.937]],[[2.115,46.933],[2.11,46.937]],[[2.11,46.937],[2.114,46.949]],[[2.11,46.937],[2.11,46.946],[2.114,46.949]],[[2.114,46.949],[2.124,46.952]],[[2.116,46.93],[2.115,46.933]],[[2.119,46.929],[2.116,46.93]],[[2.119,46.929],[2.117,46.93],[2.116,46.93]],[[2.117,46.981],[2.119,46.987]],[[2.117,46.981],[2.114,46.986],[2.117,46.989]],[[2.118,46.979],[2.117,46.981]],[[2.117,46.989],[2.121,46.994]],[[2.119,46.987],[2.117,46.989]],[[2.12,46.927],[2.119,46.929]],[[2.118,46.976],[2.115,46.978],[2.118,46.979]],[[2.118,46.976],[2.118,46.979]],[[2.119,46.975],[2.118,46.976]],[[2.121,46.97],[2.119,46.975]],[[2.121,46.97],[2.122,46.971],[2.119,46.975]],[[2.122,46.925],[2.12,46.927]],[[2.122,46.925],[2.12,46.926],[2.12,46.927]],[[2.119,46.987],[2.123,46.993],[2.123,46.994],[2.122,46.994],[2.121,46.994]],[[2.121,46.967],[2.122,46.969]],[[2.121,46.967],[2.121,46.968],[2.122,46.969]],[[2.122,46.964],[2.121,46.967]],[[2.122,46.969],[2.121,46.97]],[[2.13,46.908],[2.139,46.915],[2.126,46.919],[2.122,46.925]],[[2.128,46.958],[2.129,46.961],[2.126,46.964],[2.122,46.964]],[[2.128,46.958],[2.122,46.964]],[[2.124,46.952],[2.128,46.954]],[[2.124,46.952],[2.126,46.954]],[[2.126,46.954],[2.127,46.957]],[[2.126,46.954],[2.127,46.954],[2.128,46.954]],[[2.127,46.957],[2.128,46.958]],[[2.128,46.954],[2.127,46.957]],[[2.13,46.892],[2.135,46.895],[2.136,46.899]],[[2.13,46.892],[2.136,46.899]],[[2.142,46.878],[2.131,46.876],[2.127,46.889],[2.13,46.892]],[[2.131,46.904],[2.13,46.908]],[[2.132,46.904],[2.13,46.908]],[[2.131,46.904],[2.132,46.904]],[[2.136,46.9],[2.131,46.904]],[[2.136,46.9],[2.132,46.904]],[[2.136,46.899],[2.136,46.9]],[[2.147,46.879],[2.142,46.878]],[[2.146,46.877],[2.142,46.878]],[[2.153,46.879],[2.146,46.877]],[[2.147,46.879],[2.146,46.877]],[[2.153,46.879],[2.15,46.88],[2.147,46.879]],[[2.16,46.863],[2.154,46.869],[2.159,46.877],[2.153,46.879]],[[2.163,46.861],[2.16,46.863]],[[2.163,46.861],[2.162,46.863],[2.16,46.863]],[[2.192,46.84],[2.182,46.846],[2.168,46.839],[2.163,46.839],[2.161,46.842],[2.164,46.847],[2.176,46.851],[2.177,46.854],[2.174,46.858],[2.163,46.861]],[[2.18,46.77],[2.189,46.777],[2.188,46.78]],[[2.18,46.77],[2.181,46.775],[2.188,46.78]],[[2.182,46.738],[2.178,46.75],[2.177,46.765],[2.18,46.77]],[[2.181,46.734],[2.182,46.738]],[[2.196,46.71],[2.191,46.709],[2.182,46.713],[2.178,46.718],[2.177,46.722],[2.182,46.725],[2.181,46.734]],[[2.181,46.734],[2.182,46.734],[2.184,46.737],[2.182,46.738]],[[2.188,46.78],[2.185,46.791],[2.194,46.797],[2.194,46.8],[2.199,46.804],[2.203,46.805],[2.209,46.809],[2.206,46.813],[2.207,46.817],[2.194,46.824],[2.197,46.832]],[[2.197,46.832],[2.192,46.84]],[[2.197,46.832],[2.198,46.834],[2.192,46.84]]]}},{"type":"Feature","properties":{"nom":"L'ARNON DEPUIS LA CONFLUENCE DE LA THEOLS JUSQU'A LA CONFLUENCE AVEC LE CHER","code":"GR0334B","longueurKm":66.10018325415,"strahler":5.0},"geometry":{"type":"MultiLineString","coordinates":[[[2.022,47.212],[2.023,47.217],[2.011,47.217]],[[2.03,47.203],[2.022,47.212]],[[2.033,47.205],[2.028,47.21],[2.022,47.212]],[[2.028,47.159],[2.029,47.161]],[[2.051,47.12],[2.028,47.137],[2.028,47.159]],[[2.028,47.159],[2.031,47.156]],[[2.029,47.161],[2.032,47.171]],[[2.041,47.153],[2.029,47.161]],[[2.03,47.186],[2.031,47.19]],[[2.032,47.171],[2.026,47.179],[2.027,47.185],[2.03,47.186]],[[2.032,47.171],[2.03,47.186]],[[2.031,47.156],[2.031,47.155]],[[2.037,47.145],[2.031,47.149],[2.031,47.155]],[[2.031,47.155],[2.035,47.149]],[[2.031,47.156],[2.032,47.156],[2.035,47.155],[2.036,47.152]],[[2.03,47.203],[2.033,47.205]],[[2.031,47.195],[2.027,47.2],[2.03,47.203]],[[2.031,47.195],[2.03,47.203]],[[2.031,47.19],[2.031,47.195]],[[2.031,47.19],[2.034,47.197],[2.033,47.205]],[[2.035,47.149],[2.036,47.152]],[[2.035,47.149],[2.037,47.145]],[[2.036,47.152],[2.041,47.153]],[[2.052,47.124],[2.038,47.135],[2.037,47.145]],[[2.049,47.134],[2.041,47.153]],[[2.048,47.093],[2.049,47.095]],[[2.048,47.093],[2.047,47.094],[2.049,47.095]],[[2.051,47.091],[2.048,47.093]],[[2.049,47.095],[2.054,47.102]],[[2.053,47.13],[2.05,47.131],[2.049,47.134]],[[2.053,47.13],[2.049,47.134]],[[2.052,47.124],[2.051,47.12]],[[2.051,47.12],[2.051,47.114]],[[2.051,47.091],[2.054,47.091]],[[2.052,47.089],[2.051,47.091]],[[2.052,47.089],[2.054,47.091]],[[2.056,47.075],[2.052,47.089]],[[2.051,47.114],[2.054,47.115]],[[2.054,47.102],[2.05,47.106],[2.051,47.114]],[[2.053,47.13],[2.052,47.124]],[[2.054,47.115],[2.052,47.124]],[[2.053,47.07],[2.055,47.073]],[[2.054,47.091],[2.056,47.105]],[[2.053,47.13],[2.053,47.13]],[[2.054,47.102],[2.056,47.105]],[[2.057,47.119],[2.053,47.13]],[[2.054,47.115],[2.057,47.115]],[[2.055,47.073],[2.056,47.075]],[[2.055,47.073],[2.054,47.074],[2.056,47.075]],[[2.056,47.105],[2.057,47.115]],[[2.058,47.115],[2.057,47.119]],[[2.058,47.117],[2.057,47.119]],[[2.057,47.115],[2.058,47.115]],[[2.058,47.115],[2.058,47.117]],[[2.097,47.109],[2.091,47.111],[2.075,47.108],[2.058,47.117]],[[2.076,47.098],[2.093,47.104]],[[2.085,47.096],[2.093,47.104]],[[2.087,47.087],[2.097,47.088],[2.102,47.092]],[[2.089,47.09],[2.102,47.092]],[[2.093,47.104],[2.097,47.109]],[[2.111,47.095],[2.112,47.097],[2.097,47.109]],[[2.1,47.07],[2.115,47.078],[2.105,47.085],[2.111,47.087],[2.111,47.095]],[[2.102,47.092],[2.111,47.095]]]}},{"type":"Feature","properties":{"nom":"L'INDROIS ET SES AFFLUENTS DEPUIS VILLELOIN-COULANGE JUSQU'A LA CONFLUENCE AVEC L'INDRE","code":"GR0354","longueurKm":76.37434692208,"strahler":5.0},"geometry":{"type":"MultiLineString","coordinates":[[[0.952,47.21],[0.946,47.21]],[[0.952,47.21],[0.952,47.21]],[[0.961,47.209],[0.956,47.208],[0.952,47.21]],[[0.959,47.21],[0.954,47.211],[0.952,47.21]],[[0.959,47.21],[0.952,47.21]],[[0.959,47.21],[0.959,47.21]],[[0.959,47.21],[0.961,47.209]],[[0.969,47.21],[0.961,47.211],[0.959,47.21]],[[0.974,47.208],[0.969,47.207],[0.961,47.209]],[[0.99,47.212],[0.969,47.21]],[[0.974,47.208],[0.969,47.21]],[[0.976,47.208],[0.974,47.208]],[[0.98,47.209],[0.98,47.21],[0.976,47.208]],[[0.98,47.209],[0.978,47.208],[0.976,47.208]],[[0.989,47.211],[0.985,47.211],[0.983,47.209],[0.982,47.209],[0.98,47.209]],[[0.99,47.212],[0.989,47.211]],[[0.995,47.209],[0.989,47.211]],[[0.995,47.209],[0.993,47.212],[0.991,47.212],[0.99,47.212]],[[1.008,47.2],[1.0,47.199],[0.995,47.209]],[[1.014,47.199],[1.009,47.2],[1.008,47.2]],[[1.016,47.198],[1.008,47.2]],[[1.018,47.2],[1.014,47.199]],[[1.016,47.198],[1.014,47.199]],[[1.018,47.2],[1.018,47.199],[1.016,47.198],[1.016,47.198]],[[1.047,47.191],[1.033,47.196],[1.03,47.201],[1.024,47.202],[1.018,47.2]],[[1.05,47.199],[1.051,47.195],[1.047,47.191]],[[1.05,47.199],[1.053,47.192],[1.051,47.191],[1.047,47.191]],[[1.133,47.164],[1.12,47.17],[1.114,47.169],[1.112,47.164],[1.109,47.163],[1.106,47.165],[1.11,47.171],[1.109,47.178],[1.086,47.182],[1.091,47.191],[1.082,47.191],[1.075,47.195],[1.064,47.194],[1.06,47.202],[1.055,47.203],[1.05,47.199]],[[1.103,47.129],[1.115,47.132],[1.138,47.15]],[[1.132,47.133],[1.147,47.147]],[[1.134,47.163],[1.133,47.164]],[[1.138,47.166],[1.136,47.165],[1.135,47.164],[1.134,47.164],[1.133,47.164]],[[1.138,47.15],[1.134,47.163]],[[1.138,47.166],[1.136,47.163],[1.134,47.163]],[[1.136,47.117],[1.14,47.121],[1.141,47.128],[1.155,47.141]],[[1.147,47.147],[1.138,47.15]],[[1.16,47.161],[1.156,47.158],[1.15,47.157],[1.146,47.16],[1.146,47.17],[1.142,47.171],[1.138,47.166]],[[1.14,47.106],[1.155,47.1]],[[1.145,47.084],[1.141,47.089],[1.143,47.096],[1.155,47.1]],[[1.155,47.141],[1.147,47.147]],[[1.155,47.1],[1.164,47.104]],[[1.166,47.132],[1.155,47.141]],[[1.164,47.164],[1.16,47.161]],[[1.164,47.164],[1.162,47.164],[1.16,47.161]],[[1.164,47.104],[1.167,47.109],[1.164,47.124],[1.166,47.132]],[[1.165,47.098],[1.164,47.104]],[[1.167,47.082],[1.163,47.093],[1.165,47.098]],[[1.173,47.089],[1.173,47.092],[1.165,47.098]],[[1.191,47.155],[1.187,47.16],[1.175,47.157],[1.164,47.164]],[[1.197,47.117],[1.182,47.125],[1.181,47.132],[1.175,47.131],[1.169,47.133],[1.166,47.132]],[[1.2,47.155],[1.197,47.153],[1.191,47.155]],[[1.2,47.155],[1.191,47.155]],[[1.228,47.135],[1.222,47.139],[1.22,47.145],[1.205,47.146],[1.205,47.152],[1.204,47.154],[1.202,47.155],[1.2,47.155]]]}},{"type":"Feature","properties":{"nom":"LA VIENNE DEPUIS L'AVAL DE LA RETENUE DE BUSSY JUSQU'A LA CONFLUENCE AVEC LA MAULDE","code":"GR0357A","longueurKm":23.6740225414,"strahler":5.0},"geometry":{"type":"MultiLineString","coordinates":[[[1.649,45.76],[1.649,45.763],[1.643,45.764],[1.638,45.769],[1.623,45.763],[1.616,45.766],[1.611,45.774],[1.603,45.773],[1.599,45.767],[1.594,45.769],[1.584,45.774],[1.584,45.778],[1.578,45.777],[1.571,45.782],[1.565,45.78],[1.566,45.784],[1.557,45.784],[1.548,45.79],[1.532,45.796],[1.526,45.803]],[[1.652,45.759],[1.65,45.757],[1.647,45.757],[1.646,45.759],[1.649,45.76]],[[1.652,45.759],[1.648,45.758],[1.649,45.76]],[[1.707,45.751],[1.701,45.752],[1.702,45.758],[1.698,45.755],[1.69,45.758],[1.685,45.756],[1.685,45.751],[1.68,45.749],[1.68,45.753],[1.669,45.757],[1.668,45.762],[1.659,45.762],[1.652,45.759]]]}},{"type":"Feature","properties":{"nom":"LA SAULDRE DEPUIS SALBRIS JUSQU'A LA CONFLUENCE AVEC LA RERE","code":"GR0337A","longueurKm":72.23207792674,"strahler":5.0},"geometry":{"type":"MultiLineString","coordinates":[[[1.863,47.376],[1.856,47.375],[1.852,47.369],[1.845,47.37],[1.843,47.368],[1.846,47.366],[1.843,47.366],[1.843,47.362],[1.834,47.363],[1.831,47.366],[1.829,47.363],[1.827,47.363],[1.828,47.359]],[[1.881,47.378],[1.864,47.378],[1.863,47.376]],[[1.88,47.376],[1.881,47.373],[1.878,47.372],[1.874,47.376],[1.871,47.375],[1.87,47.377],[1.869,47.374],[1.863,47.376]],[[1.899,47.378],[1.884,47.378],[1.88,47.376]],[[1.881,47.378],[1.88,47.376]],[[1.902,47.38],[1.881,47.378]],[[1.902,47.379],[1.899,47.378]],[[1.902,47.379],[1.9,47.378],[1.899,47.378]],[[1.902,47.38],[1.902,47.379]],[[1.913,47.383],[1.911,47.379],[1.908,47.379],[1.904,47.38],[1.902,47.38]],[[1.915,47.383],[1.913,47.383]],[[1.915,47.383],[1.914,47.384],[1.913,47.383]],[[2.003,47.418],[2.0,47.417],[2.003,47.415],[2.002,47.411],[1.999,47.41],[1.993,47.412],[1.99,47.411],[1.987,47.403],[1.975,47.403],[1.969,47.4],[1.969,47.402],[1.966,47.401],[1.964,47.398],[1.968,47.394],[1.965,47.392],[1.963,47.394],[1.959,47.393],[1.958,47.388],[1.952,47.388],[1.953,47.392],[1.95,47.39],[1.944,47.393],[1.935,47.39],[1.933,47.384],[1.925,47.385],[1.921,47.381],[1.915,47.383]],[[2.007,47.419],[2.004,47.419],[2.004,47.418],[2.003,47.418],[2.003,47.418],[2.003,47.418]],[[2.007,47.419],[2.004,47.419],[2.003,47.418]],[[2.024,47.424],[2.007,47.419]],[[2.04,47.425],[2.024,47.424]],[[2.027,47.427],[2.024,47.424]],[[2.027,47.437],[2.024,47.432],[2.027,47.427]],[[2.036,47.446],[2.027,47.427]],[[2.047,47.467],[2.035,47.457]],[[2.04,47.469],[2.035,47.457]],[[2.035,47.457],[2.035,47.454]],[[2.044,47.462],[2.035,47.454]],[[2.035,47.454],[2.036,47.446]],[[2.053,47.456],[2.049,47.448],[2.039,47.448],[2.036,47.446]],[[2.04,47.427],[2.04,47.425]],[[2.04,47.427],[2.042,47.426],[2.04,47.424],[2.04,47.425]],[[2.065,47.434],[2.057,47.432],[2.055,47.428],[2.048,47.427],[2.046,47.429],[2.04,47.427]],[[2.071,47.47],[2.066,47.473],[2.044,47.462]],[[2.059,47.473],[2.044,47.462]],[[2.058,47.457],[2.054,47.456],[2.053,47.456],[2.053,47.456]],[[2.062,47.465],[2.054,47.462],[2.053,47.456]],[[2.065,47.462],[2.058,47.457]],[[2.076,47.468],[2.066,47.459],[2.059,47.457],[2.058,47.457]],[[2.082,47.484],[2.074,47.482],[2.059,47.473]],[[2.107,47.498],[2.102,47.5],[2.067,47.482],[2.059,47.473]],[[2.068,47.435],[2.065,47.434]],[[2.069,47.435],[2.067,47.433],[2.065,47.434]],[[2.069,47.438],[2.068,47.435]],[[2.068,47.435],[2.069,47.435]],[[2.069,47.438],[2.069,47.435]],[[2.081,47.451],[2.073,47.442],[2.069,47.442],[2.069,47.438]]]}},{"type":"Feature","properties":{"nom":"LA SAULDRE DEPUIS LA CONFLUENCE AVEC LA RERE JUSQU'A LA CONFLUENCE AVEC LE CHER","code":"GR0337B","longueurKm":66.55878114632,"strahler":5.0},"geometry":{"type":"MultiLineString","coordinates":[[[1.537,47.289],[1.526,47.28],[1.511,47.273]],[[1.54,47.29],[1.537,47.289]],[[1.54,47.29],[1.538,47.289],[1.537,47.289],[1.537,47.289]],[[1.7,47.333],[1.691,47.331],[1.69,47.326],[1.683,47.323],[1.67,47.32],[1.665,47.313],[1.654,47.314],[1.651,47.309],[1.647,47.309],[1.639,47.301],[1.636,47.304],[1.627,47.299],[1.618,47.301],[1.618,47.297],[1.614,47.295],[1.609,47.3],[1.608,47.298],[1.596,47.295],[1.586,47.3],[1.572,47.299],[1.562,47.296],[1.556,47.297],[1.554,47.295],[1.545,47.295],[1.54,47.29]],[[1.702,47.334],[1.7,47.333]],[[1.702,47.334],[1.701,47.333],[1.701,47.333],[1.7,47.333],[1.7,47.333]],[[1.729,47.349],[1.724,47.345],[1.701,47.337],[1.702,47.334]],[[1.708,47.404],[1.711,47.405],[1.723,47.403]],[[1.715,47.398],[1.723,47.403]],[[1.722,47.383],[1.732,47.384]],[[1.723,47.403],[1.726,47.403]],[[1.724,47.379],[1.733,47.381]],[[1.73,47.407],[1.726,47.403]],[[1.726,47.403],[1.726,47.398],[1.733,47.388]],[[1.73,47.35],[1.729,47.349]],[[1.73,47.35],[1.729,47.35],[1.729,47.349]],[[1.731,47.353],[1.73,47.35]],[[1.735,47.356],[1.731,47.353]],[[1.735,47.356],[1.732,47.355],[1.731,47.353]],[[1.732,47.368],[1.736,47.365]],[[1.733,47.388],[1.732,47.384]],[[1.732,47.384],[1.733,47.381]],[[1.735,47.39],[1.733,47.388]],[[1.734,47.381],[1.733,47.381]],[[1.733,47.381],[1.739,47.377]],[[1.741,47.357],[1.735,47.356]],[[1.736,47.365],[1.732,47.363],[1.735,47.356]],[[1.737,47.369],[1.736,47.365]],[[1.754,47.382],[1.759,47.378],[1.757,47.375],[1.745,47.373],[1.745,47.371],[1.737,47.369]],[[1.739,47.377],[1.737,47.369]],[[1.746,47.393],[1.739,47.377]],[[1.745,47.357],[1.741,47.357]],[[1.747,47.355],[1.741,47.357]],[[1.747,47.356],[1.747,47.357],[1.746,47.358],[1.745,47.357]],[[1.747,47.356],[1.745,47.357]],[[1.744,47.407],[1.755,47.402]],[[1.747,47.355],[1.747,47.356]],[[1.754,47.4],[1.752,47.394],[1.746,47.393]],[[1.753,47.386],[1.748,47.386],[1.75,47.387],[1.746,47.393]],[[1.781,47.358],[1.758,47.353],[1.747,47.355]],[[1.747,47.399],[1.754,47.4]],[[1.75,47.424],[1.749,47.414],[1.757,47.41]],[[1.755,47.402],[1.754,47.4]],[[1.757,47.41],[1.755,47.402]],[[1.777,47.42],[1.768,47.422],[1.757,47.41]],[[1.788,47.361],[1.781,47.358]],[[1.797,47.347],[1.795,47.356],[1.781,47.358]],[[1.788,47.341],[1.789,47.346],[1.797,47.347]],[[1.793,47.362],[1.788,47.361]],[[1.793,47.362],[1.789,47.362],[1.788,47.361]],[[1.828,47.359],[1.81,47.364],[1.796,47.361],[1.793,47.362]],[[1.797,47.334],[1.797,47.347]]]}},{"type":"Feature","properties":{"nom":"LA PETITE SAULDRE ET SES AFFLUENTS DEPUIS LA SOURCE JUSQU'A LA CONFLUENCE AVEC LA GRANDE SAULDRE","code":"GR0341","longueurKm":232.52102623419,"strahler":5.0},"geometry":{"type":"MultiLineString","coordinates":[[[2.093,47.458],[2.09,47.459],[2.086,47.453]],[[2.086,47.453],[2.086,47.452],[2.081,47.451],[2.082,47.452],[2.086,47.453]],[[2.1,47.463],[2.095,47.459],[2.096,47.458],[2.094,47.457],[2.094,47.458],[2.094,47.458],[2.093,47.458]],[[2.108,47.452],[2.098,47.453],[2.093,47.458]],[[2.11,47.466],[2.108,47.461],[2.104,47.463],[2.1,47.463]],[[2.128,47.48],[2.114,47.477],[2.101,47.472],[2.1,47.463]],[[2.113,47.453],[2.108,47.452]],[[2.112,47.452],[2.108,47.452]],[[2.117,47.466],[2.11,47.466]],[[2.117,47.466],[2.11,47.468],[2.108,47.467],[2.11,47.466]],[[2.144,47.442],[2.134,47.443],[2.112,47.452]],[[2.113,47.452],[2.112,47.452]],[[2.122,47.464],[2.117,47.466]],[[2.125,47.468],[2.124,47.464],[2.122,47.464]],[[2.125,47.468],[2.123,47.465],[2.123,47.464],[2.122,47.464]],[[2.13,47.469],[2.128,47.47],[2.125,47.468]],[[2.125,47.468],[2.125,47.468]],[[2.13,47.469],[2.125,47.468]],[[2.129,47.48],[2.128,47.48]],[[2.145,47.483],[2.133,47.479],[2.128,47.48]],[[2.136,47.473],[2.132,47.469],[2.13,47.469]],[[2.152,47.471],[2.147,47.471],[2.143,47.474],[2.136,47.473]],[[2.152,47.471],[2.14,47.476],[2.136,47.476],[2.136,47.473]],[[2.163,47.444],[2.144,47.442]],[[2.171,47.433],[2.144,47.442]],[[2.149,47.484],[2.145,47.483]],[[2.161,47.497],[2.149,47.489],[2.149,47.484],[2.145,47.483]],[[2.18,47.479],[2.183,47.476],[2.181,47.473],[2.162,47.478],[2.155,47.483],[2.154,47.483],[2.151,47.484],[2.15,47.484],[2.149,47.484],[2.149,47.484]],[[2.156,47.486],[2.149,47.484]],[[2.165,47.467],[2.16,47.469],[2.154,47.471],[2.152,47.471]],[[2.167,47.495],[2.156,47.49],[2.156,47.486]],[[2.171,47.485],[2.156,47.486]],[[2.176,47.443],[2.17,47.443],[2.166,47.444],[2.163,47.444]],[[2.189,47.441],[2.175,47.441],[2.163,47.444]],[[2.177,47.467],[2.165,47.467]],[[2.177,47.467],[2.168,47.464],[2.165,47.467]],[[2.17,47.416],[2.182,47.422],[2.188,47.427]],[[2.188,47.427],[2.181,47.426],[2.173,47.429],[2.171,47.433]],[[2.209,47.436],[2.203,47.436],[2.184,47.431],[2.171,47.433]],[[2.182,47.494],[2.185,47.494],[2.171,47.485]],[[2.175,47.484],[2.171,47.485]],[[2.201,47.494],[2.197,47.491],[2.19,47.491],[2.189,47.487],[2.183,47.484],[2.175,47.484]],[[2.19,47.481],[2.186,47.483],[2.175,47.484]],[[2.18,47.467],[2.179,47.467],[2.177,47.467]],[[2.2,47.46],[2.182,47.462],[2.18,47.467]],[[2.195,47.464],[2.18,47.467]],[[2.189,47.48],[2.179,47.482],[2.18,47.479]],[[2.193,47.471],[2.18,47.479]],[[2.198,47.43],[2.188,47.427]],[[2.189,47.48],[2.19,47.481]],[[2.195,47.48],[2.189,47.48]],[[2.275,47.475],[2.255,47.482],[2.251,47.49],[2.228,47.497],[2.216,47.495],[2.198,47.487],[2.195,47.482],[2.19,47.481]],[[2.197,47.464],[2.196,47.463],[2.195,47.464],[2.195,47.464],[2.195,47.464]],[[2.197,47.464],[2.196,47.464],[2.195,47.464]],[[2.197,47.48],[2.195,47.48]],[[2.205,47.47],[2.205,47.474],[2.195,47.478],[2.195,47.48]],[[2.196,47.433],[2.209,47.436]],[[2.199,47.462],[2.197,47.464]],[[2.198,47.481],[2.197,47.48]],[[2.218,47.475],[2.197,47.48]],[[2.213,47.49],[2.198,47.481]],[[2.23,47.48],[2.22,47.483],[2.209,47.483],[2.203,47.48],[2.198,47.481]],[[2.212,47.454],[2.207,47.46],[2.202,47.461],[2.202,47.461],[2.2,47.462],[2.199,47.462]],[[2.2,47.46],[2.199,47.462]],[[2.212,47.454],[2.206,47.455],[2.2,47.46]],[[2.22,47.436],[2.209,47.436]],[[2.218,47.451],[2.212,47.454]],[[2.232,47.45],[2.227,47.449],[2.224,47.45],[2.219,47.451],[2.218,47.451]],[[2.227,47.448],[2.218,47.451]],[[2.229,47.473],[2.221,47.474],[2.219,47.475],[2.218,47.475]],[[2.22,47.472],[2.218,47.475]],[[2.266,47.467],[2.254,47.467],[2.244,47.462],[2.23,47.461],[2.221,47.466],[2.22,47.472]],[[2.238,47.47],[2.22,47.472]],[[2.227,47.448],[2.231,47.448]],[[2.239,47.447],[2.227,47.448]],[[2.231,47.448],[2.232,47.45]],[[2.231,47.448],[2.234,47.448],[2.234,47.448]],[[2.232,47.45],[2.233,47.45],[2.234,47.45]],[[2.234,47.45],[2.25,47.455]],[[2.234,47.448],[2.234,47.45]],[[2.236,47.448],[2.235,47.448],[2.234,47.448]],[[2.243,47.45],[2.236,47.448]],[[2.239,47.447],[2.236,47.448]],[[2.245,47.473],[2.238,47.47]],[[2.244,47.47],[2.238,47.47]],[[2.243,47.45],[2.239,47.447]],[[2.245,47.451],[2.243,47.45]],[[2.245,47.451],[2.246,47.452]],[[2.247,47.451],[2.247,47.451],[2.246,47.451],[2.245,47.451],[2.245,47.451]],[[2.246,47.452],[2.251,47.454]],[[2.25,47.455],[2.246,47.452]],[[2.256,47.454],[2.25,47.451],[2.248,47.451],[2.247,47.451]],[[2.25,47.453],[2.247,47.451]],[[2.256,47.454],[2.252,47.453],[2.25,47.453]],[[2.251,47.453],[2.25,47.453]],[[2.251,47.455],[2.25,47.455]],[[2.253,47.456],[2.251,47.455]],[[2.251,47.455],[2.251,47.455]],[[2.254,47.456],[2.251,47.453]],[[2.251,47.454],[2.251,47.453]],[[2.251,47.455],[2.251,47.454]],[[2.253,47.456],[2.251,47.455]],[[2.254,47.456],[2.254,47.456],[2.253,47.456]],[[2.256,47.457],[2.254,47.456]],[[2.263,47.456],[2.261,47.457],[2.256,47.457]],[[2.277,47.456],[2.26,47.459],[2.256,47.457]],[[2.263,47.456],[2.256,47.454]],[[2.267,47.454],[2.264,47.456],[2.263,47.456]],[[2.273,47.455],[2.267,47.454]],[[2.282,47.452],[2.267,47.454]],[[2.277,47.456],[2.273,47.455]],[[2.282,47.452],[2.273,47.455]],[[2.283,47.455],[2.277,47.456]],[[2.284,47.451],[2.283,47.452],[2.282,47.452]],[[2.285,47.454],[2.284,47.455],[2.283,47.455],[2.283,47.455]],[[2.284,47.451],[2.283,47.455]],[[2.289,47.447],[2.284,47.451]],[[2.292,47.449],[2.287,47.449],[2.285,47.454]],[[2.292,47.449],[2.285,47.454]],[[2.293,47.448],[2.289,47.447]],[[2.301,47.448],[2.29,47.447],[2.289,47.447]],[[2.293,47.448],[2.292,47.449]],[[2.301,47.448],[2.3,47.448],[2.293,47.448]],[[2.368,47.438],[2.363,47.438],[2.36,47.442],[2.353,47.443],[2.35,47.446],[2.341,47.445],[2.328,47.449],[2.321,47.447],[2.313,47.449],[2.306,47.447],[2.301,47.448]],[[2.384,47.426],[2.368,47.438]],[[2.384,47.426],[2.378,47.434],[2.368,47.438]],[[2.386,47.303],[2.397,47.303],[2.406,47.309],[2.412,47.317]],[[2.403,47.4],[2.403,47.407],[2.39,47.414],[2.39,47.419],[2.384,47.426]],[[2.392,47.311],[2.404,47.316],[2.412,47.317]],[[2.395,47.336],[2.416,47.34],[2.424,47.337]],[[2.4,47.329],[2.407,47.328],[2.421,47.331]],[[2.418,47.39],[2.416,47.389],[2.403,47.4]],[[2.418,47.39],[2.417,47.395],[2.403,47.4]],[[2.412,47.317],[2.421,47.324]],[[2.437,47.301],[2.436,47.302],[2.414,47.308]],[[2.414,47.308],[2.417,47.317]],[[2.428,47.279],[2.429,47.287],[2.412,47.292],[2.41,47.295],[2.414,47.308]],[[2.417,47.317],[2.421,47.32],[2.421,47.324]],[[2.423,47.311],[2.417,47.317]],[[2.426,47.37],[2.42,47.375],[2.422,47.383],[2.421,47.388],[2.419,47.39],[2.418,47.39]],[[2.421,47.324],[2.421,47.331]],[[2.421,47.331],[2.424,47.337]],[[2.421,47.35],[2.426,47.37]],[[2.424,47.346],[2.421,47.349],[2.421,47.35]],[[2.424,47.346],[2.421,47.35]],[[2.424,47.337],[2.427,47.343],[2.424,47.346]],[[2.429,47.368],[2.427,47.37],[2.426,47.37]],[[2.432,47.366],[2.429,47.368]],[[2.431,47.367],[2.429,47.368]],[[2.432,47.366],[2.431,47.367]],[[2.435,47.366],[2.431,47.367]],[[2.434,47.366],[2.432,47.366]],[[2.435,47.366],[2.434,47.366]],[[2.44,47.354],[2.434,47.366]],[[2.44,47.354],[2.439,47.363],[2.435,47.366]],[[2.444,47.349],[2.44,47.354]],[[2.448,47.347],[2.444,47.349]],[[2.448,47.351],[2.446,47.351],[2.445,47.35],[2.444,47.349],[2.444,47.349]],[[2.498,47.361],[2.492,47.354],[2.486,47.353],[2.455,47.353],[2.448,47.351]],[[2.448,47.351],[2.452,47.345],[2.452,47.341]],[[2.452,47.342],[2.448,47.347]],[[2.452,47.342],[2.451,47.345],[2.448,47.347]],[[2.452,47.34],[2.452,47.341]],[[2.452,47.338],[2.452,47.34]],[[2.453,47.338],[2.452,47.34]],[[2.452,47.341],[2.452,47.342]],[[2.452,47.338],[2.453,47.338]],[[2.454,47.332],[2.452,47.332],[2.452,47.338]],[[2.454,47.332],[2.456,47.335],[2.453,47.338]],[[2.455,47.329],[2.454,47.332]],[[2.458,47.322],[2.452,47.327],[2.453,47.329],[2.455,47.329]],[[2.458,47.322],[2.455,47.329]],[[2.46,47.318],[2.458,47.322]],[[2.465,47.315],[2.46,47.318]],[[2.465,47.315],[2.463,47.317],[2.46,47.318]],[[2.465,47.31],[2.465,47.314]],[[2.465,47.31],[2.463,47.31],[2.465,47.314]],[[2.472,47.303],[2.465,47.31]],[[2.465,47.314],[2.465,47.315]],[[2.482,47.295],[2.472,47.303]],[[2.482,47.295],[2.473,47.303],[2.472,47.303]],[[2.494,47.288],[2.482,47.295]],[[2.499,47.288],[2.494,47.288]],[[2.498,47.281],[2.494,47.288]],[[2.502,47.28],[2.498,47.281],[2.498,47.281]],[[2.502,47.28],[2.498,47.281]],[[2.545,47.273],[2.529,47.279],[2.516,47.28],[2.499,47.288]],[[2.514,47.294],[2.508,47.293],[2.502,47.288],[2.499,47.288]],[[2.517,47.378],[2.501,47.369],[2.498,47.361]],[[2.524,47.35],[2.508,47.358],[2.498,47.361]],[[2.521,47.255],[2.518,47.273],[2.515,47.273],[2.504,47.28],[2.504,47.28],[2.503,47.28],[2.502,47.28],[2.502,47.28]],[[2.544,47.299],[2.53,47.295],[2.514,47.294]],[[2.563,47.291],[2.522,47.291],[2.514,47.294]],[[2.516,47.235],[2.524,47.237],[2.529,47.241]],[[2.526,47.246],[2.521,47.255]],[[2.526,47.256],[2.522,47.255],[2.521,47.255]],[[2.527,47.246],[2.526,47.246]],[[2.529,47.241],[2.526,47.246]],[[2.55,47.236],[2.535,47.238],[2.529,47.241]],[[2.564,47.277],[2.545,47.273]],[[2.548,47.27],[2.545,47.273]],[[2.576,47.28],[2.573,47.277],[2.548,47.27]],[[2.565,47.263],[2.548,47.27]],[[2.592,47.278],[2.585,47.271],[2.574,47.269],[2.565,47.263]],[[2.57,47.26],[2.565,47.263]]]}},{"type":"Feature","properties":{"nom":"LA PETITE CREUSE DEPUIS LA CONFLUENCE DU VERRAUX JUSQU'A LA CONFLUENCE AVEC LA CREUSE","code":"GR0402","longueurKm":61.88261126699,"strahler":5.0},"geometry":{"type":"LineString","coordinates":[[2.117,46.332],[2.11,46.328],[2.105,46.331],[2.098,46.328],[2.099,46.336],[2.095,46.337],[2.09,46.333],[2.081,46.334],[2.082,46.338],[2.08,46.34],[2.067,46.335],[2.058,46.346],[2.051,46.346],[2.053,46.352],[2.037,46.354],[2.034,46.36],[2.027,46.361],[2.022,46.361],[2.017,46.356],[1.981,46.36],[1.969,46.354],[1.96,46.36],[1.945,46.358],[1.941,46.357],[1.937,46.351],[1.928,46.354],[1.931,46.349],[1.929,46.347],[1.915,46.351],[1.917,46.347],[1.906,46.345],[1.91,46.34],[1.907,46.338],[1.902,46.339],[1.899,46.346],[1.889,46.347],[1.885,46.341],[1.879,46.342],[1.882,46.35],[1.877,46.354],[1.873,46.35],[1.874,46.345],[1.866,46.341],[1.862,46.345],[1.863,46.352],[1.841,46.345],[1.842,46.354],[1.839,46.356],[1.83,46.354],[1.826,46.357],[1.824,46.352],[1.82,46.349],[1.815,46.357],[1.81,46.352],[1.802,46.351],[1.794,46.36],[1.794,46.356],[1.789,46.356],[1.789,46.352],[1.783,46.352],[1.781,46.364],[1.787,46.368],[1.779,46.369],[1.771,46.362],[1.767,46.371],[1.761,46.37],[1.76,46.366],[1.747,46.37],[1.736,46.366],[1.73,46.372],[1.727,46.372],[1.72,46.377],[1.714,46.374],[1.709,46.38],[1.698,46.38],[1.683,46.389],[1.681,46.389],[1.682,46.386],[1.675,46.388],[1.671,46.388]]}},{"type":"Feature","properties":{"nom":"LE FOUZON DEPUIS LA CONFLUENCE DU RENON JUSQU'A LA CONFLUENCE AVEC LE CHER","code":"GR0345","longueurKm":37.15212589141,"strahler":5.0},"geometry":{"type":"MultiLineString","coordinates":[[[1.515,47.245],[1.513,47.256],[1.499,47.258],[1.495,47.26],[1.473,47.261],[1.463,47.265],[1.458,47.263]],[[1.526,47.243],[1.52,47.239],[1.515,47.244],[1.515,47.245]],[[1.526,47.243],[1.519,47.243],[1.515,47.245]],[[1.533,47.25],[1.526,47.243]],[[1.541,47.252],[1.538,47.253],[1.533,47.25]],[[1.534,47.249],[1.533,47.25]],[[1.541,47.252],[1.534,47.249]],[[1.544,47.25],[1.542,47.251],[1.536,47.249],[1.534,47.249]],[[1.542,47.252],[1.541,47.252]],[[1.544,47.25],[1.542,47.252]],[[1.55,47.25],[1.542,47.252]],[[1.55,47.25],[1.544,47.25]],[[1.6,47.225],[1.596,47.234],[1.6,47.243],[1.597,47.246],[1.56,47.247],[1.55,47.25]],[[1.599,47.224],[1.6,47.225]],[[1.608,47.218],[1.604,47.217],[1.6,47.218],[1.598,47.221],[1.599,47.224]],[[1.608,47.218],[1.602,47.22],[1.599,47.224]],[[1.608,47.219],[1.6,47.225]],[[1.608,47.219],[1.608,47.218]],[[1.631,47.237],[1.621,47.231],[1.622,47.225],[1.62,47.22],[1.614,47.218],[1.612,47.218],[1.612,47.219],[1.61,47.219],[1.608,47.219]],[[1.649,47.236],[1.639,47.243],[1.63,47.238],[1.631,47.237]],[[1.649,47.236],[1.646,47.233],[1.641,47.239],[1.637,47.239],[1.632,47.237],[1.631,47.237]],[[1.651,47.236],[1.65,47.236],[1.649,47.236]],[[1.661,47.241],[1.651,47.236]],[[1.661,47.241],[1.66,47.244],[1.656,47.243],[1.651,47.236]],[[1.665,47.235],[1.661,47.241]],[[1.671,47.232],[1.67,47.231],[1.667,47.232],[1.665,47.235]],[[1.671,47.232],[1.665,47.235]],[[1.673,47.232],[1.671,47.232]]]}},{"type":"Feature","properties":{"nom":"L'ISSOIRE DEPUIS LA CONFLUENCE DE LA MARCHANDAINE JUSQU'A LA CONFLUENCE AVEC LA VIENNE","code":"GR0387","longueurKm":10.44222164189,"strahler":5.0},"geometry":{"type":"LineString","coordinates":[[0.774,46.05],[0.767,46.05],[0.761,46.053],[0.759,46.046],[0.75,46.046],[0.744,46.05],[0.74,46.047],[0.734,46.047],[0.729,46.051],[0.715,46.052],[0.708,46.047],[0.701,46.049],[0.693,46.046],[0.694,46.051],[0.689,46.05],[0.682,46.056]]}},{"type":"Feature","properties":{"nom":"LA BLOURDE ET SES AFFLUENTS DEPUIS LA SOURCE JUSQU'A LA CONFLUENCE AVEC LA VIENNE","code":"GR0389","longueurKm":280.18777772334,"strahler":5.0},"geometry":{"type":"MultiLineString","coordinates":[[[0.717,46.284],[0.712,46.288],[0.71,46.292],[0.714,46.296],[0.711,46.302],[0.706,46.305],[0.708,46.311],[0.697,46.317],[0.693,46.322],[0.694,46.324],[0.701,46.324],[0.697,46.328],[0.697,46.334],[0.691,46.346],[0.696,46.357],[0.693,46.363]],[[0.705,46.21],[0.716,46.212],[0.724,46.216]],[[0.711,46.218],[0.725,46.223]],[[0.72,46.184],[0.717,46.186],[0.724,46.193]],[[0.719,46.197],[0.723,46.203]],[[0.739,46.238],[0.731,46.238],[0.724,46.246],[0.729,46.253],[0.715,46.265],[0.723,46.27],[0.711,46.277],[0.713,46.282],[0.717,46.284]],[[0.733,46.276],[0.725,46.274],[0.72,46.276],[0.717,46.284]],[[0.723,46.203],[0.724,46.216]],[[0.724,46.193],[0.729,46.199],[0.723,46.203]],[[0.726,46.189],[0.724,46.193]],[[0.724,46.216],[0.725,46.223]],[[0.725,46.223],[0.737,46.233],[0.739,46.238]],[[0.738,46.153],[0.753,46.154]],[[0.745,46.273],[0.738,46.274],[0.734,46.276],[0.733,46.276]],[[0.741,46.285],[0.734,46.28],[0.733,46.276]],[[0.741,46.094],[0.752,46.101]],[[0.742,46.135],[0.747,46.139],[0.753,46.154]],[[0.76,46.209],[0.755,46.211],[0.751,46.217],[0.753,46.22],[0.749,46.22],[0.741,46.225],[0.749,46.23],[0.742,46.234],[0.744,46.237],[0.739,46.238]],[[0.748,46.113],[0.752,46.117],[0.76,46.113]],[[0.752,46.101],[0.76,46.113]],[[0.763,46.087],[0.76,46.092],[0.756,46.09],[0.754,46.091],[0.755,46.097],[0.752,46.101]],[[0.751,46.281],[0.745,46.273]],[[0.766,46.264],[0.745,46.273]],[[0.752,46.123],[0.767,46.125]],[[0.753,46.154],[0.765,46.164],[0.772,46.165]],[[0.757,46.136],[0.774,46.143]],[[0.76,46.286],[0.751,46.281]],[[0.77,46.28],[0.751,46.281]],[[0.76,46.113],[0.766,46.118],[0.767,46.125]],[[0.76,46.127],[0.769,46.127]],[[0.76,46.147],[0.764,46.148],[0.774,46.146]],[[0.78,46.209],[0.777,46.21],[0.775,46.207],[0.765,46.211],[0.76,46.209]],[[0.775,46.167],[0.779,46.172],[0.774,46.174],[0.773,46.18],[0.782,46.185],[0.782,46.187],[0.777,46.193],[0.771,46.192],[0.77,46.19],[0.757,46.199],[0.755,46.206],[0.76,46.209]],[[0.769,46.081],[0.771,46.092]],[[0.767,46.125],[0.769,46.127]],[[0.769,46.127],[0.776,46.134]],[[0.771,46.092],[0.773,46.099],[0.768,46.104],[0.769,46.111],[0.772,46.118],[0.782,46.121]],[[0.776,46.084],[0.777,46.087],[0.771,46.092]],[[0.782,46.276],[0.769,46.269],[0.766,46.264]],[[0.779,46.26],[0.771,46.264],[0.766,46.264]],[[0.772,46.165],[0.775,46.167]],[[0.774,46.146],[0.777,46.154],[0.772,46.165]],[[0.774,46.143],[0.774,46.146]],[[0.777,46.138],[0.774,46.143]],[[0.776,46.134],[0.775,46.137],[0.777,46.138]],[[0.782,46.121],[0.78,46.132],[0.776,46.134]],[[0.789,46.157],[0.775,46.167]],[[0.779,46.08],[0.787,46.087]],[[0.817,46.126],[0.814,46.128],[0.807,46.127],[0.787,46.137],[0.779,46.139],[0.777,46.138]],[[0.773,46.253],[0.772,46.255],[0.779,46.26]],[[0.788,46.113],[0.783,46.116],[0.782,46.121]],[[0.78,46.202],[0.78,46.209]],[[0.794,46.212],[0.791,46.21],[0.784,46.211],[0.782,46.209],[0.78,46.209]],[[0.786,46.076],[0.789,46.081],[0.787,46.087]],[[0.786,46.257],[0.781,46.261],[0.779,46.26]],[[0.787,46.087],[0.788,46.096]],[[0.788,46.096],[0.785,46.103],[0.788,46.113]],[[0.792,46.093],[0.788,46.096]],[[0.795,46.113],[0.79,46.113],[0.789,46.113],[0.788,46.113]],[[0.785,46.243],[0.794,46.252]],[[0.796,46.089],[0.792,46.093]],[[0.814,46.089],[0.792,46.093]],[[0.81,46.162],[0.795,46.162],[0.789,46.157]],[[0.816,46.149],[0.802,46.146],[0.793,46.151],[0.789,46.157]],[[0.804,46.266],[0.786,46.257]],[[0.794,46.252],[0.786,46.257]],[[0.795,46.103],[0.795,46.113]],[[0.807,46.076],[0.8,46.078],[0.798,46.083],[0.793,46.085],[0.796,46.089]],[[0.813,46.085],[0.806,46.085],[0.796,46.089]],[[0.798,46.113],[0.796,46.113],[0.795,46.113]],[[0.807,46.225],[0.8,46.216],[0.794,46.214]],[[0.796,46.226],[0.794,46.214]],[[0.794,46.214],[0.794,46.212]],[[0.797,46.211],[0.795,46.212],[0.794,46.212],[0.794,46.212]],[[0.823,46.094],[0.816,46.095],[0.82,46.103],[0.816,46.11],[0.805,46.113],[0.801,46.114],[0.798,46.113]],[[0.81,46.098],[0.813,46.103],[0.802,46.107],[0.798,46.113]],[[0.792,46.273],[0.804,46.266]],[[0.803,46.249],[0.794,46.252]],[[0.809,46.209],[0.807,46.208],[0.801,46.212],[0.797,46.211]],[[0.801,46.203],[0.798,46.205],[0.797,46.211]],[[0.797,46.234],[0.803,46.249]],[[0.811,46.248],[0.804,46.249],[0.803,46.249]],[[0.804,46.228],[0.807,46.225]],[[0.819,46.269],[0.814,46.271],[0.804,46.266]],[[0.812,46.227],[0.807,46.225]],[[0.82,46.17],[0.81,46.162]],[[0.831,46.163],[0.824,46.165],[0.813,46.161],[0.81,46.162]],[[0.816,46.204],[0.809,46.209]],[[0.819,46.214],[0.809,46.209]],[[0.808,46.237],[0.813,46.246]],[[0.81,46.188],[0.806,46.196],[0.816,46.204]],[[0.814,46.139],[0.816,46.149]],[[0.819,46.25],[0.811,46.248]],[[0.813,46.246],[0.811,46.248]],[[0.827,46.148],[0.823,46.149],[0.816,46.149]],[[0.837,46.112],[0.831,46.117],[0.819,46.12],[0.817,46.126]],[[0.836,46.124],[0.817,46.126]],[[0.817,46.234],[0.817,46.243],[0.813,46.246]],[[0.822,46.201],[0.816,46.204]],[[0.838,46.216],[0.819,46.214]],[[0.82,46.223],[0.818,46.221],[0.819,46.214]],[[0.82,46.189],[0.824,46.198],[0.822,46.201]],[[0.821,46.265],[0.827,46.26],[0.819,46.25]],[[0.828,46.248],[0.822,46.251],[0.821,46.251],[0.82,46.25],[0.82,46.25],[0.819,46.25]],[[0.832,46.201],[0.823,46.203],[0.822,46.201]],[[0.821,46.231],[0.829,46.239]],[[0.824,46.184],[0.832,46.201]],[[0.824,46.23],[0.839,46.219]],[[0.836,46.149],[0.827,46.148]],[[0.828,46.136],[0.832,46.141],[0.827,46.148]],[[0.828,46.183],[0.835,46.181],[0.848,46.186]],[[0.842,46.25],[0.835,46.251],[0.828,46.248]],[[0.831,46.244],[0.828,46.248]],[[0.829,46.239],[0.831,46.244]],[[0.833,46.232],[0.833,46.235],[0.829,46.239]],[[0.837,46.196],[0.837,46.198],[0.834,46.201],[0.833,46.201],[0.832,46.201],[0.832,46.201]],[[0.84,46.24],[0.839,46.242],[0.836,46.243],[0.835,46.243],[0.835,46.244],[0.832,46.244],[0.831,46.244]],[[0.834,46.167],[0.84,46.171],[0.846,46.172]],[[0.853,46.113],[0.845,46.116],[0.837,46.112]],[[0.838,46.098],[0.84,46.104],[0.837,46.112]],[[0.851,46.157],[0.839,46.153],[0.836,46.149]],[[0.851,46.137],[0.836,46.149]],[[0.835,46.231],[0.837,46.233],[0.836,46.238],[0.84,46.24]],[[0.861,46.193],[0.856,46.192],[0.849,46.195],[0.837,46.196]],[[0.848,46.186],[0.837,46.193],[0.837,46.196]],[[0.839,46.219],[0.838,46.216]],[[0.877,46.2],[0.852,46.205],[0.838,46.216]],[[0.84,46.176],[0.849,46.183]],[[0.873,46.215],[0.851,46.221],[0.839,46.219]],[[0.84,46.24],[0.84,46.24]],[[0.848,46.247],[0.84,46.24]],[[0.841,46.24],[0.84,46.24]],[[0.852,46.246],[0.841,46.24]],[[0.86,46.235],[0.845,46.239],[0.841,46.238],[0.841,46.24]],[[0.844,46.164],[0.848,46.168],[0.846,46.172]],[[0.846,46.172],[0.853,46.175]],[[0.849,46.183],[0.848,46.186]],[[0.862,46.142],[0.851,46.137]],[[0.857,46.133],[0.851,46.137]],[[0.849,46.183],[0.849,46.183]],[[0.859,46.189],[0.849,46.183]],[[0.853,46.178],[0.849,46.183]],[[0.854,46.125],[0.857,46.133]],[[0.853,46.175],[0.853,46.178]],[[0.889,46.181],[0.881,46.178],[0.864,46.183],[0.855,46.178],[0.853,46.178]],[[0.869,46.165],[0.856,46.166],[0.853,46.175]],[[0.859,46.133],[0.858,46.133],[0.857,46.133]],[[0.862,46.135],[0.859,46.133]],[[0.861,46.131],[0.859,46.133]],[[0.864,46.119],[0.861,46.121],[0.861,46.131]],[[0.875,46.12],[0.876,46.123],[0.861,46.131]],[[0.871,46.144],[0.866,46.142],[0.862,46.135]],[[0.878,46.136],[0.875,46.137],[0.871,46.136],[0.862,46.135],[0.862,46.135]],[[0.885,46.249],[0.865,46.241],[0.86,46.235]],[[0.875,46.228],[0.86,46.235]],[[0.863,46.157],[0.869,46.165]],[[0.875,46.168],[0.872,46.168],[0.871,46.166],[0.87,46.165],[0.869,46.165],[0.869,46.165]],[[0.874,46.15],[0.875,46.158]],[[0.875,46.158],[0.873,46.161],[0.875,46.168]],[[0.883,46.146],[0.875,46.158]],[[0.88,46.168],[0.878,46.169],[0.875,46.168]],[[0.885,46.235],[0.875,46.228]],[[0.877,46.226],[0.875,46.228]],[[0.879,46.136],[0.878,46.136]],[[0.896,46.13],[0.892,46.132],[0.884,46.131],[0.878,46.136]],[[0.895,46.144],[0.884,46.141],[0.879,46.136]],[[0.896,46.139],[0.891,46.136],[0.879,46.136]],[[0.886,46.205],[0.885,46.203],[0.877,46.2]],[[0.878,46.197],[0.877,46.2]],[[0.877,46.217],[0.874,46.223],[0.877,46.226]],[[0.89,46.202],[0.884,46.196],[0.883,46.196],[0.88,46.197],[0.878,46.197]],[[0.88,46.194],[0.878,46.197]],[[0.89,46.221],[0.877,46.226]],[[0.888,46.17],[0.88,46.168]],[[0.903,46.149],[0.889,46.155],[0.88,46.168]],[[0.879,46.213],[0.89,46.221]],[[0.892,46.183],[0.888,46.188],[0.881,46.188],[0.88,46.194]],[[0.899,46.19],[0.896,46.188],[0.885,46.195],[0.882,46.195],[0.88,46.194],[0.88,46.194],[0.88,46.194]],[[0.904,46.173],[0.893,46.173],[0.888,46.17]],[[0.91,46.157],[0.901,46.161],[0.899,46.165],[0.892,46.166],[0.888,46.17]],[[0.89,46.21],[0.893,46.22]],[[0.893,46.22],[0.89,46.221]],[[0.892,46.209],[0.899,46.212],[0.902,46.215]],[[0.902,46.215],[0.897,46.22],[0.895,46.22],[0.893,46.22]],[[0.915,46.199],[0.908,46.21],[0.902,46.215]],[[0.919,46.168],[0.904,46.173]],[[0.915,46.174],[0.908,46.173],[0.904,46.173]],[[0.908,46.183],[0.908,46.188],[0.915,46.199]],[[0.918,46.189],[0.92,46.192],[0.918,46.197],[0.917,46.198],[0.916,46.199],[0.915,46.199]]]}},{"type":"Feature","properties":{"nom":"LA SEDELLE ET SES AFFLUENTS DEPUIS LA SOURCE JUSQU'AU COMPLEXE D'EGUZON","code":"GR0405","longueurKm":131.04742036802,"strahler":5.0},"geometry":{"type":"MultiLineString","coordinates":[[[1.466,46.254],[1.474,46.256],[1.48,46.255]],[[1.468,46.24],[1.473,46.245],[1.481,46.246],[1.487,46.249]],[[1.469,46.247],[1.474,46.248],[1.48,46.255]],[[1.47,46.269],[1.476,46.268],[1.482,46.273]],[[1.472,46.239],[1.479,46.239],[1.485,46.234],[1.492,46.238]],[[1.471,46.274],[1.479,46.276],[1.482,46.273]],[[1.478,46.263],[1.482,46.261],[1.488,46.262]],[[1.48,46.255],[1.488,46.257]],[[1.482,46.273],[1.49,46.273]],[[1.487,46.249],[1.488,46.257]],[[1.491,46.242],[1.487,46.249]],[[1.488,46.262],[1.49,46.273]],[[1.488,46.257],[1.488,46.262]],[[1.488,46.297],[1.499,46.29],[1.498,46.282],[1.508,46.28]],[[1.489,46.287],[1.484,46.282],[1.491,46.277]],[[1.513,46.243],[1.508,46.245],[1.491,46.242]],[[1.492,46.238],[1.491,46.242]],[[1.49,46.273],[1.491,46.277]],[[1.49,46.303],[1.499,46.31],[1.506,46.308]],[[1.506,46.225],[1.498,46.228],[1.492,46.238]],[[1.491,46.277],[1.501,46.278]],[[1.496,46.301],[1.506,46.308]],[[1.501,46.269],[1.505,46.274],[1.501,46.278]],[[1.501,46.278],[1.508,46.28]],[[1.517,46.231],[1.516,46.229],[1.506,46.225]],[[1.522,46.22],[1.517,46.219],[1.506,46.225]],[[1.506,46.292],[1.512,46.287],[1.511,46.281]],[[1.506,46.308],[1.51,46.302],[1.513,46.302]],[[1.507,46.317],[1.513,46.302]],[[1.508,46.28],[1.511,46.281]],[[1.511,46.281],[1.517,46.279]],[[1.513,46.302],[1.52,46.297],[1.522,46.288],[1.529,46.286],[1.537,46.279]],[[1.52,46.238],[1.516,46.235],[1.517,46.231]],[[1.529,46.238],[1.524,46.233],[1.519,46.231],[1.517,46.231]],[[1.517,46.279],[1.528,46.278],[1.537,46.279]],[[1.522,46.248],[1.516,46.25],[1.508,46.258],[1.509,46.272],[1.517,46.279]],[[1.534,46.223],[1.522,46.22]],[[1.529,46.213],[1.525,46.215],[1.522,46.22]],[[1.523,46.249],[1.538,46.264],[1.54,46.272]],[[1.533,46.204],[1.527,46.207],[1.529,46.213]],[[1.539,46.203],[1.54,46.212],[1.529,46.213]],[[1.532,46.242],[1.533,46.246],[1.541,46.247],[1.549,46.254],[1.566,46.263]],[[1.545,46.238],[1.538,46.237],[1.539,46.23],[1.534,46.223]],[[1.543,46.221],[1.534,46.223]],[[1.537,46.279],[1.538,46.28]],[[1.538,46.28],[1.543,46.281]],[[1.54,46.272],[1.542,46.275],[1.538,46.28]],[[1.545,46.261],[1.544,46.269],[1.54,46.272]],[[1.546,46.233],[1.547,46.228],[1.543,46.221]],[[1.552,46.219],[1.551,46.221],[1.548,46.22],[1.543,46.221]],[[1.543,46.281],[1.548,46.283]],[[1.549,46.271],[1.543,46.281]],[[1.546,46.243],[1.565,46.253],[1.566,46.263]],[[1.546,46.297],[1.559,46.29]],[[1.547,46.302],[1.554,46.301],[1.557,46.297],[1.564,46.297]],[[1.548,46.283],[1.559,46.29]],[[1.555,46.265],[1.555,46.273],[1.549,46.278],[1.548,46.283]],[[1.559,46.29],[1.562,46.29],[1.565,46.294]],[[1.567,46.304],[1.569,46.301],[1.564,46.297]],[[1.564,46.297],[1.565,46.294]],[[1.565,46.294],[1.586,46.303]],[[1.566,46.263],[1.568,46.269],[1.584,46.275],[1.586,46.28]],[[1.57,46.278],[1.579,46.28],[1.586,46.28]],[[1.586,46.23],[1.6,46.239],[1.595,46.247]],[[1.586,46.26],[1.595,46.264],[1.6,46.264]],[[1.586,46.28],[1.587,46.286]],[[1.586,46.303],[1.596,46.32],[1.594,46.328],[1.588,46.332],[1.597,46.349],[1.589,46.349],[1.591,46.357],[1.596,46.358],[1.595,46.364],[1.601,46.365],[1.605,46.375],[1.611,46.377],[1.614,46.387],[1.617,46.389],[1.619,46.394]],[[1.591,46.296],[1.586,46.303]],[[1.587,46.286],[1.59,46.292]],[[1.601,46.276],[1.596,46.278],[1.596,46.282],[1.592,46.283],[1.592,46.286],[1.587,46.286]],[[1.59,46.247],[1.595,46.247]],[[1.59,46.292],[1.591,46.296]],[[1.608,46.281],[1.606,46.286],[1.593,46.289],[1.59,46.292]],[[1.609,46.298],[1.599,46.295],[1.591,46.296]],[[1.595,46.247],[1.6,46.251],[1.602,46.26]],[[1.6,46.264],[1.601,46.276]],[[1.602,46.26],[1.6,46.264]],[[1.615,46.269],[1.611,46.273],[1.603,46.273],[1.601,46.276]],[[1.619,46.221],[1.616,46.238],[1.618,46.249],[1.609,46.258],[1.602,46.26]]]}},{"type":"Feature","properties":{"nom":"LE CLAIN ET SES AFFLUENTS DEPUIS LA SOURCE JUSQU'A SOMMIERES-DU-CLAIN","code":"GR0391","longueurKm":181.39674501489,"strahler":5.0},"geometry":{"type":"MultiLineString","coordinates":[[[0.452,46.246],[0.444,46.245],[0.441,46.254],[0.432,46.254],[0.428,46.256],[0.423,46.253],[0.423,46.258],[0.419,46.26],[0.409,46.257],[0.406,46.26],[0.407,46.267],[0.403,46.266],[0.398,46.261],[0.393,46.26],[0.39,46.264],[0.395,46.271],[0.388,46.271],[0.387,46.278],[0.38,46.276],[0.371,46.281],[0.368,46.277],[0.358,46.278]],[[0.439,46.166],[0.456,46.174],[0.459,46.173]],[[0.451,46.136],[0.452,46.141],[0.443,46.145],[0.443,46.148],[0.446,46.155],[0.46,46.168]],[[0.455,46.245],[0.455,46.246],[0.454,46.246],[0.452,46.246]],[[0.455,46.245],[0.452,46.246]],[[0.46,46.168],[0.459,46.173]],[[0.459,46.173],[0.466,46.173],[0.492,46.184]],[[0.488,46.219],[0.481,46.223],[0.479,46.227],[0.472,46.229],[0.47,46.235],[0.464,46.237],[0.463,46.242],[0.457,46.237],[0.453,46.238],[0.455,46.245]],[[0.461,46.142],[0.471,46.141],[0.478,46.136]],[[0.461,46.152],[0.463,46.16],[0.46,46.168]],[[0.47,46.129],[0.473,46.129]],[[0.473,46.125],[0.473,46.129]],[[0.473,46.129],[0.478,46.136]],[[0.478,46.136],[0.491,46.144]],[[0.479,46.11],[0.48,46.116],[0.486,46.121]],[[0.486,46.121],[0.488,46.131],[0.491,46.133]],[[0.501,46.115],[0.496,46.119],[0.486,46.121]],[[0.491,46.133],[0.491,46.144]],[[0.495,46.123],[0.495,46.131],[0.491,46.133]],[[0.491,46.144],[0.496,46.157],[0.486,46.168],[0.492,46.177],[0.492,46.184]],[[0.571,46.117],[0.569,46.117],[0.572,46.127],[0.569,46.13],[0.57,46.139],[0.556,46.161],[0.557,46.168],[0.554,46.169],[0.558,46.179],[0.55,46.194],[0.551,46.205],[0.539,46.209],[0.532,46.218],[0.522,46.22],[0.514,46.218],[0.512,46.214],[0.504,46.213],[0.495,46.218],[0.496,46.222],[0.488,46.219]],[[0.496,46.189],[0.492,46.194],[0.496,46.198],[0.489,46.2],[0.49,46.206],[0.486,46.213],[0.49,46.217],[0.488,46.219]],[[0.492,46.184],[0.496,46.189]],[[0.518,46.169],[0.517,46.178],[0.512,46.179],[0.512,46.182],[0.503,46.183],[0.496,46.189]],[[0.504,46.104],[0.497,46.109],[0.501,46.115]],[[0.514,46.097],[0.512,46.109],[0.502,46.112],[0.501,46.115]],[[0.503,46.138],[0.503,46.142],[0.511,46.145]],[[0.504,46.123],[0.512,46.137]],[[0.511,46.123],[0.516,46.129],[0.512,46.137]],[[0.511,46.145],[0.515,46.158]],[[0.512,46.137],[0.514,46.142],[0.511,46.145]],[[0.515,46.158],[0.519,46.164]],[[0.517,46.147],[0.515,46.158]],[[0.517,46.137],[0.529,46.147]],[[0.519,46.133],[0.526,46.139],[0.532,46.139]],[[0.519,46.167],[0.518,46.169]],[[0.519,46.167],[0.52,46.168],[0.518,46.169]],[[0.519,46.164],[0.519,46.167]],[[0.524,46.16],[0.519,46.164]],[[0.523,46.088],[0.521,46.095],[0.528,46.103]],[[0.547,46.105],[0.544,46.108],[0.537,46.108],[0.531,46.106],[0.527,46.108],[0.525,46.105]],[[0.525,46.105],[0.519,46.118],[0.526,46.132],[0.532,46.136]],[[0.528,46.103],[0.525,46.105]],[[0.528,46.152],[0.524,46.16]],[[0.539,46.162],[0.529,46.16],[0.524,46.16]],[[0.528,46.09],[0.528,46.103]],[[0.528,46.103],[0.528,46.103]],[[0.538,46.095],[0.528,46.103]],[[0.529,46.147],[0.528,46.152]],[[0.544,46.151],[0.528,46.152]],[[0.532,46.142],[0.529,46.147]],[[0.532,46.136],[0.532,46.139]],[[0.532,46.133],[0.532,46.136]],[[0.534,46.116],[0.527,46.124],[0.532,46.133]],[[0.534,46.122],[0.535,46.129],[0.532,46.133]],[[0.532,46.139],[0.532,46.142]],[[0.538,46.136],[0.532,46.139]],[[0.541,46.14],[0.532,46.142]],[[0.54,46.086],[0.538,46.095]],[[0.55,46.089],[0.549,46.093],[0.538,46.095]],[[0.544,46.128],[0.539,46.132],[0.538,46.136]],[[0.541,46.136],[0.538,46.136]],[[0.56,46.134],[0.552,46.138],[0.545,46.135],[0.543,46.136],[0.541,46.136]],[[0.553,46.111],[0.553,46.124],[0.549,46.125],[0.546,46.133],[0.541,46.136]],[[0.55,46.101],[0.558,46.109],[0.572,46.115]],[[0.555,46.078],[0.569,46.095]],[[0.559,46.099],[0.573,46.105]],[[0.568,46.05],[0.567,46.053],[0.572,46.06]],[[0.569,46.095],[0.573,46.105]],[[0.571,46.092],[0.569,46.095]],[[0.572,46.06],[0.578,46.067]],[[0.575,46.049],[0.572,46.052],[0.572,46.06]],[[0.578,46.067],[0.571,46.092]],[[0.584,46.084],[0.582,46.088],[0.571,46.092]],[[0.583,46.114],[0.577,46.117],[0.573,46.118],[0.571,46.117]],[[0.572,46.115],[0.571,46.117]],[[0.573,46.105],[0.572,46.115]],[[0.587,46.057],[0.583,46.059],[0.581,46.066],[0.578,46.067]],[[0.596,46.116],[0.583,46.114]],[[0.586,46.111],[0.583,46.114]],[[0.608,46.049],[0.593,46.059],[0.587,46.057]],[[0.592,46.041],[0.591,46.052],[0.587,46.057]],[[0.594,46.089],[0.586,46.097],[0.586,46.111]],[[0.596,46.109],[0.586,46.111]],[[0.591,46.027],[0.596,46.032],[0.592,46.041]],[[0.613,46.043],[0.602,46.044],[0.596,46.042],[0.594,46.041],[0.592,46.041],[0.592,46.041]],[[0.596,46.072],[0.592,46.085],[0.594,46.089]],[[0.595,46.09],[0.594,46.09],[0.594,46.089],[0.594,46.089]],[[0.617,46.072],[0.608,46.075],[0.596,46.072]],[[0.613,46.061],[0.609,46.061],[0.6,46.067],[0.596,46.072]],[[0.609,46.096],[0.595,46.09]],[[0.604,46.086],[0.595,46.09]],[[0.596,46.1],[0.599,46.105],[0.596,46.109]],[[0.611,46.107],[0.603,46.11],[0.596,46.109]],[[0.61,46.078],[0.604,46.086]],[[0.618,46.079],[0.612,46.086],[0.604,46.086]],[[0.628,46.062],[0.626,46.06],[0.619,46.064],[0.613,46.061]],[[0.623,46.054],[0.619,46.054],[0.613,46.061]]]}},{"type":"Feature","properties":{"nom":"LE CLAIN DEPUIS SOMMIERES-DU-CLAIN JUSQU'A SAINT-BENOIT","code":"GR0392A","longueurKm":60.8623601716,"strahler":5.0},"geometry":{"type":"MultiLineString","coordinates":[[[0.242,46.4],[0.246,46.408]],[[0.242,46.4],[0.241,46.404],[0.246,46.408]],[[0.248,46.389],[0.25,46.394],[0.242,46.4]],[[0.246,46.387],[0.248,46.389]],[[0.246,46.387],[0.246,46.387],[0.248,46.389]],[[0.263,46.371],[0.256,46.378],[0.247,46.38],[0.246,46.387]],[[0.246,46.408],[0.247,46.41]],[[0.247,46.41],[0.255,46.419]],[[0.247,46.41],[0.248,46.41],[0.249,46.41],[0.249,46.411],[0.25,46.411],[0.255,46.419]],[[0.262,46.351],[0.257,46.353]],[[0.257,46.353],[0.252,46.355],[0.263,46.37]],[[0.262,46.351],[0.258,46.352],[0.257,46.353]],[[0.255,46.419],[0.261,46.424],[0.266,46.424],[0.279,46.432],[0.295,46.451],[0.309,46.455],[0.312,46.459]],[[0.271,46.333],[0.274,46.339],[0.263,46.341],[0.262,46.351]],[[0.263,46.37],[0.263,46.371]],[[0.263,46.37],[0.262,46.371],[0.263,46.371]],[[0.28,46.322],[0.272,46.321],[0.27,46.322],[0.271,46.333]],[[0.28,46.322],[0.272,46.323],[0.271,46.333]],[[0.358,46.278],[0.356,46.284],[0.344,46.281],[0.339,46.285],[0.336,46.291],[0.33,46.284],[0.315,46.287],[0.311,46.292],[0.311,46.299],[0.308,46.299],[0.304,46.295],[0.301,46.295],[0.297,46.305],[0.292,46.309],[0.298,46.318],[0.294,46.319],[0.288,46.312],[0.285,46.312],[0.282,46.313],[0.28,46.322]],[[0.311,46.463],[0.306,46.469],[0.307,46.473],[0.311,46.478],[0.318,46.48]],[[0.312,46.459],[0.311,46.463]],[[0.312,46.459],[0.313,46.46],[0.311,46.463]],[[0.318,46.48],[0.327,46.486]],[[0.318,46.48],[0.318,46.479],[0.326,46.481],[0.328,46.486]],[[0.323,46.503],[0.328,46.506]],[[0.323,46.503],[0.324,46.504],[0.328,46.506]],[[0.329,46.49],[0.326,46.493],[0.328,46.499],[0.323,46.503]],[[0.327,46.486],[0.329,46.49]],[[0.327,46.486],[0.328,46.486]],[[0.328,46.486],[0.329,46.49]],[[0.328,46.506],[0.334,46.512]],[[0.338,46.529],[0.342,46.54],[0.338,46.541],[0.331,46.539],[0.328,46.542]],[[0.334,46.512],[0.337,46.512],[0.341,46.516]],[[0.334,46.512],[0.334,46.512]],[[0.334,46.512],[0.338,46.515]],[[0.334,46.512],[0.334,46.519],[0.342,46.521]],[[0.338,46.515],[0.341,46.517]],[[0.338,46.515],[0.339,46.514],[0.341,46.516]],[[0.337,46.527],[0.338,46.529]],[[0.337,46.527],[0.336,46.527],[0.338,46.529]],[[0.342,46.521],[0.337,46.527]],[[0.341,46.516],[0.341,46.517]],[[0.341,46.517],[0.342,46.521]]]}},{"type":"Feature","properties":{"nom":"LE CLAIN DEPUIS SAINT-BENOIT JUSQU'A LA CONFLUENCE AVEC LA VIENNE","code":"GR0392B","longueurKm":51.98213261388,"strahler":5.0},"geometry":{"type":"MultiLineString","coordinates":[[[0.328,46.542],[0.339,46.556],[0.334,46.562],[0.33,46.563],[0.324,46.559],[0.32,46.564],[0.326,46.57],[0.337,46.574]],[[0.337,46.574],[0.351,46.578]],[[0.337,46.574],[0.339,46.573],[0.344,46.575],[0.351,46.578]],[[0.342,46.601],[0.347,46.607],[0.352,46.608]],[[0.351,46.578],[0.353,46.586],[0.337,46.593],[0.342,46.601]],[[0.342,46.601],[0.343,46.601],[0.347,46.604],[0.352,46.608]],[[0.352,46.608],[0.358,46.616],[0.36,46.623],[0.369,46.633]],[[0.369,46.633],[0.376,46.644]],[[0.369,46.633],[0.367,46.635],[0.373,46.643]],[[0.373,46.643],[0.376,46.644]],[[0.373,46.643],[0.371,46.646],[0.375,46.649]],[[0.375,46.649],[0.382,46.654],[0.388,46.663],[0.386,46.67],[0.383,46.672]],[[0.376,46.644],[0.375,46.649]],[[0.381,46.676],[0.384,46.682],[0.406,46.696]],[[0.383,46.672],[0.38,46.673],[0.381,46.676]],[[0.383,46.672],[0.381,46.676]],[[0.406,46.696],[0.417,46.699]],[[0.406,46.696],[0.409,46.694],[0.417,46.696]],[[0.417,46.696],[0.418,46.699]],[[0.417,46.696],[0.421,46.696],[0.426,46.7],[0.422,46.702]],[[0.417,46.699],[0.421,46.702]],[[0.417,46.699],[0.418,46.699]],[[0.418,46.699],[0.421,46.702]],[[0.421,46.702],[0.422,46.702]],[[0.422,46.702],[0.425,46.704]],[[0.425,46.704],[0.427,46.706]],[[0.425,46.704],[0.426,46.705],[0.427,46.706]],[[0.427,46.706],[0.43,46.714]],[[0.43,46.714],[0.433,46.714]],[[0.43,46.714],[0.431,46.715],[0.433,46.714]],[[0.433,46.714],[0.443,46.725],[0.459,46.732],[0.466,46.731],[0.477,46.735],[0.483,46.738],[0.483,46.743],[0.491,46.746]],[[0.491,46.746],[0.497,46.751]],[[0.491,46.746],[0.496,46.751]],[[0.496,46.751],[0.499,46.753]],[[0.496,46.751],[0.497,46.751]],[[0.497,46.751],[0.499,46.753]],[[0.499,46.753],[0.502,46.764]],[[0.499,46.753],[0.499,46.753]],[[0.499,46.753],[0.504,46.758],[0.502,46.764]],[[0.502,46.764],[0.523,46.776],[0.541,46.782]]]}},{"type":"Feature","properties":{"nom":"L'ANGLIN DEPUIS LA CONFLUENCE DE LA BENAIZE JUSQU'A LA CONFLUENCE AVEC LA GARTEMPE","code":"GR0412","longueurKm":32.62747928223,"strahler":6.0},"geometry":{"type":"MultiLineString","coordinates":[[[0.911,46.677],[0.898,46.677],[0.89,46.68],[0.886,46.683],[0.883,46.693],[0.875,46.698],[0.878,46.704],[0.866,46.704]],[[0.912,46.675],[0.911,46.677]],[[0.912,46.675],[0.913,46.676],[0.911,46.677]],[[0.939,46.614],[0.939,46.626],[0.926,46.628],[0.916,46.638],[0.92,46.64],[0.93,46.638],[0.934,46.641],[0.931,46.644],[0.919,46.649],[0.907,46.666],[0.912,46.675]],[[0.943,46.613],[0.939,46.614]],[[0.943,46.613],[0.941,46.614],[0.939,46.614]],[[0.995,46.593],[0.99,46.592],[0.989,46.594],[0.97,46.597],[0.956,46.596],[0.956,46.607],[0.949,46.612],[0.943,46.613]],[[0.999,46.592],[0.996,46.593],[0.995,46.593]],[[0.999,46.592],[0.995,46.593]],[[1.017,46.595],[1.008,46.592],[0.999,46.592]],[[1.021,46.595],[1.019,46.596],[1.017,46.595]],[[1.021,46.595],[1.017,46.595]],[[1.057,46.593],[1.049,46.595],[1.035,46.591],[1.021,46.595]],[[1.061,46.593],[1.059,46.593],[1.057,46.593]],[[1.061,46.593],[1.057,46.593]],[[1.068,46.574],[1.064,46.579],[1.065,46.59],[1.061,46.593]]]}},{"type":"Feature","properties":{"nom":"L'ANGLIN DEPUIS LA CONFLUENCE DE L'ABLOUX JUSQU'A LA CONFLUENCE AVEC LA BENAIZE","code":"GR0414","longueurKm":24.31677761706,"strahler":5.0},"geometry":{"type":"LineString","coordinates":[[1.251,46.512],[1.246,46.508],[1.238,46.508],[1.234,46.515],[1.223,46.517],[1.22,46.524],[1.214,46.527],[1.216,46.529],[1.214,46.534],[1.202,46.531],[1.188,46.542],[1.186,46.536],[1.181,46.536],[1.178,46.546],[1.174,46.55],[1.167,46.551],[1.155,46.549],[1.148,46.553],[1.134,46.554],[1.131,46.558],[1.138,46.563],[1.136,46.565],[1.12,46.56],[1.116,46.561],[1.113,46.564],[1.113,46.575],[1.093,46.569],[1.082,46.577],[1.068,46.574]]}},{"type":"Feature","properties":{"nom":"LA GARTEMPE DEPUIS LA CONFLUENCE DE L'ARDOUR JUSQU'A LA CONFLUENCE AVEC LE VINCOU","code":"GR0410A","longueurKm":43.15034529422,"strahler":5.0},"geometry":{"type":"LineString","coordinates":[[1.434,46.114],[1.428,46.112],[1.421,46.114],[1.418,46.113],[1.416,46.115],[1.407,46.115],[1.398,46.12],[1.397,46.115],[1.383,46.118],[1.365,46.114],[1.349,46.12],[1.335,46.117],[1.328,46.125],[1.316,46.124],[1.315,46.128],[1.305,46.124],[1.3,46.125],[1.298,46.122],[1.292,46.126],[1.287,46.124],[1.279,46.131],[1.276,46.13],[1.275,46.127],[1.271,46.13],[1.26,46.13],[1.254,46.125],[1.246,46.128],[1.239,46.126],[1.236,46.128],[1.219,46.128],[1.201,46.134],[1.193,46.132],[1.183,46.135],[1.177,46.129],[1.155,46.131],[1.15,46.132],[1.146,46.138],[1.137,46.138],[1.108,46.15],[1.104,46.154],[1.097,46.155],[1.088,46.154],[1.073,46.157],[1.07,46.153],[1.064,46.161],[1.054,46.159],[1.052,46.156],[1.038,46.161],[1.034,46.159],[1.034,46.154],[1.028,46.151],[1.007,46.145]]}},{"type":"Feature","properties":{"nom":"LA BENAIZE DEPUIS LA CONFLUENCE DE L'ASSE JUSQU'A LA CONFLUENCE AVEC L'ANGLIN","code":"GR0421","longueurKm":24.09998621036,"strahler":5.0},"geometry":{"type":"LineString","coordinates":[[1.071,46.433],[1.061,46.437],[1.047,46.449],[1.055,46.454],[1.057,46.458],[1.054,46.462],[1.044,46.465],[1.042,46.471],[1.05,46.479],[1.047,46.486],[1.054,46.492],[1.053,46.497],[1.063,46.5],[1.059,46.507],[1.064,46.508],[1.071,46.505],[1.078,46.51],[1.066,46.521],[1.069,46.525],[1.076,46.527],[1.078,46.535],[1.066,46.539],[1.067,46.546],[1.075,46.552],[1.072,46.557],[1.079,46.561],[1.068,46.574]]}},{"type":"Feature","properties":{"nom":"LA GARTEMPE DEPUIS LA CONFLUENCE DU VINCOU JUSQU'A LA CONFLUENCE AVEC LA BRAME","code":"GR0410B","longueurKm":22.57012854778,"strahler":5.0},"geometry":{"type":"MultiLineString","coordinates":[[[0.931,46.256],[0.932,46.257]],[[0.931,46.256],[0.931,46.256],[0.932,46.257]],[[0.947,46.194],[0.945,46.197],[0.951,46.2],[0.948,46.207],[0.942,46.207],[0.938,46.215],[0.944,46.221],[0.935,46.222],[0.932,46.225],[0.934,46.238],[0.926,46.246],[0.931,46.256]],[[0.932,46.257],[0.93,46.268],[0.936,46.272],[0.936,46.276]],[[0.95,46.193],[0.948,46.193],[0.947,46.194]],[[0.95,46.193],[0.947,46.194]],[[0.957,46.182],[0.947,46.185],[0.947,46.187],[0.954,46.191],[0.95,46.193]],[[0.957,46.181],[0.957,46.182],[0.957,46.182],[0.957,46.182],[0.957,46.182]],[[0.957,46.181],[0.957,46.182]],[[1.007,46.145],[0.995,46.143],[0.987,46.147],[0.975,46.158],[0.97,46.159],[0.966,46.163],[0.971,46.167],[0.963,46.17],[0.965,46.178],[0.957,46.181]]]}},{"type":"Feature","properties":{"nom":"LA GARTEMPE DEPUIS LA CONFLUENCE DE LA BRAME JUSQU'A MONTMORILLON","code":"GR0411A","longueurKm":20.41894755396,"strahler":5.0},"geometry":{"type":"LineString","coordinates":[[0.936,46.276],[0.933,46.289],[0.941,46.301],[0.93,46.311],[0.933,46.318],[0.918,46.329],[0.893,46.335],[0.897,46.342],[0.896,46.349],[0.899,46.364],[0.893,46.368],[0.892,46.375],[0.876,46.38],[0.873,46.384],[0.878,46.392],[0.878,46.406],[0.883,46.411],[0.876,46.42]]}},{"type":"Feature","properties":{"nom":"LA GARTEMPE DEPUIS MONTMORILLON JUSQU'A LA CONFLUENCE AVEC LA CREUSE","code":"GR0411B","longueurKm":68.73711426303,"strahler":6.0},"geometry":{"type":"MultiLineString","coordinates":[[[0.78,46.691],[0.793,46.694],[0.802,46.699]],[[0.781,46.699],[0.797,46.702],[0.802,46.699]],[[0.789,46.678],[0.809,46.69],[0.821,46.691],[0.835,46.706]],[[0.802,46.699],[0.812,46.705],[0.828,46.707]],[[0.827,46.506],[0.827,46.508]],[[0.827,46.506],[0.827,46.507],[0.827,46.508]],[[0.876,46.42],[0.867,46.425],[0.87,46.435],[0.868,46.444],[0.861,46.451],[0.857,46.469],[0.847,46.477],[0.836,46.48],[0.837,46.49],[0.827,46.506]],[[0.827,46.508],[0.84,46.51],[0.852,46.525],[0.868,46.555],[0.866,46.562]],[[0.823,46.714],[0.828,46.707]],[[0.828,46.707],[0.835,46.706]],[[0.841,46.768],[0.828,46.777],[0.83,46.785]],[[0.837,46.663],[0.837,46.665]],[[0.837,46.663],[0.837,46.665],[0.837,46.665]],[[0.867,46.564],[0.871,46.567],[0.869,46.573],[0.877,46.574],[0.879,46.577],[0.869,46.594],[0.871,46.598],[0.863,46.602],[0.863,46.607],[0.856,46.612],[0.862,46.62],[0.852,46.629],[0.85,46.639],[0.834,46.652],[0.837,46.663]],[[0.835,46.706],[0.858,46.701]],[[0.837,46.665],[0.84,46.688],[0.844,46.695],[0.858,46.701]],[[0.843,46.764],[0.841,46.768]],[[0.843,46.764],[0.842,46.765],[0.841,46.768]],[[0.861,46.755],[0.859,46.76],[0.848,46.761],[0.843,46.764]],[[0.858,46.701],[0.866,46.705],[0.864,46.718]],[[0.866,46.562],[0.867,46.564]],[[0.866,46.562],[0.866,46.563],[0.867,46.564]],[[0.866,46.751],[0.861,46.755]],[[0.866,46.751],[0.865,46.753],[0.861,46.755]],[[0.864,46.721],[0.869,46.725]],[[0.864,46.718],[0.863,46.72],[0.864,46.721]],[[0.864,46.718],[0.864,46.721]],[[0.878,46.74],[0.866,46.751]],[[0.869,46.725],[0.874,46.729]],[[0.869,46.725],[0.871,46.728],[0.874,46.729]],[[0.874,46.729],[0.877,46.731]],[[0.877,46.731],[0.876,46.734]],[[0.876,46.734],[0.876,46.737]],[[0.877,46.731],[0.877,46.732],[0.876,46.734]],[[0.876,46.737],[0.878,46.74]],[[0.876,46.737],[0.877,46.739],[0.878,46.74]]]}},{"type":"Feature","properties":{"nom":"LA CLAISE DEPUIS LA CONFLUENCE DU RAU DES CINQ BONDES JUSQU'A LA CONFLUENCE AVEC LA CREUSE","code":"GR0426","longueurKm":43.78344527419,"strahler":5.0},"geometry":{"type":"MultiLineString","coordinates":[[[0.71,46.942],[0.705,46.942]],[[0.714,46.94],[0.713,46.941],[0.711,46.942],[0.71,46.942],[0.71,46.942]],[[0.714,46.939],[0.71,46.942]],[[0.714,46.939],[0.714,46.94]],[[0.72,46.94],[0.717,46.938],[0.714,46.939]],[[0.721,46.941],[0.72,46.941],[0.718,46.939],[0.714,46.94]],[[0.721,46.941],[0.72,46.94]],[[0.726,46.939],[0.72,46.94]],[[0.726,46.939],[0.721,46.941]],[[0.735,46.935],[0.726,46.939]],[[0.74,46.934],[0.738,46.934],[0.735,46.935]],[[0.74,46.934],[0.735,46.935]],[[0.741,46.934],[0.74,46.934]],[[0.753,46.93],[0.743,46.935],[0.741,46.934]],[[0.753,46.93],[0.749,46.929],[0.741,46.934]],[[0.793,46.923],[0.786,46.928],[0.777,46.927],[0.766,46.93],[0.759,46.931],[0.757,46.93],[0.754,46.93],[0.753,46.93]],[[0.798,46.917],[0.795,46.923],[0.794,46.924],[0.793,46.923]],[[0.798,46.917],[0.793,46.923]],[[0.892,46.859],[0.877,46.863],[0.866,46.862],[0.865,46.871],[0.849,46.874],[0.839,46.885],[0.831,46.89],[0.827,46.903],[0.818,46.907],[0.801,46.91],[0.798,46.917]],[[0.899,46.86],[0.892,46.859]],[[0.899,46.86],[0.894,46.858],[0.892,46.859]],[[0.916,46.856],[0.899,46.86]],[[0.921,46.854],[0.92,46.856],[0.917,46.856],[0.916,46.856]],[[0.921,46.854],[0.916,46.856]],[[0.93,46.852],[0.921,46.854]],[[0.936,46.851],[0.93,46.852]],[[0.936,46.851],[0.931,46.851],[0.93,46.852]],[[0.996,46.817],[0.989,46.817],[0.982,46.824],[0.968,46.829],[0.962,46.837],[0.948,46.838],[0.936,46.851]],[[1.001,46.815],[1.0,46.817],[0.998,46.817],[0.996,46.817]],[[1.001,46.815],[0.996,46.817]],[[1.073,46.802],[1.058,46.8],[1.04,46.806],[1.008,46.81],[1.001,46.815]]]}},{"type":"Feature","properties":{"nom":"LE THOUET DEPUIS THOUARS JUSQU'A LA CONFLUENCE AVEC L'ARGENTON","code":"GR0438C","longueurKm":25.36682101569,"strahler":5.0},"geometry":{"type":"MultiLineString","coordinates":[[[-0.23,47.052],[-0.225,47.055]],[[-0.23,47.052],[-0.228,47.054],[-0.225,47.055]],[[-0.189,46.97],[-0.196,46.97],[-0.196,46.966],[-0.2,46.964],[-0.207,46.973],[-0.215,46.972],[-0.213,46.968],[-0.218,46.968],[-0.222,46.982],[-0.241,46.983],[-0.248,46.989],[-0.247,47.005],[-0.259,47.013],[-0.254,47.021],[-0.235,47.031],[-0.237,47.037],[-0.229,47.044],[-0.234,47.048],[-0.23,47.052]],[[-0.225,47.055],[-0.221,47.058],[-0.226,47.063],[-0.224,47.067],[-0.219,47.067],[-0.217,47.075],[-0.21,47.077],[-0.208,47.082],[-0.201,47.082],[-0.198,47.084],[-0.204,47.091]],[[-0.204,47.091],[-0.203,47.094]],[[-0.204,47.091],[-0.205,47.093],[-0.203,47.094]],[[-0.203,47.094],[-0.203,47.094]]]}},{"type":"Feature","properties":{"nom":"LE THOUET DEPUIS LA CONFLUENCE DE L'ARGENTON JUSQU'A LA CONFLUENCE AVEC LA LOIRE","code":"GR0436","longueurKm":44.09140439342,"strahler":6.0},"geometry":{"type":"MultiLineString","coordinates":[[[-0.203,47.094],[-0.187,47.102],[-0.188,47.106],[-0.185,47.107],[-0.188,47.117],[-0.184,47.121],[-0.178,47.122],[-0.171,47.119],[-0.166,47.121],[-0.168,47.125]],[[-0.168,47.125],[-0.162,47.129],[-0.164,47.131]],[[-0.168,47.125],[-0.171,47.128],[-0.164,47.131]],[[-0.164,47.131],[-0.158,47.134]],[[-0.158,47.134],[-0.154,47.135],[-0.154,47.136]],[[-0.158,47.134],[-0.157,47.134]],[[-0.157,47.134],[-0.154,47.136]],[[-0.157,47.134],[-0.157,47.136],[-0.154,47.136]],[[-0.154,47.136],[-0.154,47.136]],[[-0.154,47.136],[-0.151,47.138]],[[-0.154,47.136],[-0.154,47.136]],[[-0.154,47.136],[-0.151,47.138]],[[-0.151,47.138],[-0.134,47.15],[-0.132,47.156],[-0.124,47.161]],[[-0.124,47.161],[-0.117,47.162],[-0.109,47.168]],[[-0.124,47.161],[-0.117,47.168]],[[-0.112,47.172],[-0.12,47.171]],[[-0.12,47.171],[-0.121,47.177],[-0.113,47.178],[-0.111,47.182]],[[-0.117,47.168],[-0.12,47.171]],[[-0.117,47.168],[-0.109,47.168]],[[-0.112,47.172],[-0.109,47.181]],[[-0.109,47.168],[-0.112,47.172]],[[-0.111,47.182],[-0.105,47.185]],[[-0.111,47.182],[-0.109,47.181]],[[-0.109,47.181],[-0.107,47.183]],[[-0.107,47.183],[-0.099,47.186]],[[-0.107,47.183],[-0.104,47.184]],[[-0.105,47.185],[-0.104,47.185]],[[-0.105,47.185],[-0.104,47.184]],[[-0.085,47.247],[-0.083,47.251],[-0.09,47.255],[-0.093,47.262],[-0.112,47.277],[-0.11,47.281]],[[-0.104,47.184],[-0.102,47.185]],[[-0.104,47.185],[-0.101,47.187]],[[-0.104,47.185],[-0.102,47.185]],[[-0.102,47.185],[-0.099,47.186]],[[-0.101,47.187],[-0.098,47.188]],[[-0.101,47.187],[-0.092,47.187]],[[-0.099,47.186],[-0.092,47.187]],[[-0.098,47.188],[-0.091,47.193],[-0.091,47.2],[-0.085,47.207]],[[-0.098,47.188],[-0.092,47.187]],[[-0.092,47.187],[-0.092,47.187]],[[-0.092,47.187],[-0.083,47.189],[-0.084,47.194],[-0.08,47.197],[-0.085,47.207]],[[-0.085,47.207],[-0.08,47.216],[-0.088,47.226],[-0.084,47.235],[-0.087,47.242]],[[-0.087,47.242],[-0.085,47.247]],[[-0.087,47.242],[-0.088,47.243],[-0.085,47.247]]]}},{"type":"Feature","properties":{"nom":"LE THOUET DEPUIS LE TALLUD JUSQU'A LA CONFLUENCE AVEC LE CEBRON","code":"GR0438A","longueurKm":29.31477343245,"strahler":5.0},"geometry":{"type":"MultiLineString","coordinates":[[[-0.27,46.637],[-0.265,46.639],[-0.264,46.645],[-0.254,46.648],[-0.255,46.653],[-0.248,46.653],[-0.243,46.657],[-0.234,46.658],[-0.216,46.654],[-0.218,46.659],[-0.213,46.659],[-0.211,46.664],[-0.208,46.661],[-0.197,46.662],[-0.182,46.667],[-0.177,46.664],[-0.166,46.674],[-0.159,46.674],[-0.155,46.686],[-0.147,46.692],[-0.143,46.701],[-0.15,46.719]],[[-0.15,46.722],[-0.154,46.725],[-0.16,46.736],[-0.158,46.737],[-0.167,46.745],[-0.176,46.747],[-0.172,46.752],[-0.178,46.755],[-0.174,46.757],[-0.175,46.764],[-0.171,46.764],[-0.166,46.767],[-0.17,46.771],[-0.165,46.784],[-0.168,46.787]],[[-0.15,46.719],[-0.148,46.72],[-0.148,46.721],[-0.149,46.722],[-0.15,46.722]],[[-0.15,46.719],[-0.15,46.722]]]}},{"type":"Feature","properties":{"nom":"LE THOUET DEPUIS LA CONFLUENCE DU CEBRON JUSQU'A THOUARS","code":"GR0438B","longueurKm":31.84176926242,"strahler":5.0},"geometry":{"type":"LineString","coordinates":[[-0.168,46.787],[-0.168,46.795],[-0.148,46.803],[-0.151,46.809],[-0.147,46.815],[-0.146,46.825],[-0.156,46.835],[-0.15,46.836],[-0.149,46.842],[-0.161,46.845],[-0.147,46.851],[-0.142,46.872],[-0.158,46.88],[-0.155,46.882],[-0.146,46.882],[-0.139,46.885],[-0.139,46.902],[-0.146,46.912],[-0.138,46.917],[-0.136,46.923],[-0.157,46.927],[-0.158,46.93],[-0.149,46.938],[-0.152,46.946],[-0.157,46.948],[-0.166,46.947],[-0.18,46.956],[-0.196,46.953],[-0.188,46.966],[-0.189,46.97]]}},{"type":"Feature","properties":{"nom":"L'AUTHION DEPUIS LA CONFLUENCE DU LATHAN JUSQU'A LA CONFLUENCE AVEC LA LOIRE","code":"GR0449","longueurKm":44.82915862215,"strahler":5.0},"geometry":{"type":"MultiLineString","coordinates":[[[-0.409,47.445],[-0.419,47.44],[-0.446,47.443],[-0.46,47.441],[-0.475,47.429],[-0.529,47.431],[-0.548,47.425],[-0.552,47.421]],[[-0.345,47.459],[-0.351,47.463],[-0.359,47.464],[-0.385,47.458],[-0.409,47.445]],[[-0.335,47.45],[-0.358,47.448],[-0.382,47.45],[-0.398,47.448],[-0.403,47.445],[-0.409,47.445]],[[-0.282,47.45],[-0.294,47.451],[-0.316,47.459],[-0.322,47.458],[-0.331,47.46],[-0.336,47.458],[-0.338,47.459],[-0.345,47.459]],[[-0.335,47.45],[-0.335,47.453],[-0.345,47.459]],[[-0.282,47.45],[-0.294,47.445],[-0.309,47.445],[-0.313,47.447],[-0.335,47.45]],[[-0.196,47.398],[-0.205,47.401],[-0.22,47.415],[-0.248,47.423],[-0.255,47.429],[-0.253,47.437],[-0.259,47.437],[-0.267,47.443],[-0.275,47.442],[-0.282,47.45]]]}},{"type":"Feature","properties":{"nom":"L'ARGENTON DEPUIS NUEIL-SUR-ARGENT JUSQU'A LA CONFLUENCE AVEC LE THOUET","code":"GR0443B","longueurKm":54.94297686228,"strahler":5.0},"geometry":{"type":"MultiLineString","coordinates":[[[-0.611,46.933],[-0.599,46.936],[-0.59,46.933],[-0.565,46.938],[-0.556,46.933],[-0.546,46.931],[-0.536,46.933],[-0.527,46.93],[-0.524,46.933],[-0.515,46.937],[-0.513,46.942],[-0.501,46.946],[-0.495,46.956],[-0.481,46.969],[-0.475,46.968],[-0.473,46.972],[-0.467,46.972],[-0.466,46.979],[-0.46,46.979],[-0.456,46.982],[-0.445,46.982],[-0.442,46.985],[-0.432,46.981],[-0.427,46.99],[-0.421,46.986],[-0.409,46.989],[-0.399,46.987],[-0.392,46.99],[-0.39,46.993],[-0.38,46.992],[-0.366,46.995],[-0.362,46.994],[-0.358,46.998],[-0.349,46.996],[-0.343,46.998],[-0.336,47.007],[-0.31,47.011]],[[-0.31,47.011],[-0.309,47.012]],[[-0.31,47.011],[-0.31,47.012],[-0.309,47.012]],[[-0.309,47.012],[-0.304,47.013],[-0.307,47.018],[-0.294,47.018],[-0.278,47.037],[-0.278,47.042],[-0.27,47.044],[-0.261,47.053],[-0.254,47.064],[-0.263,47.069],[-0.263,47.072]],[[-0.263,47.072],[-0.252,47.073],[-0.252,47.077],[-0.247,47.081],[-0.247,47.085],[-0.237,47.091]],[[-0.263,47.072],[-0.272,47.073],[-0.271,47.077],[-0.265,47.079],[-0.256,47.09],[-0.252,47.092],[-0.237,47.091]],[[-0.237,47.091],[-0.232,47.088],[-0.227,47.094],[-0.217,47.095],[-0.214,47.09],[-0.203,47.094]]]}},{"type":"Feature","properties":{"nom":"LA SARTHE ET SES AFFLUENTS DEPUIS LA SOURCE JUSQU'A LA CONFLUENCE AVEC L'HOENE","code":"GR0454","longueurKm":106.54185177735,"strahler":5.0},"geometry":{"type":"MultiLineString","coordinates":[[[0.3,48.603],[0.303,48.604],[0.321,48.605],[0.353,48.601]],[[0.33,48.591],[0.332,48.589],[0.347,48.589],[0.357,48.591],[0.369,48.596],[0.369,48.597]],[[0.332,48.625],[0.34,48.615],[0.349,48.613],[0.353,48.601]],[[0.332,48.64],[0.337,48.638],[0.344,48.639]],[[0.346,48.572],[0.349,48.573],[0.352,48.578]],[[0.354,48.661],[0.349,48.659],[0.347,48.649],[0.341,48.643],[0.344,48.639]],[[0.344,48.639],[0.355,48.634],[0.363,48.634]],[[0.347,48.578],[0.352,48.578]],[[0.352,48.578],[0.38,48.597]],[[0.353,48.601],[0.361,48.595],[0.369,48.597]],[[0.36,48.62],[0.374,48.628],[0.382,48.627]],[[0.369,48.653],[0.363,48.649],[0.363,48.634]],[[0.363,48.634],[0.372,48.632]],[[0.364,48.613],[0.369,48.61]],[[0.369,48.597],[0.379,48.598]],[[0.37,48.614],[0.369,48.61]],[[0.369,48.61],[0.379,48.598]],[[0.37,48.622],[0.379,48.621],[0.385,48.623]],[[0.375,48.642],[0.371,48.637],[0.372,48.632]],[[0.372,48.632],[0.379,48.631]],[[0.375,48.65],[0.385,48.639],[0.379,48.631]],[[0.377,48.617],[0.396,48.611]],[[0.379,48.598],[0.38,48.597]],[[0.38,48.597],[0.399,48.6]],[[0.379,48.631],[0.382,48.629]],[[0.379,48.654],[0.389,48.649]],[[0.382,48.629],[0.382,48.627]],[[0.382,48.627],[0.385,48.623]],[[0.389,48.649],[0.39,48.634],[0.387,48.63],[0.385,48.629],[0.384,48.629],[0.382,48.629]],[[0.385,48.623],[0.39,48.621]],[[0.394,48.625],[0.39,48.621]],[[0.39,48.621],[0.396,48.614],[0.396,48.611]],[[0.389,48.658],[0.389,48.649]],[[0.396,48.611],[0.399,48.6]],[[0.397,48.592],[0.404,48.599],[0.406,48.599]],[[0.399,48.6],[0.406,48.601],[0.406,48.599]],[[0.401,48.664],[0.403,48.659],[0.405,48.659]],[[0.403,48.65],[0.414,48.649]],[[0.406,48.599],[0.409,48.596],[0.418,48.596],[0.42,48.592]],[[0.407,48.666],[0.405,48.659]],[[0.405,48.659],[0.414,48.649]],[[0.406,48.645],[0.416,48.641],[0.423,48.642]],[[0.414,48.649],[0.416,48.648]],[[0.419,48.58],[0.421,48.578],[0.421,48.576],[0.422,48.575],[0.418,48.573],[0.419,48.57]],[[0.419,48.58],[0.417,48.571],[0.419,48.57]],[[0.419,48.57],[0.421,48.566]],[[0.416,48.648],[0.423,48.642]],[[0.416,48.648],[0.427,48.64]],[[0.42,48.592],[0.424,48.586],[0.419,48.58]],[[0.421,48.566],[0.424,48.565],[0.425,48.56]],[[0.421,48.566],[0.425,48.56]],[[0.426,48.606],[0.421,48.601],[0.42,48.592]],[[0.425,48.56],[0.425,48.557]],[[0.425,48.557],[0.422,48.555],[0.427,48.552]],[[0.425,48.557],[0.427,48.552]],[[0.421,48.664],[0.431,48.645],[0.429,48.639]],[[0.423,48.642],[0.427,48.64]],[[0.427,48.552],[0.434,48.546]],[[0.44,48.613],[0.428,48.607],[0.426,48.606]],[[0.44,48.613],[0.432,48.607],[0.428,48.607],[0.426,48.606],[0.426,48.606]],[[0.427,48.64],[0.429,48.639]],[[0.429,48.639],[0.435,48.634]],[[0.438,48.638],[0.435,48.634]],[[0.435,48.634],[0.437,48.633]],[[0.446,48.639],[0.437,48.633]],[[0.437,48.633],[0.452,48.625],[0.452,48.623]],[[0.448,48.619],[0.44,48.613]],[[0.452,48.623],[0.448,48.619]],[[0.452,48.623],[0.449,48.619],[0.448,48.619]],[[0.452,48.623],[0.452,48.623]],[[0.466,48.631],[0.458,48.629],[0.452,48.623]],[[0.47,48.632],[0.466,48.631]],[[0.471,48.632],[0.469,48.631],[0.467,48.63],[0.466,48.631]],[[0.471,48.632],[0.471,48.632],[0.47,48.632]],[[0.472,48.659],[0.467,48.656],[0.469,48.652],[0.466,48.648],[0.47,48.632]],[[0.471,48.624],[0.471,48.632]],[[0.471,48.632],[0.471,48.632]],[[0.476,48.634],[0.471,48.632]],[[0.493,48.639],[0.476,48.634]],[[0.482,48.635],[0.478,48.634],[0.476,48.634]],[[0.482,48.623],[0.484,48.633]],[[0.481,48.653],[0.49,48.646]],[[0.493,48.639],[0.482,48.635]],[[0.484,48.633],[0.482,48.635]],[[0.493,48.625],[0.493,48.629],[0.484,48.633]],[[0.491,48.653],[0.487,48.65],[0.49,48.646]],[[0.49,48.646],[0.492,48.641],[0.495,48.64]],[[0.494,48.639],[0.493,48.639]],[[0.495,48.64],[0.494,48.639]],[[0.511,48.637],[0.502,48.635],[0.494,48.639]],[[0.531,48.641],[0.517,48.647],[0.495,48.64]]]}},{"type":"Feature","properties":{"nom":"LA DIVE DU NORD DEPUIS PAS-DE-JEU JUSQU'A LA CONFLUENCE AVEC LE THOUET","code":"GR0446","longueurKm":35.20183275857,"strahler":5.0},"geometry":{"type":"MultiLineString","coordinates":[[[-0.103,47.079],[-0.095,47.094]],[[-0.103,47.079],[-0.102,47.084],[-0.095,47.094]],[[-0.102,47.065],[-0.103,47.079]],[[-0.099,47.065],[-0.102,47.065]],[[-0.097,47.054],[-0.102,47.065]],[[-0.099,47.065],[-0.102,47.074],[-0.09,47.097]],[[-0.097,47.054],[-0.099,47.065]],[[-0.03,46.978],[-0.031,46.985],[-0.06,46.994],[-0.069,46.998],[-0.086,47.016],[-0.097,47.054]],[[-0.095,47.094],[-0.09,47.097]],[[-0.09,47.097],[-0.066,47.118],[-0.051,47.149],[-0.071,47.167],[-0.083,47.175],[-0.083,47.189]]]}},{"type":"Feature","properties":{"nom":"LA SARTHE DEPUIS LA CONFLUENCE DE L'HOENE JUSQU'A ALENCON","code":"GR0455A","longueurKm":93.04814895647,"strahler":5.0},"geometry":{"type":"MultiLineString","coordinates":[[[0.204,48.401],[0.196,48.403],[0.198,48.413],[0.187,48.424],[0.172,48.422],[0.167,48.425],[0.162,48.424],[0.147,48.429],[0.137,48.424],[0.129,48.429],[0.128,48.428]],[[0.196,48.464],[0.19,48.462],[0.182,48.465],[0.172,48.465],[0.17,48.459],[0.174,48.451],[0.171,48.45],[0.163,48.451],[0.153,48.457],[0.146,48.457],[0.145,48.453],[0.158,48.444],[0.158,48.441],[0.152,48.438],[0.134,48.437],[0.125,48.434],[0.118,48.436],[0.111,48.432],[0.128,48.428]],[[0.137,48.42],[0.128,48.428]],[[0.204,48.47],[0.196,48.464]],[[0.204,48.47],[0.201,48.471],[0.201,48.468],[0.195,48.467],[0.196,48.464]],[[0.248,48.474],[0.241,48.476],[0.232,48.473],[0.216,48.474],[0.204,48.47]],[[0.254,48.476],[0.249,48.473],[0.248,48.474]],[[0.254,48.476],[0.25,48.474],[0.249,48.474],[0.248,48.474]],[[0.274,48.479],[0.27,48.484],[0.265,48.485],[0.259,48.477],[0.254,48.476]],[[0.271,48.441],[0.282,48.443],[0.291,48.449]],[[0.28,48.478],[0.274,48.479]],[[0.288,48.479],[0.28,48.482],[0.277,48.48],[0.276,48.479],[0.274,48.479]],[[0.288,48.479],[0.28,48.478]],[[0.298,48.473],[0.294,48.476],[0.28,48.478]],[[0.289,48.435],[0.291,48.449]],[[0.288,48.478],[0.288,48.479]],[[0.292,48.479],[0.288,48.478]],[[0.292,48.479],[0.291,48.478],[0.288,48.478]],[[0.291,48.449],[0.291,48.455],[0.296,48.458],[0.298,48.473]],[[0.303,48.477],[0.301,48.481],[0.292,48.479]],[[0.302,48.473],[0.292,48.479]],[[0.311,48.464],[0.298,48.473]],[[0.3,48.429],[0.299,48.444],[0.305,48.45],[0.309,48.451],[0.315,48.461]],[[0.303,48.477],[0.302,48.473]],[[0.308,48.47],[0.302,48.473]],[[0.319,48.476],[0.31,48.472],[0.308,48.476],[0.303,48.477]],[[0.315,48.461],[0.312,48.463],[0.313,48.467],[0.308,48.47]],[[0.337,48.483],[0.332,48.482],[0.321,48.472],[0.31,48.469],[0.308,48.47]],[[0.317,48.441],[0.32,48.446],[0.329,48.451],[0.329,48.456],[0.328,48.458],[0.32,48.458],[0.318,48.458],[0.318,48.459],[0.315,48.461],[0.315,48.461]],[[0.338,48.489],[0.332,48.486],[0.332,48.482],[0.319,48.476]],[[0.338,48.492],[0.329,48.483],[0.319,48.479],[0.319,48.476]],[[0.349,48.506],[0.345,48.505],[0.348,48.5],[0.342,48.497],[0.341,48.486],[0.337,48.483]],[[0.338,48.489],[0.337,48.483]],[[0.338,48.492],[0.338,48.489]],[[0.349,48.506],[0.343,48.506],[0.342,48.504],[0.346,48.501],[0.339,48.498],[0.341,48.493],[0.338,48.492]],[[0.371,48.512],[0.366,48.507],[0.36,48.51],[0.353,48.506],[0.349,48.506]],[[0.382,48.514],[0.378,48.515],[0.371,48.512]],[[0.382,48.514],[0.378,48.51],[0.371,48.512]],[[0.395,48.512],[0.389,48.512],[0.387,48.515],[0.384,48.514],[0.382,48.514]],[[0.402,48.519],[0.395,48.512]],[[0.402,48.519],[0.397,48.518],[0.395,48.512]],[[0.428,48.541],[0.421,48.537],[0.42,48.532],[0.414,48.526],[0.405,48.523],[0.404,48.52],[0.402,48.519],[0.402,48.519]],[[0.434,48.546],[0.428,48.541]],[[0.433,48.547],[0.428,48.541]]]}},{"type":"Feature","properties":{"nom":"LA SARTHE DEPUIS LA CONFLUENCE DE LA BIENNE JUSQU'A LE MANS","code":"GR0455B","longueurKm":55.55460667737,"strahler":6.0},"geometry":{"type":"MultiLineString","coordinates":[[[0.111,48.208],[0.11,48.203]],[[0.11,48.203],[0.112,48.2]],[[0.11,48.203],[0.111,48.202],[0.112,48.2]],[[0.114,48.211],[0.111,48.208]],[[0.114,48.211],[0.114,48.208],[0.111,48.208]],[[0.112,48.2],[0.121,48.193],[0.121,48.181],[0.129,48.17],[0.137,48.172],[0.148,48.179],[0.16,48.182],[0.163,48.186],[0.175,48.177],[0.176,48.171],[0.153,48.168],[0.152,48.158],[0.158,48.151],[0.178,48.146],[0.184,48.14],[0.19,48.123],[0.188,48.117]],[[0.125,48.222],[0.114,48.211]],[[0.112,48.254],[0.114,48.254],[0.114,48.247],[0.124,48.24],[0.133,48.238],[0.135,48.234],[0.149,48.233]],[[0.13,48.223],[0.125,48.222]],[[0.13,48.223],[0.127,48.223],[0.125,48.222]],[[0.134,48.225],[0.13,48.223]],[[0.149,48.233],[0.152,48.229],[0.15,48.226],[0.134,48.225]],[[0.149,48.233],[0.155,48.232],[0.158,48.229],[0.151,48.223],[0.138,48.223],[0.134,48.225]],[[0.184,47.996],[0.181,47.995],[0.18,47.991]],[[0.19,48.002],[0.189,47.999],[0.184,47.996]],[[0.19,48.002],[0.184,47.996]],[[0.186,48.114],[0.179,48.105],[0.197,48.096],[0.202,48.096],[0.207,48.092],[0.203,48.086],[0.181,48.081],[0.178,48.078],[0.18,48.072],[0.199,48.069],[0.206,48.063],[0.206,48.058],[0.176,48.044],[0.178,48.04],[0.185,48.039],[0.182,48.035],[0.199,48.015],[0.19,48.002]],[[0.188,48.117],[0.186,48.114]],[[0.188,48.117],[0.186,48.115],[0.186,48.114]]]}},{"type":"Feature","properties":{"nom":"LA SARTHE ET SES AFFLUENTS DEPUIS LE MANS JUSQU'A LA CONFLUENCE AVEC LA MAYENNE","code":"GR0456","longueurKm":207.5367751118,"strahler":6.0},"geometry":{"type":"MultiLineString","coordinates":[[[-0.533,47.528],[-0.527,47.524],[-0.524,47.513],[-0.532,47.501],[-0.543,47.493]],[[-0.537,47.552],[-0.544,47.546]],[[-0.544,47.546],[-0.546,47.538],[-0.537,47.531]],[[-0.544,47.546],[-0.542,47.541],[-0.536,47.542],[-0.534,47.54],[-0.54,47.537],[-0.537,47.531]],[[-0.537,47.531],[-0.533,47.528]],[[-0.534,47.558],[-0.537,47.552]],[[-0.537,47.552],[-0.547,47.549],[-0.549,47.536],[-0.543,47.531],[-0.533,47.528]],[[-0.527,47.56],[-0.528,47.558],[-0.532,47.558],[-0.534,47.558]],[[-0.534,47.561],[-0.534,47.558]],[[-0.53,47.561],[-0.531,47.562],[-0.534,47.561]],[[-0.522,47.577],[-0.528,47.577],[-0.532,47.574],[-0.531,47.569],[-0.536,47.564],[-0.534,47.561]],[[-0.53,47.561],[-0.515,47.565],[-0.512,47.564]],[[-0.527,47.56],[-0.53,47.561]],[[-0.512,47.564],[-0.52,47.56],[-0.522,47.56],[-0.526,47.56],[-0.527,47.56]],[[-0.513,47.585],[-0.517,47.584],[-0.522,47.577]],[[-0.516,47.567],[-0.52,47.569],[-0.522,47.577]],[[-0.516,47.567],[-0.513,47.585]],[[-0.51,47.566],[-0.516,47.567]],[[-0.51,47.566],[-0.512,47.564]],[[-0.502,47.597],[-0.504,47.591],[-0.51,47.594],[-0.508,47.589],[-0.513,47.585]],[[-0.502,47.597],[-0.496,47.595],[-0.494,47.591],[-0.507,47.581],[-0.51,47.566]],[[-0.495,47.621],[-0.501,47.623],[-0.506,47.62]],[[-0.506,47.62],[-0.508,47.605],[-0.502,47.597]],[[-0.495,47.621],[-0.5,47.619],[-0.506,47.62]],[[-0.478,47.622],[-0.477,47.617],[-0.49,47.613],[-0.49,47.603],[-0.502,47.597]],[[-0.478,47.622],[-0.484,47.62],[-0.49,47.621],[-0.493,47.621],[-0.495,47.621]],[[-0.489,47.66],[-0.496,47.664]],[[-0.485,47.679],[-0.493,47.673],[-0.496,47.664]],[[-0.496,47.664],[-0.496,47.656],[-0.488,47.653]],[[-0.489,47.66],[-0.488,47.653]],[[-0.488,47.653],[-0.474,47.65],[-0.47,47.641]],[[-0.473,47.68],[-0.476,47.666],[-0.487,47.663],[-0.489,47.66]],[[-0.481,47.68],[-0.485,47.679]],[[-0.48,47.68],[-0.482,47.678],[-0.485,47.679]],[[-0.473,47.625],[-0.478,47.622]],[[-0.444,47.696],[-0.458,47.687],[-0.46,47.683],[-0.481,47.68]],[[-0.48,47.68],[-0.481,47.68]],[[-0.473,47.68],[-0.48,47.68]],[[-0.471,47.626],[-0.473,47.625]],[[-0.47,47.628],[-0.473,47.625]],[[-0.468,47.626],[-0.471,47.626]],[[-0.47,47.628],[-0.471,47.626]],[[-0.47,47.629],[-0.47,47.628]],[[-0.444,47.696],[-0.438,47.691],[-0.44,47.685],[-0.458,47.68],[-0.473,47.68]],[[-0.47,47.641],[-0.468,47.633]],[[-0.47,47.641],[-0.468,47.64]],[[-0.468,47.633],[-0.47,47.629]],[[-0.47,47.629],[-0.468,47.626]],[[-0.463,47.635],[-0.464,47.629],[-0.468,47.626]],[[-0.468,47.64],[-0.467,47.634]],[[-0.468,47.64],[-0.464,47.639],[-0.463,47.635]],[[-0.467,47.634],[-0.468,47.633]],[[-0.463,47.635],[-0.467,47.634]],[[-0.446,47.705],[-0.448,47.701]],[[-0.446,47.705],[-0.449,47.703],[-0.448,47.701]],[[-0.448,47.701],[-0.444,47.696]],[[-0.443,47.72],[-0.436,47.713],[-0.446,47.705]],[[-0.445,47.73],[-0.445,47.729]],[[-0.444,47.731],[-0.445,47.731],[-0.445,47.729]],[[-0.445,47.729],[-0.446,47.723],[-0.443,47.72]],[[-0.444,47.731],[-0.445,47.73]],[[-0.441,47.729],[-0.445,47.73]],[[-0.444,47.731],[-0.444,47.731]],[[-0.44,47.733],[-0.442,47.731],[-0.444,47.731]],[[-0.44,47.733],[-0.444,47.731]],[[-0.441,47.729],[-0.443,47.72]],[[-0.437,47.734],[-0.441,47.729]],[[-0.437,47.734],[-0.44,47.733]],[[-0.437,47.734],[-0.437,47.734]],[[-0.426,47.741],[-0.437,47.734]],[[-0.427,47.75],[-0.434,47.744],[-0.437,47.734]],[[-0.406,47.756],[-0.423,47.756],[-0.427,47.75]],[[-0.427,47.75],[-0.423,47.747]],[[-0.421,47.746],[-0.42,47.743],[-0.426,47.741]],[[-0.423,47.747],[-0.427,47.743],[-0.426,47.741]],[[-0.423,47.747],[-0.421,47.746]],[[-0.396,47.756],[-0.398,47.753],[-0.403,47.754],[-0.42,47.75],[-0.421,47.746]],[[-0.401,47.756],[-0.406,47.756]],[[-0.4,47.755],[-0.406,47.756]],[[-0.392,47.757],[-0.401,47.756]],[[-0.382,47.761],[-0.382,47.762],[-0.401,47.756]],[[-0.4,47.755],[-0.401,47.756]],[[-0.396,47.756],[-0.398,47.755],[-0.4,47.755]],[[-0.392,47.757],[-0.396,47.756]],[[-0.382,47.761],[-0.392,47.757]],[[-0.387,47.804],[-0.385,47.805],[-0.385,47.8]],[[-0.329,47.836],[-0.326,47.832],[-0.344,47.822],[-0.375,47.825],[-0.387,47.822],[-0.39,47.817],[-0.387,47.804]],[[-0.387,47.804],[-0.386,47.802]],[[-0.386,47.802],[-0.387,47.8],[-0.384,47.798]],[[-0.386,47.802],[-0.385,47.8]],[[-0.384,47.798],[-0.375,47.768],[-0.382,47.761]],[[-0.385,47.8],[-0.384,47.798]],[[-0.228,47.852],[-0.233,47.849],[-0.243,47.848],[-0.266,47.858],[-0.29,47.858],[-0.321,47.846],[-0.332,47.838]],[[-0.332,47.838],[-0.343,47.834],[-0.339,47.831],[-0.329,47.836]],[[-0.332,47.838],[-0.329,47.836]],[[-0.223,47.858],[-0.228,47.852]],[[-0.223,47.858],[-0.227,47.855],[-0.228,47.852]],[[-0.178,47.83],[-0.186,47.829],[-0.194,47.835],[-0.195,47.854],[-0.201,47.863],[-0.209,47.866],[-0.217,47.864],[-0.223,47.858]],[[-0.171,47.831],[-0.178,47.83]],[[-0.171,47.831],[-0.174,47.831],[-0.178,47.83]],[[-0.094,47.815],[-0.101,47.817],[-0.118,47.828],[-0.124,47.839],[-0.15,47.847],[-0.158,47.846],[-0.171,47.831]],[[-0.094,47.873],[-0.098,47.859],[-0.1,47.857]],[[-0.094,47.873],[-0.1,47.857]],[[-0.1,47.857],[-0.103,47.846],[-0.098,47.838],[-0.085,47.827],[-0.086,47.817]],[[-0.086,47.817],[-0.094,47.815]],[[-0.086,47.817],[-0.089,47.815],[-0.09,47.815],[-0.094,47.815]],[[-0.067,47.881],[-0.086,47.883],[-0.094,47.873]],[[-0.048,47.881],[-0.049,47.872],[-0.053,47.871],[-0.058,47.873],[-0.067,47.881]],[[-0.048,47.881],[-0.055,47.878],[-0.067,47.881]],[[0.028,47.895],[0.021,47.903],[-0.001,47.902],[-0.013,47.908],[-0.02,47.908],[-0.027,47.906],[-0.032,47.89],[-0.048,47.881]],[[0.03,47.889],[0.028,47.895]],[[0.03,47.889],[0.03,47.89],[0.028,47.895]],[[0.076,47.889],[0.073,47.892],[0.06,47.892],[0.045,47.886],[0.035,47.885],[0.03,47.889]],[[0.104,47.889],[0.092,47.894],[0.076,47.889]],[[0.077,47.886],[0.076,47.889]],[[0.094,47.874],[0.089,47.87],[0.083,47.871],[0.081,47.878],[0.075,47.882],[0.077,47.886]],[[0.097,47.883],[0.083,47.882],[0.077,47.886]],[[0.094,47.874],[0.099,47.879],[0.097,47.883]],[[0.127,47.897],[0.12,47.885],[0.125,47.881],[0.116,47.876],[0.108,47.879],[0.099,47.872],[0.094,47.874]],[[0.104,47.889],[0.097,47.883]],[[0.127,47.897],[0.118,47.891],[0.104,47.889]],[[0.144,47.912],[0.134,47.907],[0.127,47.897]],[[0.158,47.916],[0.153,47.917],[0.144,47.912]],[[0.158,47.916],[0.153,47.919],[0.144,47.912]],[[0.16,47.976],[0.163,47.972],[0.167,47.973],[0.175,47.965],[0.178,47.953],[0.175,47.944],[0.184,47.929],[0.182,47.925],[0.163,47.915],[0.158,47.916]],[[0.167,47.982],[0.16,47.976]],[[0.167,47.982],[0.161,47.98],[0.151,47.982],[0.151,47.979],[0.16,47.976]],[[0.18,47.991],[0.167,47.982]]]}},{"type":"Feature","properties":{"nom":"LA SARTHE DEPUIS ALENCON JUSQU'A LA CONFLUENCE AVEC LA BIENNE","code":"GR0457","longueurKm":66.84882135342,"strahler":5.0},"geometry":{"type":"MultiLineString","coordinates":[[[0.013,48.396],[-0.003,48.397],[-0.007,48.395],[-0.01,48.396],[-0.012,48.394],[-0.019,48.395],[-0.023,48.386],[-0.035,48.386],[-0.036,48.381],[-0.051,48.38],[-0.05,48.375],[-0.055,48.378],[-0.054,48.382],[-0.06,48.381],[-0.062,48.376],[-0.07,48.38],[-0.078,48.369],[-0.076,48.362],[-0.087,48.357],[-0.083,48.354],[-0.074,48.354],[-0.074,48.351],[-0.081,48.35],[-0.079,48.345],[-0.068,48.341],[-0.064,48.337],[-0.071,48.32],[-0.065,48.312],[-0.069,48.302],[-0.063,48.305],[-0.053,48.305],[-0.051,48.308],[-0.046,48.31],[-0.042,48.304],[-0.043,48.293],[-0.025,48.285],[-0.023,48.286],[-0.027,48.292],[-0.026,48.295],[-0.017,48.293],[-0.014,48.304],[-0.011,48.305],[-0.007,48.304],[-0.004,48.298],[-0.007,48.28],[-0.02,48.274],[-0.021,48.271],[-0.017,48.27],[-0.01,48.276],[0.008,48.275],[0.01,48.279],[0.006,48.285],[0.015,48.285]],[[0.015,48.285],[0.017,48.282]],[[0.015,48.285],[0.019,48.283],[0.017,48.282]],[[0.017,48.282],[0.016,48.278],[0.032,48.271],[0.033,48.266],[0.042,48.264],[0.042,48.257],[0.046,48.254],[0.057,48.256],[0.075,48.264],[0.077,48.26],[0.084,48.259],[0.092,48.252],[0.106,48.252],[0.112,48.254]],[[0.016,48.402],[0.016,48.399],[0.013,48.396]],[[0.016,48.402],[0.013,48.396]],[[0.111,48.432],[0.101,48.42],[0.096,48.421],[0.092,48.429],[0.078,48.424],[0.03,48.429],[0.03,48.42],[0.017,48.414],[0.017,48.409],[0.014,48.408],[0.016,48.402]]]}},{"type":"Feature","properties":{"nom":"L'ERVE DEPUIS LA CONFLUENCE DU TREULON JUSQU'A LA CONFLUENCE AVEC LA SARTHE","code":"GR0487","longueurKm":12.03232166888,"strahler":5.0},"geometry":{"type":"LineString","coordinates":[[-0.367,47.905],[-0.364,47.904],[-0.361,47.897],[-0.356,47.897],[-0.364,47.893],[-0.363,47.891],[-0.351,47.89],[-0.352,47.887],[-0.36,47.88],[-0.353,47.877],[-0.358,47.869],[-0.352,47.87],[-0.342,47.866],[-0.344,47.86],[-0.339,47.858],[-0.342,47.847],[-0.335,47.845],[-0.332,47.84]]}},{"type":"Feature","properties":{"nom":"LA MAYENNE DEPUIS LA CONFLUENCE DE L'AISNE JUSQU'A LA RETENUE DE SAINT-FRAIMBAULT-DE-PRIERES","code":"GR0459","longueurKm":43.99111056623,"strahler":5.0},"geometry":{"type":"MultiLineString","coordinates":[[[-0.536,48.491],[-0.539,48.484],[-0.549,48.48],[-0.551,48.473],[-0.561,48.472],[-0.565,48.477],[-0.572,48.469],[-0.586,48.472],[-0.595,48.47],[-0.594,48.466],[-0.59,48.465],[-0.585,48.46],[-0.583,48.45],[-0.586,48.447],[-0.586,48.44],[-0.58,48.435],[-0.587,48.427],[-0.602,48.423],[-0.599,48.419],[-0.608,48.411],[-0.608,48.404]],[[-0.534,48.492],[-0.536,48.491]],[[-0.534,48.492],[-0.534,48.491],[-0.536,48.491]],[[-0.516,48.5],[-0.521,48.495],[-0.528,48.497],[-0.534,48.492]],[[-0.505,48.506],[-0.512,48.505],[-0.516,48.5]],[[-0.505,48.506],[-0.51,48.509],[-0.514,48.504],[-0.517,48.504],[-0.516,48.5]],[[-0.489,48.501],[-0.5,48.504],[-0.5,48.508],[-0.505,48.506]],[[-0.478,48.502],[-0.488,48.504],[-0.489,48.501]],[[-0.478,48.502],[-0.482,48.499],[-0.489,48.501]],[[-0.428,48.51],[-0.434,48.514],[-0.438,48.512],[-0.447,48.515],[-0.456,48.512],[-0.467,48.513],[-0.47,48.512],[-0.468,48.509],[-0.474,48.506],[-0.474,48.503],[-0.478,48.502]],[[-0.426,48.508],[-0.428,48.51]],[[-0.426,48.508],[-0.424,48.509],[-0.428,48.51]],[[-0.398,48.509],[-0.407,48.506],[-0.426,48.508]],[[-0.392,48.507],[-0.395,48.51],[-0.398,48.509]],[[-0.392,48.507],[-0.394,48.51],[-0.399,48.511],[-0.398,48.509]],[[-0.353,48.484],[-0.369,48.488],[-0.367,48.494],[-0.383,48.497],[-0.393,48.501],[-0.392,48.507]]]}},{"type":"Feature","properties":{"nom":"LA MAYENNE DEPUIS LA RETENUE DE SAINT-FRAIMBAULT-DE-PRIERES JUSQU'A LA CONFLUENCE AVEC L'ERNEE","code":"GR0460B","longueurKm":36.96913843429,"strahler":6.0},"geometry":{"type":"MultiLineString","coordinates":[[[-0.71,48.208],[-0.712,48.2],[-0.721,48.196],[-0.723,48.191],[-0.739,48.186],[-0.75,48.173],[-0.74,48.159],[-0.753,48.155],[-0.749,48.134],[-0.75,48.124],[-0.754,48.123]],[[-0.706,48.212],[-0.71,48.208]],[[-0.706,48.212],[-0.709,48.211],[-0.71,48.208]],[[-0.591,48.364],[-0.585,48.362],[-0.578,48.352],[-0.589,48.348],[-0.599,48.341],[-0.606,48.328],[-0.603,48.32],[-0.607,48.314],[-0.615,48.312],[-0.611,48.307],[-0.621,48.298],[-0.621,48.291],[-0.629,48.286],[-0.63,48.274],[-0.635,48.271],[-0.65,48.268],[-0.653,48.26],[-0.652,48.244],[-0.657,48.245],[-0.665,48.242],[-0.676,48.233],[-0.695,48.231],[-0.7,48.226],[-0.698,48.216],[-0.706,48.212]]]}},{"type":"Feature","properties":{"nom":"LA MAYENNE DEPUIS LA CONFLUENCE DE L'ERNEE JUSQU'A LA CONFLUENCE AVEC LA SARTHE","code":"GR0460C","longueurKm":106.14615614004,"strahler":6.0},"geometry":{"type":"MultiLineString","coordinates":[[[-0.754,48.123],[-0.769,48.118],[-0.774,48.109],[-0.785,48.103],[-0.787,48.098],[-0.786,48.094],[-0.773,48.085],[-0.771,48.07],[-0.759,48.057],[-0.766,48.043],[-0.757,48.034],[-0.759,48.031],[-0.749,48.024],[-0.74,48.012],[-0.738,48.003],[-0.743,47.992],[-0.739,47.986],[-0.729,47.984],[-0.726,47.973],[-0.72,47.97],[-0.729,47.965],[-0.73,47.961],[-0.72,47.956],[-0.72,47.946],[-0.712,47.944],[-0.706,47.932],[-0.709,47.929],[-0.714,47.932],[-0.723,47.932],[-0.732,47.923],[-0.732,47.92],[-0.724,47.912],[-0.706,47.908],[-0.69,47.896],[-0.705,47.875],[-0.698,47.87],[-0.694,47.862],[-0.704,47.845],[-0.703,47.823],[-0.696,47.817],[-0.68,47.816],[-0.677,47.802],[-0.669,47.795],[-0.668,47.785]],[[-0.688,47.677],[-0.693,47.668],[-0.701,47.661],[-0.699,47.654],[-0.693,47.648],[-0.692,47.642]],[[-0.692,47.642],[-0.694,47.638],[-0.691,47.634]],[[-0.692,47.642],[-0.689,47.642],[-0.689,47.638],[-0.691,47.634]],[[-0.691,47.634],[-0.695,47.62],[-0.688,47.612]],[[-0.688,47.612],[-0.686,47.602]],[[-0.688,47.612],[-0.685,47.607]],[[-0.686,47.603],[-0.686,47.602]],[[-0.686,47.602],[-0.686,47.594],[-0.67,47.587],[-0.66,47.578],[-0.652,47.576]],[[-0.685,47.607],[-0.686,47.603]],[[-0.685,47.607],[-0.686,47.606],[-0.686,47.603]],[[-0.685,47.681],[-0.688,47.677]],[[-0.685,47.681],[-0.688,47.68],[-0.688,47.677]],[[-0.669,47.701],[-0.68,47.69],[-0.685,47.681]],[[-0.666,47.704],[-0.669,47.701]],[[-0.666,47.704],[-0.668,47.702],[-0.669,47.701]],[[-0.668,47.785],[-0.666,47.783],[-0.672,47.776]],[[-0.668,47.785],[-0.672,47.776]],[[-0.672,47.776],[-0.681,47.768],[-0.681,47.765],[-0.677,47.763],[-0.664,47.766],[-0.658,47.765]],[[-0.653,47.76],[-0.65,47.752],[-0.64,47.748],[-0.64,47.743],[-0.649,47.735],[-0.668,47.725],[-0.662,47.708],[-0.666,47.704]],[[-0.652,47.576],[-0.639,47.574]],[[-0.652,47.576],[-0.644,47.574],[-0.639,47.574]],[[-0.658,47.765],[-0.653,47.76]],[[-0.658,47.765],[-0.654,47.762],[-0.653,47.76]],[[-0.639,47.574],[-0.629,47.571]],[[-0.629,47.571],[-0.622,47.568]],[[-0.629,47.571],[-0.622,47.569]],[[-0.622,47.569],[-0.621,47.571],[-0.613,47.566]],[[-0.622,47.569],[-0.622,47.568]],[[-0.622,47.568],[-0.613,47.566]],[[-0.613,47.566],[-0.608,47.557],[-0.615,47.535],[-0.609,47.531],[-0.598,47.534]],[[-0.598,47.534],[-0.58,47.535]],[[-0.598,47.534],[-0.599,47.536],[-0.588,47.539],[-0.581,47.539],[-0.58,47.535]],[[-0.58,47.535],[-0.573,47.533],[-0.565,47.521],[-0.564,47.506],[-0.548,47.498],[-0.543,47.493]]]}},{"type":"Feature","properties":{"nom":"L'HUISNE DEPUIS BOISSY-MAUGIS JUSQU'A LA FERTE-BERNARD","code":"GR0462A","longueurKm":70.59099743924,"strahler":5.0},"geometry":{"type":"MultiLineString","coordinates":[[[0.665,48.209],[0.668,48.204],[0.663,48.197],[0.657,48.195]],[[0.665,48.209],[0.657,48.195]],[[0.657,48.195],[0.658,48.193]],[[0.688,48.26],[0.682,48.249],[0.688,48.247],[0.687,48.241],[0.68,48.236],[0.678,48.231],[0.671,48.227],[0.672,48.223],[0.668,48.224],[0.668,48.222],[0.666,48.222],[0.668,48.22],[0.665,48.219],[0.664,48.215],[0.667,48.211],[0.665,48.209]],[[0.69,48.262],[0.688,48.26]],[[0.689,48.263],[0.688,48.26]],[[0.71,48.268],[0.706,48.269],[0.689,48.263]],[[0.69,48.262],[0.689,48.263]],[[0.707,48.266],[0.69,48.262]],[[0.71,48.268],[0.707,48.266]],[[0.736,48.277],[0.739,48.277],[0.731,48.275],[0.722,48.268],[0.712,48.267],[0.708,48.266],[0.707,48.266]],[[0.711,48.268],[0.711,48.268],[0.71,48.268]],[[0.717,48.269],[0.711,48.268]],[[0.717,48.269],[0.717,48.271],[0.711,48.268]],[[0.736,48.277],[0.728,48.276],[0.723,48.27],[0.717,48.269]],[[0.718,48.436],[0.728,48.441],[0.731,48.437],[0.739,48.437],[0.743,48.434],[0.748,48.427],[0.768,48.427],[0.786,48.421],[0.793,48.422],[0.803,48.42],[0.804,48.416],[0.809,48.415],[0.822,48.417],[0.83,48.411],[0.832,48.406],[0.829,48.404],[0.835,48.4],[0.835,48.387],[0.84,48.382],[0.838,48.378],[0.849,48.374],[0.857,48.366],[0.85,48.358],[0.846,48.358],[0.847,48.36],[0.842,48.359],[0.84,48.352],[0.844,48.351],[0.842,48.347],[0.83,48.345],[0.826,48.338],[0.822,48.338],[0.817,48.334],[0.816,48.326]],[[0.752,48.285],[0.747,48.281],[0.736,48.277]],[[0.779,48.303],[0.78,48.302],[0.752,48.285]],[[0.779,48.303],[0.775,48.301],[0.774,48.304],[0.761,48.299],[0.762,48.296],[0.759,48.297],[0.755,48.293],[0.757,48.293],[0.753,48.292],[0.755,48.291],[0.75,48.288],[0.752,48.285]],[[0.8,48.315],[0.794,48.31],[0.792,48.311],[0.79,48.308],[0.787,48.309],[0.786,48.306],[0.779,48.303]],[[0.809,48.315],[0.808,48.318],[0.804,48.318],[0.8,48.315]],[[0.809,48.315],[0.807,48.314],[0.8,48.315]],[[0.814,48.319],[0.812,48.315],[0.811,48.315],[0.81,48.315],[0.809,48.315]],[[0.816,48.326],[0.814,48.319]],[[0.816,48.326],[0.814,48.326],[0.814,48.319]]]}},{"type":"Feature","properties":{"nom":"LE LOIR DEPUIS ILLIERS-COMBRAY JUSQU'A LA CONFLUENCE AVEC LA CONIE","code":"GR0491","longueurKm":52.42603299028,"strahler":5.0},"geometry":{"type":"MultiLineString","coordinates":[[[1.226,48.316],[1.234,48.311],[1.234,48.304],[1.241,48.304],[1.24,48.299],[1.246,48.297],[1.244,48.293],[1.249,48.29],[1.245,48.285],[1.254,48.279],[1.257,48.274],[1.268,48.269],[1.278,48.268],[1.277,48.262],[1.295,48.259],[1.299,48.252],[1.307,48.25],[1.313,48.251],[1.323,48.248]],[[1.323,48.248],[1.326,48.246],[1.33,48.247]],[[1.323,48.248],[1.33,48.247]],[[1.33,48.247],[1.346,48.246],[1.348,48.241],[1.353,48.239]],[[1.402,48.144],[1.38,48.147],[1.376,48.139],[1.385,48.135],[1.389,48.129],[1.382,48.125],[1.365,48.126],[1.358,48.124],[1.348,48.108]],[[1.353,48.239],[1.355,48.235],[1.36,48.233],[1.358,48.231],[1.364,48.228]],[[1.353,48.239],[1.365,48.232]],[[1.365,48.232],[1.364,48.228]],[[1.364,48.228],[1.367,48.225],[1.374,48.224]],[[1.365,48.232],[1.374,48.224]],[[1.374,48.224],[1.377,48.221]],[[1.378,48.213],[1.372,48.208],[1.383,48.198],[1.375,48.192],[1.373,48.185],[1.377,48.183]],[[1.377,48.183],[1.388,48.177]],[[1.377,48.183],[1.384,48.182]],[[1.377,48.221],[1.38,48.217]],[[1.377,48.221],[1.381,48.22]],[[1.382,48.217],[1.378,48.213]],[[1.38,48.217],[1.378,48.213]],[[1.381,48.22],[1.38,48.217]],[[1.38,48.217],[1.382,48.217]],[[1.381,48.22],[1.382,48.217]],[[1.384,48.182],[1.386,48.183],[1.389,48.18]],[[1.384,48.182],[1.389,48.18]],[[1.389,48.18],[1.388,48.177]],[[1.388,48.177],[1.378,48.166],[1.397,48.158],[1.395,48.152],[1.401,48.149],[1.409,48.149],[1.419,48.151],[1.421,48.148],[1.418,48.145]],[[1.418,48.145],[1.409,48.141],[1.402,48.144]],[[1.418,48.145],[1.417,48.145],[1.406,48.144],[1.402,48.144]]]}},{"type":"Feature","properties":{"nom":"LE LOIR DEPUIS LA CONFLUENCE DE LA CONIE JUSQU'A VENDOME","code":"GR0492A","longueurKm":116.60806639565,"strahler":5.0},"geometry":{"type":"MultiLineString","coordinates":[[[1.087,47.821],[1.089,47.82]],[[1.095,47.841],[1.087,47.832],[1.087,47.821]],[[1.087,47.821],[1.087,47.82],[1.089,47.82]],[[1.089,47.82],[1.095,47.816]],[[1.095,47.811],[1.095,47.81]],[[1.095,47.814],[1.095,47.813]],[[1.095,47.813],[1.095,47.811]],[[1.095,47.813],[1.095,47.812],[1.095,47.811]],[[1.095,47.816],[1.095,47.814]],[[1.095,47.816],[1.095,47.816],[1.095,47.814]],[[1.097,47.841],[1.096,47.841],[1.095,47.841]],[[1.099,47.842],[1.095,47.841]],[[1.094,47.872],[1.093,47.867],[1.098,47.859],[1.11,47.856]],[[1.099,47.842],[1.097,47.841]],[[1.105,47.842],[1.099,47.84],[1.097,47.841]],[[1.105,47.842],[1.102,47.842],[1.099,47.842]],[[1.112,47.843],[1.105,47.842]],[[1.115,47.861],[1.11,47.856]],[[1.11,47.856],[1.11,47.852],[1.115,47.849]],[[1.11,47.879],[1.104,47.868],[1.115,47.861]],[[1.115,47.849],[1.112,47.843]],[[1.171,47.845],[1.159,47.849],[1.145,47.844],[1.138,47.845],[1.134,47.852],[1.127,47.848],[1.122,47.847],[1.114,47.843],[1.112,47.843],[1.112,47.843]],[[1.112,47.875],[1.115,47.861]],[[1.116,47.849],[1.115,47.849]],[[1.119,47.85],[1.116,47.849]],[[1.119,47.85],[1.117,47.849],[1.116,47.849]],[[1.185,47.886],[1.175,47.886],[1.163,47.873],[1.145,47.865],[1.139,47.86],[1.124,47.855],[1.119,47.85]],[[1.208,47.864],[1.2,47.858],[1.171,47.845]],[[1.228,47.851],[1.214,47.85],[1.192,47.842],[1.173,47.842],[1.171,47.845]],[[1.18,47.97],[1.192,47.971],[1.197,47.963]],[[1.18,47.966],[1.197,47.963]],[[1.191,47.886],[1.185,47.886]],[[1.191,47.886],[1.189,47.886],[1.185,47.886]],[[1.212,47.916],[1.212,47.913],[1.221,47.907],[1.228,47.895],[1.212,47.887],[1.2,47.886],[1.191,47.886]],[[1.189,47.928],[1.19,47.938],[1.187,47.94],[1.189,47.947],[1.201,47.953]],[[1.197,47.963],[1.201,47.953]],[[1.201,47.953],[1.204,47.948],[1.214,47.945]],[[1.237,47.931],[1.212,47.916]],[[1.214,47.945],[1.215,47.935],[1.209,47.929],[1.209,47.924],[1.214,47.92],[1.212,47.916]],[[1.233,47.996],[1.25,47.984],[1.248,47.978],[1.257,47.975],[1.261,47.969],[1.251,47.958],[1.234,47.952],[1.219,47.951],[1.214,47.945]],[[1.241,48.01],[1.232,48.004],[1.233,47.996]],[[1.276,48.022],[1.262,48.021],[1.238,48.013],[1.23,48.004],[1.233,47.996]],[[1.235,47.942],[1.237,47.931]],[[1.26,47.931],[1.255,47.932],[1.237,47.931]],[[1.273,47.915],[1.282,47.918],[1.28,47.921],[1.282,47.927],[1.275,47.933],[1.267,47.932],[1.264,47.933],[1.26,47.931]],[[1.264,47.92],[1.267,47.924],[1.26,47.931]],[[1.271,48.055],[1.264,48.051],[1.267,48.044]],[[1.267,48.044],[1.268,48.042]],[[1.267,48.044],[1.271,48.041],[1.276,48.034]],[[1.268,48.042],[1.274,48.036]],[[1.268,48.042],[1.271,48.04],[1.274,48.036]],[[1.295,48.06],[1.295,48.056],[1.29,48.053],[1.279,48.057],[1.271,48.055]],[[1.284,48.03],[1.285,48.031],[1.279,48.04],[1.276,48.043],[1.271,48.055]],[[1.274,48.036],[1.276,48.034]],[[1.283,48.026],[1.276,48.022]],[[1.283,48.026],[1.283,48.022],[1.281,48.022],[1.276,48.022]],[[1.276,48.034],[1.284,48.03]],[[1.284,48.03],[1.283,48.026]],[[1.308,48.071],[1.296,48.072],[1.291,48.069],[1.291,48.066]],[[1.291,48.066],[1.291,48.064]],[[1.291,48.066],[1.291,48.065],[1.291,48.064]],[[1.291,48.064],[1.295,48.06]],[[1.308,48.071],[1.296,48.07],[1.295,48.06]],[[1.312,48.071],[1.308,48.071]],[[1.331,48.085],[1.332,48.082],[1.327,48.076],[1.312,48.071]],[[1.323,48.072],[1.318,48.071],[1.312,48.071]],[[1.332,48.074],[1.323,48.072]],[[1.332,48.074],[1.33,48.075],[1.323,48.072]],[[1.348,48.108],[1.325,48.111],[1.318,48.109],[1.317,48.104],[1.329,48.093],[1.331,48.085]],[[1.331,48.085],[1.336,48.08],[1.332,48.074]]]}},{"type":"Feature","properties":{"nom":"LE LOIR DEPUIS VENDOME JUSQU'A LA CONFLUENCE AVEC LA BRAYE","code":"GR0492B","longueurKm":62.35597460465,"strahler":5.0},"geometry":{"type":"MultiLineString","coordinates":[[[0.745,47.758],[0.741,47.755],[0.726,47.754],[0.704,47.761],[0.695,47.758],[0.684,47.762],[0.683,47.766]],[[0.787,47.774],[0.766,47.771],[0.761,47.765],[0.745,47.758]],[[0.787,47.774],[0.787,47.769],[0.777,47.762],[0.769,47.761],[0.762,47.762],[0.753,47.758],[0.745,47.758]],[[0.808,47.772],[0.795,47.775],[0.787,47.774]],[[0.816,47.768],[0.808,47.772]],[[0.82,47.77],[0.808,47.772]],[[0.828,47.762],[0.827,47.761],[0.816,47.768]],[[0.82,47.77],[0.818,47.77],[0.817,47.768],[0.816,47.768]],[[0.828,47.762],[0.82,47.77]],[[0.883,47.743],[0.876,47.742],[0.87,47.743],[0.848,47.761],[0.828,47.762]],[[0.885,47.743],[0.883,47.744],[0.883,47.743]],[[0.885,47.743],[0.883,47.743]],[[0.91,47.781],[0.905,47.78],[0.897,47.782],[0.893,47.779],[0.89,47.768],[0.893,47.751],[0.885,47.743]],[[0.913,47.782],[0.91,47.781]],[[0.913,47.782],[0.91,47.781],[0.91,47.781]],[[0.95,47.771],[0.946,47.768],[0.939,47.769],[0.932,47.772],[0.932,47.776],[0.927,47.781],[0.916,47.783],[0.913,47.782]],[[0.953,47.772],[0.95,47.771]],[[0.953,47.772],[0.951,47.771],[0.95,47.771]],[[0.995,47.778],[0.985,47.784],[0.977,47.811],[0.966,47.812],[0.957,47.806],[0.953,47.794],[0.958,47.783],[0.953,47.772]],[[0.997,47.779],[0.995,47.778]],[[0.997,47.779],[0.995,47.779],[0.995,47.778]],[[1.028,47.798],[1.019,47.793],[1.014,47.787],[0.997,47.779]],[[1.032,47.799],[1.028,47.798]],[[1.032,47.799],[1.029,47.799],[1.028,47.798]],[[1.059,47.794],[1.032,47.799]],[[1.08,47.791],[1.08,47.79],[1.074,47.789],[1.068,47.79],[1.059,47.794]],[[1.061,47.794],[1.059,47.794],[1.059,47.794]],[[1.07,47.793],[1.065,47.795],[1.061,47.794]],[[1.07,47.792],[1.061,47.794]],[[1.07,47.792],[1.07,47.793]],[[1.08,47.791],[1.07,47.792]],[[1.083,47.796],[1.077,47.793],[1.074,47.793],[1.07,47.793]],[[1.083,47.796],[1.08,47.791]],[[1.095,47.81],[1.085,47.804],[1.083,47.796]]]}},{"type":"Feature","properties":{"nom":"LE LOIR DEPUIS LA CONFLUENCE DE LA BRAYE JUSQU'A LA CONFLUENCE AVEC LA SARTHE","code":"GR0492C","longueurKm":192.97005426459,"strahler":5.0},"geometry":{"type":"MultiLineString","coordinates":[[[-0.501,47.558],[-0.505,47.551],[-0.515,47.549],[-0.522,47.55],[-0.527,47.558]],[[-0.476,47.571],[-0.494,47.57],[-0.501,47.558]],[[-0.475,47.57],[-0.489,47.564],[-0.499,47.555],[-0.501,47.558]],[[-0.472,47.573],[-0.476,47.571]],[[-0.476,47.571],[-0.475,47.57]],[[-0.475,47.57],[-0.475,47.57]],[[-0.472,47.571],[-0.475,47.57]],[[-0.434,47.565],[-0.458,47.557],[-0.475,47.57]],[[-0.456,47.573],[-0.463,47.575],[-0.472,47.573]],[[-0.472,47.573],[-0.472,47.571]],[[-0.468,47.571],[-0.472,47.571]],[[-0.468,47.571],[-0.459,47.572]],[[-0.459,47.572],[-0.462,47.571],[-0.468,47.571]],[[-0.456,47.573],[-0.459,47.572]],[[-0.442,47.57],[-0.456,47.573]],[[-0.423,47.563],[-0.421,47.567],[-0.428,47.567],[-0.437,47.57],[-0.44,47.57],[-0.442,47.57]],[[-0.434,47.565],[-0.442,47.57]],[[-0.423,47.563],[-0.434,47.565]],[[-0.395,47.56],[-0.405,47.558],[-0.423,47.563]],[[-0.402,47.611],[-0.403,47.61]],[[-0.385,47.632],[-0.401,47.633],[-0.41,47.627],[-0.408,47.617],[-0.403,47.61]],[[-0.403,47.61],[-0.395,47.604],[-0.384,47.6]],[[-0.385,47.632],[-0.395,47.631],[-0.403,47.625],[-0.405,47.615],[-0.402,47.611]],[[-0.402,47.611],[-0.392,47.604],[-0.383,47.601]],[[-0.395,47.566],[-0.395,47.56]],[[-0.391,47.561],[-0.393,47.56],[-0.394,47.56],[-0.395,47.56]],[[-0.37,47.571],[-0.388,47.569],[-0.395,47.566]],[[-0.392,47.562],[-0.395,47.566]],[[-0.375,47.562],[-0.384,47.564],[-0.392,47.562]],[[-0.391,47.561],[-0.392,47.562]],[[-0.375,47.562],[-0.381,47.559],[-0.387,47.562],[-0.391,47.561]],[[-0.383,47.601],[-0.384,47.6]],[[-0.384,47.6],[-0.377,47.598]],[[-0.383,47.601],[-0.375,47.599]],[[-0.378,47.631],[-0.385,47.632]],[[-0.37,47.571],[-0.37,47.565],[-0.375,47.562]],[[-0.377,47.598],[-0.375,47.599]],[[-0.377,47.598],[-0.37,47.596]],[[-0.354,47.627],[-0.362,47.63],[-0.372,47.631],[-0.378,47.631]],[[-0.356,47.623],[-0.367,47.624],[-0.378,47.631]],[[-0.375,47.599],[-0.37,47.596]],[[-0.365,47.577],[-0.37,47.571]],[[-0.37,47.596],[-0.365,47.594]],[[-0.36,47.588],[-0.365,47.577]],[[-0.365,47.594],[-0.368,47.592],[-0.365,47.577]],[[-0.365,47.594],[-0.361,47.592]],[[-0.361,47.592],[-0.36,47.588]],[[-0.361,47.592],[-0.36,47.59],[-0.36,47.588]],[[-0.354,47.627],[-0.356,47.623]],[[-0.344,47.627],[-0.349,47.624],[-0.352,47.624],[-0.355,47.623],[-0.356,47.623]],[[-0.344,47.627],[-0.354,47.627]],[[-0.291,47.645],[-0.322,47.637],[-0.344,47.627]],[[-0.288,47.645],[-0.291,47.645]],[[-0.289,47.646],[-0.291,47.645]],[[-0.286,47.646],[-0.289,47.646]],[[-0.288,47.645],[-0.289,47.646]],[[-0.286,47.646],[-0.288,47.645]],[[-0.223,47.672],[-0.241,47.67],[-0.257,47.666],[-0.261,47.664],[-0.271,47.656],[-0.283,47.648],[-0.286,47.646],[-0.286,47.646]],[[-0.215,47.672],[-0.219,47.672],[-0.223,47.672]],[[-0.215,47.671],[-0.223,47.672]],[[-0.215,47.671],[-0.215,47.672]],[[-0.206,47.671],[-0.215,47.671]],[[-0.206,47.671],[-0.215,47.672]],[[-0.133,47.683],[-0.146,47.685],[-0.155,47.679],[-0.159,47.679],[-0.163,47.68],[-0.168,47.687],[-0.172,47.688],[-0.177,47.682],[-0.177,47.666],[-0.183,47.661],[-0.195,47.661],[-0.206,47.671]],[[-0.109,47.68],[-0.112,47.685],[-0.112,47.69],[-0.118,47.692],[-0.124,47.691],[-0.133,47.683]],[[-0.109,47.68],[-0.11,47.678],[-0.118,47.68],[-0.123,47.679],[-0.133,47.683]],[[-0.077,47.697],[-0.09,47.695],[-0.099,47.682],[-0.104,47.68],[-0.109,47.68]],[[-0.073,47.695],[-0.077,47.693],[-0.077,47.697]],[[-0.073,47.695],[-0.077,47.697]],[[-0.056,47.696],[-0.072,47.699],[-0.073,47.695]],[[-0.056,47.695],[-0.062,47.693],[-0.073,47.695]],[[-0.056,47.695],[-0.056,47.696]],[[-0.048,47.69],[-0.052,47.691],[-0.053,47.694],[-0.056,47.695]],[[-0.048,47.69],[-0.05,47.696],[-0.056,47.696]],[[0.082,47.704],[0.066,47.698],[0.05,47.695],[0.031,47.699],[0.015,47.698],[-0.001,47.702],[-0.023,47.702],[-0.037,47.696],[-0.041,47.69],[-0.048,47.69]],[[0.09,47.704],[0.087,47.704],[0.086,47.704],[0.083,47.704],[0.082,47.704]],[[0.09,47.704],[0.091,47.706],[0.082,47.704]],[[0.159,47.651],[0.166,47.664],[0.163,47.671],[0.15,47.674],[0.142,47.679],[0.134,47.68],[0.126,47.679],[0.121,47.673],[0.114,47.672],[0.106,47.678],[0.099,47.699],[0.09,47.704]],[[0.169,47.645],[0.171,47.647],[0.162,47.651],[0.159,47.651]],[[0.162,47.644],[0.159,47.651]],[[0.162,47.644],[0.167,47.647],[0.169,47.645]],[[0.169,47.643],[0.162,47.644]],[[0.169,47.643],[0.169,47.645]],[[0.311,47.664],[0.295,47.658],[0.282,47.66],[0.267,47.659],[0.264,47.661],[0.265,47.663],[0.26,47.665],[0.258,47.662],[0.246,47.659],[0.245,47.655],[0.238,47.654],[0.232,47.656],[0.23,47.65],[0.234,47.645],[0.231,47.64],[0.215,47.633],[0.206,47.634],[0.193,47.647],[0.187,47.649],[0.177,47.648],[0.178,47.642],[0.169,47.643]],[[0.322,47.661],[0.318,47.667],[0.311,47.664]],[[0.322,47.661],[0.311,47.664]],[[0.421,47.667],[0.405,47.664],[0.391,47.675],[0.38,47.677],[0.357,47.672],[0.351,47.665],[0.347,47.665],[0.342,47.661],[0.33,47.66],[0.322,47.661]],[[0.429,47.672],[0.421,47.667]],[[0.43,47.678],[0.426,47.679],[0.418,47.672],[0.421,47.667]],[[0.43,47.678],[0.43,47.678]],[[0.439,47.682],[0.43,47.678]],[[0.465,47.681],[0.462,47.683],[0.454,47.685],[0.439,47.682]],[[0.446,47.681],[0.439,47.682]],[[0.458,47.682],[0.45,47.683],[0.446,47.681]],[[0.446,47.681],[0.446,47.681],[0.45,47.682],[0.458,47.682]],[[0.465,47.681],[0.458,47.682]],[[0.569,47.732],[0.559,47.735],[0.546,47.733],[0.542,47.736],[0.53,47.73],[0.51,47.724],[0.504,47.713],[0.5,47.712],[0.492,47.718],[0.48,47.717],[0.481,47.712],[0.477,47.707],[0.482,47.69],[0.476,47.683],[0.469,47.681],[0.465,47.681]],[[0.583,47.73],[0.577,47.732],[0.575,47.732],[0.569,47.732]],[[0.583,47.73],[0.577,47.727],[0.569,47.732]],[[0.683,47.766],[0.677,47.77],[0.646,47.753],[0.625,47.751],[0.619,47.746],[0.62,47.739],[0.611,47.732],[0.6,47.73],[0.583,47.73]]]}},{"type":"Feature","properties":{"nom":"L'HUISNE DEPUIS LA FERTE-BERNARD JUSQU'A LA CONFLUENCE AVEC LA SARTHE","code":"GR0462B","longueurKm":99.28405356677,"strahler":5.0},"geometry":{"type":"MultiLineString","coordinates":[[[0.231,47.989],[0.226,47.99],[0.22,47.986],[0.205,47.984],[0.189,47.992],[0.18,47.991]],[[0.238,47.99],[0.241,47.988],[0.237,47.986],[0.231,47.989]],[[0.238,47.99],[0.235,47.99],[0.232,47.989],[0.231,47.989]],[[0.251,48.0],[0.243,47.996],[0.237,47.998],[0.238,47.99]],[[0.264,48.003],[0.261,48.0],[0.257,48.002],[0.251,48.0]],[[0.264,48.003],[0.252,48.002],[0.251,48.0]],[[0.351,48.03],[0.347,48.031],[0.345,48.028],[0.345,48.031],[0.342,48.029],[0.34,48.031],[0.333,48.027],[0.326,48.038],[0.311,48.039],[0.306,48.036],[0.309,48.032],[0.303,48.029],[0.298,48.033],[0.298,48.036],[0.294,48.037],[0.278,48.021],[0.275,48.013],[0.264,48.006],[0.264,48.003]],[[0.45,48.048],[0.445,48.048],[0.428,48.043],[0.419,48.048],[0.417,48.045],[0.409,48.042],[0.394,48.043],[0.393,48.04],[0.391,48.042],[0.386,48.037],[0.373,48.038],[0.362,48.033],[0.352,48.033],[0.351,48.03]],[[0.357,48.022],[0.356,48.027],[0.351,48.03]],[[0.371,48.003],[0.364,48.003],[0.358,48.015],[0.357,48.022]],[[0.371,48.005],[0.363,48.011],[0.357,48.022]],[[0.369,47.97],[0.37,47.973],[0.376,47.971],[0.394,47.977]],[[0.371,48.005],[0.371,48.003]],[[0.381,48.0],[0.371,48.005]],[[0.372,48.002],[0.371,48.003]],[[0.39,47.99],[0.381,48.0]],[[0.394,47.977],[0.401,47.984],[0.395,47.989],[0.391,47.999],[0.381,48.0]],[[0.389,47.974],[0.394,47.977]],[[0.48,48.067],[0.476,48.069],[0.475,48.063],[0.472,48.064],[0.464,48.06],[0.462,48.044],[0.457,48.042],[0.45,48.048]],[[0.455,48.05],[0.452,48.048],[0.45,48.048]],[[0.52,48.078],[0.501,48.075],[0.493,48.069],[0.485,48.069],[0.48,48.067]],[[0.506,48.072],[0.503,48.073],[0.5,48.068],[0.495,48.068],[0.49,48.064],[0.48,48.067]],[[0.519,48.077],[0.506,48.072]],[[0.518,48.072],[0.511,48.069],[0.506,48.072]],[[0.518,48.073],[0.518,48.072]],[[0.518,48.073],[0.516,48.073],[0.518,48.072]],[[0.519,48.077],[0.518,48.073]],[[0.52,48.078],[0.519,48.077]],[[0.525,48.079],[0.52,48.078]],[[0.533,48.084],[0.531,48.08],[0.524,48.081],[0.525,48.079]],[[0.533,48.084],[0.53,48.077],[0.525,48.079]],[[0.562,48.098],[0.545,48.095],[0.544,48.09],[0.533,48.084]],[[0.568,48.1],[0.567,48.098],[0.563,48.098],[0.562,48.098]],[[0.568,48.1],[0.565,48.101],[0.562,48.098]],[[0.576,48.104],[0.568,48.1]],[[0.579,48.106],[0.576,48.104]],[[0.578,48.108],[0.576,48.104]],[[0.58,48.109],[0.578,48.108]],[[0.578,48.108],[0.579,48.106]],[[0.579,48.106],[0.58,48.107],[0.578,48.108]],[[0.578,48.125],[0.582,48.124],[0.583,48.12]],[[0.655,48.183],[0.643,48.175],[0.644,48.164],[0.636,48.16],[0.626,48.161],[0.617,48.157],[0.612,48.152],[0.609,48.153],[0.604,48.145],[0.606,48.143],[0.593,48.135],[0.583,48.133],[0.578,48.125]],[[0.578,48.125],[0.579,48.119]],[[0.579,48.119],[0.583,48.12]],[[0.579,48.119],[0.58,48.118]],[[0.583,48.12],[0.58,48.118]],[[0.58,48.118],[0.579,48.115],[0.587,48.112],[0.583,48.111]],[[0.583,48.111],[0.584,48.109],[0.58,48.109]],[[0.583,48.111],[0.58,48.109]],[[0.655,48.183],[0.658,48.193],[0.651,48.191],[0.649,48.188]],[[0.649,48.188],[0.653,48.183]],[[0.649,48.188],[0.651,48.188],[0.653,48.183]],[[0.653,48.183],[0.655,48.183]]]}},{"type":"Feature","properties":{"nom":"L'OUDON DEPUIS CRAON JUSQU'A SEGRE","code":"GR0505A","longueurKm":30.50173696451,"strahler":5.0},"geometry":{"type":"LineString","coordinates":[[-0.966,47.822],[-0.953,47.82],[-0.953,47.816],[-0.949,47.813],[-0.951,47.809],[-0.965,47.802],[-0.962,47.797],[-0.956,47.795],[-0.952,47.796],[-0.942,47.789],[-0.936,47.788],[-0.935,47.78],[-0.926,47.774],[-0.912,47.772],[-0.92,47.769],[-0.922,47.756],[-0.919,47.75],[-0.917,47.75],[-0.918,47.745],[-0.915,47.743],[-0.921,47.739],[-0.893,47.728],[-0.911,47.721],[-0.913,47.713],[-0.908,47.711],[-0.889,47.713],[-0.883,47.717],[-0.872,47.713],[-0.873,47.703],[-0.889,47.697],[-0.887,47.691],[-0.878,47.684],[-0.87,47.686]]}},{"type":"Feature","properties":{"nom":"LA VARENNE DEPUIS LA CONFLUENCE DE L'EGRENNE JUSQU'A LA RETENUE DE SAINT FRAIMBAULT","code":"GR0510","longueurKm":23.75568740426,"strahler":5.0},"geometry":{"type":"MultiLineString","coordinates":[[[-0.703,48.553],[-0.702,48.552]],[[-0.702,48.552],[-0.701,48.545],[-0.696,48.541],[-0.702,48.53],[-0.689,48.52],[-0.691,48.515],[-0.677,48.51],[-0.676,48.507],[-0.679,48.502],[-0.675,48.497],[-0.67,48.496],[-0.673,48.492],[-0.671,48.488],[-0.662,48.484],[-0.66,48.479],[-0.663,48.476],[-0.658,48.477],[-0.656,48.475],[-0.66,48.469],[-0.654,48.46],[-0.655,48.442],[-0.641,48.436],[-0.638,48.432],[-0.639,48.425],[-0.634,48.423],[-0.637,48.42],[-0.633,48.418],[-0.635,48.411],[-0.629,48.41],[-0.626,48.4],[-0.616,48.395]],[[-0.694,48.552],[-0.694,48.552],[-0.702,48.552]]]}},{"type":"Feature","properties":{"nom":"L'OUDON DEPUIS SEGRE JUSQU'A LA CONFLUENCE AVEC LA MAYENNE","code":"GR0505B","longueurKm":19.50889429143,"strahler":5.0},"geometry":{"type":"MultiLineString","coordinates":[[[-0.87,47.686],[-0.848,47.687],[-0.821,47.679],[-0.781,47.679],[-0.757,47.662],[-0.752,47.661],[-0.748,47.664],[-0.734,47.662],[-0.726,47.654],[-0.717,47.651],[-0.713,47.643],[-0.714,47.629]],[[-0.714,47.629],[-0.707,47.626],[-0.705,47.624]],[[-0.714,47.629],[-0.705,47.624]],[[-0.705,47.624],[-0.703,47.617],[-0.694,47.616]]]}},{"type":"Feature","properties":{"nom":"LA VARENNE ET SES AFFLUENTS DEPUIS LA SOURCE JUSQU'A LA CONFLUENCE AVEC L'EGRENNE","code":"GR0509","longueurKm":267.68212660247,"strahler":5.0},"geometry":{"type":"MultiLineString","coordinates":[[[-0.676,48.56],[-0.686,48.559],[-0.691,48.556],[-0.691,48.553],[-0.703,48.553]],[[-0.71,48.706],[-0.705,48.706]],[[-0.706,48.701],[-0.705,48.706]],[[-0.705,48.706],[-0.697,48.705]],[[-0.703,48.727],[-0.7,48.719]],[[-0.694,48.726],[-0.7,48.719]],[[-0.7,48.719],[-0.702,48.717],[-0.697,48.714]],[[-0.686,48.721],[-0.697,48.714]],[[-0.697,48.714],[-0.697,48.705]],[[-0.697,48.705],[-0.692,48.704]],[[-0.694,48.688],[-0.689,48.689]],[[-0.684,48.716],[-0.685,48.709],[-0.692,48.704]],[[-0.692,48.704],[-0.694,48.697],[-0.689,48.689]],[[-0.689,48.689],[-0.682,48.685],[-0.675,48.686]],[[-0.684,48.68],[-0.675,48.686]],[[-0.621,48.604],[-0.628,48.605],[-0.639,48.601],[-0.644,48.602],[-0.651,48.6],[-0.657,48.589],[-0.665,48.587],[-0.665,48.584],[-0.672,48.58],[-0.67,48.576],[-0.667,48.577],[-0.663,48.572],[-0.676,48.56]],[[-0.656,48.563],[-0.671,48.559],[-0.676,48.56]],[[-0.68,48.676],[-0.666,48.681]],[[-0.681,48.708],[-0.682,48.704],[-0.675,48.697],[-0.674,48.686]],[[-0.675,48.686],[-0.675,48.686]],[[-0.675,48.686],[-0.675,48.686],[-0.674,48.686]],[[-0.675,48.686],[-0.674,48.686]],[[-0.674,48.686],[-0.674,48.686]],[[-0.674,48.686],[-0.664,48.683]],[[-0.671,48.664],[-0.665,48.665],[-0.661,48.664]],[[-0.675,48.719],[-0.671,48.719],[-0.667,48.713],[-0.659,48.711],[-0.658,48.708]],[[-0.671,48.696],[-0.668,48.698],[-0.654,48.697]],[[-0.668,48.659],[-0.661,48.664]],[[-0.666,48.681],[-0.664,48.683]],[[-0.663,48.673],[-0.666,48.681]],[[-0.641,48.564],[-0.656,48.563]],[[-0.651,48.545],[-0.655,48.547],[-0.653,48.56],[-0.656,48.563]],[[-0.664,48.683],[-0.657,48.683]],[[-0.661,48.664],[-0.653,48.665]],[[-0.658,48.656],[-0.653,48.662]],[[-0.654,48.697],[-0.659,48.693],[-0.656,48.691],[-0.657,48.683]],[[-0.657,48.683],[-0.654,48.68]],[[-0.643,48.707],[-0.658,48.708]],[[-0.658,48.708],[-0.653,48.699]],[[-0.653,48.662],[-0.653,48.665]],[[-0.649,48.657],[-0.648,48.659],[-0.653,48.662]],[[-0.654,48.68],[-0.653,48.679],[-0.651,48.681]],[[-0.654,48.68],[-0.653,48.68],[-0.652,48.681],[-0.651,48.681]],[[-0.653,48.665],[-0.639,48.669],[-0.633,48.667],[-0.633,48.668],[-0.614,48.672]],[[-0.653,48.699],[-0.654,48.697]],[[-0.643,48.547],[-0.638,48.562]],[[-0.637,48.698],[-0.653,48.699]],[[-0.651,48.681],[-0.64,48.685],[-0.629,48.679]],[[-0.631,48.566],[-0.641,48.564]],[[-0.638,48.562],[-0.641,48.564]],[[-0.637,48.547],[-0.628,48.548],[-0.623,48.553]],[[-0.623,48.553],[-0.628,48.555],[-0.635,48.561],[-0.637,48.562],[-0.638,48.562]],[[-0.631,48.537],[-0.628,48.541],[-0.62,48.542]],[[-0.639,48.662],[-0.635,48.656],[-0.63,48.657],[-0.625,48.654]],[[-0.63,48.568],[-0.631,48.566]],[[-0.618,48.557],[-0.616,48.561],[-0.623,48.566],[-0.631,48.566]],[[-0.637,48.65],[-0.631,48.654],[-0.625,48.654]],[[-0.628,48.536],[-0.62,48.542]],[[-0.629,48.575],[-0.63,48.568]],[[-0.593,48.565],[-0.611,48.569],[-0.626,48.568],[-0.63,48.568]],[[-0.631,48.583],[-0.629,48.575]],[[-0.621,48.577],[-0.629,48.575]],[[-0.62,48.542],[-0.614,48.551],[-0.62,48.551],[-0.622,48.552],[-0.623,48.553],[-0.623,48.553]],[[-0.62,48.542],[-0.62,48.542]],[[-0.617,48.533],[-0.62,48.542]],[[-0.628,48.689],[-0.626,48.684],[-0.629,48.679]],[[-0.629,48.679],[-0.619,48.674]],[[-0.627,48.662],[-0.614,48.658]],[[-0.596,48.578],[-0.611,48.58],[-0.621,48.577]],[[-0.616,48.586],[-0.621,48.577]],[[-0.625,48.654],[-0.622,48.653],[-0.614,48.658]],[[-0.615,48.605],[-0.621,48.604]],[[-0.615,48.605],[-0.615,48.604],[-0.62,48.603],[-0.621,48.604]],[[-0.61,48.606],[-0.615,48.605]],[[-0.619,48.674],[-0.611,48.673]],[[-0.619,48.674],[-0.614,48.672]],[[-0.607,48.542],[-0.605,48.548],[-0.596,48.556]],[[-0.614,48.658],[-0.608,48.663],[-0.602,48.665]],[[-0.596,48.628],[-0.598,48.625],[-0.592,48.62],[-0.6,48.618],[-0.6,48.616],[-0.596,48.615],[-0.598,48.612],[-0.61,48.606]],[[-0.6,48.605],[-0.61,48.606]],[[-0.614,48.672],[-0.608,48.669]],[[-0.601,48.684],[-0.611,48.673]],[[-0.611,48.673],[-0.608,48.669]],[[-0.608,48.669],[-0.607,48.668]],[[-0.607,48.668],[-0.604,48.668],[-0.595,48.663]],[[-0.607,48.668],[-0.602,48.665]],[[-0.606,48.653],[-0.59,48.655]],[[-0.595,48.597],[-0.599,48.6],[-0.6,48.605]],[[-0.562,48.601],[-0.585,48.606],[-0.595,48.606],[-0.599,48.605],[-0.6,48.605]],[[-0.596,48.556],[-0.598,48.559],[-0.593,48.565]],[[-0.593,48.552],[-0.596,48.556]],[[-0.602,48.665],[-0.595,48.663]],[[-0.541,48.571],[-0.559,48.572],[-0.568,48.576],[-0.583,48.578],[-0.588,48.577],[-0.59,48.578],[-0.592,48.578],[-0.594,48.578],[-0.596,48.578]],[[-0.573,48.586],[-0.587,48.588],[-0.596,48.578]],[[-0.588,48.568],[-0.593,48.565]],[[-0.568,48.559],[-0.575,48.559],[-0.581,48.563],[-0.593,48.565]],[[-0.596,48.632],[-0.596,48.628]],[[-0.596,48.632],[-0.597,48.63],[-0.596,48.628]],[[-0.578,48.645],[-0.586,48.639],[-0.595,48.637],[-0.596,48.632]],[[-0.598,48.701],[-0.594,48.702],[-0.588,48.7],[-0.582,48.694],[-0.587,48.681],[-0.581,48.675]],[[-0.595,48.663],[-0.595,48.659],[-0.59,48.655]],[[-0.59,48.655],[-0.589,48.652],[-0.581,48.65]],[[-0.58,48.658],[-0.581,48.65]],[[-0.581,48.65],[-0.578,48.645]],[[-0.56,48.688],[-0.567,48.681],[-0.581,48.675]],[[-0.581,48.675],[-0.58,48.658]],[[-0.567,48.662],[-0.58,48.658]],[[-0.554,48.652],[-0.569,48.644],[-0.578,48.645]],[[-0.579,48.699],[-0.575,48.699]],[[-0.578,48.707],[-0.576,48.712],[-0.563,48.711],[-0.557,48.709],[-0.556,48.702]],[[-0.565,48.563],[-0.568,48.559]],[[-0.556,48.561],[-0.56,48.558],[-0.568,48.559]],[[-0.568,48.585],[-0.558,48.585]],[[-0.576,48.701],[-0.575,48.699]],[[-0.575,48.699],[-0.575,48.699]],[[-0.575,48.699],[-0.574,48.698]],[[-0.575,48.699],[-0.574,48.699],[-0.574,48.698]],[[-0.561,48.569],[-0.565,48.563]],[[-0.556,48.567],[-0.558,48.563],[-0.562,48.563],[-0.564,48.562],[-0.565,48.563]],[[-0.574,48.698],[-0.568,48.696],[-0.558,48.697],[-0.556,48.695]],[[-0.568,48.657],[-0.561,48.657],[-0.554,48.652]],[[-0.569,48.673],[-0.567,48.662]],[[-0.557,48.668],[-0.567,48.662]],[[-0.555,48.614],[-0.555,48.609],[-0.562,48.601]],[[-0.553,48.6],[-0.562,48.601]],[[-0.568,48.704],[-0.556,48.702]],[[-0.562,48.619],[-0.555,48.614]],[[-0.558,48.585],[-0.553,48.6]],[[-0.541,48.582],[-0.558,48.585]],[[-0.552,48.693],[-0.56,48.688]],[[-0.556,48.695],[-0.56,48.688]],[[-0.529,48.623],[-0.539,48.622],[-0.543,48.624],[-0.555,48.614]],[[-0.54,48.596],[-0.546,48.596],[-0.553,48.6]],[[-0.543,48.67],[-0.557,48.668]],[[-0.549,48.679],[-0.555,48.677],[-0.557,48.668]],[[-0.551,48.653],[-0.554,48.652]],[[-0.546,48.648],[-0.554,48.652]],[[-0.556,48.695],[-0.556,48.695]],[[-0.551,48.697],[-0.556,48.695]],[[-0.556,48.695],[-0.552,48.693]],[[-0.556,48.702],[-0.551,48.697]],[[-0.545,48.658],[-0.551,48.653]],[[-0.542,48.651],[-0.54,48.654],[-0.546,48.654],[-0.551,48.653],[-0.551,48.653]],[[-0.553,48.69],[-0.544,48.697]],[[-0.551,48.694],[-0.552,48.693]],[[-0.55,48.666],[-0.545,48.658]],[[-0.546,48.7],[-0.551,48.694]],[[-0.551,48.697],[-0.551,48.694]],[[-0.543,48.699],[-0.549,48.694],[-0.551,48.694],[-0.551,48.694]],[[-0.546,48.7],[-0.551,48.697]],[[-0.545,48.635],[-0.551,48.637],[-0.553,48.642],[-0.55,48.648],[-0.546,48.648]],[[-0.537,48.647],[-0.546,48.648]],[[-0.515,48.634],[-0.532,48.636],[-0.545,48.635]],[[-0.524,48.63],[-0.545,48.635]],[[-0.538,48.662],[-0.545,48.658]],[[-0.538,48.598],[-0.54,48.596]],[[-0.536,48.592],[-0.54,48.596]],[[-0.516,48.709],[-0.524,48.709],[-0.532,48.705],[-0.542,48.703],[-0.546,48.7]],[[-0.537,48.581],[-0.531,48.581],[-0.53,48.587]],[[-0.533,48.599],[-0.538,48.598]],[[-0.512,48.629],[-0.531,48.617],[-0.538,48.607],[-0.538,48.598]],[[-0.544,48.697],[-0.543,48.699]],[[-0.528,48.672],[-0.533,48.675],[-0.532,48.685],[-0.535,48.691],[-0.533,48.691],[-0.544,48.697]],[[-0.511,48.679],[-0.508,48.684],[-0.515,48.688],[-0.524,48.69],[-0.528,48.695],[-0.538,48.696],[-0.543,48.699]],[[-0.53,48.587],[-0.537,48.59],[-0.536,48.592]],[[-0.505,48.602],[-0.52,48.596],[-0.526,48.591],[-0.536,48.592]],[[-0.515,48.66],[-0.529,48.663],[-0.538,48.662]],[[-0.539,48.669],[-0.538,48.662]],[[-0.507,48.642],[-0.512,48.646],[-0.529,48.649],[-0.532,48.648],[-0.535,48.648],[-0.537,48.647],[-0.537,48.647]],[[-0.529,48.64],[-0.53,48.644],[-0.537,48.647]],[[-0.515,48.609],[-0.522,48.603],[-0.532,48.601],[-0.533,48.599]],[[-0.526,48.598],[-0.533,48.599]],[[-0.527,48.587],[-0.53,48.588],[-0.53,48.587]],[[-0.501,48.586],[-0.508,48.587],[-0.527,48.587]],[[-0.507,48.578],[-0.522,48.579],[-0.527,48.587]],[[-0.504,48.672],[-0.51,48.676],[-0.528,48.672]],[[-0.515,48.667],[-0.528,48.672]],[[-0.504,48.614],[-0.515,48.609]],[[-0.496,48.62],[-0.503,48.621],[-0.515,48.615],[-0.515,48.609]],[[-0.522,48.718],[-0.51,48.721]],[[-0.5,48.66],[-0.505,48.66],[-0.509,48.664],[-0.515,48.66]],[[-0.503,48.651],[-0.515,48.66]],[[-0.511,48.711],[-0.516,48.709]],[[-0.498,48.698],[-0.505,48.697],[-0.519,48.702],[-0.516,48.709]],[[-0.497,48.601],[-0.5,48.601],[-0.504,48.602],[-0.505,48.602]],[[-0.489,48.618],[-0.489,48.615],[-0.497,48.612],[-0.505,48.602]],[[-0.482,48.715],[-0.5,48.709],[-0.511,48.711]],[[-0.506,48.718],[-0.511,48.716],[-0.511,48.711]],[[-0.496,48.736],[-0.502,48.727],[-0.509,48.724],[-0.51,48.721]],[[-0.51,48.721],[-0.506,48.718]],[[-0.5,48.595],[-0.495,48.597]],[[-0.486,48.724],[-0.489,48.725],[-0.506,48.718]],[[-0.495,48.597],[-0.497,48.601]],[[-0.489,48.601],[-0.497,48.601]],[[-0.488,48.593],[-0.495,48.597]],[[-0.499,48.674],[-0.496,48.681],[-0.5,48.686],[-0.496,48.692]],[[-0.496,48.692],[-0.496,48.696],[-0.497,48.698],[-0.498,48.698]],[[-0.496,48.692],[-0.498,48.698]],[[-0.496,48.692],[-0.496,48.692]],[[-0.486,48.69],[-0.485,48.695],[-0.488,48.695],[-0.492,48.693],[-0.495,48.692],[-0.496,48.692]],[[-0.487,48.612],[-0.482,48.608],[-0.489,48.603],[-0.489,48.601]],[[-0.479,48.598],[-0.489,48.601]],[[-0.482,48.595],[-0.479,48.598]],[[-0.473,48.602],[-0.479,48.601],[-0.479,48.598]],[[-0.471,48.595],[-0.479,48.598]],[[-0.47,48.599],[-0.472,48.598],[-0.477,48.598],[-0.479,48.598]],[[-0.475,48.725],[-0.476,48.718],[-0.482,48.715]],[[-0.478,48.711],[-0.482,48.715]],[[-0.475,48.689],[-0.471,48.695],[-0.476,48.699],[-0.476,48.704],[-0.482,48.706],[-0.478,48.711]],[[-0.466,48.714],[-0.476,48.71],[-0.478,48.711]]]}},{"type":"Feature","properties":{"nom":"LA COLMONT ET SES AFFLUENTS DEPUIS HEUSSE JUSQU'A LA RETENUE DE SAINT FRAIMBAULT","code":"GR0512","longueurKm":54.32591239982,"strahler":5.0},"geometry":{"type":"MultiLineString","coordinates":[[[-0.878,48.499],[-0.87,48.498],[-0.86,48.502],[-0.852,48.498],[-0.846,48.5],[-0.84,48.494],[-0.838,48.484],[-0.831,48.484],[-0.832,48.479],[-0.826,48.479],[-0.827,48.476],[-0.821,48.476],[-0.815,48.473],[-0.818,48.469],[-0.814,48.465],[-0.816,48.458],[-0.807,48.453],[-0.807,48.441],[-0.812,48.439],[-0.811,48.436],[-0.818,48.433],[-0.818,48.427],[-0.824,48.423],[-0.819,48.419],[-0.82,48.414],[-0.816,48.409],[-0.811,48.408],[-0.806,48.399],[-0.802,48.399],[-0.796,48.391],[-0.789,48.394],[-0.784,48.387],[-0.776,48.387],[-0.77,48.38],[-0.762,48.376],[-0.758,48.368],[-0.722,48.361],[-0.707,48.364],[-0.692,48.361],[-0.655,48.363]],[[-0.706,48.342],[-0.697,48.337],[-0.685,48.34]],[[-0.69,48.347],[-0.685,48.34]],[[-0.685,48.34],[-0.675,48.342],[-0.675,48.347],[-0.655,48.358]],[[-0.664,48.331],[-0.657,48.339],[-0.656,48.346],[-0.651,48.35],[-0.654,48.353]],[[-0.665,48.343],[-0.661,48.349],[-0.654,48.353]],[[-0.655,48.358],[-0.655,48.36]],[[-0.654,48.353],[-0.655,48.358]],[[-0.655,48.363],[-0.646,48.368],[-0.643,48.367],[-0.639,48.368],[-0.638,48.372],[-0.632,48.371],[-0.623,48.378],[-0.611,48.37],[-0.609,48.371]],[[-0.655,48.36],[-0.655,48.363]],[[-0.641,48.359],[-0.655,48.36]]]}},{"type":"Feature","properties":{"nom":"L'ORNE SAOSNOISE ET SES AFFLUENTS DEPUIS LA SOURCE JUSQU'A LA CONFLUENCE AVEC LA SARTHE","code":"GR0471","longueurKm":296.57814184912,"strahler":5.0},"geometry":{"type":"MultiLineString","coordinates":[[[0.205,48.161],[0.21,48.154],[0.203,48.151],[0.199,48.152],[0.199,48.15],[0.188,48.149],[0.185,48.138]],[[0.193,48.209],[0.197,48.21],[0.205,48.206],[0.212,48.207]],[[0.205,48.166],[0.206,48.165],[0.205,48.161]],[[0.212,48.18],[0.205,48.176],[0.205,48.166]],[[0.205,48.166],[0.205,48.161]],[[0.202,48.232],[0.209,48.234],[0.217,48.233]],[[0.219,48.184],[0.212,48.182],[0.212,48.18]],[[0.226,48.183],[0.219,48.183],[0.216,48.181],[0.213,48.18],[0.212,48.18]],[[0.217,48.233],[0.212,48.207]],[[0.212,48.207],[0.219,48.198]],[[0.227,48.184],[0.219,48.184]],[[0.219,48.198],[0.222,48.194],[0.218,48.19],[0.219,48.184]],[[0.246,48.254],[0.236,48.249],[0.23,48.242],[0.217,48.233]],[[0.231,48.224],[0.227,48.218],[0.233,48.214],[0.221,48.21],[0.22,48.208],[0.226,48.202],[0.221,48.199],[0.22,48.198],[0.219,48.198]],[[0.226,48.183],[0.227,48.184]],[[0.229,48.183],[0.228,48.183],[0.226,48.183]],[[0.229,48.183],[0.227,48.184]],[[0.236,48.183],[0.232,48.183],[0.229,48.183]],[[0.226,48.261],[0.237,48.263]],[[0.247,48.188],[0.236,48.183]],[[0.248,48.187],[0.24,48.182],[0.236,48.183]],[[0.234,48.267],[0.237,48.263]],[[0.237,48.263],[0.246,48.258],[0.246,48.254]],[[0.252,48.195],[0.247,48.188]],[[0.252,48.195],[0.248,48.192],[0.247,48.188]],[[0.264,48.199],[0.248,48.187]],[[0.281,48.17],[0.288,48.175],[0.285,48.183],[0.278,48.185],[0.263,48.183],[0.248,48.187]],[[0.244,48.274],[0.252,48.27],[0.254,48.258]],[[0.254,48.258],[0.25,48.258],[0.247,48.254],[0.246,48.254]],[[0.245,48.281],[0.254,48.28],[0.269,48.271],[0.268,48.261],[0.254,48.258]],[[0.259,48.201],[0.256,48.2],[0.252,48.195]],[[0.255,48.155],[0.264,48.157],[0.271,48.166],[0.281,48.17]],[[0.272,48.201],[0.267,48.203],[0.259,48.201]],[[0.259,48.201],[0.264,48.199]],[[0.272,48.201],[0.269,48.199],[0.266,48.199],[0.264,48.199]],[[0.273,48.201],[0.272,48.201]],[[0.285,48.207],[0.277,48.206],[0.273,48.201]],[[0.273,48.201],[0.273,48.201]],[[0.273,48.201],[0.275,48.203],[0.286,48.205],[0.285,48.207]],[[0.303,48.21],[0.28,48.201],[0.274,48.201],[0.273,48.201]],[[0.29,48.165],[0.286,48.164],[0.281,48.17]],[[0.288,48.207],[0.285,48.207]],[[0.281,48.309],[0.273,48.305],[0.272,48.296],[0.28,48.29],[0.281,48.281],[0.287,48.276],[0.286,48.269],[0.296,48.262]],[[0.284,48.249],[0.28,48.242],[0.291,48.236],[0.299,48.235]],[[0.3,48.169],[0.29,48.165]],[[0.305,48.163],[0.297,48.16],[0.29,48.165]],[[0.293,48.211],[0.288,48.207]],[[0.294,48.21],[0.295,48.207],[0.291,48.206],[0.288,48.207]],[[0.304,48.218],[0.301,48.217],[0.293,48.211]],[[0.293,48.211],[0.294,48.21]],[[0.303,48.217],[0.294,48.21]],[[0.3,48.276],[0.303,48.268],[0.296,48.262]],[[0.296,48.262],[0.307,48.255],[0.306,48.249],[0.302,48.245],[0.307,48.24],[0.299,48.235]],[[0.299,48.235],[0.302,48.229],[0.301,48.225],[0.307,48.222]],[[0.314,48.209],[0.31,48.211],[0.303,48.21]],[[0.303,48.217],[0.303,48.21]],[[0.304,48.218],[0.303,48.217]],[[0.305,48.218],[0.304,48.218]],[[0.315,48.222],[0.305,48.218]],[[0.307,48.222],[0.303,48.22],[0.305,48.218]],[[0.315,48.222],[0.311,48.224],[0.307,48.222]],[[0.311,48.186],[0.312,48.19],[0.303,48.197],[0.311,48.203],[0.314,48.209]],[[0.343,48.206],[0.339,48.211],[0.332,48.209],[0.314,48.209]],[[0.319,48.226],[0.315,48.222]],[[0.339,48.237],[0.329,48.229],[0.319,48.226]],[[0.339,48.237],[0.331,48.228],[0.32,48.225],[0.319,48.226]],[[0.366,48.248],[0.361,48.242],[0.339,48.237]],[[0.357,48.204],[0.346,48.208],[0.343,48.206]],[[0.37,48.193],[0.357,48.2],[0.349,48.201],[0.343,48.206]],[[0.372,48.244],[0.372,48.247],[0.368,48.248],[0.366,48.248]],[[0.372,48.244],[0.366,48.248]],[[0.383,48.244],[0.375,48.242],[0.372,48.244]],[[0.387,48.246],[0.383,48.244]],[[0.392,48.228],[0.397,48.233],[0.392,48.24],[0.383,48.244]],[[0.405,48.252],[0.397,48.247],[0.387,48.246]],[[0.403,48.253],[0.4,48.252],[0.396,48.247],[0.387,48.246]],[[0.397,48.221],[0.387,48.225],[0.392,48.228]],[[0.397,48.221],[0.389,48.225],[0.392,48.228]],[[0.397,48.188],[0.399,48.196],[0.398,48.197]],[[0.397,48.188],[0.398,48.197]],[[0.398,48.185],[0.397,48.188]],[[0.387,48.41],[0.394,48.408],[0.402,48.402]],[[0.414,48.18],[0.408,48.18],[0.4,48.182],[0.398,48.183],[0.398,48.185]],[[0.414,48.18],[0.401,48.182],[0.398,48.185]],[[0.398,48.197],[0.405,48.21]],[[0.402,48.217],[0.397,48.221]],[[0.391,48.394],[0.398,48.389],[0.399,48.383]],[[0.395,48.346],[0.403,48.344],[0.411,48.347]],[[0.399,48.383],[0.394,48.377]],[[0.394,48.377],[0.392,48.374],[0.394,48.373]],[[0.394,48.377],[0.394,48.373]],[[0.394,48.373],[0.4,48.363],[0.4,48.354],[0.411,48.347]],[[0.402,48.215],[0.402,48.217]],[[0.44,48.224],[0.434,48.226],[0.428,48.226],[0.414,48.219],[0.404,48.216],[0.402,48.217]],[[0.405,48.21],[0.402,48.215]],[[0.439,48.205],[0.429,48.211],[0.402,48.215]],[[0.433,48.195],[0.426,48.2],[0.416,48.201],[0.405,48.21]],[[0.403,48.253],[0.404,48.253],[0.405,48.252]],[[0.407,48.256],[0.403,48.253]],[[0.41,48.251],[0.405,48.252]],[[0.402,48.402],[0.409,48.393],[0.408,48.388],[0.399,48.383]],[[0.411,48.257],[0.407,48.256]],[[0.411,48.257],[0.409,48.258],[0.407,48.256]],[[0.401,48.412],[0.405,48.406]],[[0.405,48.406],[0.402,48.402]],[[0.417,48.179],[0.414,48.18]],[[0.41,48.251],[0.434,48.26],[0.442,48.26],[0.45,48.265],[0.454,48.265]],[[0.415,48.249],[0.41,48.251]],[[0.415,48.264],[0.416,48.26],[0.414,48.259],[0.412,48.258],[0.411,48.257]],[[0.426,48.406],[0.414,48.41],[0.405,48.406]],[[0.442,48.182],[0.426,48.177],[0.424,48.177],[0.418,48.179],[0.417,48.179]],[[0.423,48.176],[0.417,48.179]],[[0.438,48.255],[0.429,48.254],[0.415,48.249]],[[0.438,48.255],[0.422,48.249],[0.415,48.249]],[[0.411,48.347],[0.416,48.346]],[[0.425,48.27],[0.424,48.269],[0.418,48.268],[0.415,48.264]],[[0.425,48.27],[0.417,48.269],[0.415,48.264]],[[0.411,48.377],[0.41,48.358],[0.42,48.355],[0.421,48.349]],[[0.421,48.348],[0.416,48.346]],[[0.416,48.346],[0.417,48.34],[0.422,48.334],[0.438,48.329]],[[0.426,48.351],[0.426,48.348],[0.421,48.348]],[[0.421,48.349],[0.421,48.348]],[[0.425,48.27],[0.425,48.27]],[[0.426,48.351],[0.425,48.349],[0.424,48.349],[0.422,48.349],[0.421,48.349]],[[0.433,48.276],[0.425,48.27]],[[0.433,48.276],[0.431,48.272],[0.427,48.27],[0.427,48.271],[0.425,48.27],[0.425,48.27]],[[0.438,48.329],[0.438,48.324],[0.428,48.313]],[[0.428,48.313],[0.426,48.308],[0.431,48.302],[0.429,48.297],[0.43,48.294]],[[0.428,48.313],[0.433,48.302],[0.43,48.294]],[[0.432,48.361],[0.426,48.351]],[[0.43,48.294],[0.432,48.293]],[[0.432,48.293],[0.433,48.289],[0.439,48.283],[0.434,48.277]],[[0.432,48.293],[0.441,48.285]],[[0.434,48.277],[0.433,48.276]],[[0.441,48.285],[0.439,48.279],[0.438,48.278],[0.436,48.277],[0.435,48.277],[0.434,48.277]],[[0.453,48.205],[0.445,48.207],[0.439,48.205]],[[0.442,48.201],[0.439,48.205]],[[0.434,48.366],[0.433,48.361],[0.432,48.361]],[[0.434,48.366],[0.432,48.361]],[[0.459,48.207],[0.456,48.211],[0.444,48.214],[0.44,48.224]],[[0.456,48.22],[0.445,48.221],[0.44,48.224]],[[0.451,48.253],[0.438,48.255]],[[0.447,48.184],[0.442,48.182]],[[0.447,48.184],[0.445,48.182],[0.442,48.182]],[[0.435,48.368],[0.434,48.366]],[[0.441,48.38],[0.444,48.377],[0.438,48.369],[0.435,48.368]],[[0.441,48.38],[0.435,48.368]],[[0.451,48.352],[0.441,48.352],[0.433,48.347],[0.429,48.34],[0.436,48.334],[0.438,48.329]],[[0.447,48.295],[0.441,48.285]],[[0.454,48.185],[0.447,48.184]],[[0.458,48.398],[0.455,48.4],[0.439,48.398],[0.439,48.394],[0.433,48.392],[0.433,48.387],[0.435,48.382],[0.441,48.38]],[[0.48,48.314],[0.482,48.311],[0.468,48.302],[0.466,48.297],[0.458,48.294],[0.449,48.296],[0.447,48.295]],[[0.466,48.337],[0.449,48.325],[0.441,48.314],[0.44,48.311],[0.446,48.308],[0.451,48.302],[0.447,48.295]],[[0.457,48.186],[0.454,48.185]],[[0.458,48.186],[0.456,48.185],[0.454,48.185],[0.454,48.185]],[[0.454,48.265],[0.452,48.261],[0.456,48.259],[0.451,48.253]],[[0.454,48.251],[0.451,48.253]],[[0.458,48.186],[0.457,48.186],[0.457,48.186]],[[0.463,48.194],[0.457,48.186]],[[0.457,48.267],[0.455,48.265],[0.455,48.265],[0.454,48.265]],[[0.46,48.235],[0.454,48.251]],[[0.499,48.25],[0.482,48.248],[0.47,48.255],[0.458,48.25],[0.454,48.251]],[[0.471,48.188],[0.458,48.186]],[[0.457,48.371],[0.456,48.36],[0.451,48.352]],[[0.46,48.349],[0.451,48.352]],[[0.464,48.271],[0.461,48.27],[0.459,48.267],[0.458,48.267],[0.457,48.267],[0.457,48.267]],[[0.465,48.272],[0.459,48.27],[0.457,48.267]],[[0.451,48.387],[0.457,48.379],[0.457,48.371]],[[0.464,48.232],[0.46,48.233],[0.46,48.235]],[[0.463,48.234],[0.46,48.235]],[[0.464,48.232],[0.463,48.234]],[[0.464,48.234],[0.463,48.234],[0.463,48.234]],[[0.466,48.381],[0.457,48.371]],[[0.477,48.224],[0.464,48.232]],[[0.474,48.235],[0.464,48.234]],[[0.474,48.235],[0.467,48.233],[0.464,48.234]],[[0.481,48.356],[0.469,48.349],[0.46,48.349]],[[0.473,48.358],[0.466,48.351],[0.463,48.35],[0.461,48.349],[0.46,48.349]],[[0.465,48.272],[0.464,48.271]],[[0.48,48.262],[0.47,48.27],[0.464,48.271]],[[0.471,48.272],[0.47,48.271],[0.468,48.272],[0.465,48.272],[0.465,48.272]],[[0.482,48.191],[0.471,48.188]],[[0.48,48.184],[0.473,48.184],[0.471,48.188]],[[0.464,48.388],[0.462,48.383],[0.466,48.381]],[[0.482,48.345],[0.474,48.343],[0.466,48.337]],[[0.478,48.335],[0.466,48.337]],[[0.475,48.384],[0.468,48.384],[0.466,48.381]],[[0.488,48.274],[0.479,48.272],[0.471,48.272]],[[0.524,48.273],[0.518,48.281],[0.502,48.285],[0.492,48.282],[0.479,48.272],[0.471,48.272]],[[0.489,48.234],[0.48,48.236],[0.474,48.235]],[[0.479,48.222],[0.478,48.224],[0.478,48.224],[0.477,48.224],[0.477,48.224]],[[0.479,48.222],[0.477,48.224]],[[0.493,48.213],[0.479,48.222]],[[0.486,48.382],[0.476,48.38],[0.472,48.376],[0.47,48.365],[0.473,48.358]],[[0.483,48.365],[0.477,48.359],[0.474,48.358],[0.473,48.358]],[[0.49,48.351],[0.482,48.345]],[[0.496,48.331],[0.491,48.332],[0.49,48.337],[0.482,48.345]],[[0.491,48.231],[0.49,48.234],[0.489,48.234],[0.489,48.234]],[[0.491,48.231],[0.489,48.234]],[[0.498,48.227],[0.491,48.231]],[[0.499,48.226],[0.499,48.227],[0.498,48.227],[0.498,48.227],[0.498,48.227]],[[0.499,48.226],[0.498,48.227]],[[0.503,48.225],[0.499,48.226]],[[0.52,48.254],[0.504,48.255],[0.499,48.25]],[[0.512,48.247],[0.499,48.25]],[[0.513,48.22],[0.502,48.22]],[[0.502,48.22],[0.5,48.223],[0.503,48.225]],[[0.509,48.216],[0.502,48.22]],[[0.523,48.231],[0.505,48.225],[0.503,48.225]],[[0.526,48.249],[0.516,48.25],[0.512,48.247]],[[0.517,48.24],[0.512,48.247]]]}},{"type":"Feature","properties":{"nom":"L'ERNEE DEPUIS SAINT-DENIS-DE-GASTINES JUSQU'A LA CONFLUENCE AVEC LA MAYENNE","code":"GR0514","longueurKm":59.16923468285,"strahler":5.0},"geometry":{"type":"MultiLineString","coordinates":[[[-0.926,48.37],[-0.927,48.367],[-0.938,48.365],[-0.944,48.359],[-0.941,48.356],[-0.947,48.35],[-0.944,48.345],[-0.947,48.335],[-0.944,48.333],[-0.949,48.33],[-0.944,48.327],[-0.941,48.328],[-0.937,48.318],[-0.941,48.309],[-0.938,48.3],[-0.946,48.296],[-0.938,48.295],[-0.936,48.292],[-0.938,48.286],[-0.93,48.276],[-0.931,48.272],[-0.926,48.27],[-0.93,48.268],[-0.931,48.261],[-0.927,48.258],[-0.918,48.26],[-0.912,48.259],[-0.908,48.257],[-0.898,48.258],[-0.897,48.255],[-0.891,48.253],[-0.884,48.258],[-0.868,48.262],[-0.863,48.262],[-0.858,48.255],[-0.86,48.254],[-0.858,48.251],[-0.851,48.247],[-0.855,48.242],[-0.863,48.239],[-0.856,48.235],[-0.864,48.233],[-0.86,48.224],[-0.873,48.223],[-0.87,48.22],[-0.863,48.219],[-0.857,48.196],[-0.847,48.189],[-0.841,48.189],[-0.832,48.195],[-0.826,48.194],[-0.823,48.191],[-0.825,48.188],[-0.822,48.186],[-0.813,48.189],[-0.815,48.182],[-0.812,48.177],[-0.796,48.179]],[[-0.796,48.179],[-0.793,48.176]],[[-0.796,48.179],[-0.791,48.177]],[[-0.793,48.176],[-0.791,48.177]],[[-0.793,48.176],[-0.787,48.174]],[[-0.791,48.177],[-0.787,48.174]],[[-0.787,48.174],[-0.784,48.172]],[[-0.784,48.172],[-0.785,48.169]],[[-0.784,48.172],[-0.786,48.171],[-0.785,48.169]],[[-0.785,48.169],[-0.768,48.166],[-0.77,48.162],[-0.764,48.159],[-0.77,48.148],[-0.757,48.145],[-0.758,48.142],[-0.764,48.141],[-0.784,48.143],[-0.784,48.138],[-0.77,48.134],[-0.762,48.128],[-0.754,48.133],[-0.754,48.123]]]}},{"type":"Feature","properties":{"nom":"LA JOUANNE DEPUIS LA CONFLUENCE DU RUISSEAU DES DEUX EVAILLES JUSQU'A LA CONFLUENCE AVEC LA MAYENNE","code":"GR0516","longueurKm":36.04203006536,"strahler":5.0},"geometry":{"type":"LineString","coordinates":[[-0.55,48.139],[-0.554,48.136],[-0.566,48.136],[-0.582,48.128],[-0.593,48.129],[-0.6,48.124],[-0.596,48.118],[-0.602,48.113],[-0.591,48.112],[-0.59,48.109],[-0.594,48.107],[-0.602,48.107],[-0.608,48.1],[-0.617,48.098],[-0.615,48.094],[-0.632,48.09],[-0.626,48.084],[-0.635,48.083],[-0.636,48.081],[-0.632,48.079],[-0.634,48.076],[-0.648,48.075],[-0.646,48.073],[-0.638,48.074],[-0.643,48.068],[-0.649,48.067],[-0.654,48.07],[-0.664,48.066],[-0.665,48.057],[-0.674,48.051],[-0.675,48.045],[-0.685,48.046],[-0.69,48.038],[-0.7,48.042],[-0.704,48.04],[-0.704,48.035],[-0.715,48.03],[-0.71,48.024],[-0.719,48.018],[-0.709,48.014],[-0.706,48.008],[-0.71,48.006],[-0.717,48.007],[-0.719,48.001],[-0.729,47.994],[-0.74,47.992],[-0.741,47.989]]}},{"type":"Feature","properties":{"nom":"LA MAINE DEPUIS ANGERS JUSQU'A LA CONFLUENCE AVEC LA LOIRE","code":"GR0525","longueurKm":14.66021624087,"strahler":7.0},"geometry":{"type":"MultiLineString","coordinates":[[[-0.604,47.427],[-0.617,47.408]],[[-0.59,47.451],[-0.604,47.435],[-0.604,47.427]],[[-0.59,47.451],[-0.592,47.442],[-0.599,47.435],[-0.599,47.427],[-0.604,47.427]],[[-0.543,47.493],[-0.557,47.474],[-0.573,47.466],[-0.58,47.456],[-0.59,47.451]]]}},{"type":"Feature","properties":{"nom":"LA SEVRE NANTAISE ET SES AFFLUENTS DEPUIS LA CONFLUENCE DE LA MOINE JUSQU'A LA CONFLUENCE AVEC LA LOIRE","code":"GR0545","longueurKm":38.73167680878,"strahler":6.0},"geometry":{"type":"MultiLineString","coordinates":[[[-1.522,47.181],[-1.532,47.183],[-1.537,47.19],[-1.548,47.197]],[[-1.529,47.152],[-1.528,47.16],[-1.523,47.162],[-1.52,47.167]],[[-1.52,47.167],[-1.524,47.173],[-1.522,47.181]],[[-1.467,47.151],[-1.471,47.152],[-1.474,47.158],[-1.482,47.163],[-1.483,47.168],[-1.492,47.167],[-1.503,47.17],[-1.513,47.18],[-1.522,47.181]],[[-1.509,47.149],[-1.51,47.157],[-1.52,47.167]],[[-1.453,47.154],[-1.467,47.151]],[[-1.453,47.154],[-1.455,47.151],[-1.467,47.151]],[[-1.278,47.086],[-1.287,47.097],[-1.293,47.099],[-1.297,47.105],[-1.309,47.108],[-1.314,47.115],[-1.324,47.119],[-1.323,47.126],[-1.329,47.129],[-1.344,47.131],[-1.343,47.138],[-1.358,47.139],[-1.366,47.137],[-1.373,47.143],[-1.38,47.145],[-1.387,47.142],[-1.398,47.143],[-1.395,47.149],[-1.407,47.148],[-1.41,47.154],[-1.416,47.15],[-1.424,47.151],[-1.43,47.155],[-1.436,47.153],[-1.438,47.155],[-1.442,47.152],[-1.448,47.154],[-1.453,47.154]]]}},{"type":"Feature","properties":{"nom":"LE LAYON DEPUIS LA CONFLUENCE DU LYS JUSQU'A LA CONFLUENCE AVEC LA LOIRE","code":"GR0527","longueurKm":42.91624367431,"strahler":5.0},"geometry":{"type":"MultiLineString","coordinates":[[[-0.753,47.349],[-0.755,47.351]],[[-0.751,47.346],[-0.753,47.349]],[[-0.751,47.346],[-0.75,47.349],[-0.753,47.349]],[[-0.718,47.332],[-0.728,47.337],[-0.732,47.345],[-0.745,47.34],[-0.751,47.346]],[[-0.717,47.324],[-0.722,47.327],[-0.718,47.332]],[[-0.717,47.324],[-0.718,47.332]],[[-0.479,47.255],[-0.484,47.261],[-0.491,47.264],[-0.507,47.264],[-0.508,47.27],[-0.512,47.271],[-0.515,47.277],[-0.528,47.279],[-0.532,47.281],[-0.532,47.285],[-0.54,47.286],[-0.551,47.285],[-0.554,47.287],[-0.554,47.292],[-0.561,47.295],[-0.578,47.298],[-0.593,47.296],[-0.604,47.306],[-0.602,47.31],[-0.612,47.312],[-0.615,47.315],[-0.638,47.318],[-0.647,47.315],[-0.657,47.324],[-0.667,47.324],[-0.673,47.328],[-0.68,47.326],[-0.681,47.323],[-0.687,47.323],[-0.691,47.327],[-0.691,47.334],[-0.697,47.337],[-0.705,47.335],[-0.711,47.324],[-0.717,47.324]],[[-0.478,47.224],[-0.477,47.226],[-0.482,47.229],[-0.494,47.23],[-0.498,47.235],[-0.481,47.241],[-0.477,47.246]],[[-0.479,47.251],[-0.481,47.253],[-0.479,47.255]],[[-0.477,47.246],[-0.479,47.251]],[[-0.475,47.246],[-0.479,47.251]],[[-0.475,47.246],[-0.479,47.255]],[[-0.477,47.246],[-0.475,47.246]]]}},{"type":"Feature","properties":{"nom":"LE BRIVET DEPUIS DREFFEAC JUSQU'A LA CONFLUENCE AVEC LA LOIRE","code":"GR0557","longueurKm":30.87211342409,"strahler":5.0},"geometry":{"type":"LineString","coordinates":[[-2.032,47.468],[-2.025,47.462],[-2.035,47.46],[-2.039,47.453],[-2.06,47.45],[-2.071,47.44],[-2.079,47.441],[-2.091,47.439],[-2.087,47.431],[-2.089,47.427],[-2.097,47.424],[-2.098,47.404],[-2.104,47.402],[-2.107,47.394],[-2.104,47.392],[-2.106,47.388],[-2.124,47.387],[-2.132,47.384],[-2.165,47.362],[-2.187,47.362],[-2.188,47.347],[-2.191,47.342],[-2.189,47.327],[-2.197,47.323],[-2.199,47.318],[-2.194,47.315],[-2.196,47.308],[-2.182,47.306],[-2.182,47.299]]}},{"type":"Feature","properties":{"nom":"LA SEVRE NIORTAISE DEPUIS LA CONFLUENCE DU CHAMBON JUSQU'A NIORT","code":"GR0559A","longueurKm":41.60377202192,"strahler":5.0},"geometry":{"type":"MultiLineString","coordinates":[[[-0.475,46.384],[-0.48,46.385],[-0.484,46.383]],[[-0.484,46.383],[-0.483,46.377],[-0.476,46.376]],[[-0.483,46.383],[-0.484,46.383]],[[-0.483,46.383],[-0.482,46.378]],[[-0.475,46.384],[-0.48,46.383],[-0.483,46.383]],[[-0.482,46.378],[-0.479,46.377]],[[-0.482,46.378],[-0.479,46.377],[-0.479,46.377]],[[-0.479,46.377],[-0.476,46.376]],[[-0.476,46.376],[-0.45,46.376],[-0.456,46.365],[-0.469,46.366],[-0.473,46.362],[-0.47,46.359],[-0.456,46.355],[-0.457,46.35]],[[-0.466,46.391],[-0.46,46.388],[-0.461,46.385],[-0.466,46.383],[-0.475,46.384]],[[-0.469,46.4],[-0.473,46.4]],[[-0.473,46.4],[-0.475,46.397],[-0.471,46.392],[-0.467,46.391]],[[-0.473,46.4],[-0.471,46.399]],[[-0.469,46.4],[-0.471,46.399]],[[-0.471,46.399],[-0.472,46.395],[-0.467,46.392]],[[-0.464,46.4],[-0.469,46.4]],[[-0.457,46.35],[-0.466,46.349]],[[-0.467,46.392],[-0.466,46.391]],[[-0.467,46.392],[-0.467,46.391]],[[-0.467,46.391],[-0.466,46.391]],[[-0.457,46.35],[-0.462,46.349]],[[-0.462,46.4],[-0.464,46.4]],[[-0.462,46.399],[-0.464,46.4]],[[-0.462,46.399],[-0.462,46.4]],[[-0.443,46.393],[-0.45,46.391],[-0.462,46.399]],[[-0.445,46.393],[-0.454,46.395],[-0.462,46.4]],[[-0.44,46.394],[-0.445,46.393]],[[-0.443,46.393],[-0.445,46.393]],[[-0.44,46.394],[-0.443,46.393]],[[-0.417,46.394],[-0.425,46.394],[-0.426,46.398],[-0.421,46.404],[-0.429,46.406],[-0.435,46.396],[-0.438,46.394],[-0.439,46.393],[-0.44,46.394]],[[-0.414,46.393],[-0.417,46.394]],[[-0.415,46.394],[-0.417,46.394]],[[-0.414,46.393],[-0.415,46.394]],[[-0.411,46.393],[-0.415,46.394]],[[-0.411,46.393],[-0.414,46.393]],[[-0.399,46.399],[-0.404,46.398],[-0.407,46.394],[-0.411,46.393]],[[-0.395,46.394],[-0.399,46.399]],[[-0.395,46.394],[-0.395,46.397],[-0.399,46.399]],[[-0.389,46.385],[-0.392,46.387],[-0.395,46.394]],[[-0.386,46.384],[-0.389,46.385]],[[-0.386,46.384],[-0.386,46.385],[-0.389,46.385]],[[-0.373,46.369],[-0.377,46.377],[-0.386,46.384]],[[-0.366,46.366],[-0.373,46.367],[-0.373,46.369]],[[-0.366,46.369],[-0.373,46.369]],[[-0.361,46.37],[-0.36,46.369],[-0.366,46.366]],[[-0.366,46.369],[-0.366,46.366]],[[-0.361,46.37],[-0.366,46.369]],[[-0.344,46.374],[-0.355,46.378],[-0.36,46.377],[-0.361,46.37]]]}},{"type":"Feature","properties":{"nom":"LA SEVRE NIORTAISE DEPUIS NIORT JUSQU'A L'OUVRAGE DE BAZOIN A DAMVIX","code":"GR0559B","longueurKm":76.3337620509,"strahler":6.0},"geometry":{"type":"MultiLineString","coordinates":[[[-0.759,46.325],[-0.76,46.324]],[[-0.734,46.342],[-0.741,46.343],[-0.759,46.337],[-0.761,46.334],[-0.757,46.329],[-0.759,46.325]],[[-0.648,46.317],[-0.653,46.317],[-0.657,46.315],[-0.662,46.317],[-0.672,46.316],[-0.683,46.307],[-0.693,46.309],[-0.698,46.306],[-0.708,46.304],[-0.731,46.313],[-0.745,46.316],[-0.76,46.324],[-0.778,46.318],[-0.755,46.302]],[[-0.742,46.276],[-0.748,46.283],[-0.755,46.302]],[[-0.742,46.276],[-0.744,46.284],[-0.755,46.302]],[[-0.75,46.263],[-0.742,46.276]],[[-0.735,46.268],[-0.743,46.262]],[[-0.735,46.268],[-0.742,46.276]],[[-0.735,46.268],[-0.735,46.268]],[[-0.735,46.268],[-0.735,46.268]],[[-0.645,46.315],[-0.643,46.319],[-0.648,46.317]],[[-0.645,46.315],[-0.648,46.317]],[[-0.588,46.32],[-0.621,46.31],[-0.645,46.315]],[[-0.585,46.321],[-0.588,46.32]],[[-0.532,46.314],[-0.525,46.309],[-0.528,46.3],[-0.55,46.292],[-0.569,46.29],[-0.577,46.295],[-0.58,46.302],[-0.587,46.306],[-0.588,46.32]],[[-0.568,46.327],[-0.585,46.321]],[[-0.568,46.327],[-0.574,46.322],[-0.58,46.32],[-0.585,46.321]],[[-0.561,46.327],[-0.568,46.327]],[[-0.538,46.324],[-0.539,46.329],[-0.547,46.33],[-0.554,46.327],[-0.557,46.329],[-0.561,46.327]],[[-0.538,46.324],[-0.557,46.323],[-0.561,46.327]],[[-0.532,46.314],[-0.542,46.315],[-0.538,46.324]],[[-0.523,46.324],[-0.532,46.314]],[[-0.522,46.324],[-0.523,46.324]],[[-0.522,46.326],[-0.524,46.324],[-0.523,46.324]],[[-0.518,46.33],[-0.522,46.326]],[[-0.522,46.326],[-0.522,46.324]],[[-0.515,46.33],[-0.519,46.324],[-0.522,46.324]],[[-0.518,46.33],[-0.517,46.331]],[[-0.509,46.335],[-0.515,46.335],[-0.518,46.33]],[[-0.517,46.331],[-0.514,46.332]],[[-0.517,46.331],[-0.515,46.33]],[[-0.515,46.33],[-0.514,46.332]],[[-0.514,46.332],[-0.51,46.334]],[[-0.509,46.321],[-0.505,46.322],[-0.509,46.326]],[[-0.509,46.321],[-0.511,46.323],[-0.509,46.326]],[[-0.479,46.331],[-0.48,46.336],[-0.492,46.335],[-0.493,46.326],[-0.497,46.321],[-0.509,46.321]],[[-0.51,46.334],[-0.509,46.335]],[[-0.509,46.332],[-0.51,46.334]],[[-0.509,46.326],[-0.508,46.329]],[[-0.509,46.326],[-0.509,46.328],[-0.508,46.329]],[[-0.508,46.332],[-0.509,46.335]],[[-0.508,46.331],[-0.509,46.332]],[[-0.508,46.332],[-0.509,46.332]],[[-0.508,46.329],[-0.508,46.331]],[[-0.508,46.331],[-0.508,46.332]],[[-0.479,46.328],[-0.478,46.329]],[[-0.479,46.328],[-0.479,46.331]],[[-0.467,46.325],[-0.475,46.324],[-0.479,46.328]],[[-0.478,46.329],[-0.479,46.331]],[[-0.467,46.325],[-0.475,46.326],[-0.478,46.329]],[[-0.466,46.325],[-0.467,46.325]],[[-0.463,46.329],[-0.464,46.327],[-0.466,46.325]],[[-0.463,46.329],[-0.466,46.325]],[[-0.462,46.349],[-0.468,46.348],[-0.472,46.343],[-0.471,46.338],[-0.463,46.333],[-0.463,46.329]]]}},{"type":"Feature","properties":{"nom":"LA SEVRE NIORTAISE DEPUIS L'OUVRAGE DE BAZOIN A DAMVIX JUSQU'A L'ESTUAIRE","code":"GR0560","longueurKm":43.09697206572,"strahler":6.0},"geometry":{"type":"MultiLineString","coordinates":[[[-1.049,46.322],[-0.964,46.323]],[[-1.006,46.315],[-1.012,46.317]],[[-1.002,46.315],[-1.011,46.317]],[[-1.002,46.315],[-1.006,46.315]],[[-0.986,46.314],[-0.993,46.311],[-1.006,46.315]],[[-0.996,46.315],[-0.997,46.315],[-1.002,46.315]],[[-0.972,46.318],[-0.985,46.322],[-0.996,46.315]],[[-0.986,46.314],[-0.996,46.315]],[[-0.972,46.318],[-0.986,46.314]],[[-0.964,46.323],[-0.972,46.318]],[[-0.964,46.323],[-0.964,46.323]],[[-0.964,46.323],[-0.964,46.323]],[[-0.96,46.324],[-0.964,46.323]],[[-0.889,46.324],[-0.893,46.323],[-0.895,46.317],[-0.911,46.313],[-0.916,46.316],[-0.921,46.312],[-0.926,46.316],[-0.941,46.315],[-0.944,46.318],[-0.964,46.323]],[[-0.884,46.324],[-0.887,46.327],[-0.889,46.324]],[[-0.884,46.324],[-0.887,46.324],[-0.889,46.324],[-0.889,46.324]],[[-0.818,46.336],[-0.825,46.336],[-0.832,46.342],[-0.84,46.341],[-0.849,46.332],[-0.845,46.325],[-0.851,46.317],[-0.863,46.319],[-0.861,46.325],[-0.863,46.327],[-0.868,46.326],[-0.87,46.322],[-0.884,46.324]],[[-0.797,46.34],[-0.804,46.343],[-0.808,46.339],[-0.818,46.336]],[[-0.807,46.333],[-0.818,46.336]],[[-0.807,46.333],[-0.797,46.34]],[[-0.789,46.322],[-0.794,46.325],[-0.803,46.325],[-0.807,46.333]],[[-0.785,46.349],[-0.797,46.34]],[[-0.786,46.32],[-0.789,46.322]],[[-0.786,46.32],[-0.787,46.321],[-0.789,46.322]],[[-0.778,46.318],[-0.786,46.32]]]}},{"type":"Feature","properties":{"nom":"LA MAINE DEPUIS SAINT-GEORGES-DE-MONTAIGU JUSQU'A LA CONFLUENCE AVEC LA SEVRE NANTAISE","code":"GR0550","longueurKm":46.88628532608,"strahler":5.0},"geometry":{"type":"MultiLineString","coordinates":[[[-1.328,46.983],[-1.352,46.995],[-1.35,46.998],[-1.355,47.002],[-1.359,47.017],[-1.369,47.02],[-1.377,47.028],[-1.378,47.032],[-1.367,47.036],[-1.37,47.044],[-1.367,47.047],[-1.368,47.052],[-1.372,47.055],[-1.369,47.059],[-1.375,47.06],[-1.376,47.067],[-1.384,47.068],[-1.393,47.075],[-1.4,47.084],[-1.405,47.097],[-1.417,47.103],[-1.413,47.111],[-1.419,47.123],[-1.413,47.128],[-1.416,47.136],[-1.43,47.145],[-1.446,47.145],[-1.449,47.148],[-1.445,47.152]],[[-1.305,46.991],[-1.328,46.983]],[[-1.305,46.951],[-1.311,46.957],[-1.309,46.964],[-1.312,46.969],[-1.32,46.968],[-1.322,46.97],[-1.321,46.973],[-1.316,46.973],[-1.316,46.976],[-1.326,46.98],[-1.328,46.983]],[[-1.313,46.997],[-1.305,46.992]],[[-1.301,47.001],[-1.305,46.992]],[[-1.305,46.992],[-1.305,46.991]],[[-1.285,46.993],[-1.296,46.996],[-1.3,46.991],[-1.301,46.992],[-1.305,46.991]],[[-1.28,46.988],[-1.285,46.993]],[[-1.278,46.992],[-1.285,46.993]],[[-1.282,47.003],[-1.277,47.001],[-1.274,46.995],[-1.278,46.992]],[[-1.242,47.002],[-1.236,46.995],[-1.24,46.989],[-1.254,46.996],[-1.266,46.991],[-1.278,46.992]]]}},{"type":"Feature","properties":{"nom":"LA PETITE MAINE ET SES AFFLUENTS DEPUIS LA SOURCE JUSQU'A LA CONFLUENCE AVEC LA GRANDE MAINE","code":"GR0551","longueurKm":236.70720023353,"strahler":5.0},"geometry":{"type":"MultiLineString","coordinates":[[[-1.394,46.886],[-1.392,46.889],[-1.386,46.889],[-1.377,46.882],[-1.37,46.879],[-1.367,46.875]],[[-1.376,46.867],[-1.373,46.873],[-1.367,46.875]],[[-1.371,46.893],[-1.362,46.895],[-1.351,46.9],[-1.343,46.908],[-1.333,46.909]],[[-1.367,46.875],[-1.357,46.871]],[[-1.361,46.847],[-1.351,46.846],[-1.347,46.851]],[[-1.357,46.871],[-1.353,46.876]],[[-1.347,46.851],[-1.357,46.871]],[[-1.353,46.876],[-1.348,46.882],[-1.342,46.884]],[[-1.345,46.868],[-1.353,46.876]],[[-1.334,46.833],[-1.332,46.839],[-1.337,46.843],[-1.339,46.846],[-1.337,46.847],[-1.347,46.851]],[[-1.342,46.884],[-1.337,46.893],[-1.34,46.899],[-1.333,46.909]],[[-1.34,46.88],[-1.342,46.884]],[[-1.331,46.857],[-1.334,46.867],[-1.331,46.87]],[[-1.331,46.87],[-1.327,46.874],[-1.326,46.885]],[[-1.317,46.855],[-1.317,46.862],[-1.322,46.865],[-1.328,46.866],[-1.331,46.87]],[[-1.333,46.909],[-1.317,46.916]],[[-1.311,46.879],[-1.326,46.885]],[[-1.326,46.885],[-1.327,46.889],[-1.322,46.896]],[[-1.322,46.84],[-1.311,46.842],[-1.3,46.849],[-1.281,46.855]],[[-1.322,46.896],[-1.316,46.904]],[[-1.313,46.892],[-1.322,46.896]],[[-1.315,46.831],[-1.311,46.83],[-1.309,46.826]],[[-1.313,46.822],[-1.309,46.826]],[[-1.317,46.916],[-1.317,46.918],[-1.305,46.92]],[[-1.316,46.904],[-1.317,46.916]],[[-1.299,46.896],[-1.316,46.904]],[[-1.309,46.826],[-1.298,46.823]],[[-1.301,46.883],[-1.31,46.885],[-1.313,46.892]],[[-1.302,46.891],[-1.313,46.892]],[[-1.306,46.816],[-1.302,46.818]],[[-1.302,46.818],[-1.298,46.823]],[[-1.291,46.806],[-1.293,46.809],[-1.299,46.809],[-1.298,46.815],[-1.302,46.818]],[[-1.303,46.835],[-1.296,46.831],[-1.294,46.826]],[[-1.298,46.823],[-1.294,46.826]],[[-1.305,46.92],[-1.297,46.932],[-1.292,46.934],[-1.294,46.939]],[[-1.295,46.904],[-1.294,46.913],[-1.305,46.92]],[[-1.3,46.862],[-1.292,46.863],[-1.287,46.869]],[[-1.294,46.939],[-1.3,46.94],[-1.294,46.946],[-1.301,46.946],[-1.305,46.951]],[[-1.294,46.826],[-1.284,46.826]],[[-1.294,46.877],[-1.299,46.871],[-1.295,46.868],[-1.287,46.869]],[[-1.253,46.905],[-1.255,46.907],[-1.266,46.907],[-1.265,46.912],[-1.259,46.914],[-1.261,46.918],[-1.269,46.923],[-1.279,46.923],[-1.284,46.925],[-1.287,46.93],[-1.283,46.934],[-1.291,46.935],[-1.291,46.938],[-1.294,46.939]],[[-1.284,46.815],[-1.287,46.822],[-1.284,46.826]],[[-1.288,46.873],[-1.285,46.87]],[[-1.287,46.869],[-1.285,46.87]],[[-1.284,46.826],[-1.267,46.828]],[[-1.286,46.863],[-1.276,46.867]],[[-1.281,46.8],[-1.276,46.805]],[[-1.286,46.877],[-1.281,46.873],[-1.28,46.87]],[[-1.285,46.87],[-1.28,46.87]],[[-1.281,46.855],[-1.277,46.861]],[[-1.28,46.848],[-1.281,46.855]],[[-1.276,46.805],[-1.266,46.819]],[[-1.265,46.8],[-1.276,46.805]],[[-1.28,46.87],[-1.276,46.867]],[[-1.277,46.861],[-1.27,46.865]],[[-1.273,46.858],[-1.277,46.861]],[[-1.276,46.867],[-1.27,46.865]],[[-1.271,46.876],[-1.271,46.871],[-1.269,46.87]],[[-1.267,46.828],[-1.27,46.832],[-1.268,46.838],[-1.257,46.852],[-1.258,46.855],[-1.251,46.859],[-1.248,46.864]],[[-1.266,46.819],[-1.267,46.828]],[[-1.27,46.865],[-1.266,46.865]],[[-1.249,46.802],[-1.249,46.805],[-1.255,46.806],[-1.255,46.81],[-1.265,46.815],[-1.266,46.819]],[[-1.266,46.874],[-1.269,46.87]],[[-1.269,46.87],[-1.266,46.865]],[[-1.266,46.865],[-1.262,46.863],[-1.248,46.864]],[[-1.251,46.797],[-1.249,46.802]],[[-1.217,46.751],[-1.255,46.77],[-1.262,46.787],[-1.251,46.797]],[[-1.247,46.781],[-1.245,46.783],[-1.248,46.79],[-1.246,46.793],[-1.251,46.797]],[[-1.245,46.801],[-1.249,46.802]],[[-1.196,46.809],[-1.211,46.811],[-1.223,46.804],[-1.233,46.805],[-1.245,46.801]],[[-1.241,46.797],[-1.245,46.801]],[[-1.24,46.885],[-1.251,46.888],[-1.245,46.893],[-1.248,46.897],[-1.255,46.899],[-1.253,46.905]],[[-1.199,46.889],[-1.205,46.89],[-1.208,46.894],[-1.215,46.896],[-1.224,46.896],[-1.229,46.901],[-1.253,46.905]],[[-1.248,46.864],[-1.242,46.869],[-1.243,46.875],[-1.239,46.875],[-1.238,46.878],[-1.242,46.881],[-1.24,46.885]],[[-1.248,46.864],[-1.248,46.864]],[[-1.244,46.862],[-1.248,46.864]],[[-1.218,46.803],[-1.23,46.798],[-1.241,46.797]],[[-1.235,46.794],[-1.241,46.797]],[[-1.237,46.853],[-1.244,46.862]],[[-1.228,46.857],[-1.232,46.862],[-1.244,46.862]],[[-1.217,46.773],[-1.224,46.775],[-1.232,46.783],[-1.232,46.791],[-1.235,46.794]],[[-1.231,46.792],[-1.235,46.794]],[[-1.235,46.813],[-1.238,46.818],[-1.235,46.826]],[[-1.233,46.883],[-1.236,46.881],[-1.238,46.885],[-1.238,46.885],[-1.239,46.885],[-1.24,46.885]],[[-1.235,46.826],[-1.233,46.832],[-1.242,46.841],[-1.242,46.847],[-1.237,46.853]],[[-1.235,46.852],[-1.237,46.853]],[[-1.226,46.816],[-1.23,46.819],[-1.23,46.824],[-1.235,46.826]],[[-1.217,46.783],[-1.225,46.786],[-1.231,46.792]],[[-1.203,46.79],[-1.231,46.792]],[[-1.232,46.855],[-1.231,46.854],[-1.235,46.852]],[[-1.228,46.848],[-1.235,46.852]],[[-1.23,46.837],[-1.228,46.848]],[[-1.221,46.888],[-1.23,46.886],[-1.233,46.883]],[[-1.221,46.875],[-1.225,46.876],[-1.227,46.881],[-1.233,46.883]],[[-1.218,46.835],[-1.212,46.844],[-1.228,46.848]],[[-1.21,46.779],[-1.217,46.773]],[[-1.212,46.768],[-1.217,46.773]],[[-1.203,46.776],[-1.211,46.773],[-1.217,46.773]],[[-1.214,46.755],[-1.209,46.762],[-1.212,46.768]],[[-1.205,46.766],[-1.212,46.768]],[[-1.215,46.875],[-1.218,46.876],[-1.221,46.875]],[[-1.215,46.882],[-1.221,46.875]],[[-1.207,46.867],[-1.213,46.866],[-1.218,46.868],[-1.215,46.875]],[[-1.206,46.874],[-1.215,46.875]],[[-1.207,46.814],[-1.208,46.82],[-1.194,46.833]],[[-1.181,46.805],[-1.192,46.804],[-1.198,46.799],[-1.203,46.79]],[[-1.193,46.789],[-1.203,46.79]],[[-1.187,46.845],[-1.192,46.849],[-1.202,46.851],[-1.204,46.855],[-1.209,46.855],[-1.204,46.86],[-1.205,46.863],[-1.209,46.864],[-1.207,46.867]],[[-1.175,46.865],[-1.19,46.868],[-1.196,46.868],[-1.203,46.867],[-1.207,46.867]],[[-1.185,46.791],[-1.193,46.789]],[[-1.189,46.788],[-1.193,46.789]],[[-1.194,46.879],[-1.199,46.889]],[[-1.187,46.886],[-1.199,46.889]],[[-1.194,46.833],[-1.196,46.838],[-1.189,46.841]],[[-1.183,46.813],[-1.191,46.819],[-1.188,46.827],[-1.194,46.833]],[[-1.189,46.841],[-1.187,46.843]],[[-1.176,46.811],[-1.178,46.818],[-1.175,46.825],[-1.188,46.835],[-1.189,46.841]],[[-1.171,46.844],[-1.184,46.848],[-1.187,46.845]],[[-1.187,46.843],[-1.187,46.845]],[[-1.177,46.835],[-1.181,46.841],[-1.187,46.843]],[[-1.189,46.874],[-1.182,46.884]],[[-1.157,46.871],[-1.156,46.877],[-1.159,46.882],[-1.175,46.889],[-1.184,46.889],[-1.187,46.886]],[[-1.182,46.884],[-1.187,46.886]],[[-1.174,46.876],[-1.172,46.88],[-1.182,46.884]],[[-1.169,46.873],[-1.175,46.865]],[[-1.161,46.858],[-1.17,46.86],[-1.175,46.865]],[[-1.169,46.81],[-1.161,46.813]],[[-1.162,46.851],[-1.171,46.844]],[[-1.156,46.838],[-1.168,46.839],[-1.173,46.841],[-1.171,46.844]],[[-1.161,46.813],[-1.16,46.821]],[[-1.129,46.809],[-1.138,46.803],[-1.143,46.804],[-1.145,46.808],[-1.161,46.813]],[[-1.16,46.821],[-1.155,46.829]],[[-1.152,46.817],[-1.16,46.821]],[[-1.145,46.861],[-1.154,46.861],[-1.16,46.858],[-1.16,46.858],[-1.161,46.858]],[[-1.156,46.855],[-1.161,46.858]],[[-1.144,46.852],[-1.15,46.84],[-1.156,46.838]],[[-1.153,46.837],[-1.156,46.838]],[[-1.155,46.829],[-1.153,46.837]],[[-1.136,46.814],[-1.145,46.827],[-1.155,46.829]],[[-1.145,46.836],[-1.148,46.838],[-1.153,46.837]],[[-1.134,46.844],[-1.145,46.836]],[[-1.13,46.835],[-1.14,46.834],[-1.145,46.836]],[[-1.135,46.849],[-1.132,46.847],[-1.134,46.844]],[[-1.102,46.831],[-1.103,46.835],[-1.134,46.844]],[[-1.115,46.835],[-1.125,46.838],[-1.13,46.835]],[[-1.122,46.827],[-1.127,46.829],[-1.13,46.835]],[[-1.122,46.815],[-1.122,46.827]],[[-1.119,46.827],[-1.122,46.827]],[[-1.103,46.825],[-1.115,46.827],[-1.119,46.827]],[[-1.11,46.817],[-1.119,46.827]]]}},{"type":"Feature","properties":{"nom":"L'EVRE DEPUIS BEAUPREAU JUSQU'A LA CONFLUENCE AVEC LA LOIRE","code":"GR0534","longueurKm":48.55585647248,"strahler":5.0},"geometry":{"type":"MultiLineString","coordinates":[[[-1.037,47.361],[-1.035,47.363]],[[-1.037,47.361],[-1.037,47.362],[-1.035,47.363]],[[-0.982,47.195],[-0.981,47.198],[-0.987,47.199],[-1.0,47.195],[-1.005,47.197],[-1.009,47.19],[-1.018,47.196],[-1.02,47.193],[-1.016,47.189],[-1.019,47.188],[-1.023,47.196],[-1.035,47.193],[-1.04,47.197],[-1.038,47.199],[-1.028,47.201],[-1.023,47.207],[-1.023,47.209],[-1.029,47.21],[-1.04,47.206],[-1.042,47.207],[-1.036,47.219],[-1.026,47.217],[-1.023,47.219],[-1.033,47.225],[-1.03,47.227],[-1.02,47.224],[-1.026,47.229],[-1.022,47.229],[-1.021,47.232],[-1.027,47.238],[-1.032,47.236],[-1.033,47.244],[-1.037,47.247],[-1.045,47.247],[-1.04,47.256],[-1.043,47.26],[-1.049,47.253],[-1.056,47.255],[-1.045,47.265],[-1.058,47.28],[-1.057,47.286],[-1.062,47.289],[-1.06,47.293],[-1.066,47.293],[-1.065,47.298],[-1.072,47.3],[-1.073,47.302],[-1.06,47.307],[-1.055,47.304],[-1.051,47.312],[-1.042,47.317],[-1.042,47.321],[-1.038,47.318],[-1.04,47.313],[-1.036,47.308],[-1.031,47.309],[-1.029,47.319],[-1.023,47.326],[-1.025,47.331],[-1.031,47.333],[-1.035,47.332],[-1.038,47.336],[-1.043,47.335],[-1.045,47.337],[-1.042,47.342],[-1.043,47.353],[-1.037,47.361]],[[-1.035,47.363],[-1.034,47.365]]]}},{"type":"Feature","properties":{"nom":"LA BOULOGNE ET SES AFFLUENTS DEPUIS LA SOURCE JUSQU'AU LAC DE GRAND LIEU","code":"GR0552","longueurKm":303.43127363947,"strahler":5.0},"geometry":{"type":"MultiLineString","coordinates":[[[-1.638,47.039],[-1.642,47.041]],[[-1.631,47.042],[-1.638,47.039]],[[-1.607,47.037],[-1.619,47.043],[-1.628,47.043],[-1.631,47.042]],[[-1.522,47.053],[-1.533,47.058],[-1.564,47.062],[-1.571,47.056],[-1.583,47.054],[-1.607,47.037]],[[-1.588,47.033],[-1.607,47.037]],[[-1.58,47.035],[-1.588,47.033]],[[-1.543,47.003],[-1.556,47.015],[-1.571,47.018],[-1.578,47.029],[-1.588,47.033]],[[-1.539,47.023],[-1.555,47.031],[-1.561,47.03],[-1.571,47.034],[-1.578,47.036],[-1.58,47.035]],[[-1.52,47.035],[-1.527,47.034],[-1.54,47.044],[-1.553,47.044],[-1.557,47.046],[-1.573,47.044],[-1.582,47.039],[-1.58,47.035]],[[-1.482,46.885],[-1.485,46.895],[-1.49,46.898],[-1.487,46.902],[-1.499,46.908],[-1.494,46.912],[-1.495,46.915],[-1.504,46.916],[-1.501,46.929],[-1.505,46.928],[-1.507,46.932],[-1.511,46.932],[-1.513,46.935],[-1.518,46.935],[-1.526,46.946],[-1.534,46.945],[-1.535,46.951],[-1.545,46.957],[-1.543,46.965],[-1.556,46.981],[-1.543,47.003]],[[-1.54,47.001],[-1.543,47.003]],[[-1.541,46.997],[-1.54,47.001]],[[-1.533,46.982],[-1.54,46.986],[-1.543,46.994],[-1.541,46.997]],[[-1.525,46.995],[-1.532,46.995],[-1.541,46.997]],[[-1.527,47.0],[-1.535,47.002],[-1.538,47.003],[-1.54,47.002],[-1.54,47.001],[-1.54,47.001]],[[-1.513,47.032],[-1.517,47.027],[-1.525,47.023],[-1.535,47.024],[-1.539,47.023]],[[-1.517,47.014],[-1.527,47.019],[-1.53,47.018],[-1.539,47.023]],[[-1.533,46.966],[-1.538,46.97],[-1.533,46.976]],[[-1.533,46.976],[-1.533,46.982]],[[-1.526,46.967],[-1.533,46.976]],[[-1.528,46.982],[-1.533,46.982]],[[-1.51,46.984],[-1.513,46.982],[-1.516,46.984],[-1.527,46.984],[-1.528,46.982]],[[-1.509,46.969],[-1.528,46.982]],[[-1.513,47.046],[-1.521,47.049],[-1.522,47.053]],[[-1.517,47.054],[-1.522,47.053]],[[-1.506,47.016],[-1.514,47.016],[-1.517,47.014]],[[-1.512,47.007],[-1.517,47.014]],[[-1.51,46.954],[-1.514,46.963],[-1.509,46.969]],[[-1.496,46.956],[-1.504,46.961],[-1.504,46.967],[-1.509,46.969]],[[-1.487,46.987],[-1.495,46.986],[-1.499,46.988],[-1.502,46.985],[-1.51,46.984]],[[-1.484,46.961],[-1.501,46.979],[-1.508,46.981],[-1.51,46.984]],[[-1.502,46.938],[-1.496,46.941],[-1.479,46.943],[-1.486,46.955]],[[-1.493,47.018],[-1.506,47.016]],[[-1.493,47.006],[-1.495,47.01],[-1.506,47.016]],[[-1.496,46.95],[-1.491,46.955],[-1.486,46.955]],[[-1.492,46.938],[-1.479,46.936],[-1.478,46.932],[-1.473,46.931]],[[-1.46,46.882],[-1.47,46.886],[-1.482,46.885]],[[-1.429,46.821],[-1.435,46.824],[-1.44,46.823],[-1.44,46.831],[-1.446,46.828],[-1.451,46.828],[-1.455,46.833],[-1.452,46.838],[-1.453,46.842],[-1.457,46.844],[-1.463,46.843],[-1.466,46.85],[-1.475,46.851],[-1.479,46.844],[-1.485,46.847],[-1.485,46.855],[-1.491,46.859],[-1.485,46.86],[-1.483,46.862],[-1.493,46.869],[-1.478,46.874],[-1.48,46.88],[-1.473,46.882],[-1.474,46.884],[-1.482,46.885]],[[-1.492,47.027],[-1.493,47.018]],[[-1.474,47.003],[-1.483,47.014],[-1.493,47.018]],[[-1.486,46.955],[-1.484,46.961]],[[-1.475,46.988],[-1.477,46.99],[-1.487,46.987]],[[-1.486,46.974],[-1.481,46.982],[-1.487,46.987]],[[-1.48,46.958],[-1.484,46.961]],[[-1.473,46.931],[-1.472,46.933]],[[-1.472,46.925],[-1.473,46.931]],[[-1.457,46.904],[-1.465,46.909],[-1.472,46.909],[-1.477,46.912],[-1.478,46.918],[-1.472,46.925]],[[-1.464,46.915],[-1.468,46.923],[-1.472,46.925]],[[-1.472,46.933],[-1.466,46.942],[-1.467,46.944],[-1.459,46.952]],[[-1.47,46.932],[-1.472,46.933]],[[-1.459,46.952],[-1.459,46.96],[-1.472,46.968],[-1.473,46.978],[-1.477,46.982],[-1.475,46.988]],[[-1.474,46.988],[-1.475,46.988]],[[-1.457,46.93],[-1.461,46.929],[-1.465,46.933],[-1.47,46.932]],[[-1.458,46.926],[-1.47,46.932]],[[-1.461,46.991],[-1.474,46.988]],[[-1.469,46.982],[-1.474,46.988]],[[-1.465,46.983],[-1.469,46.982]],[[-1.465,46.978],[-1.469,46.982]],[[-1.444,46.881],[-1.45,46.88],[-1.458,46.882],[-1.46,46.882]],[[-1.445,46.875],[-1.455,46.877],[-1.46,46.882]],[[-1.441,46.975],[-1.44,46.974],[-1.451,46.974],[-1.46,46.981],[-1.465,46.978]],[[-1.453,46.959],[-1.465,46.978]],[[-1.456,46.99],[-1.465,46.983]],[[-1.451,46.984],[-1.454,46.982],[-1.465,46.983]],[[-1.461,46.941],[-1.457,46.948],[-1.459,46.952]],[[-1.432,46.895],[-1.45,46.906],[-1.457,46.904]],[[-1.448,46.895],[-1.457,46.904]],[[-1.444,46.924],[-1.45,46.928],[-1.458,46.926]],[[-1.44,46.914],[-1.456,46.917],[-1.458,46.926]],[[-1.447,46.863],[-1.442,46.87],[-1.445,46.875]],[[-1.424,46.867],[-1.439,46.873],[-1.441,46.875],[-1.445,46.874],[-1.445,46.875]],[[-1.438,46.858],[-1.44,46.86],[-1.435,46.862],[-1.426,46.863]],[[-1.429,46.909],[-1.436,46.915],[-1.44,46.914]],[[-1.429,46.904],[-1.436,46.907],[-1.44,46.914]],[[-1.438,46.892],[-1.436,46.891],[-1.432,46.895]],[[-1.428,46.789],[-1.421,46.809]],[[-1.411,46.831],[-1.419,46.829],[-1.419,46.825],[-1.426,46.828],[-1.429,46.821]],[[-1.421,46.814],[-1.421,46.818],[-1.429,46.821]],[[-1.433,46.884],[-1.428,46.883],[-1.42,46.888]],[[-1.422,46.89],[-1.428,46.895],[-1.43,46.896],[-1.432,46.895]],[[-1.426,46.863],[-1.424,46.867]],[[-1.424,46.854],[-1.423,46.859],[-1.426,46.861],[-1.426,46.863]],[[-1.421,46.809],[-1.421,46.814]],[[-1.401,46.783],[-1.408,46.793],[-1.409,46.8],[-1.421,46.809]],[[-1.42,46.815],[-1.421,46.814]],[[-1.415,46.864],[-1.424,46.867]],[[-1.402,46.819],[-1.42,46.815]],[[-1.387,46.797],[-1.398,46.799],[-1.405,46.806],[-1.42,46.815]],[[-1.423,46.878],[-1.414,46.879],[-1.412,46.882]],[[-1.413,46.895],[-1.414,46.892],[-1.422,46.89]],[[-1.42,46.888],[-1.422,46.89]],[[-1.417,46.885],[-1.42,46.888]],[[-1.417,46.853],[-1.415,46.864]],[[-1.415,46.852],[-1.409,46.855],[-1.406,46.859]],[[-1.406,46.859],[-1.408,46.863],[-1.415,46.864]],[[-1.407,46.886],[-1.407,46.888],[-1.412,46.888],[-1.417,46.885]],[[-1.412,46.882],[-1.417,46.885]],[[-1.406,46.763],[-1.399,46.768]],[[-1.415,46.872],[-1.409,46.881]],[[-1.408,46.834],[-1.411,46.834],[-1.411,46.831]],[[-1.383,46.825],[-1.398,46.831],[-1.411,46.831]],[[-1.409,46.847],[-1.406,46.846],[-1.405,46.841],[-1.408,46.834]],[[-1.409,46.881],[-1.412,46.882]],[[-1.367,46.835],[-1.37,46.836],[-1.381,46.832],[-1.385,46.835],[-1.39,46.833],[-1.395,46.837],[-1.404,46.834],[-1.408,46.834]],[[-1.399,46.768],[-1.401,46.783]],[[-1.393,46.778],[-1.401,46.783]],[[-1.404,46.88],[-1.409,46.881]],[[-1.396,46.851],[-1.396,46.858],[-1.406,46.859]],[[-1.396,46.766],[-1.399,46.768]],[[-1.394,46.884],[-1.404,46.88]],[[-1.383,46.86],[-1.385,46.866],[-1.399,46.874],[-1.404,46.88]],[[-1.373,46.777],[-1.386,46.78],[-1.393,46.778]],[[-1.379,46.76],[-1.377,46.767],[-1.38,46.771],[-1.385,46.777],[-1.39,46.776],[-1.393,46.778]],[[-1.392,46.849],[-1.39,46.852],[-1.384,46.853]],[[-1.385,46.844],[-1.38,46.849],[-1.384,46.853]],[[-1.378,46.808],[-1.383,46.825]],[[-1.364,46.813],[-1.372,46.82],[-1.383,46.825]],[[-1.384,46.853],[-1.383,46.86]],[[-1.364,46.848],[-1.372,46.857],[-1.383,46.86]],[[-1.344,46.772],[-1.368,46.779],[-1.373,46.777]],[[-1.356,46.762],[-1.372,46.775],[-1.373,46.777]],[[-1.374,46.802],[-1.364,46.813]],[[-1.368,46.8],[-1.358,46.808]],[[-1.363,46.836],[-1.367,46.835]],[[-1.341,46.817],[-1.359,46.824],[-1.367,46.831],[-1.367,46.835]],[[-1.358,46.808],[-1.364,46.813]],[[-1.356,46.839],[-1.363,46.836]],[[-1.344,46.836],[-1.36,46.833],[-1.363,46.836]],[[-1.357,46.793],[-1.353,46.797],[-1.356,46.8],[-1.353,46.803]],[[-1.353,46.803],[-1.358,46.808]],[[-1.343,46.792],[-1.341,46.798],[-1.353,46.803]],[[-1.329,46.828],[-1.341,46.82],[-1.341,46.817]],[[-1.334,46.815],[-1.341,46.817]],[[-1.337,46.779],[-1.329,46.78],[-1.32,46.784]],[[-1.311,46.812],[-1.328,46.817],[-1.334,46.815]],[[-1.325,46.806],[-1.337,46.812],[-1.334,46.815]],[[-1.331,46.775],[-1.323,46.78],[-1.317,46.779]],[[-1.327,46.76],[-1.327,46.768],[-1.317,46.779]],[[-1.291,46.789],[-1.302,46.792],[-1.316,46.803],[-1.32,46.806],[-1.323,46.807],[-1.325,46.806]],[[-1.32,46.784],[-1.326,46.789],[-1.322,46.796],[-1.325,46.8],[-1.323,46.803],[-1.325,46.806]],[[-1.321,46.76],[-1.308,46.772]],[[-1.315,46.78],[-1.314,46.782],[-1.32,46.784]],[[-1.317,46.779],[-1.315,46.78]],[[-1.308,46.772],[-1.31,46.778],[-1.315,46.78]],[[-1.301,46.772],[-1.308,46.772]],[[-1.302,46.757],[-1.299,46.768]],[[-1.296,46.778],[-1.301,46.772]],[[-1.299,46.771],[-1.301,46.772]],[[-1.299,46.768],[-1.299,46.771]],[[-1.287,46.773],[-1.296,46.771],[-1.299,46.771]],[[-1.292,46.765],[-1.299,46.768]],[[-1.292,46.755],[-1.286,46.758]],[[-1.277,46.769],[-1.291,46.768],[-1.292,46.765]],[[-1.285,46.76],[-1.292,46.765]],[[-1.264,46.77],[-1.266,46.776],[-1.281,46.781],[-1.283,46.788],[-1.287,46.79],[-1.291,46.789]],[[-1.287,46.778],[-1.287,46.786],[-1.291,46.789]],[[-1.288,46.753],[-1.286,46.758]],[[-1.286,46.758],[-1.285,46.76]],[[-1.277,46.753],[-1.278,46.758],[-1.281,46.76],[-1.285,46.761],[-1.285,46.76]],[[-1.281,46.744],[-1.283,46.749],[-1.277,46.753]],[[-1.271,46.75],[-1.277,46.753]],[[-1.276,46.743],[-1.272,46.748]],[[-1.273,46.739],[-1.266,46.743],[-1.272,46.748]],[[-1.272,46.748],[-1.271,46.75]],[[-1.26,46.746],[-1.271,46.75]],[[-1.27,46.765],[-1.264,46.77]],[[-1.264,46.732],[-1.257,46.736]],[[-1.262,46.767],[-1.264,46.77]],[[-1.248,46.744],[-1.254,46.748],[-1.26,46.746]],[[-1.257,46.736],[-1.26,46.746]],[[-1.252,46.729],[-1.257,46.736]],[[-1.237,46.73],[-1.236,46.732],[-1.25,46.741],[-1.248,46.744]],[[-1.198,46.741],[-1.208,46.74],[-1.216,46.744],[-1.232,46.742],[-1.248,46.744]]]}},{"type":"Feature","properties":{"nom":"LE LAY DEPUIS MAREUIL-SUR-LAY-DISSAIS JUSQU'A L'ESTUAIRE","code":"GR0570","longueurKm":50.9710604242,"strahler":6.0},"geometry":{"type":"MultiLineString","coordinates":[[[-1.375,46.384],[-1.371,46.383],[-1.374,46.381]],[[-1.318,46.419],[-1.343,46.404],[-1.376,46.394],[-1.378,46.387],[-1.375,46.384]],[[-1.375,46.384],[-1.374,46.381]],[[-1.374,46.381],[-1.368,46.377],[-1.365,46.371]],[[-1.365,46.371],[-1.373,46.372],[-1.376,46.368],[-1.372,46.365],[-1.364,46.367]],[[-1.365,46.371],[-1.364,46.367]],[[-1.364,46.367],[-1.35,46.351],[-1.336,46.347]],[[-1.294,46.436],[-1.297,46.43],[-1.318,46.419]],[[-1.306,46.44],[-1.3,46.434],[-1.306,46.428],[-1.317,46.426],[-1.321,46.423],[-1.318,46.419]],[[-1.296,46.475],[-1.297,46.469],[-1.289,46.465],[-1.29,46.457],[-1.305,46.447],[-1.306,46.44]],[[-1.306,46.44],[-1.302,46.44],[-1.3,46.441],[-1.294,46.436]],[[-1.296,46.475],[-1.287,46.463],[-1.288,46.449],[-1.294,46.436]],[[-1.295,46.477],[-1.296,46.475]],[[-1.289,46.497],[-1.289,46.497],[-1.289,46.495],[-1.293,46.478],[-1.295,46.477]],[[-1.289,46.497],[-1.295,46.477]],[[-1.261,46.503],[-1.27,46.512],[-1.283,46.513],[-1.291,46.507],[-1.289,46.497]],[[-1.248,46.507],[-1.247,46.504],[-1.251,46.501],[-1.257,46.5],[-1.261,46.503]],[[-1.248,46.507],[-1.254,46.504],[-1.259,46.503],[-1.261,46.503]],[[-1.22,46.534],[-1.225,46.531],[-1.232,46.534],[-1.249,46.533],[-1.256,46.53],[-1.258,46.525],[-1.255,46.523]],[[-1.255,46.523],[-1.254,46.521]],[[-1.255,46.523],[-1.253,46.522],[-1.254,46.521]],[[-1.254,46.521],[-1.248,46.507]]]}},{"type":"Feature","properties":{"nom":"LA VIE ET SES AFFLUENTS DEPUIS LA RETENUE D'APREMONT JUSQU'A L'ESTUAIRE","code":"GR0564B","longueurKm":31.85793103593,"strahler":5.0},"geometry":{"type":"MultiLineString","coordinates":[[[-1.823,46.745],[-1.833,46.741],[-1.841,46.742],[-1.843,46.739],[-1.85,46.74],[-1.861,46.735],[-1.864,46.736],[-1.864,46.734],[-1.877,46.735],[-1.884,46.733],[-1.887,46.736],[-1.894,46.733],[-1.899,46.737],[-1.9,46.733],[-1.897,46.732],[-1.905,46.727]],[[-1.818,46.747],[-1.823,46.745]],[[-1.818,46.747],[-1.819,46.746],[-1.821,46.746],[-1.822,46.745],[-1.823,46.745]],[[-1.743,46.748],[-1.75,46.75],[-1.76,46.745],[-1.77,46.742],[-1.786,46.744],[-1.793,46.75],[-1.798,46.748],[-1.818,46.747]],[[-1.725,46.725],[-1.731,46.734],[-1.743,46.74],[-1.743,46.748]],[[-1.739,46.745],[-1.743,46.748]],[[-1.731,46.712],[-1.731,46.714],[-1.725,46.716]],[[-1.727,46.706],[-1.725,46.716]],[[-1.725,46.716],[-1.728,46.72],[-1.725,46.725]],[[-1.713,46.724],[-1.716,46.726],[-1.725,46.725]],[[-1.721,46.705],[-1.714,46.708],[-1.713,46.724]],[[-1.699,46.704],[-1.699,46.711],[-1.704,46.715],[-1.702,46.721],[-1.713,46.724]]]}},{"type":"Feature","properties":{"nom":"LE GRAND LAY DEPUIS LA RETENUE DE ROCHEREAU JUSQU'A LA RETENUE DE L'ANGLE GUIGNARD","code":"GR0572B","longueurKm":11.78257093302,"strahler":5.0},"geometry":{"type":"LineString","coordinates":[[-0.959,46.69],[-0.964,46.688],[-0.972,46.688],[-0.975,46.682],[-0.982,46.678],[-0.985,46.67],[-0.994,46.669],[-0.999,46.664],[-1.012,46.66],[-1.017,46.654],[-1.03,46.656],[-1.038,46.655],[-1.044,46.659],[-1.047,46.657],[-1.053,46.661],[-1.058,46.66]]}},{"type":"Feature","properties":{"nom":"LE LAY DEPUIS LA RETENUE DE L'ANGLE GUIGNARD JUSQU'A MAREUIL-SUR-LAY-DISSAIS","code":"GR0572D","longueurKm":26.74564650788,"strahler":5.0},"geometry":{"type":"MultiLineString","coordinates":[[[-1.187,46.543],[-1.202,46.542],[-1.205,46.539],[-1.204,46.537],[-1.218,46.536],[-1.22,46.534]],[[-1.185,46.544],[-1.187,46.543]],[[-1.185,46.544],[-1.188,46.545],[-1.187,46.543]],[[-1.161,46.556],[-1.172,46.552],[-1.18,46.544],[-1.185,46.544]],[[-1.157,46.558],[-1.161,46.556]],[[-1.157,46.558],[-1.16,46.558],[-1.161,46.556]],[[-1.156,46.558],[-1.157,46.558]],[[-1.151,46.56],[-1.153,46.558],[-1.156,46.558]],[[-1.151,46.56],[-1.153,46.56],[-1.154,46.558],[-1.155,46.558],[-1.156,46.558]],[[-1.07,46.634],[-1.071,46.636],[-1.073,46.634],[-1.085,46.618],[-1.072,46.609],[-1.061,46.607],[-1.06,46.605],[-1.084,46.595],[-1.09,46.589],[-1.094,46.58],[-1.097,46.578],[-1.105,46.578],[-1.116,46.588],[-1.123,46.589],[-1.13,46.582],[-1.126,46.577],[-1.125,46.563],[-1.131,46.561],[-1.132,46.563],[-1.143,46.563],[-1.151,46.56]]]}},{"type":"Feature","properties":{"nom":"L'YON DEPUIS LA RETENUE DE MOULIN PAPON JUSQU'A LA CONFLUENCE AVEC LE LAY","code":"GR0577B","longueurKm":34.52772391615,"strahler":5.0},"geometry":{"type":"MultiLineString","coordinates":[[[-1.413,46.684],[-1.415,46.681]],[[-1.413,46.684],[-1.414,46.684],[-1.415,46.681]],[[-1.415,46.681],[-1.415,46.671],[-1.422,46.667],[-1.426,46.66],[-1.421,46.656],[-1.427,46.647],[-1.42,46.642],[-1.43,46.638],[-1.418,46.634],[-1.421,46.627],[-1.415,46.619],[-1.401,46.615],[-1.396,46.608]],[[-1.412,46.692],[-1.417,46.689],[-1.413,46.684]],[[-1.396,46.608],[-1.393,46.607],[-1.393,46.606]],[[-1.396,46.608],[-1.393,46.606]],[[-1.393,46.606],[-1.376,46.604],[-1.38,46.596],[-1.374,46.593],[-1.374,46.589],[-1.36,46.586],[-1.367,46.577],[-1.354,46.576],[-1.358,46.568],[-1.35,46.566],[-1.35,46.56],[-1.344,46.555],[-1.341,46.547],[-1.332,46.544],[-1.334,46.536],[-1.32,46.533],[-1.32,46.527],[-1.323,46.527],[-1.318,46.518],[-1.311,46.519],[-1.308,46.514],[-1.291,46.506]]]}},{"type":"Feature","properties":{"nom":"L'ERDRE DEPUIS LE PLAN D'EAU DE L'ERDRE JUSQU'A L'ESTUAIRE DE LA LOIRE","code":"GR0539B","longueurKm":24.14840922428,"strahler":5.0},"geometry":{"type":"MultiLineString","coordinates":[[[-1.496,47.402],[-1.499,47.379],[-1.496,47.367],[-1.51,47.358],[-1.519,47.34],[-1.527,47.337],[-1.525,47.333],[-1.529,47.328],[-1.526,47.319],[-1.531,47.311],[-1.53,47.303],[-1.533,47.295],[-1.527,47.28],[-1.537,47.267],[-1.537,47.258],[-1.55,47.238],[-1.548,47.232],[-1.554,47.227]],[[-1.554,47.227],[-1.555,47.226],[-1.553,47.224]],[[-1.554,47.227],[-1.553,47.224]],[[-1.553,47.224],[-1.54,47.212]]]}},{"type":"Feature","properties":{"nom":"LA SEVRE NANTAISE ET SES AFFLUENTS DEPUIS LA SOURCE JUSQU'A MALLIEVRE","code":"GR0543","longueurKm":508.39982163691,"strahler":5.0},"geometry":{"type":"MultiLineString","coordinates":[[[-0.897,46.871],[-0.884,46.882]],[[-0.894,46.882],[-0.884,46.882]],[[-0.888,46.865],[-0.871,46.871],[-0.865,46.88]],[[-0.884,46.882],[-0.87,46.886]],[[-0.881,46.889],[-0.87,46.886]],[[-0.88,46.874],[-0.865,46.88]],[[-0.876,46.84],[-0.868,46.84],[-0.862,46.837]],[[-0.869,46.823],[-0.859,46.825]],[[-0.871,46.854],[-0.874,46.849],[-0.859,46.845],[-0.844,46.844]],[[-0.87,46.886],[-0.861,46.888],[-0.852,46.896]],[[-0.864,46.82],[-0.86,46.821],[-0.859,46.825]],[[-0.864,46.834],[-0.862,46.837]],[[-0.866,46.862],[-0.87,46.865],[-0.859,46.875],[-0.858,46.884]],[[-0.865,46.88],[-0.858,46.884]],[[-0.862,46.837],[-0.855,46.837],[-0.853,46.841],[-0.844,46.844]],[[-0.852,46.896],[-0.857,46.898],[-0.86,46.897],[-0.86,46.902],[-0.867,46.911]],[[-0.859,46.825],[-0.844,46.825],[-0.84,46.83]],[[-0.858,46.884],[-0.852,46.887],[-0.844,46.886]],[[-0.852,46.81],[-0.841,46.811],[-0.839,46.808]],[[-0.854,46.877],[-0.844,46.886]],[[-0.847,46.802],[-0.839,46.808]],[[-0.841,46.89],[-0.847,46.89],[-0.852,46.896]],[[-0.85,46.874],[-0.839,46.886]],[[-0.847,46.831],[-0.84,46.83]],[[-0.844,46.844],[-0.837,46.842],[-0.836,46.845],[-0.831,46.844],[-0.824,46.849]],[[-0.84,46.794],[-0.829,46.798],[-0.817,46.796],[-0.811,46.799]],[[-0.839,46.808],[-0.832,46.809],[-0.826,46.815],[-0.816,46.819],[-0.82,46.825],[-0.816,46.83],[-0.815,46.838]],[[-0.84,46.83],[-0.815,46.838]],[[-0.844,46.886],[-0.839,46.886]],[[-0.838,46.887],[-0.842,46.888],[-0.841,46.89]],[[-0.833,46.885],[-0.832,46.887],[-0.841,46.89]],[[-0.839,46.886],[-0.838,46.887]],[[-0.833,46.885],[-0.837,46.887],[-0.838,46.887]],[[-0.827,46.882],[-0.833,46.885]],[[-0.821,46.882],[-0.825,46.884],[-0.827,46.882]],[[-0.821,46.882],[-0.822,46.881],[-0.827,46.882]],[[-0.824,46.849],[-0.821,46.848],[-0.818,46.849]],[[-0.824,46.849],[-0.823,46.849],[-0.821,46.849],[-0.818,46.849]],[[-0.823,46.855],[-0.818,46.849]],[[-0.82,46.881],[-0.821,46.882]],[[-0.818,46.849],[-0.803,46.854],[-0.795,46.854],[-0.794,46.858]],[[-0.813,46.783],[-0.811,46.785]],[[-0.816,46.88],[-0.818,46.881],[-0.818,46.881],[-0.82,46.881]],[[-0.819,46.881],[-0.82,46.881]],[[-0.813,46.876],[-0.816,46.875],[-0.819,46.881]],[[-0.816,46.88],[-0.819,46.881]],[[-0.815,46.838],[-0.811,46.84]],[[-0.811,46.785],[-0.808,46.788],[-0.811,46.799]],[[-0.81,46.783],[-0.811,46.785]],[[-0.811,46.799],[-0.796,46.807]],[[-0.813,46.876],[-0.816,46.88]],[[-0.811,46.84],[-0.805,46.846],[-0.788,46.851]],[[-0.805,46.837],[-0.811,46.84]],[[-0.809,46.813],[-0.8,46.816],[-0.797,46.814]],[[-0.802,46.884],[-0.813,46.876]],[[-0.8,46.865],[-0.808,46.869],[-0.813,46.876]],[[-0.807,46.824],[-0.804,46.819],[-0.792,46.819]],[[-0.802,46.775],[-0.798,46.776],[-0.788,46.773]],[[-0.8,46.779],[-0.794,46.784],[-0.783,46.786],[-0.778,46.79],[-0.779,46.792],[-0.77,46.797]],[[-0.797,46.814],[-0.792,46.819]],[[-0.796,46.807],[-0.797,46.814]],[[-0.79,46.885],[-0.802,46.884]],[[-0.789,46.907],[-0.799,46.905],[-0.809,46.9],[-0.802,46.884]],[[-0.797,46.862],[-0.8,46.862],[-0.8,46.865]],[[-0.795,46.863],[-0.8,46.865]],[[-0.788,46.798],[-0.785,46.799],[-0.785,46.804],[-0.793,46.804],[-0.796,46.807]],[[-0.792,46.772],[-0.788,46.773]],[[-0.795,46.863],[-0.797,46.862]],[[-0.794,46.858],[-0.797,46.862]],[[-0.789,46.766],[-0.781,46.77]],[[-0.794,46.858],[-0.795,46.863]],[[-0.792,46.819],[-0.786,46.834]],[[-0.788,46.773],[-0.781,46.77]],[[-0.794,46.858],[-0.794,46.858]],[[-0.79,46.856],[-0.794,46.858]],[[-0.767,46.86],[-0.788,46.859],[-0.79,46.856]],[[-0.787,46.852],[-0.79,46.856]],[[-0.788,46.851],[-0.787,46.852]],[[-0.783,46.844],[-0.788,46.845],[-0.788,46.851]],[[-0.785,46.891],[-0.79,46.885]],[[-0.781,46.886],[-0.79,46.885]],[[-0.786,46.834],[-0.78,46.837],[-0.779,46.839]],[[-0.786,46.834],[-0.779,46.839]],[[-0.781,46.77],[-0.769,46.77]],[[-0.783,46.844],[-0.783,46.849],[-0.787,46.852]],[[-0.778,46.841],[-0.783,46.844]],[[-0.785,46.9],[-0.788,46.894],[-0.785,46.891]],[[-0.778,46.895],[-0.78,46.893],[-0.784,46.891],[-0.785,46.891]],[[-0.779,46.839],[-0.778,46.841]],[[-0.769,46.882],[-0.776,46.882],[-0.781,46.886]],[[-0.762,46.883],[-0.776,46.887],[-0.78,46.885],[-0.781,46.886]],[[-0.773,46.841],[-0.778,46.841]],[[-0.772,46.777],[-0.772,46.771],[-0.769,46.77]],[[-0.769,46.77],[-0.761,46.768],[-0.755,46.77],[-0.753,46.772]],[[-0.77,46.787],[-0.766,46.789],[-0.77,46.797]],[[-0.771,46.838],[-0.773,46.841]],[[-0.771,46.838],[-0.772,46.84],[-0.773,46.841]],[[-0.772,46.826],[-0.761,46.828],[-0.76,46.83]],[[-0.772,46.826],[-0.76,46.83]],[[-0.765,46.81],[-0.77,46.81],[-0.769,46.814],[-0.777,46.821],[-0.772,46.826]],[[-0.77,46.797],[-0.764,46.803]],[[-0.758,46.831],[-0.771,46.838]],[[-0.764,46.774],[-0.757,46.773]],[[-0.77,46.87],[-0.767,46.86]],[[-0.75,46.806],[-0.754,46.811],[-0.761,46.812],[-0.765,46.81]],[[-0.764,46.803],[-0.765,46.81]],[[-0.757,46.799],[-0.764,46.803]],[[-0.763,46.86],[-0.766,46.859],[-0.767,46.86]],[[-0.759,46.779],[-0.757,46.773]],[[-0.757,46.773],[-0.753,46.772]],[[-0.757,46.864],[-0.763,46.86]],[[-0.758,46.857],[-0.763,46.86]],[[-0.76,46.83],[-0.758,46.831]],[[-0.757,46.783],[-0.743,46.782]],[[-0.709,46.821],[-0.724,46.823],[-0.725,46.821],[-0.733,46.822],[-0.738,46.829],[-0.746,46.831],[-0.751,46.83],[-0.751,46.831],[-0.757,46.832],[-0.758,46.831]],[[-0.753,46.772],[-0.749,46.774]],[[-0.753,46.772],[-0.753,46.772],[-0.749,46.774]],[[-0.758,46.854],[-0.758,46.857]],[[-0.752,46.853],[-0.758,46.857]],[[-0.746,46.862],[-0.751,46.864],[-0.755,46.863],[-0.757,46.864],[-0.757,46.864]],[[-0.757,46.87],[-0.757,46.864]],[[-0.75,46.766],[-0.745,46.77],[-0.746,46.778]],[[-0.746,46.872],[-0.749,46.873],[-0.757,46.87]],[[-0.756,46.88],[-0.762,46.874],[-0.757,46.87]],[[-0.749,46.774],[-0.746,46.778]],[[-0.74,46.857],[-0.752,46.853]],[[-0.749,46.848],[-0.752,46.853]],[[-0.746,46.778],[-0.743,46.782]],[[-0.747,46.789],[-0.736,46.789]],[[-0.746,46.804],[-0.735,46.799],[-0.731,46.799]],[[-0.743,46.782],[-0.742,46.785],[-0.736,46.789]],[[-0.736,46.868],[-0.746,46.862]],[[-0.73,46.863],[-0.739,46.861],[-0.746,46.862]],[[-0.738,46.756],[-0.739,46.761],[-0.731,46.772],[-0.727,46.774]],[[-0.735,46.752],[-0.721,46.756],[-0.711,46.75],[-0.704,46.749]],[[-0.736,46.789],[-0.721,46.789]],[[-0.732,46.746],[-0.705,46.747]],[[-0.733,46.804],[-0.731,46.799]],[[-0.731,46.799],[-0.718,46.8]],[[-0.727,46.763],[-0.727,46.774]],[[-0.727,46.774],[-0.724,46.777]],[[-0.728,46.809],[-0.713,46.805]],[[-0.723,46.737],[-0.708,46.741],[-0.705,46.747]],[[-0.724,46.777],[-0.727,46.782],[-0.721,46.787]],[[-0.716,46.767],[-0.711,46.771],[-0.716,46.775],[-0.721,46.773],[-0.724,46.777]],[[-0.721,46.787],[-0.721,46.789]],[[-0.708,46.778],[-0.71,46.785],[-0.721,46.787]],[[-0.721,46.789],[-0.717,46.793],[-0.718,46.8]],[[-0.718,46.8],[-0.714,46.804]],[[-0.712,46.726],[-0.7,46.73],[-0.689,46.728]],[[-0.709,46.722],[-0.703,46.725],[-0.689,46.728]],[[-0.714,46.804],[-0.707,46.806]],[[-0.714,46.804],[-0.713,46.805]],[[-0.713,46.805],[-0.707,46.806]],[[-0.706,46.699],[-0.698,46.704],[-0.691,46.724]],[[-0.704,46.721],[-0.691,46.724]],[[-0.705,46.747],[-0.704,46.749]],[[-0.701,46.811],[-0.708,46.816],[-0.709,46.821]],[[-0.682,46.821],[-0.709,46.821]],[[-0.704,46.749],[-0.698,46.752]],[[-0.707,46.806],[-0.702,46.808]],[[-0.701,46.762],[-0.685,46.762]],[[-0.698,46.752],[-0.691,46.755]],[[-0.695,46.744],[-0.698,46.752]],[[-0.702,46.808],[-0.699,46.808]],[[-0.702,46.808],[-0.701,46.811]],[[-0.699,46.808],[-0.701,46.811]],[[-0.699,46.808],[-0.699,46.808]],[[-0.696,46.807],[-0.698,46.808],[-0.699,46.808]],[[-0.696,46.807],[-0.699,46.808]],[[-0.695,46.806],[-0.696,46.807]],[[-0.692,46.739],[-0.684,46.74],[-0.679,46.738]],[[-0.691,46.724],[-0.686,46.729]],[[-0.693,46.805],[-0.695,46.806]],[[-0.693,46.805],[-0.693,46.806],[-0.695,46.806]],[[-0.691,46.755],[-0.685,46.76]],[[-0.691,46.755],[-0.69,46.755],[-0.684,46.757],[-0.685,46.76]],[[-0.689,46.728],[-0.686,46.729]],[[-0.692,46.803],[-0.693,46.805]],[[-0.685,46.693],[-0.674,46.699],[-0.662,46.698]],[[-0.691,46.801],[-0.693,46.802],[-0.692,46.803]],[[-0.691,46.801],[-0.692,46.803]],[[-0.686,46.729],[-0.686,46.732]],[[-0.686,46.732],[-0.684,46.735]],[[-0.679,46.722],[-0.676,46.725],[-0.68,46.732],[-0.683,46.732],[-0.684,46.732],[-0.685,46.732],[-0.686,46.732]],[[-0.689,46.799],[-0.691,46.801]],[[-0.688,46.797],[-0.689,46.799]],[[-0.688,46.797],[-0.688,46.798],[-0.689,46.799]],[[-0.684,46.735],[-0.675,46.739],[-0.675,46.742]],[[-0.684,46.735],[-0.679,46.738]],[[-0.685,46.76],[-0.685,46.762]],[[-0.685,46.762],[-0.659,46.779]],[[-0.684,46.795],[-0.688,46.797]],[[-0.68,46.688],[-0.662,46.698]],[[-0.663,46.782],[-0.666,46.784],[-0.68,46.788],[-0.678,46.791],[-0.682,46.795],[-0.683,46.795],[-0.684,46.795],[-0.684,46.795]],[[-0.675,46.795],[-0.684,46.795]],[[-0.678,46.716],[-0.664,46.717]],[[-0.679,46.738],[-0.675,46.742]],[[-0.681,46.825],[-0.682,46.821]],[[-0.667,46.819],[-0.682,46.821]],[[-0.677,46.835],[-0.684,46.829],[-0.681,46.825]],[[-0.661,46.835],[-0.672,46.826],[-0.672,46.826],[-0.675,46.826],[-0.68,46.825],[-0.681,46.825]],[[-0.675,46.742],[-0.667,46.747]],[[-0.673,46.712],[-0.665,46.714],[-0.664,46.717]],[[-0.662,46.803],[-0.67,46.8],[-0.675,46.795]],[[-0.652,46.792],[-0.675,46.795]],[[-0.665,46.707],[-0.659,46.704],[-0.657,46.7]],[[-0.667,46.747],[-0.658,46.755],[-0.65,46.754],[-0.633,46.76]],[[-0.659,46.736],[-0.661,46.743],[-0.667,46.747]],[[-0.664,46.717],[-0.658,46.72],[-0.647,46.722]],[[-0.662,46.698],[-0.657,46.7]],[[-0.662,46.728],[-0.647,46.722]],[[-0.648,46.833],[-0.658,46.828],[-0.658,46.824],[-0.667,46.819]],[[-0.637,46.822],[-0.644,46.822],[-0.657,46.815],[-0.667,46.819]],[[-0.66,46.781],[-0.663,46.782]],[[-0.66,46.781],[-0.66,46.782],[-0.663,46.782]],[[-0.657,46.7],[-0.649,46.699],[-0.642,46.701]],[[-0.654,46.682],[-0.64,46.69]],[[-0.656,46.709],[-0.639,46.72]],[[-0.659,46.779],[-0.66,46.781]],[[-0.656,46.779],[-0.659,46.779]],[[-0.652,46.692],[-0.641,46.698]],[[-0.651,46.776],[-0.653,46.775],[-0.656,46.779]],[[-0.651,46.776],[-0.656,46.779]],[[-0.648,46.673],[-0.634,46.685]],[[-0.647,46.722],[-0.639,46.72]],[[-0.648,46.774],[-0.651,46.776]],[[-0.635,46.815],[-0.638,46.806],[-0.645,46.804],[-0.652,46.792]],[[-0.616,46.796],[-0.616,46.793],[-0.627,46.789],[-0.639,46.789],[-0.645,46.792],[-0.652,46.792]],[[-0.643,46.672],[-0.633,46.68]],[[-0.641,46.668],[-0.633,46.68]],[[-0.646,46.772],[-0.648,46.774]],[[-0.642,46.77],[-0.648,46.774]],[[-0.642,46.701],[-0.632,46.703]],[[-0.641,46.698],[-0.642,46.701]],[[-0.64,46.696],[-0.641,46.698]],[[-0.645,46.771],[-0.645,46.772],[-0.646,46.772]],[[-0.645,46.771],[-0.646,46.772]],[[-0.64,46.69],[-0.64,46.696]],[[-0.634,46.685],[-0.64,46.69]],[[-0.64,46.696],[-0.639,46.696],[-0.637,46.697],[-0.636,46.698],[-0.632,46.703]],[[-0.643,46.77],[-0.645,46.771]],[[-0.642,46.77],[-0.643,46.77]],[[-0.631,46.763],[-0.643,46.77]],[[-0.639,46.72],[-0.621,46.713]],[[-0.633,46.767],[-0.642,46.77]],[[-0.633,46.68],[-0.632,46.684],[-0.634,46.685]],[[-0.632,46.703],[-0.627,46.705],[-0.621,46.713]],[[-0.625,46.771],[-0.633,46.767]],[[-0.631,46.763],[-0.629,46.764],[-0.633,46.767]],[[-0.633,46.76],[-0.631,46.763]],[[-0.624,46.751],[-0.633,46.76]],[[-0.627,46.818],[-0.635,46.815]],[[-0.632,46.819],[-0.635,46.815]],[[-0.621,46.66],[-0.612,46.665],[-0.608,46.674]],[[-0.621,46.669],[-0.613,46.674],[-0.608,46.674]],[[-0.627,46.779],[-0.625,46.778],[-0.628,46.775],[-0.625,46.771]],[[-0.619,46.678],[-0.611,46.684],[-0.6,46.684],[-0.587,46.686]],[[-0.622,46.749],[-0.624,46.751]],[[-0.615,46.752],[-0.622,46.751],[-0.624,46.751]],[[-0.609,46.774],[-0.618,46.774],[-0.625,46.771]],[[-0.621,46.713],[-0.62,46.713]],[[-0.619,46.74],[-0.618,46.746],[-0.621,46.749],[-0.622,46.749]],[[-0.619,46.74],[-0.622,46.749]],[[-0.62,46.713],[-0.61,46.715]],[[-0.62,46.713],[-0.616,46.712],[-0.61,46.715]],[[-0.612,46.723],[-0.618,46.726],[-0.615,46.733],[-0.619,46.74]],[[-0.601,46.751],[-0.615,46.752]],[[-0.609,46.759],[-0.615,46.752]],[[-0.608,46.719],[-0.612,46.723]],[[-0.608,46.719],[-0.61,46.721],[-0.612,46.723]],[[-0.608,46.674],[-0.592,46.68],[-0.587,46.686]],[[-0.607,46.802],[-0.616,46.796]],[[-0.609,46.815],[-0.618,46.81],[-0.622,46.804],[-0.616,46.796]],[[-0.61,46.715],[-0.607,46.717]],[[-0.607,46.717],[-0.608,46.719]],[[-0.605,46.715],[-0.607,46.717]],[[-0.595,46.796],[-0.609,46.788],[-0.609,46.774]],[[-0.606,46.774],[-0.608,46.774],[-0.609,46.774]],[[-0.604,46.713],[-0.605,46.715]],[[-0.604,46.713],[-0.604,46.714],[-0.605,46.715]],[[-0.602,46.711],[-0.604,46.713]],[[-0.599,46.709],[-0.599,46.711],[-0.601,46.711],[-0.602,46.711]],[[-0.601,46.709],[-0.602,46.711]],[[-0.598,46.781],[-0.606,46.774]],[[-0.598,46.773],[-0.606,46.774]],[[-0.598,46.658],[-0.585,46.679]],[[-0.599,46.807],[-0.607,46.802]],[[-0.601,46.813],[-0.609,46.809],[-0.607,46.802]],[[-0.597,46.671],[-0.593,46.676],[-0.585,46.679]],[[-0.596,46.707],[-0.598,46.707],[-0.599,46.709]],[[-0.596,46.707],[-0.599,46.709]],[[-0.587,46.756],[-0.601,46.751]],[[-0.594,46.744],[-0.601,46.751]],[[-0.593,46.653],[-0.574,46.667],[-0.563,46.667]],[[-0.592,46.645],[-0.576,46.654],[-0.575,46.66],[-0.563,46.667]],[[-0.576,46.701],[-0.585,46.701],[-0.596,46.707]],[[-0.597,46.73],[-0.599,46.737],[-0.594,46.744]],[[-0.595,46.785],[-0.59,46.782],[-0.598,46.773]],[[-0.565,46.793],[-0.58,46.785],[-0.588,46.773],[-0.594,46.771],[-0.598,46.773]],[[-0.581,46.739],[-0.588,46.74],[-0.594,46.744]],[[-0.592,46.811],[-0.595,46.796]],[[-0.575,46.798],[-0.591,46.794],[-0.595,46.796]],[[-0.585,46.639],[-0.574,46.643],[-0.572,46.648],[-0.56,46.654]],[[-0.587,46.686],[-0.583,46.687]],[[-0.585,46.679],[-0.582,46.683],[-0.583,46.687]],[[-0.583,46.687],[-0.578,46.692],[-0.576,46.701]],[[-0.579,46.748],[-0.587,46.756]],[[-0.579,46.76],[-0.585,46.756],[-0.586,46.756],[-0.587,46.756]],[[-0.583,46.726],[-0.577,46.732],[-0.581,46.739]],[[-0.57,46.738],[-0.573,46.738],[-0.579,46.739],[-0.581,46.739]],[[-0.574,46.634],[-0.56,46.654]],[[-0.571,46.7],[-0.573,46.701],[-0.576,46.701]],[[-0.566,46.767],[-0.57,46.767],[-0.579,46.76]],[[-0.558,46.76],[-0.579,46.76]],[[-0.561,46.7],[-0.568,46.701],[-0.571,46.7]],[[-0.561,46.7],[-0.571,46.7]],[[-0.56,46.748],[-0.566,46.745],[-0.57,46.738]],[[-0.565,46.738],[-0.57,46.738]],[[-0.561,46.63],[-0.559,46.634],[-0.54,46.643],[-0.537,46.646]],[[-0.568,46.726],[-0.562,46.733],[-0.565,46.738]],[[-0.563,46.667],[-0.553,46.671]],[[-0.56,46.654],[-0.556,46.657]],[[-0.558,46.74],[-0.565,46.738]],[[-0.557,46.774],[-0.566,46.767]],[[-0.552,46.767],[-0.566,46.767]],[[-0.559,46.7],[-0.561,46.7]],[[-0.552,46.687],[-0.559,46.7]],[[-0.558,46.7],[-0.559,46.7]],[[-0.556,46.657],[-0.557,46.665],[-0.552,46.669],[-0.553,46.671]],[[-0.555,46.646],[-0.553,46.652],[-0.556,46.657]],[[-0.554,46.627],[-0.543,46.629],[-0.53,46.637],[-0.528,46.641],[-0.537,46.646]],[[-0.553,46.703],[-0.555,46.703],[-0.558,46.7]],[[-0.558,46.699],[-0.558,46.7]],[[-0.552,46.687],[-0.558,46.699]],[[-0.553,46.703],[-0.556,46.701],[-0.557,46.7],[-0.557,46.699],[-0.558,46.699]],[[-0.557,46.741],[-0.558,46.74]],[[-0.554,46.731],[-0.558,46.74]],[[-0.553,46.671],[-0.548,46.678]],[[-0.556,46.718],[-0.556,46.71],[-0.551,46.708],[-0.551,46.703]],[[-0.55,46.743],[-0.555,46.74],[-0.557,46.741]],[[-0.556,46.743],[-0.557,46.741]],[[-0.555,46.73],[-0.554,46.731]],[[-0.548,46.68],[-0.552,46.687]],[[-0.551,46.703],[-0.553,46.703]],[[-0.531,46.706],[-0.548,46.702],[-0.553,46.703]],[[-0.551,46.724],[-0.55,46.727],[-0.554,46.731]],[[-0.546,46.785],[-0.554,46.782],[-0.557,46.774]],[[-0.53,46.781],[-0.536,46.775],[-0.548,46.773],[-0.557,46.774]],[[-0.539,46.705],[-0.543,46.705],[-0.545,46.704],[-0.55,46.703],[-0.551,46.703]],[[-0.548,46.678],[-0.548,46.68]],[[-0.546,46.677],[-0.548,46.678]],[[-0.546,46.677],[-0.548,46.68]],[[-0.527,46.653],[-0.529,46.658],[-0.535,46.662],[-0.536,46.667],[-0.543,46.67],[-0.546,46.677]],[[-0.544,46.746],[-0.55,46.743]],[[-0.543,46.741],[-0.55,46.743]],[[-0.541,46.645],[-0.537,46.647]],[[-0.539,46.626],[-0.526,46.635],[-0.517,46.636]],[[-0.522,46.748],[-0.53,46.749],[-0.544,46.746]],[[-0.544,46.755],[-0.546,46.752],[-0.544,46.746]],[[-0.537,46.646],[-0.537,46.647]],[[-0.537,46.647],[-0.527,46.653]],[[-0.54,46.717],[-0.545,46.713],[-0.539,46.705]],[[-0.531,46.706],[-0.539,46.705]],[[-0.533,46.698],[-0.528,46.701]],[[-0.532,46.724],[-0.529,46.724],[-0.524,46.719]],[[-0.514,46.647],[-0.527,46.653]],[[-0.528,46.706],[-0.531,46.706]],[[-0.528,46.701],[-0.528,46.706]],[[-0.512,46.687],[-0.521,46.685],[-0.52,46.695],[-0.528,46.696],[-0.526,46.698],[-0.528,46.701]],[[-0.517,46.711],[-0.524,46.71],[-0.527,46.706],[-0.528,46.706],[-0.528,46.706]],[[-0.52,46.622],[-0.522,46.626],[-0.515,46.63]],[[-0.515,46.727],[-0.524,46.719]],[[-0.524,46.719],[-0.523,46.718]],[[-0.523,46.718],[-0.517,46.713]],[[-0.523,46.718],[-0.523,46.716],[-0.517,46.713]],[[-0.517,46.636],[-0.513,46.643]],[[-0.515,46.63],[-0.517,46.636]],[[-0.509,46.627],[-0.515,46.63]],[[-0.52,46.752],[-0.522,46.748]],[[-0.517,46.742],[-0.522,46.748]],[[-0.513,46.643],[-0.514,46.647]],[[-0.489,46.659],[-0.494,46.653],[-0.505,46.649],[-0.505,46.647],[-0.513,46.647],[-0.514,46.647]],[[-0.49,46.644],[-0.506,46.641],[-0.513,46.643]],[[-0.517,46.713],[-0.517,46.711]],[[-0.515,46.711],[-0.517,46.711]],[[-0.508,46.711],[-0.515,46.711]],[[-0.503,46.699],[-0.509,46.699],[-0.515,46.703],[-0.515,46.711]],[[-0.493,46.627],[-0.495,46.626],[-0.499,46.628],[-0.5,46.627],[-0.506,46.628],[-0.509,46.627]],[[-0.494,46.613],[-0.509,46.627]],[[-0.487,46.715],[-0.508,46.711]],[[-0.504,46.719],[-0.508,46.715],[-0.508,46.711]],[[-0.508,46.726],[-0.509,46.723],[-0.504,46.719]],[[-0.475,46.693],[-0.482,46.693],[-0.49,46.701],[-0.503,46.699]],[[-0.492,46.68],[-0.491,46.684],[-0.502,46.694],[-0.503,46.699]],[[-0.499,46.731],[-0.493,46.723],[-0.504,46.719]],[[-0.496,46.604],[-0.498,46.608],[-0.494,46.613]],[[-0.49,46.612],[-0.494,46.613]],[[-0.482,46.647],[-0.49,46.644]],[[-0.472,46.638],[-0.48,46.638],[-0.49,46.644]],[[-0.477,46.663],[-0.489,46.659]],[[-0.48,46.668],[-0.49,46.663],[-0.489,46.659]],[[-0.485,46.675],[-0.484,46.681],[-0.477,46.685]],[[-0.478,46.72],[-0.487,46.715]],[[-0.481,46.707],[-0.487,46.715]],[[-0.472,46.653],[-0.479,46.651],[-0.482,46.647]],[[-0.464,46.641],[-0.461,46.645],[-0.465,46.648],[-0.475,46.649],[-0.481,46.647],[-0.482,46.647]],[[-0.477,46.685],[-0.475,46.693]],[[-0.474,46.683],[-0.477,46.685]],[[-0.472,46.721],[-0.478,46.72]],[[-0.471,46.733],[-0.48,46.725],[-0.478,46.72]],[[-0.452,46.702],[-0.46,46.696],[-0.475,46.693]],[[-0.455,46.665],[-0.459,46.665],[-0.47,46.659],[-0.472,46.653]],[[-0.471,46.654],[-0.472,46.653],[-0.472,46.653]],[[-0.414,46.698],[-0.421,46.699],[-0.426,46.693],[-0.441,46.69],[-0.446,46.687],[-0.452,46.687],[-0.474,46.683]],[[-0.471,46.677],[-0.474,46.683]],[[-0.46,46.661],[-0.471,46.654]],[[-0.462,46.654],[-0.471,46.654]],[[-0.474,46.706],[-0.472,46.721]],[[-0.471,46.665],[-0.469,46.668],[-0.471,46.677]],[[-0.445,46.671],[-0.46,46.677],[-0.464,46.678],[-0.469,46.676],[-0.471,46.677]],[[-0.464,46.722],[-0.465,46.722],[-0.472,46.721]],[[-0.449,46.659],[-0.462,46.654]],[[-0.442,46.65],[-0.457,46.648],[-0.462,46.654]],[[-0.46,46.724],[-0.464,46.722]],[[-0.44,46.721],[-0.451,46.717],[-0.464,46.722]],[[-0.437,46.713],[-0.452,46.702]],[[-0.445,46.695],[-0.452,46.702]],[[-0.426,46.72],[-0.437,46.713]],[[-0.426,46.71],[-0.437,46.713]]]}},{"type":"Feature","properties":{"nom":"LA SEVRE NANTAISE DEPUIS MALLIEVRE JUSQU'A LA CONFLUENCE AVEC LA MOINE","code":"GR0544","longueurKm":62.27208127206,"strahler":5.0},"geometry":{"type":"MultiLineString","coordinates":[[[-1.149,47.03],[-1.155,47.031],[-1.157,47.034],[-1.163,47.032],[-1.169,47.034],[-1.201,47.04],[-1.202,47.046],[-1.208,47.046],[-1.21,47.05],[-1.221,47.054],[-1.231,47.065],[-1.24,47.069],[-1.247,47.067],[-1.253,47.074],[-1.26,47.075],[-1.26,47.079],[-1.268,47.084],[-1.275,47.083],[-1.278,47.086]],[[-0.949,46.98],[-0.96,46.986],[-0.957,46.991],[-0.967,46.996],[-0.978,46.994],[-0.988,47.0],[-1.005,47.002],[-1.014,47.001],[-1.019,47.005],[-1.036,47.004],[-1.04,47.007],[-1.044,47.004],[-1.048,47.007],[-1.055,47.004],[-1.059,47.009],[-1.064,47.008],[-1.067,47.013],[-1.074,47.008],[-1.081,47.013],[-1.085,47.012],[-1.092,47.016],[-1.097,47.013],[-1.111,47.016],[-1.119,47.021],[-1.144,47.025],[-1.149,47.03]],[[-1.106,47.046],[-1.126,47.036],[-1.137,47.035],[-1.14,47.032],[-1.147,47.03],[-1.149,47.03]],[[-1.094,47.054],[-1.102,47.05],[-1.106,47.046]],[[-1.086,47.043],[-1.1,47.043],[-1.106,47.046]],[[-1.086,47.06],[-1.094,47.054]],[[-1.067,47.057],[-1.077,47.055],[-1.084,47.051],[-1.091,47.052],[-1.094,47.054]],[[-0.948,46.978],[-0.949,46.98]],[[-0.948,46.978],[-0.948,46.979],[-0.949,46.98]],[[-0.907,46.968],[-0.915,46.969],[-0.924,46.964],[-0.928,46.967],[-0.931,46.965],[-0.94,46.965],[-0.944,46.968],[-0.944,46.972],[-0.949,46.974],[-0.948,46.978]],[[-0.905,46.967],[-0.907,46.967],[-0.907,46.968]],[[-0.905,46.967],[-0.907,46.968]],[[-0.903,46.966],[-0.904,46.967],[-0.905,46.967]],[[-0.903,46.966],[-0.905,46.967]],[[-0.903,46.965],[-0.903,46.966]],[[-0.902,46.965],[-0.903,46.966]],[[-0.902,46.965],[-0.903,46.965]],[[-0.901,46.964],[-0.903,46.965]],[[-0.901,46.964],[-0.902,46.965]],[[-0.867,46.911],[-0.875,46.917],[-0.873,46.928],[-0.867,46.929],[-0.869,46.934],[-0.882,46.944],[-0.881,46.948],[-0.889,46.958],[-0.889,46.962],[-0.896,46.962],[-0.901,46.964]]]}},{"type":"Feature","properties":{"nom":"LE MARILLET ET SES AFFLUENTS DEPUIS LE COMPLEXE DE MARILLET JUSQU'A LA CONFLUENCE AVEC LE LAY","code":"GR0576B","longueurKm":72.11300918229,"strahler":5.0},"geometry":{"type":"MultiLineString","coordinates":[[[-1.238,46.558],[-1.238,46.553],[-1.228,46.554],[-1.228,46.545],[-1.225,46.546]],[[-1.225,46.546],[-1.219,46.544],[-1.217,46.539],[-1.232,46.534]],[[-1.228,46.575],[-1.22,46.575],[-1.216,46.57]],[[-1.222,46.556],[-1.22,46.553],[-1.225,46.55],[-1.225,46.546]],[[-1.226,46.561],[-1.226,46.556],[-1.222,46.556]],[[-1.212,46.562],[-1.216,46.556],[-1.219,46.558],[-1.222,46.556]],[[-1.22,46.567],[-1.216,46.57]],[[-1.216,46.57],[-1.213,46.571]],[[-1.213,46.588],[-1.215,46.578]],[[-1.213,46.593],[-1.222,46.582],[-1.221,46.58],[-1.215,46.578]],[[-1.215,46.578],[-1.213,46.571]],[[-1.213,46.571],[-1.21,46.568]],[[-1.21,46.568],[-1.212,46.562]],[[-1.209,46.561],[-1.212,46.562]],[[-1.198,46.573],[-1.197,46.571],[-1.202,46.572],[-1.203,46.569],[-1.207,46.57],[-1.21,46.568]],[[-1.195,46.564],[-1.209,46.561]],[[-1.206,46.558],[-1.209,46.561]],[[-1.205,46.579],[-1.2,46.575]],[[-1.205,46.588],[-1.198,46.58],[-1.2,46.575]],[[-1.2,46.575],[-1.198,46.573]],[[-1.187,46.581],[-1.198,46.573]],[[-1.204,46.654],[-1.19,46.644],[-1.18,46.643],[-1.18,46.64],[-1.17,46.635]],[[-1.196,46.593],[-1.191,46.588]],[[-1.198,46.639],[-1.194,46.637]],[[-1.193,46.597],[-1.191,46.588]],[[-1.191,46.588],[-1.187,46.581]],[[-1.193,46.638],[-1.194,46.637]],[[-1.194,46.637],[-1.198,46.626],[-1.189,46.619],[-1.185,46.619]],[[-1.185,46.581],[-1.186,46.581],[-1.187,46.581]],[[-1.183,46.584],[-1.185,46.581]],[[-1.156,46.585],[-1.156,46.581],[-1.162,46.578],[-1.182,46.579],[-1.185,46.581]],[[-1.175,46.587],[-1.179,46.583],[-1.18,46.583],[-1.183,46.584],[-1.183,46.584]],[[-1.179,46.604],[-1.183,46.584]],[[-1.186,46.636],[-1.185,46.619]],[[-1.185,46.619],[-1.17,46.612]],[[-1.186,46.653],[-1.177,46.652],[-1.175,46.645],[-1.171,46.643]],[[-1.183,46.609],[-1.17,46.612]],[[-1.178,46.628],[-1.169,46.625]],[[-1.159,46.588],[-1.173,46.586],[-1.175,46.587]],[[-1.171,46.591],[-1.172,46.588],[-1.172,46.588],[-1.174,46.588],[-1.174,46.587],[-1.175,46.587]],[[-1.149,46.599],[-1.171,46.591]],[[-1.166,46.604],[-1.164,46.603],[-1.166,46.596],[-1.171,46.591]],[[-1.17,46.612],[-1.17,46.612]],[[-1.17,46.612],[-1.166,46.604]],[[-1.168,46.613],[-1.169,46.612],[-1.17,46.612]],[[-1.161,46.645],[-1.165,46.647],[-1.171,46.643]],[[-1.171,46.643],[-1.169,46.635]],[[-1.167,46.625],[-1.168,46.613]],[[-1.156,46.621],[-1.158,46.616],[-1.167,46.613],[-1.168,46.613]],[[-1.169,46.635],[-1.17,46.635]],[[-1.17,46.635],[-1.169,46.625]],[[-1.169,46.625],[-1.167,46.625]],[[-1.155,46.641],[-1.166,46.635],[-1.169,46.635]],[[-1.152,46.607],[-1.166,46.604]],[[-1.156,46.628],[-1.167,46.625]],[[-1.152,46.608],[-1.152,46.607]],[[-1.142,46.608],[-1.147,46.607],[-1.152,46.607]],[[-1.148,46.61],[-1.152,46.608]],[[-1.145,46.623],[-1.153,46.616],[-1.154,46.612],[-1.152,46.608]],[[-1.142,46.619],[-1.148,46.61]],[[-1.139,46.614],[-1.143,46.61],[-1.148,46.61]]]}},{"type":"Feature","properties":{"nom":"LA VENDEE DEPUIS LE COMPLEXE DE MERVENT JUSQU'A L'OUVRAGE DE BOISSE A FONTENAY LE COMTE","code":"GR0584A","longueurKm":19.54600879945,"strahler":5.0},"geometry":{"type":"MultiLineString","coordinates":[[[-0.838,46.455],[-0.843,46.452],[-0.845,46.446],[-0.842,46.446]],[[-0.839,46.449],[-0.839,46.447]],[[-0.838,46.455],[-0.839,46.449]],[[-0.836,46.449],[-0.839,46.449]],[[-0.83,46.455],[-0.838,46.455]],[[-0.836,46.449],[-0.837,46.448]],[[-0.832,46.45],[-0.836,46.449]],[[-0.831,46.45],[-0.832,46.45]],[[-0.83,46.455],[-0.832,46.45]],[[-0.82,46.455],[-0.831,46.45]],[[-0.813,46.456],[-0.824,46.449],[-0.831,46.45]],[[-0.82,46.455],[-0.823,46.456],[-0.83,46.455]],[[-0.813,46.456],[-0.815,46.456],[-0.817,46.455],[-0.819,46.455],[-0.82,46.455]],[[-0.782,46.513],[-0.784,46.504],[-0.781,46.5],[-0.793,46.503],[-0.802,46.491],[-0.797,46.488],[-0.794,46.483],[-0.784,46.482],[-0.782,46.479],[-0.802,46.469],[-0.805,46.466],[-0.805,46.46],[-0.813,46.456]]]}},{"type":"Feature","properties":{"nom":"LA VENDEE DEPUIS L'OUVRAGE DE BOISSE JUSQU'A LA SEVRE NIORTAISE ET LA BAIE DE L'AIGUILLON","code":"GR0584B","longueurKm":80.31688505675,"strahler":5.0},"geometry":{"type":"MultiLineString","coordinates":[[[-1.162,46.44],[-1.163,46.44]],[[-1.162,46.44],[-1.163,46.44]],[[-1.161,46.44],[-1.162,46.44],[-1.162,46.44]],[[-1.161,46.44],[-1.162,46.44]],[[-1.16,46.44],[-1.161,46.44]],[[-1.16,46.44],[-1.161,46.441],[-1.161,46.44]],[[-1.158,46.44],[-1.158,46.44],[-1.16,46.44]],[[-1.158,46.44],[-1.16,46.44]],[[-1.153,46.439],[-1.158,46.44]],[[-1.153,46.439],[-1.157,46.44],[-1.158,46.44]],[[-1.147,46.438],[-1.149,46.438],[-1.153,46.439]],[[-1.147,46.438],[-1.153,46.439]],[[-1.145,46.437],[-1.145,46.437],[-1.147,46.438]],[[-1.145,46.437],[-1.147,46.438]],[[-1.139,46.439],[-1.145,46.437],[-1.145,46.437]],[[-1.139,46.439],[-1.145,46.437],[-1.145,46.437]],[[-1.137,46.439],[-1.139,46.439],[-1.139,46.439]],[[-1.137,46.439],[-1.139,46.439],[-1.139,46.439]],[[-1.136,46.438],[-1.137,46.439]],[[-1.136,46.438],[-1.136,46.439],[-1.137,46.439]],[[-1.132,46.437],[-1.136,46.438]],[[-1.132,46.437],[-1.133,46.438],[-1.136,46.438]],[[-1.129,46.436],[-1.132,46.437]],[[-1.129,46.436],[-1.13,46.436],[-1.132,46.437]],[[-1.116,46.436],[-1.124,46.434],[-1.125,46.434],[-1.125,46.434],[-1.127,46.435],[-1.129,46.436]],[[-1.116,46.436],[-1.125,46.434],[-1.129,46.436]],[[-1.116,46.436],[-1.116,46.436]],[[-1.116,46.436],[-1.116,46.436],[-1.116,46.436]],[[-1.108,46.439],[-1.108,46.438],[-1.116,46.436]],[[-1.108,46.439],[-1.116,46.436]],[[-1.104,46.439],[-1.108,46.439]],[[-1.104,46.439],[-1.107,46.439],[-1.108,46.439]],[[-1.104,46.439],[-1.104,46.439],[-1.104,46.439]],[[-1.104,46.439],[-1.104,46.439],[-1.104,46.439]],[[-1.095,46.44],[-1.104,46.439]],[[-1.095,46.44],[-1.101,46.439],[-1.104,46.439]],[[-1.081,46.441],[-1.084,46.441],[-1.092,46.44],[-1.095,46.44]],[[-1.081,46.441],[-1.095,46.44]],[[-1.074,46.327],[-1.053,46.351],[-1.033,46.355],[-1.013,46.362],[-1.004,46.376],[-0.975,46.388],[-0.973,46.391],[-0.963,46.393],[-0.944,46.388],[-0.924,46.387]],[[-1.076,46.441],[-1.081,46.441]],[[-1.076,46.441],[-1.078,46.441],[-1.081,46.441]],[[-1.075,46.442],[-1.076,46.441]],[[-1.075,46.442],[-1.075,46.442],[-1.076,46.441]],[[-1.068,46.44],[-1.075,46.442]],[[-1.068,46.44],[-1.074,46.442],[-1.075,46.442]],[[-1.064,46.44],[-1.068,46.44]],[[-1.064,46.44],[-1.065,46.44],[-1.068,46.44]],[[-1.059,46.439],[-1.06,46.439],[-1.061,46.439],[-1.064,46.44],[-1.064,46.44]],[[-1.059,46.439],[-1.064,46.44]],[[-1.059,46.439],[-1.059,46.439]],[[-1.059,46.439],[-1.059,46.439],[-1.059,46.439]],[[-1.055,46.438],[-1.056,46.438],[-1.059,46.439],[-1.059,46.439]],[[-1.055,46.438],[-1.059,46.439]],[[-1.049,46.437],[-1.055,46.438]],[[-1.049,46.437],[-1.055,46.438],[-1.055,46.438]],[[-1.035,46.434],[-1.038,46.435],[-1.041,46.435],[-1.043,46.436],[-1.049,46.437]],[[-1.035,46.434],[-1.049,46.437]],[[-1.032,46.433],[-1.032,46.433],[-1.035,46.434]],[[-1.032,46.433],[-1.035,46.434]],[[-1.027,46.432],[-1.032,46.433]],[[-1.021,46.431],[-1.027,46.432],[-1.027,46.432],[-1.032,46.433],[-1.032,46.433]],[[-1.021,46.431],[-1.027,46.432]],[[-1.012,46.428],[-1.021,46.431]],[[-1.012,46.428],[-1.014,46.428],[-1.021,46.431]],[[-0.998,46.423],[-0.999,46.424],[-1.004,46.425],[-1.01,46.427],[-1.012,46.428]],[[-0.998,46.423],[-1.004,46.425],[-1.012,46.428]],[[-0.993,46.422],[-0.995,46.422],[-0.998,46.423]],[[-0.993,46.422],[-0.998,46.423]],[[-0.945,46.407],[-0.945,46.407],[-0.966,46.413],[-0.993,46.422]],[[-0.973,46.415],[-0.993,46.422]],[[-0.923,46.375],[-0.932,46.365],[-0.943,46.337],[-0.959,46.326],[-0.96,46.324]],[[-0.945,46.404],[-0.945,46.404]],[[-0.945,46.404],[-0.945,46.404],[-0.945,46.404]],[[-0.945,46.403],[-0.945,46.404],[-0.945,46.404]],[[-0.945,46.403],[-0.945,46.404]],[[-0.945,46.405],[-0.945,46.406]],[[-0.945,46.405],[-0.945,46.405],[-0.945,46.406]],[[-0.945,46.404],[-0.945,46.405]],[[-0.945,46.404],[-0.945,46.404],[-0.945,46.405]],[[-0.945,46.404],[-0.945,46.404],[-0.945,46.404]],[[-0.945,46.404],[-0.945,46.404]],[[-0.945,46.406],[-0.945,46.406]],[[-0.945,46.406],[-0.945,46.406],[-0.945,46.406]],[[-0.945,46.403],[-0.945,46.403]],[[-0.945,46.403],[-0.945,46.403],[-0.945,46.403]],[[-0.938,46.401],[-0.938,46.401],[-0.94,46.401],[-0.945,46.403]],[[-0.938,46.401],[-0.94,46.401],[-0.945,46.403]],[[-0.945,46.403],[-0.945,46.403]],[[-0.945,46.403],[-0.945,46.403],[-0.945,46.403]],[[-0.945,46.403],[-0.945,46.403],[-0.945,46.403]],[[-0.945,46.403],[-0.945,46.403]],[[-0.945,46.406],[-0.945,46.406],[-0.945,46.407]],[[-0.945,46.406],[-0.945,46.407]],[[-0.945,46.407],[-0.945,46.407]],[[-0.937,46.401],[-0.937,46.401],[-0.938,46.401],[-0.938,46.401]],[[-0.937,46.401],[-0.937,46.401],[-0.938,46.401]],[[-0.937,46.398],[-0.937,46.401]],[[-0.933,46.398],[-0.937,46.398]],[[-0.933,46.398],[-0.934,46.398],[-0.937,46.398]],[[-0.936,46.393],[-0.936,46.393]],[[-0.936,46.393],[-0.936,46.393],[-0.936,46.393]],[[-0.936,46.393],[-0.931,46.39]],[[-0.931,46.39],[-0.934,46.393],[-0.936,46.393]],[[-0.936,46.393],[-0.936,46.394]],[[-0.936,46.393],[-0.936,46.394],[-0.936,46.394]],[[-0.936,46.394],[-0.932,46.397]],[[-0.936,46.394],[-0.935,46.395],[-0.932,46.397]],[[-0.932,46.397],[-0.933,46.398]],[[-0.932,46.397],[-0.932,46.397],[-0.933,46.398]],[[-0.928,46.388],[-0.928,46.388],[-0.931,46.39]],[[-0.931,46.39],[-0.928,46.388]],[[-0.927,46.387],[-0.928,46.388]],[[-0.91,46.4],[-0.925,46.386],[-0.923,46.375]],[[-0.91,46.4],[-0.914,46.39],[-0.922,46.385],[-0.92,46.376],[-0.92,46.374],[-0.923,46.375]],[[-0.837,46.448],[-0.846,46.443],[-0.856,46.441],[-0.86,46.432],[-0.864,46.432],[-0.867,46.427],[-0.871,46.427],[-0.882,46.433],[-0.881,46.422],[-0.877,46.421],[-0.874,46.418],[-0.879,46.409],[-0.9,46.407],[-0.91,46.4]]]}},{"type":"Feature","properties":{"nom":"L'ACHENEAU DEPUIS LE LAC DE GRAND LIEU JUSQU'A L'ESTUAIRE DE LA LOIRE","code":"GR0607","longueurKm":23.94717543909,"strahler":5.0},"geometry":{"type":"MultiLineString","coordinates":[[[-1.83,47.179],[-1.843,47.183]],[[-1.843,47.183],[-1.85,47.187],[-1.854,47.194],[-1.846,47.201],[-1.831,47.205],[-1.818,47.219]],[[-1.83,47.179],[-1.836,47.177],[-1.846,47.181],[-1.843,47.183]],[[-1.814,47.176],[-1.816,47.18],[-1.825,47.182],[-1.83,47.179]],[[-1.814,47.176],[-1.818,47.173],[-1.822,47.173],[-1.822,47.177],[-1.83,47.179]],[[-1.732,47.132],[-1.75,47.138],[-1.75,47.152],[-1.743,47.154],[-1.743,47.158],[-1.756,47.167],[-1.781,47.172],[-1.792,47.171],[-1.803,47.176],[-1.808,47.173],[-1.814,47.176]]]}},{"type":"Feature","properties":{"nom":"LE BRIVET ET SES AFFLUENTS DEPUIS LA SOURCE JUSQU'A DREFFEAC","code":"GR1563","longueurKm":89.10280602699,"strahler":5.0},"geometry":{"type":"MultiLineString","coordinates":[[[-2.164,47.515],[-2.154,47.519],[-2.147,47.515]],[[-2.154,47.514],[-2.147,47.515]],[[-2.147,47.515],[-2.138,47.517],[-2.126,47.515]],[[-2.144,47.491],[-2.149,47.488],[-2.149,47.486],[-2.136,47.482]],[[-2.137,47.467],[-2.13,47.464],[-2.11,47.464],[-2.104,47.467]],[[-2.14,47.511],[-2.127,47.514]],[[-2.134,47.491],[-2.132,47.488],[-2.136,47.482]],[[-2.136,47.482],[-2.109,47.484],[-2.103,47.487],[-2.091,47.487],[-2.085,47.491]],[[-2.132,47.504],[-2.127,47.514]],[[-2.13,47.498],[-2.119,47.503],[-2.11,47.503],[-2.105,47.501],[-2.073,47.505],[-2.058,47.497],[-2.046,47.496],[-2.037,47.488],[-2.048,47.478]],[[-2.13,47.526],[-2.123,47.521],[-2.124,47.515]],[[-2.127,47.514],[-2.126,47.515]],[[-2.125,47.494],[-2.106,47.492],[-2.087,47.493],[-2.085,47.491]],[[-2.126,47.515],[-2.124,47.515]],[[-2.124,47.515],[-2.105,47.51],[-2.103,47.508],[-2.076,47.511],[-2.068,47.506],[-2.054,47.508]],[[-2.117,47.47],[-2.115,47.472],[-2.107,47.471],[-2.104,47.467]],[[-2.104,47.467],[-2.081,47.475]],[[-2.096,47.48],[-2.088,47.48],[-2.084,47.475],[-2.081,47.475]],[[-2.083,47.464],[-2.073,47.473],[-2.065,47.474],[-2.052,47.474],[-2.049,47.478]],[[-2.085,47.491],[-2.075,47.493],[-2.06,47.485]],[[-2.087,47.52],[-2.082,47.518],[-2.061,47.517],[-2.054,47.508]],[[-2.087,47.528],[-2.079,47.531],[-2.061,47.526]],[[-2.081,47.475],[-2.073,47.481],[-2.065,47.481],[-2.06,47.485]],[[-2.069,47.468],[-2.052,47.47],[-2.047,47.469]],[[-2.062,47.461],[-2.05,47.463],[-2.047,47.469]],[[-2.06,47.485],[-2.049,47.478]],[[-2.055,47.535],[-2.061,47.526]],[[-2.061,47.526],[-2.056,47.523]],[[-2.04,47.53],[-2.047,47.529],[-2.056,47.523]],[[-2.056,47.523],[-2.052,47.521],[-2.049,47.515],[-2.051,47.507]],[[-2.054,47.508],[-2.051,47.507]],[[-2.049,47.478],[-2.048,47.478]],[[-2.051,47.507],[-2.026,47.495],[-2.033,47.469]],[[-2.047,47.469],[-2.033,47.469]],[[-2.048,47.478],[-2.033,47.469]],[[-1.993,47.496],[-2.004,47.493],[-2.013,47.494],[-2.013,47.491],[-2.02,47.488],[-2.033,47.469]],[[-2.033,47.469],[-2.032,47.468]],[[-2.005,47.517],[-1.997,47.515],[-1.991,47.504]],[[-1.988,47.498],[-1.993,47.496]],[[-1.991,47.504],[-1.996,47.5],[-1.993,47.496]],[[-1.985,47.517],[-1.984,47.511],[-1.991,47.504]],[[-1.973,47.511],[-1.988,47.498]],[[-1.959,47.503],[-1.981,47.496],[-1.988,47.498]]]}},{"type":"Feature","properties":{"nom":"la Marne du confluent du Rognon (exclu) au confluent du Ruisseau de Chevillon (inclus)","code":"HR106B","longueurKm":22.3126002615,"strahler":5.0},"geometry":{"type":"LineString","coordinates":[[5.161,48.376],[5.157,48.382],[5.16,48.395],[5.164,48.4],[5.154,48.409],[5.152,48.419],[5.157,48.427],[5.143,48.441],[5.148,48.448],[5.16,48.455],[5.166,48.456],[5.166,48.458],[5.158,48.463],[5.144,48.459],[5.134,48.461],[5.135,48.471],[5.129,48.477],[5.128,48.497],[5.124,48.5],[5.122,48.508],[5.112,48.514],[5.113,48.515],[5.117,48.514],[5.11,48.522]]}},{"type":"Feature","properties":{"nom":"la Marne du confluent de la Blaise (exclu) au confluent de la Saulx (exclu)","code":"HR113B","longueurKm":25.7313143396,"strahler":5.0},"geometry":{"type":"LineString","coordinates":[[4.695,48.632],[4.678,48.643],[4.663,48.642],[4.656,48.645],[4.651,48.649],[4.652,48.651],[4.645,48.651],[4.641,48.655],[4.636,48.656],[4.638,48.659],[4.629,48.667],[4.623,48.669],[4.617,48.666],[4.614,48.667],[4.617,48.671],[4.615,48.677],[4.607,48.678],[4.6,48.676],[4.596,48.677],[4.601,48.68],[4.601,48.685],[4.605,48.684],[4.6,48.685],[4.601,48.688],[4.597,48.69],[4.6,48.691],[4.59,48.689],[4.591,48.693],[4.587,48.694],[4.588,48.7],[4.578,48.708],[4.572,48.706],[4.568,48.708],[4.573,48.709],[4.576,48.715],[4.58,48.713],[4.575,48.727],[4.581,48.732],[4.582,48.74],[4.579,48.743],[4.581,48.743]]}},{"type":"Feature","properties":{"nom":"la Marne du confluent du Ruisseau de Chevillon (exclu) au confluent de la Blaise (exclu)","code":"HR113A","longueurKm":51.7260624245,"strahler":5.0},"geometry":{"type":"LineString","coordinates":[[5.11,48.522],[5.099,48.53],[5.098,48.543],[5.074,48.549],[5.064,48.557],[5.043,48.57],[5.041,48.581],[5.043,48.587],[5.034,48.601],[5.043,48.608],[5.041,48.612],[5.034,48.614],[5.014,48.61],[5.005,48.612],[5.0,48.615],[4.99,48.627],[4.984,48.63],[4.978,48.631],[4.967,48.629],[4.95,48.633],[4.941,48.631],[4.937,48.635],[4.93,48.637],[4.931,48.63],[4.927,48.633],[4.922,48.633],[4.918,48.63],[4.922,48.628],[4.921,48.626],[4.911,48.618],[4.906,48.618],[4.9,48.619],[4.895,48.624],[4.885,48.62],[4.885,48.627],[4.87,48.626],[4.855,48.636],[4.839,48.636],[4.836,48.642],[4.828,48.647],[4.822,48.645],[4.824,48.642],[4.819,48.639],[4.811,48.644],[4.806,48.641],[4.798,48.643],[4.792,48.641],[4.784,48.648],[4.778,48.646],[4.776,48.641],[4.765,48.642],[4.764,48.639],[4.756,48.635],[4.752,48.631],[4.749,48.632],[4.751,48.635],[4.746,48.636],[4.735,48.63],[4.73,48.634],[4.721,48.634],[4.709,48.63],[4.695,48.632]]}},{"type":"Feature","properties":{"nom":"la Barse du confluent du canal de Morge (exclu) au confluent de la Seine","code":"HR11B","longueurKm":23.4783073333,"strahler":5.0},"geometry":{"type":"LineString","coordinates":[[4.285,48.248],[4.273,48.254],[4.259,48.271],[4.244,48.27],[4.233,48.273],[4.224,48.266],[4.212,48.264],[4.199,48.266],[4.189,48.263],[4.179,48.264],[4.179,48.268],[4.173,48.275],[4.163,48.275],[4.15,48.282],[4.133,48.282],[4.119,48.288],[4.114,48.291],[4.115,48.294],[4.105,48.298],[4.103,48.303],[4.099,48.304],[4.102,48.312],[4.089,48.319],[4.074,48.321],[4.07,48.325]]}},{"type":"Feature","properties":{"nom":"la Blaise du confluent du ruisseau de Prele (exclu) au confluent de la Marne (exclu)","code":"HR117","longueurKm":19.7940644102,"strahler":5.0},"geometry":{"type":"LineString","coordinates":[[4.875,48.585],[4.857,48.592],[4.851,48.591],[4.848,48.593],[4.841,48.591],[4.836,48.595],[4.829,48.594],[4.824,48.599],[4.81,48.6],[4.802,48.61],[4.786,48.611],[4.782,48.616],[4.775,48.619],[4.746,48.62],[4.74,48.623],[4.74,48.622],[4.722,48.621],[4.711,48.624],[4.711,48.627],[4.705,48.625],[4.704,48.628],[4.697,48.628],[4.695,48.632]]}},{"type":"Feature","properties":{"nom":"la Marne du confluent de la Somme Soude (exclu) au confluent de la Semoigne (exclu)","code":"HR130B","longueurKm":57.5549399252,"strahler":5.0},"geometry":{"type":"LineString","coordinates":[[4.2,49.018],[4.195,49.022],[4.199,49.023],[4.189,49.024],[4.187,49.027],[4.19,49.03],[4.195,49.029],[4.196,49.031],[4.177,49.042],[4.163,49.038],[4.164,49.041],[4.14,49.045],[4.128,49.044],[4.123,49.041],[4.123,49.045],[4.121,49.046],[4.104,49.043],[4.097,49.044],[4.095,49.04],[4.09,49.04],[4.084,49.043],[4.084,49.039],[4.075,49.037],[4.075,49.041],[4.07,49.044],[4.06,49.044],[4.054,49.041],[4.024,49.045],[4.02,49.041],[4.016,49.041],[4.021,49.045],[4.019,49.047],[4.012,49.044],[4.011,49.048],[4.008,49.048],[4.008,49.045],[4.002,49.043],[4.003,49.04],[3.997,49.041],[3.996,49.038],[3.984,49.038],[3.977,49.045],[3.97,49.044],[3.965,49.046],[3.961,49.058],[3.945,49.062],[3.94,49.072],[3.926,49.07],[3.911,49.062],[3.904,49.064],[3.903,49.066],[3.896,49.065],[3.888,49.066],[3.866,49.073],[3.861,49.071],[3.86,49.066],[3.856,49.067],[3.854,49.071],[3.846,49.071],[3.847,49.073],[3.837,49.076],[3.823,49.072],[3.803,49.077],[3.793,49.083],[3.769,49.081],[3.728,49.095],[3.724,49.099],[3.715,49.097],[3.701,49.09],[3.685,49.088],[3.678,49.086],[3.674,49.087]]}},{"type":"Feature","properties":{"nom":"la Marne du confluent de la Saulx (exclu) au confluent de la Somme Soude (exclu)","code":"HR130A","longueurKm":64.4585938149,"strahler":5.0},"geometry":{"type":"LineString","coordinates":[[4.581,48.743],[4.581,48.746],[4.566,48.749],[4.566,48.759],[4.556,48.755],[4.554,48.761],[4.561,48.762],[4.557,48.768],[4.529,48.783],[4.532,48.791],[4.523,48.8],[4.516,48.803],[4.517,48.806],[4.519,48.803],[4.522,48.804],[4.519,48.806],[4.517,48.822],[4.5,48.827],[4.512,48.83],[4.508,48.832],[4.511,48.834],[4.509,48.836],[4.492,48.845],[4.483,48.845],[4.477,48.847],[4.484,48.853],[4.471,48.863],[4.459,48.864],[4.463,48.867],[4.453,48.869],[4.452,48.872],[4.446,48.868],[4.449,48.866],[4.447,48.863],[4.437,48.866],[4.439,48.869],[4.432,48.867],[4.43,48.872],[4.426,48.87],[4.423,48.877],[4.423,48.89],[4.414,48.892],[4.41,48.899],[4.39,48.908],[4.383,48.915],[4.376,48.917],[4.356,48.932],[4.352,48.954],[4.33,48.978],[4.326,48.979],[4.3,48.978],[4.295,48.98],[4.3,48.982],[4.295,48.984],[4.291,48.982],[4.288,48.984],[4.289,48.989],[4.283,48.986],[4.277,48.99],[4.272,48.988],[4.263,48.991],[4.263,48.995],[4.257,48.991],[4.25,48.997],[4.246,48.995],[4.238,48.998],[4.235,49.005],[4.231,49.003],[4.234,49.001],[4.233,49.0],[4.228,49.0],[4.226,49.004],[4.223,49.001],[4.218,49.005],[4.217,49.002],[4.214,49.002],[4.206,49.008],[4.209,49.018],[4.205,49.021],[4.2,49.018]]}},{"type":"Feature","properties":{"nom":"la Marne du confluent de la Semoigne (exclu) au confluent de l'Ourq (exclu)","code":"HR137","longueurKm":89.5332515491,"strahler":5.0},"geometry":{"type":"LineString","coordinates":[[3.674,49.087],[3.646,49.09],[3.64,49.085],[3.638,49.077],[3.632,49.072],[3.623,49.071],[3.61,49.074],[3.604,49.07],[3.6,49.062],[3.575,49.056],[3.562,49.059],[3.554,49.081],[3.549,49.085],[3.539,49.087],[3.531,49.084],[3.523,49.069],[3.512,49.072],[3.487,49.072],[3.467,49.044],[3.457,49.043],[3.432,49.046],[3.419,49.042],[3.404,49.044],[3.394,49.042],[3.382,49.034],[3.378,49.016],[3.379,49.006],[3.376,49.001],[3.343,48.998],[3.349,48.982],[3.347,48.979],[3.334,48.971],[3.297,48.969],[3.285,48.971],[3.275,48.965],[3.272,48.954],[3.266,48.951],[3.261,48.952],[3.258,48.956],[3.252,48.973],[3.239,48.978],[3.216,48.976],[3.205,48.967],[3.198,48.956],[3.188,48.953],[3.185,48.96],[3.196,48.975],[3.197,48.984],[3.188,48.996],[3.181,48.995],[3.167,48.986],[3.16,48.967],[3.141,48.96],[3.126,48.945],[3.102,48.951],[3.052,48.953],[3.032,48.958],[3.012,48.953],[2.999,48.966],[3.002,48.975],[3.008,48.978],[3.021,48.974],[3.036,48.975],[3.042,48.978],[3.046,48.983],[3.038,49.004],[3.033,49.01],[3.02,49.015],[3.013,49.013]]}},{"type":"Feature","properties":{"nom":"la Seine du confluent du canal des Trévois (Vienne) (exclu) au confluent de l'Aube (exclu)","code":"HR13A","longueurKm":78.4390185564,"strahler":5.0},"geometry":{"type":"MultiLineString","coordinates":[[[4.08,48.304],[4.077,48.313],[4.08,48.315],[4.077,48.315],[4.072,48.321],[4.069,48.332],[4.06,48.331],[4.059,48.333],[4.043,48.335],[4.037,48.344],[4.034,48.344],[4.033,48.352],[4.029,48.348],[4.026,48.348],[4.021,48.356],[4.017,48.356],[4.02,48.359],[4.006,48.362],[4.007,48.368],[3.999,48.371],[3.995,48.379],[3.987,48.38],[3.978,48.384],[3.971,48.393],[3.975,48.395],[3.969,48.398],[3.97,48.402],[3.965,48.403],[3.964,48.408],[3.956,48.411],[3.958,48.416],[3.947,48.421],[3.944,48.425],[3.946,48.427],[3.941,48.431],[3.945,48.43],[3.945,48.432],[3.937,48.435],[3.941,48.438],[3.937,48.442],[3.943,48.446],[3.935,48.446],[3.938,48.449],[3.931,48.449],[3.929,48.452],[3.923,48.452],[3.923,48.457],[3.918,48.457],[3.92,48.463],[3.915,48.462],[3.911,48.47],[3.903,48.473],[3.9,48.479],[3.896,48.479],[3.895,48.482],[3.902,48.485],[3.899,48.489],[3.901,48.501],[3.897,48.502],[3.898,48.504],[3.88,48.512],[3.878,48.511],[3.879,48.509],[3.875,48.509],[3.875,48.511],[3.862,48.512],[3.86,48.516],[3.856,48.513],[3.851,48.515],[3.856,48.516],[3.854,48.517],[3.848,48.517],[3.84,48.522],[3.836,48.52],[3.82,48.519],[3.818,48.522],[3.812,48.521],[3.815,48.523],[3.813,48.525],[3.806,48.522],[3.802,48.524],[3.796,48.524],[3.797,48.526],[3.784,48.523],[3.781,48.524],[3.783,48.526],[3.777,48.526],[3.775,48.529],[3.773,48.527],[3.772,48.529],[3.766,48.527],[3.754,48.528],[3.748,48.533],[3.743,48.532],[3.741,48.537],[3.735,48.537],[3.731,48.54],[3.729,48.557],[3.727,48.555],[3.723,48.558],[3.722,48.556],[3.718,48.559],[3.715,48.558]],[[3.964,48.422],[3.965,48.424],[3.953,48.436],[3.949,48.452],[3.935,48.468],[3.929,48.48],[3.923,48.482],[3.92,48.489],[3.901,48.499]]]}},{"type":"Feature","properties":{"nom":"le Melda de sa source au confluent de la Seine (exclu)","code":"HR13B","longueurKm":24.2351153971,"strahler":5.0},"geometry":{"type":"LineString","coordinates":[[4.082,48.32],[4.086,48.324],[4.071,48.333],[4.07,48.338],[4.065,48.342],[4.049,48.349],[4.047,48.356],[4.037,48.36],[4.032,48.358],[4.028,48.359],[4.024,48.365],[4.021,48.365],[4.022,48.369],[4.016,48.368],[4.016,48.372],[4.014,48.371],[4.01,48.373],[4.011,48.376],[4.008,48.376],[4.007,48.379],[4.0,48.379],[4.001,48.383],[3.998,48.384],[4.001,48.388],[3.983,48.402],[3.984,48.404],[3.978,48.405],[3.981,48.406],[3.975,48.409],[3.974,48.412],[3.966,48.414],[3.961,48.419],[3.963,48.422],[3.956,48.424],[3.951,48.423],[3.946,48.427]]}},{"type":"Feature","properties":{"nom":"la Marne du confluent de l'Ourq (exclu) au confluent de la Gondoire (exclu)","code":"HR147","longueurKm":65.4196307734,"strahler":5.0},"geometry":{"type":"MultiLineString","coordinates":[[[2.962,49.002],[2.956,49.009]],[[3.013,49.013],[3.009,49.006],[2.996,48.995],[2.981,48.991],[2.966,48.992],[2.964,48.995],[2.962,49.002],[2.963,49.004],[2.959,49.008],[2.953,49.012],[2.949,49.012],[2.945,48.995],[2.931,48.994],[2.921,48.989],[2.94,48.975],[2.945,48.963],[2.944,48.956],[2.915,48.939],[2.9,48.936],[2.886,48.945],[2.881,48.957],[2.876,48.957],[2.874,48.954],[2.877,48.95],[2.852,48.925],[2.846,48.906],[2.841,48.9],[2.831,48.901],[2.833,48.906],[2.828,48.91],[2.812,48.912],[2.807,48.915],[2.801,48.946],[2.792,48.948],[2.784,48.947],[2.779,48.943],[2.781,48.931],[2.768,48.922],[2.763,48.92],[2.735,48.924],[2.724,48.921],[2.717,48.914],[2.716,48.906],[2.721,48.903],[2.76,48.904],[2.767,48.902],[2.768,48.895],[2.763,48.888],[2.752,48.884],[2.689,48.88],[2.663,48.875],[2.639,48.858],[2.644,48.862]]]}},{"type":"Feature","properties":{"nom":"la Marne du confluent de la Gondoire (exclu) au confluent de la Seine (exclu)","code":"HR154A","longueurKm":34.7968488125,"strahler":5.0},"geometry":{"type":"LineString","coordinates":[[2.639,48.858],[2.628,48.857],[2.616,48.859],[2.598,48.867],[2.571,48.865],[2.564,48.862],[2.568,48.856],[2.563,48.854],[2.515,48.851],[2.511,48.845],[2.517,48.834],[2.512,48.83],[2.483,48.832],[2.472,48.83],[2.467,48.823],[2.475,48.815],[2.493,48.811],[2.517,48.809],[2.52,48.807],[2.523,48.802],[2.523,48.792],[2.519,48.787],[2.511,48.784],[2.487,48.784],[2.475,48.787],[2.468,48.805],[2.451,48.816],[2.408,48.817]]}},{"type":"Feature","properties":{"nom":"la Seine du confluent de la Marne (exclu) au confluent du Ru d'Enghien (inclus)","code":"HR155A","longueurKm":35.2428001988,"strahler":7.0},"geometry":{"type":"LineString","coordinates":[[2.408,48.817],[2.395,48.822],[2.361,48.849],[2.353,48.851],[2.352,48.855],[2.319,48.864],[2.294,48.862],[2.28,48.851],[2.261,48.832],[2.249,48.825],[2.237,48.821],[2.227,48.828],[2.223,48.837],[2.226,48.848],[2.224,48.855],[2.23,48.868],[2.264,48.895],[2.33,48.92],[2.341,48.933],[2.34,48.94],[2.334,48.945]]}},{"type":"Feature","properties":{"nom":"la Seine du confluent du Ru d'Enghien (exclu) au confluent de l'Oise (exclu)","code":"HR155B","longueurKm":41.5088403143,"strahler":7.0},"geometry":{"type":"LineString","coordinates":[[2.334,48.945],[2.301,48.952],[2.268,48.946],[2.233,48.929],[2.215,48.917],[2.173,48.902],[2.164,48.894],[2.152,48.876],[2.144,48.871],[2.134,48.871],[2.125,48.874],[2.109,48.889],[2.108,48.9],[2.126,48.925],[2.176,48.956],[2.179,48.97],[2.167,48.983],[2.145,48.99],[2.122,48.991],[2.096,48.991],[2.071,48.986]]}},{"type":"Feature","properties":{"nom":"L'Oise du confluent de la Serre (exclu) au confluent de l'Ailette (exclu)","code":"HR178B","longueurKm":36.4632483832,"strahler":5.0},"geometry":{"type":"LineString","coordinates":[[3.392,49.678],[3.384,49.674],[3.381,49.664],[3.37,49.659],[3.363,49.66],[3.359,49.658],[3.362,49.651],[3.36,49.65],[3.351,49.651],[3.349,49.647],[3.352,49.645],[3.343,49.639],[3.332,49.64],[3.333,49.636],[3.329,49.638],[3.33,49.635],[3.326,49.635],[3.328,49.637],[3.326,49.637],[3.324,49.635],[3.319,49.634],[3.318,49.637],[3.315,49.635],[3.319,49.634],[3.317,49.633],[3.313,49.635],[3.313,49.632],[3.308,49.633],[3.305,49.631],[3.303,49.633],[3.303,49.631],[3.298,49.632],[3.296,49.63],[3.293,49.631],[3.289,49.628],[3.29,49.631],[3.287,49.632],[3.284,49.63],[3.286,49.629],[3.281,49.625],[3.284,49.623],[3.278,49.618],[3.283,49.616],[3.276,49.61],[3.267,49.61],[3.264,49.608],[3.263,49.611],[3.261,49.608],[3.254,49.606],[3.252,49.607],[3.245,49.601],[3.24,49.602],[3.24,49.605],[3.224,49.607],[3.214,49.599],[3.207,49.598],[3.211,49.595],[3.207,49.593],[3.202,49.593],[3.201,49.59],[3.197,49.592],[3.184,49.589],[3.185,49.586],[3.179,49.586],[3.179,49.583],[3.175,49.584],[3.17,49.582],[3.172,49.58],[3.168,49.582],[3.162,49.578]]}},{"type":"Feature","properties":{"nom":"L'Oise du confluent de l'Ailette (exclu) au confluent de l'Aisne (exclu)","code":"HR185","longueurKm":52.4624979068,"strahler":5.0},"geometry":{"type":"LineString","coordinates":[[3.162,49.578],[3.151,49.578],[3.147,49.575],[3.139,49.575],[3.121,49.571],[3.102,49.572],[3.091,49.569],[3.084,49.571],[3.085,49.575],[3.078,49.574],[3.073,49.576],[3.071,49.572],[3.067,49.572],[3.068,49.57],[3.062,49.567],[3.055,49.569],[3.051,49.565],[3.044,49.565],[3.048,49.562],[3.047,49.56],[3.05,49.56],[3.045,49.558],[3.043,49.552],[3.037,49.549],[3.03,49.549],[3.026,49.551],[3.024,49.548],[3.019,49.55],[3.02,49.553],[3.016,49.552],[3.016,49.555],[3.003,49.561],[2.99,49.558],[2.986,49.56],[2.977,49.554],[2.981,49.542],[2.976,49.54],[2.965,49.542],[2.964,49.538],[2.97,49.535],[2.969,49.532],[2.966,49.533],[2.966,49.529],[2.97,49.527],[2.968,49.525],[2.972,49.525],[2.972,49.518],[2.968,49.515],[2.956,49.515],[2.954,49.513],[2.953,49.507],[2.959,49.504],[2.963,49.505],[2.964,49.503],[2.969,49.501],[2.969,49.497],[2.963,49.492],[2.952,49.491],[2.949,49.489],[2.943,49.49],[2.941,49.487],[2.932,49.494],[2.911,49.499],[2.905,49.498],[2.904,49.488],[2.891,49.474],[2.891,49.468],[2.885,49.468],[2.884,49.474],[2.872,49.468],[2.877,49.463],[2.865,49.455],[2.864,49.44],[2.846,49.434]]}},{"type":"Feature","properties":{"nom":"L'Aisne du confluent de l'Aire (exclu) au confluent du ruisseau de Saulces (exclu)","code":"HR199","longueurKm":85.7840984506,"strahler":5.0},"geometry":{"type":"LineString","coordinates":[[4.821,49.308],[4.81,49.31],[4.796,49.308],[4.79,49.309],[4.778,49.306],[4.761,49.314],[4.762,49.318],[4.763,49.314],[4.77,49.315],[4.773,49.319],[4.77,49.32],[4.773,49.331],[4.758,49.337],[4.758,49.34],[4.753,49.342],[4.756,49.344],[4.752,49.345],[4.758,49.349],[4.753,49.349],[4.755,49.352],[4.745,49.354],[4.742,49.359],[4.737,49.359],[4.738,49.365],[4.729,49.362],[4.727,49.37],[4.732,49.372],[4.727,49.376],[4.724,49.376],[4.724,49.381],[4.717,49.385],[4.723,49.389],[4.716,49.388],[4.706,49.393],[4.704,49.414],[4.709,49.414],[4.708,49.417],[4.712,49.417],[4.713,49.419],[4.708,49.42],[4.705,49.418],[4.704,49.423],[4.696,49.426],[4.699,49.428],[4.693,49.43],[4.696,49.434],[4.694,49.436],[4.688,49.436],[4.692,49.44],[4.681,49.441],[4.683,49.454],[4.678,49.455],[4.678,49.453],[4.673,49.455],[4.675,49.457],[4.671,49.456],[4.673,49.458],[4.667,49.461],[4.672,49.461],[4.669,49.462],[4.671,49.464],[4.668,49.463],[4.667,49.466],[4.66,49.465],[4.655,49.47],[4.651,49.469],[4.651,49.467],[4.648,49.469],[4.651,49.47],[4.649,49.471],[4.651,49.471],[4.648,49.473],[4.65,49.474],[4.646,49.474],[4.651,49.48],[4.655,49.479],[4.656,49.486],[4.644,49.493],[4.624,49.491],[4.612,49.477],[4.61,49.48],[4.608,49.477],[4.594,49.479],[4.593,49.482],[4.589,49.477],[4.558,49.484],[4.554,49.491],[4.552,49.489],[4.537,49.492],[4.525,49.5],[4.521,49.498],[4.512,49.501],[4.508,49.499],[4.505,49.502],[4.498,49.494],[4.497,49.498],[4.49,49.498],[4.487,49.491],[4.483,49.491],[4.486,49.49],[4.482,49.49],[4.483,49.487],[4.473,49.483],[4.469,49.485],[4.47,49.488],[4.464,49.485],[4.458,49.487],[4.458,49.49],[4.454,49.491],[4.453,49.488],[4.441,49.487],[4.435,49.491],[4.438,49.495],[4.428,49.491],[4.394,49.493],[4.391,49.492],[4.366,49.502],[4.367,49.505],[4.363,49.509]]}},{"type":"Feature","properties":{"nom":"L'Aisne du confluent de la Suippes (exclu) au confluent de la Vesle (exclu)","code":"HR202B","longueurKm":50.0787232642,"strahler":5.0},"geometry":{"type":"LineString","coordinates":[[3.949,49.425],[3.936,49.419],[3.926,49.418],[3.924,49.413],[3.925,49.407],[3.915,49.404],[3.909,49.405],[3.909,49.402],[3.894,49.4],[3.881,49.405],[3.873,49.405],[3.87,49.407],[3.855,49.401],[3.847,49.404],[3.845,49.401],[3.816,49.404],[3.803,49.397],[3.802,49.392],[3.795,49.391],[3.789,49.387],[3.79,49.386],[3.798,49.386],[3.798,49.384],[3.785,49.382],[3.766,49.384],[3.764,49.381],[3.769,49.378],[3.76,49.375],[3.75,49.377],[3.739,49.376],[3.731,49.385],[3.722,49.389],[3.718,49.384],[3.707,49.387],[3.713,49.388],[3.711,49.39],[3.702,49.385],[3.699,49.387],[3.694,49.385],[3.69,49.387],[3.681,49.383],[3.676,49.39],[3.663,49.395],[3.646,49.39],[3.636,49.398],[3.633,49.395],[3.617,49.399],[3.604,49.393],[3.594,49.392],[3.59,49.394],[3.589,49.398],[3.583,49.401],[3.569,49.403],[3.553,49.4],[3.539,49.403],[3.526,49.4],[3.498,49.409],[3.468,49.393]]}},{"type":"Feature","properties":{"nom":"L'Aisne du confluent du ruisseau de Saulces au confluent de la Suippes (exclu)","code":"HR202A","longueurKm":50.7718539127,"strahler":5.0},"geometry":{"type":"LineString","coordinates":[[4.363,49.509],[4.35,49.512],[4.335,49.508],[4.333,49.506],[4.319,49.511],[4.314,49.516],[4.308,49.513],[4.283,49.523],[4.261,49.525],[4.248,49.524],[4.25,49.526],[4.244,49.529],[4.23,49.526],[4.227,49.527],[4.219,49.526],[4.213,49.517],[4.209,49.518],[4.214,49.512],[4.21,49.507],[4.195,49.508],[4.193,49.503],[4.181,49.499],[4.176,49.502],[4.174,49.498],[4.171,49.502],[4.166,49.497],[4.156,49.496],[4.157,49.49],[4.146,49.487],[4.144,49.484],[4.136,49.486],[4.138,49.481],[4.124,49.485],[4.114,49.472],[4.106,49.475],[4.101,49.473],[4.099,49.474],[4.1,49.471],[4.095,49.472],[4.095,49.461],[4.085,49.455],[4.089,49.447],[4.086,49.444],[4.07,49.443],[4.06,49.447],[4.052,49.444],[4.05,49.448],[4.024,49.425],[4.023,49.421],[4.031,49.418],[4.023,49.413],[4.01,49.414],[4.003,49.419],[3.995,49.417],[3.984,49.422],[3.977,49.429],[3.972,49.43],[3.97,49.428],[3.965,49.433],[3.958,49.432],[3.949,49.425]]}},{"type":"Feature","properties":{"nom":"L'Aisne du confluent de la Vesle (exclu) au confluent de l'Oise (exclu)","code":"HR211","longueurKm":57.5576120872,"strahler":5.0},"geometry":{"type":"LineString","coordinates":[[3.468,49.393],[3.461,49.389],[3.447,49.386],[3.431,49.373],[3.419,49.37],[3.392,49.369],[3.385,49.371],[3.392,49.377],[3.38,49.383],[3.367,49.385],[3.364,49.394],[3.36,49.395],[3.356,49.394],[3.355,49.385],[3.35,49.38],[3.339,49.379],[3.331,49.381],[3.33,49.395],[3.319,49.397],[3.288,49.385],[3.275,49.39],[3.25,49.386],[3.231,49.397],[3.205,49.4],[3.197,49.399],[3.18,49.406],[3.138,49.402],[3.122,49.405],[3.103,49.399],[3.073,49.397],[3.061,49.399],[3.05,49.406],[3.04,49.409],[3.027,49.41],[3.002,49.407],[2.989,49.412],[2.978,49.41],[2.969,49.411],[2.962,49.408],[2.958,49.411],[2.931,49.415],[2.922,49.419],[2.914,49.427],[2.915,49.432],[2.91,49.434],[2.891,49.429],[2.877,49.436],[2.867,49.435],[2.861,49.431],[2.857,49.433],[2.846,49.434]]}},{"type":"Feature","properties":{"nom":"L'Oise du confluent du Thérain (exclu) au confluent de l'Esches (exclu)","code":"HR216A","longueurKm":21.1826417417,"strahler":6.0},"geometry":{"type":"LineString","coordinates":[[2.45,49.241],[2.441,49.229],[2.432,49.225],[2.416,49.206],[2.378,49.203],[2.369,49.199],[2.367,49.191],[2.371,49.184],[2.371,49.179],[2.362,49.151],[2.358,49.147],[2.351,49.145],[2.296,49.152],[2.274,49.142]]}},{"type":"Feature","properties":{"nom":"L'Oise du confluent de l'Aisne (exclu) au confluent du Thérain (exclu)","code":"HR216C","longueurKm":44.0017861482,"strahler":6.0},"geometry":{"type":"LineString","coordinates":[[2.846,49.434],[2.812,49.414],[2.8,49.412],[2.795,49.403],[2.784,49.397],[2.777,49.383],[2.776,49.374],[2.764,49.362],[2.767,49.354],[2.765,49.35],[2.759,49.345],[2.747,49.343],[2.741,49.34],[2.724,49.312],[2.718,49.311],[2.701,49.315],[2.686,49.314],[2.671,49.32],[2.653,49.324],[2.649,49.327],[2.637,49.328],[2.628,49.325],[2.617,49.304],[2.567,49.304],[2.553,49.3],[2.54,49.302],[2.523,49.299],[2.513,49.293],[2.51,49.281],[2.497,49.276],[2.488,49.265],[2.471,49.261],[2.459,49.254],[2.45,49.241]]}},{"type":"Feature","properties":{"nom":"L'Oise du confluent de l'Esches (exclu) au confluent de la Seine (exclu)","code":"HR228A","longueurKm":34.0679342447,"strahler":6.0},"geometry":{"type":"LineString","coordinates":[[2.274,49.142],[2.258,49.132],[2.237,49.131],[2.221,49.127],[2.212,49.12],[2.209,49.093],[2.197,49.076],[2.168,49.064],[2.147,49.067],[2.131,49.066],[2.102,49.048],[2.087,49.02],[2.079,49.019],[2.069,49.022],[2.06,49.029],[2.053,49.041],[2.048,49.041],[2.041,49.037],[2.037,49.03],[2.072,49.001],[2.071,48.986]]}},{"type":"Feature","properties":{"nom":"la Seine du confluent de l'Oise (exclu) au confluent de la Mauldre (exclu)","code":"HR230A","longueurKm":38.1904779196,"strahler":7.0},"geometry":{"type":"MultiLineString","coordinates":[[[2.071,48.986],[2.055,48.971],[2.047,48.95],[2.039,48.937],[2.032,48.932],[2.023,48.93],[2.008,48.935],[1.999,48.948],[1.998,48.964],[2.003,48.974],[1.997,48.984],[1.967,49.0],[1.949,49.006],[1.935,49.006],[1.859,48.988],[1.837,48.985],[1.815,48.976],[1.792,48.97]],[[1.925,49.004],[1.905,49.003],[1.837,48.985]]]}},{"type":"Feature","properties":{"nom":"la Seine du confluent de la Mauldre (exclu) au confluent de l'Epte (exclu)","code":"HR230B","longueurKm":42.1728613569,"strahler":7.0},"geometry":{"type":"LineString","coordinates":[[1.792,48.97],[1.776,48.966],[1.749,48.969],[1.731,48.979],[1.713,49.001],[1.698,49.009],[1.681,49.009],[1.639,49.004],[1.616,49.01],[1.613,49.022],[1.623,49.032],[1.686,49.049],[1.697,49.055],[1.699,49.063],[1.678,49.074],[1.652,49.079],[1.63,49.079],[1.612,49.07],[1.604,49.058],[1.582,49.042],[1.575,49.038],[1.563,49.035],[1.547,49.039],[1.539,49.043],[1.532,49.049],[1.527,49.061]]}},{"type":"Feature","properties":{"nom":"La Seine du confluent de l'Epte (inclus) au confluent de l'Andelle (exclu)","code":"HR230C","longueurKm":56.9881662466,"strahler":7.0},"geometry":{"type":"LineString","coordinates":[[1.527,49.061],[1.504,49.085],[1.477,49.101],[1.469,49.111],[1.451,49.119],[1.425,49.137],[1.421,49.146],[1.4,49.165],[1.35,49.18],[1.336,49.188],[1.334,49.192],[1.338,49.198],[1.375,49.214],[1.394,49.227],[1.399,49.237],[1.389,49.248],[1.367,49.252],[1.354,49.25],[1.345,49.246],[1.314,49.223],[1.287,49.217],[1.268,49.206],[1.249,49.206],[1.234,49.214],[1.228,49.22],[1.226,49.23],[1.241,49.24],[1.253,49.242],[1.262,49.248],[1.261,49.258],[1.266,49.268],[1.261,49.279],[1.265,49.295],[1.257,49.301],[1.236,49.31]]}},{"type":"Feature","properties":{"nom":"L'Aube du confluent de la Voire (exclu) au confluent de la Seine (exclu)","code":"HR24","longueurKm":99.6724719252,"strahler":5.0},"geometry":{"type":"MultiLineString","coordinates":[[[4.406,48.445],[4.398,48.449],[4.394,48.445],[4.389,48.445],[4.387,48.449],[4.37,48.451],[4.369,48.455],[4.361,48.46],[4.364,48.461],[4.36,48.472],[4.354,48.475],[4.352,48.478],[4.356,48.479],[4.346,48.485],[4.339,48.496],[4.336,48.493],[4.331,48.496],[4.332,48.498],[4.326,48.495],[4.323,48.497],[4.32,48.496],[4.311,48.502],[4.31,48.507],[4.307,48.506],[4.307,48.508],[4.302,48.511],[4.298,48.509],[4.29,48.513],[4.288,48.509],[4.281,48.506],[4.278,48.51],[4.276,48.507],[4.265,48.512],[4.263,48.508],[4.252,48.514],[4.251,48.518],[4.255,48.516],[4.253,48.521],[4.241,48.52],[4.244,48.523],[4.238,48.525],[4.239,48.527],[4.234,48.533],[4.229,48.53],[4.227,48.532],[4.231,48.532],[4.23,48.533],[4.222,48.535],[4.216,48.535],[4.216,48.538],[4.207,48.536],[4.203,48.539],[4.202,48.536],[4.199,48.542],[4.191,48.539],[4.193,48.542],[4.185,48.545],[4.177,48.545],[4.176,48.547],[4.165,48.546],[4.168,48.543],[4.164,48.54],[4.157,48.539],[4.157,48.542],[4.152,48.541],[4.152,48.543],[4.146,48.538],[4.128,48.536],[4.112,48.539],[4.112,48.537],[4.101,48.541],[4.106,48.541],[4.106,48.542],[4.097,48.544],[4.097,48.546],[4.092,48.546],[4.091,48.548],[4.088,48.547],[4.088,48.552],[4.071,48.552],[4.066,48.553],[4.066,48.556],[4.052,48.555],[4.049,48.559],[4.045,48.558],[4.033,48.563],[4.021,48.564],[4.013,48.562],[3.999,48.564],[3.993,48.564],[3.991,48.564],[3.989,48.564],[3.973,48.566],[3.969,48.568],[3.964,48.567],[3.961,48.571],[3.954,48.569],[3.953,48.564],[3.946,48.565],[3.947,48.563],[3.941,48.562],[3.936,48.567],[3.934,48.566],[3.933,48.57],[3.928,48.568],[3.921,48.574],[3.915,48.573],[3.905,48.577],[3.9,48.576],[3.902,48.575],[3.897,48.572],[3.897,48.574],[3.892,48.573],[3.887,48.576],[3.888,48.579],[3.881,48.576],[3.88,48.579],[3.873,48.579],[3.872,48.581],[3.862,48.578],[3.86,48.58],[3.857,48.579],[3.835,48.583],[3.814,48.578],[3.813,48.58],[3.802,48.582],[3.8,48.584],[3.794,48.578],[3.787,48.578],[3.778,48.573],[3.753,48.573],[3.727,48.563],[3.723,48.565],[3.715,48.558]],[[3.991,48.564],[3.983,48.56],[3.978,48.561],[3.963,48.549],[3.944,48.554],[3.94,48.558],[3.933,48.558],[3.936,48.559],[3.937,48.564],[3.934,48.563],[3.928,48.567],[3.931,48.568]]]}},{"type":"Feature","properties":{"nom":"L'Eure du confluent de la Vesgre (exclu) au confluent de l'Iton (exclu)","code":"HR246B","longueurKm":50.1095992982,"strahler":5.0},"geometry":{"type":"LineString","coordinates":[[1.467,48.886],[1.471,48.898],[1.461,48.9],[1.462,48.905],[1.458,48.912],[1.451,48.91],[1.44,48.911],[1.43,48.924],[1.429,48.929],[1.433,48.931],[1.429,48.935],[1.431,48.939],[1.429,48.943],[1.424,48.946],[1.417,48.944],[1.409,48.964],[1.412,48.972],[1.418,48.975],[1.419,48.979],[1.408,48.996],[1.386,49.007],[1.378,49.013],[1.365,49.014],[1.366,49.023],[1.36,49.027],[1.36,49.033],[1.344,49.041],[1.332,49.059],[1.31,49.067],[1.304,49.071],[1.305,49.075],[1.295,49.082],[1.288,49.083],[1.277,49.091],[1.273,49.091],[1.269,49.087],[1.263,49.091],[1.257,49.103],[1.246,49.106],[1.24,49.103],[1.234,49.103],[1.226,49.108],[1.222,49.107],[1.209,49.115],[1.202,49.127],[1.193,49.133],[1.192,49.141],[1.197,49.144],[1.19,49.154],[1.192,49.159],[1.19,49.169],[1.186,49.175]]}},{"type":"Feature","properties":{"nom":"L'Eure du confluent de la Voise (exclu) au confluent de la Vesgre (exclu)","code":"HR246A","longueurKm":47.706010609,"strahler":5.0},"geometry":{"type":"LineString","coordinates":[[1.567,48.6],[1.559,48.603],[1.552,48.61],[1.549,48.623],[1.552,48.63],[1.542,48.644],[1.543,48.649],[1.532,48.653],[1.521,48.654],[1.517,48.657],[1.519,48.659],[1.5,48.668],[1.485,48.668],[1.478,48.674],[1.454,48.678],[1.442,48.701],[1.43,48.708],[1.425,48.707],[1.415,48.726],[1.419,48.731],[1.415,48.738],[1.418,48.745],[1.415,48.761],[1.396,48.771],[1.383,48.771],[1.378,48.774],[1.38,48.776],[1.374,48.783],[1.377,48.792],[1.356,48.817],[1.359,48.82],[1.359,48.829],[1.362,48.834],[1.392,48.847],[1.397,48.856],[1.404,48.861],[1.424,48.861],[1.43,48.866],[1.44,48.865],[1.461,48.872],[1.467,48.886]]}},{"type":"Feature","properties":{"nom":"L'Eure du confluent de l'Iton (exclu) au confluent de la Seine (exclu)","code":"HR261","longueurKm":29.4396164713,"strahler":5.0},"geometry":{"type":"LineString","coordinates":[[1.186,49.175],[1.168,49.19],[1.17,49.196],[1.179,49.209],[1.18,49.213],[1.172,49.218],[1.188,49.24],[1.197,49.244],[1.198,49.248],[1.207,49.255],[1.22,49.26],[1.223,49.264],[1.222,49.273],[1.214,49.285],[1.21,49.287],[1.206,49.296],[1.196,49.301],[1.155,49.307],[1.107,49.307],[1.076,49.303],[1.071,49.304],[1.061,49.301],[1.056,49.297],[1.041,49.295]]}},{"type":"Feature","properties":{"nom":"le Grand Canal et ses affluents","code":"HR289","longueurKm":60.264475,"strahler":5.0},"geometry":{"type":"MultiLineString","coordinates":[[[-0.076,49.167],[-0.096,49.178],[-0.113,49.185],[-0.113,49.186],[-0.109,49.194],[-0.105,49.203],[-0.131,49.188],[-0.151,49.186],[-0.154,49.183]],[[-0.153,49.17],[-0.174,49.179],[-0.177,49.192],[-0.173,49.197],[-0.171,49.198],[-0.168,49.199],[-0.158,49.212],[-0.15,49.213],[-0.134,49.224],[-0.128,49.232],[-0.109,49.242],[-0.107,49.269]],[[-0.071,49.19],[-0.084,49.201],[-0.093,49.2],[-0.109,49.194]],[[-0.171,49.198],[-0.171,49.198]],[[-0.105,49.203],[-0.086,49.214],[-0.084,49.221],[-0.109,49.242]]]}},{"type":"Feature","properties":{"nom":"la Dives du siphon du canal du Domaine à la confluence avec la Vie","code":"HR289A","longueurKm":60.264475,"strahler":5.0},"geometry":{"type":"LineString","coordinates":[[-0.065,49.149],[-0.067,49.157],[-0.074,49.162],[-0.083,49.165],[-0.098,49.164],[-0.11,49.176],[-0.116,49.179],[-0.129,49.182],[-0.16,49.181],[-0.164,49.184]]}},{"type":"Feature","properties":{"nom":"L'Orne du confluent de l'Ure (exclu) au barrage de Rabodanges","code":"HR295","longueurKm":38.8756433845,"strahler":5.0},"geometry":{"type":"LineString","coordinates":[[-0.008,48.735],[-0.016,48.735],[-0.022,48.741],[-0.029,48.744],[-0.035,48.741],[-0.037,48.736],[-0.041,48.734],[-0.051,48.737],[-0.058,48.736],[-0.062,48.728],[-0.067,48.727],[-0.085,48.728],[-0.104,48.721],[-0.119,48.727],[-0.124,48.725],[-0.127,48.718],[-0.139,48.715],[-0.147,48.721],[-0.151,48.729],[-0.162,48.73],[-0.167,48.734],[-0.173,48.728],[-0.182,48.731],[-0.177,48.741],[-0.163,48.742],[-0.16,48.745],[-0.163,48.749],[-0.173,48.748],[-0.176,48.745],[-0.186,48.745],[-0.185,48.738],[-0.192,48.735],[-0.196,48.74],[-0.195,48.744],[-0.182,48.749],[-0.182,48.754],[-0.187,48.755],[-0.201,48.752],[-0.2,48.741],[-0.207,48.739],[-0.212,48.748],[-0.218,48.747],[-0.221,48.749],[-0.223,48.756],[-0.227,48.756],[-0.234,48.751],[-0.237,48.756],[-0.246,48.758],[-0.244,48.765],[-0.249,48.766]]}},{"type":"Feature","properties":{"nom":"la Dives du confluent de l'Ante (exclu) à la confluence avec la Morte-Vie","code":"HR282","longueurKm":32.1203813704,"strahler":5.0},"geometry":{"type":"LineString","coordinates":[[-0.076,48.93],[-0.077,48.936],[-0.083,48.938],[-0.078,48.948],[-0.085,48.954],[-0.088,48.961],[-0.088,48.966],[-0.083,48.971],[-0.083,48.982],[-0.07,48.993],[-0.067,49.0],[-0.051,49.006],[-0.049,49.014],[-0.04,49.018],[-0.025,49.033],[-0.023,49.042],[-0.028,49.062],[-0.044,49.069],[-0.068,49.086],[-0.07,49.093],[-0.055,49.103],[-0.054,49.112],[-0.054,49.118],[-0.064,49.127],[-0.065,49.134],[-0.062,49.141],[-0.065,49.149]]}},{"type":"Feature","properties":{"nom":"L'Orne du pied du barrage de Rabodanges au confluent de la Baize (exclu)","code":"HR299A","longueurKm":14.4231496467,"strahler":5.0},"geometry":{"type":"LineString","coordinates":[[-0.297,48.788],[-0.3,48.784],[-0.307,48.789],[-0.304,48.794],[-0.319,48.798],[-0.313,48.812],[-0.323,48.813],[-0.333,48.822],[-0.347,48.822],[-0.363,48.831],[-0.364,48.835],[-0.373,48.835],[-0.368,48.84],[-0.375,48.841],[-0.359,48.844],[-0.364,48.849]]}},{"type":"Feature","properties":{"nom":"L'Orne du confluent de la Baize (exclu) au confluent du Noireau (exclu)","code":"HR299B","longueurKm":6.1037589023,"strahler":5.0},"geometry":{"type":"LineString","coordinates":[[-0.364,48.849],[-0.376,48.845],[-0.383,48.85],[-0.386,48.845],[-0.394,48.855],[-0.405,48.862],[-0.406,48.869],[-0.41,48.871]]}},{"type":"Feature","properties":{"nom":"le Noireau du confluent de la Druance (exclu) au confluent de l'Orne (exclu)","code":"HR304","longueurKm":13.7660004949,"strahler":5.0},"geometry":{"type":"LineString","coordinates":[[-0.547,48.848],[-0.532,48.851],[-0.52,48.849],[-0.519,48.854],[-0.508,48.851],[-0.496,48.858],[-0.476,48.859],[-0.469,48.869],[-0.464,48.871],[-0.443,48.87],[-0.436,48.864],[-0.431,48.863],[-0.424,48.868],[-0.41,48.871]]}},{"type":"Feature","properties":{"nom":"L'Orne du confluent du Noireau (exclu) au confluent du ruisseau de la Grande Vallée (inclus)","code":"HR306","longueurKm":39.3218633245,"strahler":6.0},"geometry":{"type":"LineString","coordinates":[[-0.41,48.871],[-0.415,48.88],[-0.424,48.884],[-0.416,48.887],[-0.416,48.891],[-0.422,48.891],[-0.428,48.885],[-0.439,48.884],[-0.444,48.885],[-0.446,48.89],[-0.442,48.897],[-0.459,48.894],[-0.457,48.909],[-0.476,48.909],[-0.473,48.927],[-0.496,48.925],[-0.502,48.929],[-0.512,48.929],[-0.513,48.938],[-0.502,48.944],[-0.505,48.954],[-0.491,48.954],[-0.48,48.959],[-0.478,48.965],[-0.484,48.979],[-0.483,48.992],[-0.487,48.993],[-0.494,48.99],[-0.498,48.992],[-0.493,48.998],[-0.484,48.994],[-0.475,49.0],[-0.467,49.002],[-0.466,49.005],[-0.475,49.012],[-0.467,49.019],[-0.467,49.035],[-0.459,49.049],[-0.461,49.06],[-0.458,49.064],[-0.45,49.066],[-0.445,49.062]]}},{"type":"Feature","properties":{"nom":"L'Orne du ruisseau de la Grande Vallée (exclu) à la confluence de l'Odon (exclu)","code":"HR307","longueurKm":17.9729911968,"strahler":6.0},"geometry":{"type":"LineString","coordinates":[[-0.445,49.062],[-0.439,49.063],[-0.44,49.067],[-0.432,49.072],[-0.423,49.09],[-0.409,49.098],[-0.392,49.097],[-0.384,49.103],[-0.389,49.119],[-0.406,49.128],[-0.398,49.144],[-0.398,49.152],[-0.39,49.154],[-0.377,49.151],[-0.37,49.161]]}},{"type":"Feature","properties":{"nom":"la Vire du confluent de la Brévogne (exclu) au confluent de la Drome (exclu)","code":"HR314","longueurKm":27.714660879,"strahler":5.0},"geometry":{"type":"LineString","coordinates":[[-0.886,48.88],[-0.885,48.898],[-0.889,48.901],[-0.89,48.906],[-0.881,48.91],[-0.88,48.914],[-0.887,48.919],[-0.884,48.925],[-0.893,48.93],[-0.897,48.938],[-0.894,48.944],[-0.897,48.947],[-0.893,48.949],[-0.896,48.951],[-0.906,48.946],[-0.916,48.946],[-0.925,48.939],[-0.933,48.941],[-0.937,48.936],[-0.941,48.941],[-0.948,48.936],[-0.954,48.941],[-0.96,48.933],[-0.963,48.933],[-0.968,48.944],[-0.972,48.944],[-0.982,48.937],[-0.989,48.946],[-1.005,48.935],[-1.012,48.941],[-1.028,48.936]]}},{"type":"Feature","properties":{"nom":"la Vire du confluent du ruisseau Saint Martin (exclu) au confluent de l'Elle (exclu)","code":"HR318","longueurKm":18.5965412175,"strahler":5.0},"geometry":{"type":"LineString","coordinates":[[-1.11,49.181],[-1.111,49.184],[-1.102,49.185],[-1.097,49.197],[-1.093,49.198],[-1.088,49.205],[-1.085,49.218],[-1.095,49.228],[-1.087,49.236],[-1.095,49.246],[-1.095,49.252],[-1.098,49.255],[-1.1,49.252],[-1.107,49.253],[-1.11,49.251],[-1.117,49.254],[-1.124,49.252],[-1.128,49.255],[-1.13,49.259],[-1.125,49.261],[-1.125,49.264],[-1.136,49.27],[-1.133,49.274],[-1.135,49.278],[-1.128,49.277],[-1.125,49.274],[-1.123,49.276]]}},{"type":"Feature","properties":{"nom":"la Vire du confluent de la Drome (exclu) au confluent du ruisseau de St Martin (inclus)","code":"HR317","longueurKm":48.0942700142,"strahler":5.0},"geometry":{"type":"LineString","coordinates":[[-1.028,48.936],[-1.034,48.939],[-1.029,48.947],[-1.043,48.961],[-1.049,48.962],[-1.051,48.957],[-1.057,48.959],[-1.06,48.967],[-1.055,48.972],[-1.055,48.976],[-1.057,48.979],[-1.067,48.984],[-1.066,48.986],[-1.062,48.986],[-1.068,48.99],[-1.055,49.013],[-1.046,49.013],[-1.043,49.017],[-1.041,49.026],[-1.052,49.025],[-1.057,49.022],[-1.06,49.024],[-1.055,49.03],[-1.047,49.034],[-1.047,49.037],[-1.041,49.04],[-1.039,49.048],[-1.043,49.051],[-1.043,49.048],[-1.046,49.047],[-1.052,49.051],[-1.062,49.059],[-1.063,49.068],[-1.08,49.075],[-1.084,49.082],[-1.086,49.08],[-1.096,49.089],[-1.106,49.088],[-1.107,49.09],[-1.121,49.092],[-1.125,49.096],[-1.126,49.104],[-1.122,49.106],[-1.124,49.107],[-1.122,49.11],[-1.105,49.113],[-1.097,49.118],[-1.101,49.124],[-1.108,49.125],[-1.118,49.121],[-1.127,49.122],[-1.132,49.128],[-1.143,49.13],[-1.152,49.135],[-1.152,49.139],[-1.137,49.149],[-1.116,49.179],[-1.11,49.181]]}},{"type":"Feature","properties":{"nom":"ruisseau le fumichon","code":"HR317-I4350600","longueurKm":8.69213951997,"strahler":5.0},"geometry":{"type":"LineString","coordinates":[[-0.987,49.09],[-1.009,49.101],[-1.033,49.099],[-1.04,49.096],[-1.048,49.098],[-1.062,49.092],[-1.07,49.083],[-1.083,49.081]]}},{"type":"Feature","properties":{"nom":"la Seine du confluent de l'Aube (exclu) au confluent du ruisseau de Faverolles (inclus)","code":"HR33","longueurKm":13.2998514941,"strahler":5.0},"geometry":{"type":"LineString","coordinates":[[3.715,48.558],[3.708,48.553],[3.699,48.552],[3.691,48.545],[3.688,48.545],[3.686,48.551],[3.67,48.545],[3.665,48.546],[3.66,48.544],[3.655,48.548],[3.656,48.541],[3.649,48.543],[3.65,48.539],[3.64,48.535],[3.639,48.53],[3.635,48.533],[3.627,48.527],[3.617,48.527],[3.618,48.525],[3.621,48.526],[3.619,48.523]]}},{"type":"Feature","properties":{"nom":"la Taute du confluent de la Terrette (exclu) au confluent de la Douve (exclu)","code":"HR331","longueurKm":9.3875456532,"strahler":5.0},"geometry":{"type":"LineString","coordinates":[[-1.238,49.232],[-1.234,49.233],[-1.235,49.238],[-1.219,49.248],[-1.218,49.253],[-1.229,49.268],[-1.224,49.28],[-1.237,49.292],[-1.234,49.302]]}},{"type":"Feature","properties":{"nom":"la Seine du confluent du Ru de Faverolles (exclu) au confluent de la Voulzie (exclu)","code":"HR34","longueurKm":51.5899908685,"strahler":6.0},"geometry":{"type":"LineString","coordinates":[[3.619,48.523],[3.613,48.523],[3.607,48.517],[3.604,48.522],[3.593,48.523],[3.584,48.514],[3.573,48.517],[3.571,48.516],[3.574,48.513],[3.572,48.513],[3.567,48.519],[3.561,48.515],[3.548,48.519],[3.548,48.516],[3.543,48.516],[3.538,48.52],[3.534,48.517],[3.529,48.522],[3.527,48.519],[3.531,48.515],[3.525,48.508],[3.518,48.506],[3.509,48.506],[3.506,48.5],[3.502,48.497],[3.499,48.498],[3.494,48.492],[3.469,48.495],[3.457,48.491],[3.457,48.481],[3.446,48.489],[3.444,48.495],[3.44,48.494],[3.44,48.49],[3.43,48.49],[3.434,48.474],[3.424,48.469],[3.421,48.47],[3.422,48.474],[3.418,48.474],[3.414,48.466],[3.397,48.466],[3.394,48.461],[3.389,48.46],[3.387,48.455],[3.371,48.464],[3.362,48.461],[3.358,48.463],[3.353,48.459],[3.345,48.462],[3.339,48.459],[3.327,48.459],[3.324,48.456],[3.321,48.444],[3.313,48.441],[3.314,48.431],[3.28,48.427],[3.271,48.423],[3.267,48.417],[3.244,48.415],[3.231,48.419],[3.224,48.425],[3.215,48.421],[3.21,48.427]]}},{"type":"Feature","properties":{"nom":"la Sélune du pied du barrage de La Roche Qui Boit à l'embouchure","code":"HR351","longueurKm":17.8765378107,"strahler":5.0},"geometry":{"type":"LineString","coordinates":[[-1.258,48.606],[-1.268,48.601],[-1.268,48.597],[-1.283,48.598],[-1.288,48.603],[-1.293,48.596],[-1.299,48.596],[-1.298,48.598],[-1.309,48.604],[-1.31,48.61],[-1.308,48.614],[-1.302,48.614],[-1.296,48.619],[-1.297,48.624],[-1.294,48.626],[-1.294,48.63],[-1.3,48.63],[-1.301,48.633],[-1.308,48.633],[-1.324,48.64],[-1.328,48.634],[-1.332,48.638],[-1.336,48.635],[-1.339,48.639],[-1.346,48.64],[-1.349,48.637],[-1.345,48.637],[-1.346,48.633]]}},{"type":"Feature","properties":{"nom":"la Seine du confluent de la Voulzie (exclu) au confluent de l'Yonne (exclu)","code":"HR38","longueurKm":20.968714237,"strahler":6.0},"geometry":{"type":"LineString","coordinates":[[3.21,48.427],[3.185,48.424],[3.16,48.418],[3.136,48.408],[3.116,48.404],[3.107,48.398],[3.101,48.392],[3.092,48.39],[3.055,48.388],[3.05,48.392],[3.039,48.389],[3.027,48.389],[2.982,48.397],[2.957,48.389]]}},{"type":"Feature","properties":{"nom":"L'Yonne du confluent de l'Armance (exclu) au confluent de la Cure (exclu)","code":"HR46A","longueurKm":59.6424638839,"strahler":5.0},"geometry":{"type":"LineString","coordinates":[[3.556,47.43],[3.549,47.433],[3.55,47.436],[3.553,47.434],[3.557,47.442],[3.557,47.446],[3.547,47.452],[3.55,47.454],[3.542,47.459],[3.537,47.451],[3.533,47.45],[3.523,47.457],[3.524,47.463],[3.528,47.467],[3.525,47.493],[3.508,47.493],[3.512,47.5],[3.52,47.504],[3.522,47.513],[3.518,47.516],[3.53,47.524],[3.551,47.524],[3.568,47.526],[3.565,47.53],[3.578,47.529],[3.585,47.525],[3.59,47.527],[3.592,47.523],[3.603,47.524],[3.603,47.531],[3.595,47.538],[3.597,47.54],[3.601,47.54],[3.604,47.543],[3.62,47.532],[3.625,47.532],[3.632,47.537],[3.631,47.546],[3.627,47.548],[3.633,47.559],[3.639,47.56],[3.644,47.558],[3.646,47.56],[3.65,47.56],[3.652,47.563],[3.634,47.568],[3.636,47.572],[3.65,47.578],[3.639,47.586],[3.635,47.593],[3.642,47.593],[3.649,47.587],[3.655,47.589],[3.679,47.599],[3.679,47.604],[3.685,47.611],[3.684,47.614],[3.678,47.614],[3.669,47.621],[3.67,47.625],[3.677,47.625],[3.661,47.631],[3.66,47.635],[3.666,47.637],[3.664,47.648],[3.668,47.651],[3.661,47.654],[3.668,47.657],[3.668,47.662],[3.674,47.664],[3.688,47.676]]}},{"type":"Feature","properties":{"nom":"L'Yonne du confluent de la Cure au confluent du Ru de Baulche (exclu)","code":"HR46B","longueurKm":28.4147507574,"strahler":5.0},"geometry":{"type":"LineString","coordinates":[[3.688,47.676],[3.685,47.687],[3.672,47.69],[3.671,47.696],[3.664,47.698],[3.641,47.699],[3.637,47.702],[3.638,47.71],[3.631,47.72],[3.621,47.724],[3.609,47.726],[3.589,47.743],[3.589,47.752],[3.611,47.776],[3.575,47.798],[3.576,47.808],[3.581,47.816],[3.572,47.823],[3.571,47.832],[3.575,47.846],[3.579,47.848],[3.574,47.852],[3.561,47.853]]}},{"type":"Feature","properties":{"nom":"canal du Nivernais","code":"HR502","longueurKm":93.9288138776,"strahler":5.0},"geometry":{"type":"MultiLineString","coordinates":[[[3.633,47.17],[3.647,47.167],[3.656,47.171],[3.662,47.178],[3.671,47.179],[3.674,47.185],[3.687,47.187],[3.695,47.194],[3.683,47.205],[3.679,47.216],[3.652,47.255],[3.642,47.262],[3.651,47.276],[3.657,47.279],[3.658,47.289],[3.665,47.294],[3.665,47.305],[3.656,47.316],[3.654,47.331],[3.636,47.335],[3.63,47.339],[3.621,47.352],[3.619,47.362],[3.606,47.373],[3.599,47.39],[3.608,47.405],[3.602,47.415],[3.588,47.408],[3.564,47.417],[3.548,47.433],[3.552,47.445],[3.545,47.457],[3.541,47.457],[3.537,47.451],[3.534,47.45],[3.528,47.452],[3.523,47.458]],[[3.525,47.464],[3.525,47.49],[3.513,47.49],[3.51,47.495],[3.52,47.502],[3.522,47.51],[3.53,47.519],[3.56,47.525],[3.58,47.526],[3.592,47.522],[3.604,47.523],[3.605,47.528],[3.6,47.535],[3.603,47.54],[3.618,47.53],[3.629,47.532],[3.635,47.538],[3.631,47.552],[3.634,47.557],[3.65,47.56]],[[3.642,47.566],[3.637,47.569],[3.646,47.576]],[[3.643,47.585],[3.637,47.592],[3.649,47.587]],[[3.655,47.589],[3.679,47.599]],[[3.68,47.601],[3.686,47.612],[3.677,47.625]],[[3.672,47.628],[3.665,47.636]],[[3.664,47.643],[3.677,47.66],[3.675,47.666]],[[3.707,47.663],[3.694,47.663],[3.677,47.668]],[[3.727,47.664],[3.721,47.665],[3.709,47.663]],[[3.679,47.67],[3.685,47.676],[3.68,47.686],[3.657,47.696],[3.641,47.699]],[[3.637,47.703],[3.637,47.713]],[[3.623,47.724],[3.615,47.725]],[[3.6,47.734],[3.59,47.74]],[[3.593,47.756],[3.596,47.761]],[[3.608,47.772],[3.611,47.775]]]}},{"type":"Feature","properties":{"nom":"canal latéral à la Marne","code":"HR503","longueurKm":67.0597753834,"strahler":5.0},"geometry":{"type":"LineString","coordinates":[[4.608,48.73],[4.587,48.738],[4.585,48.745],[4.572,48.75],[4.568,48.759],[4.541,48.778],[4.532,48.794],[4.524,48.801],[4.52,48.818],[4.511,48.836],[4.49,48.847],[4.474,48.863],[4.455,48.872],[4.359,48.949],[4.353,48.959],[4.329,48.979],[4.175,49.043],[4.166,49.041],[4.139,49.046],[4.123,49.046],[4.106,49.044],[4.061,49.045],[4.044,49.042],[3.961,49.061],[3.943,49.071]]}},{"type":"Feature","properties":{"nom":"canal latéral Aisne et Ardennes","code":"HR519","longueurKm":111.609325425,"strahler":5.0},"geometry":{"type":"LineString","coordinates":[[4.704,49.404],[4.703,49.413],[4.685,49.432],[4.679,49.442],[4.679,49.451],[4.651,49.465],[4.646,49.469],[4.646,49.477],[4.653,49.484],[4.647,49.49],[4.632,49.49],[4.62,49.484],[4.614,49.478],[4.593,49.475],[4.557,49.483],[4.553,49.487],[4.525,49.494],[4.515,49.499],[4.475,49.481],[4.423,49.49],[4.412,49.486],[4.399,49.492],[4.387,49.49],[4.356,49.506],[4.329,49.504],[4.317,49.511],[4.296,49.515],[4.284,49.522],[4.262,49.524],[4.24,49.523],[4.21,49.507],[4.196,49.505],[4.16,49.486],[4.139,49.48],[4.124,49.482],[4.115,49.472],[4.099,49.463],[4.094,49.444],[4.085,49.442],[4.046,49.442],[4.032,49.418],[4.022,49.412],[4.008,49.413],[3.985,49.42],[3.975,49.426],[3.962,49.428],[3.948,49.423],[3.924,49.405],[3.904,49.399],[3.897,49.398],[3.874,49.403],[3.85,49.4],[3.82,49.401],[3.808,49.394],[3.8,49.383],[3.779,49.376],[3.761,49.374],[3.741,49.374],[3.73,49.38],[3.684,49.38],[3.672,49.387],[3.635,49.39],[3.623,49.393],[3.597,49.392],[3.539,49.4],[3.524,49.399],[3.505,49.405],[3.482,49.4]]}},{"type":"Feature","properties":{"nom":"canal des Ardennes","code":"HR520","longueurKm":9.19517443545,"strahler":5.0},"geometry":{"type":"MultiLineString","coordinates":[[[4.647,49.49],[4.642,49.49]],[[4.748,49.516],[4.736,49.518],[4.732,49.515],[4.733,49.512],[4.727,49.51],[4.715,49.51],[4.704,49.5],[4.684,49.489],[4.678,49.489],[4.668,49.486],[4.653,49.488]]]}},{"type":"Feature","properties":{"nom":"canal du Loing","code":"HR522","longueurKm":87.5160954064,"strahler":5.0},"geometry":{"type":"MultiLineString","coordinates":[[[2.848,47.716],[2.862,47.736],[2.882,47.744],[2.879,47.783],[2.871,47.792],[2.863,47.796],[2.854,47.795],[2.846,47.799],[2.843,47.826],[2.836,47.83],[2.833,47.838],[2.823,47.841],[2.818,47.844],[2.819,47.856],[2.828,47.868],[2.819,47.875],[2.82,47.885],[2.812,47.894],[2.814,47.902],[2.81,47.913],[2.812,47.921],[2.81,47.932],[2.79,47.941],[2.773,47.96],[2.742,47.979],[2.734,47.99],[2.735,47.999],[2.73,48.0]],[[2.724,48.007],[2.722,48.028],[2.731,48.04],[2.746,48.049],[2.752,48.078],[2.765,48.105],[2.752,48.119],[2.749,48.13],[2.753,48.145],[2.751,48.15],[2.742,48.155],[2.734,48.169],[2.715,48.189],[2.716,48.204],[2.71,48.214],[2.706,48.236],[2.698,48.248],[2.695,48.262],[2.689,48.267],[2.695,48.273]],[[2.692,48.29],[2.696,48.3],[2.707,48.309],[2.74,48.318],[2.75,48.324],[2.754,48.33],[2.787,48.336],[2.797,48.345],[2.819,48.356],[2.828,48.365],[2.825,48.374],[2.819,48.378]]]}},{"type":"Feature","properties":{"nom":"L'Yonne du confluent du ru de Baulche (exclu) au confluent de l'Armançon (exclu)","code":"HR56","longueurKm":17.8028028965,"strahler":5.0},"geometry":{"type":"LineString","coordinates":[[3.561,47.853],[3.558,47.853],[3.552,47.861],[3.555,47.868],[3.544,47.87],[3.55,47.873],[3.545,47.875],[3.548,47.88],[3.536,47.877],[3.534,47.882],[3.536,47.884],[3.533,47.887],[3.537,47.89],[3.529,47.893],[3.524,47.89],[3.521,47.892],[3.528,47.905],[3.526,47.909],[3.533,47.911],[3.528,47.914],[3.53,47.918],[3.515,47.929],[3.514,47.941],[3.504,47.945],[3.508,47.953]]}},{"type":"Feature","properties":{"nom":"L'Armançon du confluent de la Brenne (exclu) au confluent du ruisseau de Baon (inclus)","code":"HR64","longueurKm":52.4684916361,"strahler":5.0},"geometry":{"type":"LineString","coordinates":[[4.276,47.644],[4.268,47.65],[4.262,47.648],[4.254,47.65],[4.252,47.659],[4.238,47.666],[4.229,47.667],[4.223,47.674],[4.232,47.686],[4.246,47.693],[4.241,47.701],[4.24,47.711],[4.233,47.714],[4.222,47.711],[4.214,47.717],[4.213,47.722],[4.217,47.732],[4.209,47.749],[4.203,47.75],[4.196,47.743],[4.189,47.741],[4.181,47.745],[4.174,47.744],[4.169,47.747],[4.173,47.756],[4.171,47.766],[4.168,47.767],[4.157,47.769],[4.15,47.766],[4.135,47.764],[4.131,47.766],[4.119,47.762],[4.114,47.763],[4.112,47.765],[4.103,47.767],[4.105,47.773],[4.101,47.773],[4.105,47.774],[4.103,47.778],[4.075,47.781],[4.072,47.783],[4.07,47.79],[4.082,47.799],[4.092,47.798],[4.109,47.802],[4.115,47.801],[4.119,47.811],[4.105,47.823],[4.099,47.821],[4.072,47.828],[4.067,47.827],[4.067,47.836],[4.076,47.851],[4.065,47.857],[4.052,47.857]]}},{"type":"Feature","properties":{"nom":"L'Armançon du confluent du ruisseau de Baon (exclu) au confluent de l'Armance (exclu)","code":"HR65","longueurKm":42.9640037262,"strahler":5.0},"geometry":{"type":"LineString","coordinates":[[4.052,47.857],[4.047,47.854],[4.039,47.853],[4.025,47.86],[4.023,47.858],[4.019,47.86],[4.016,47.858],[4.004,47.861],[4.001,47.859],[3.985,47.859],[3.968,47.862],[3.958,47.879],[3.959,47.885],[3.952,47.891],[3.943,47.909],[3.917,47.929],[3.912,47.93],[3.905,47.925],[3.902,47.926],[3.889,47.933],[3.895,47.936],[3.886,47.941],[3.886,47.943],[3.879,47.942],[3.88,47.945],[3.87,47.948],[3.866,47.946],[3.851,47.953],[3.839,47.953],[3.83,47.959],[3.823,47.957],[3.824,47.953],[3.817,47.954],[3.815,47.958],[3.805,47.963],[3.799,47.971],[3.789,47.971],[3.788,47.976],[3.798,47.975],[3.799,47.98],[3.777,47.992],[3.769,47.993],[3.766,47.991],[3.768,47.985],[3.766,47.983],[3.763,47.984],[3.764,47.988],[3.751,47.993],[3.745,47.989],[3.742,47.99],[3.74,47.989],[3.737,47.993],[3.725,47.992]]}},{"type":"Feature","properties":{"nom":"L'Armançon du confluent de l'Armance (exclu) au confluent de L'Yonne (exclu)","code":"HR68","longueurKm":27.1637443233,"strahler":5.0},"geometry":{"type":"LineString","coordinates":[[3.725,47.992],[3.719,47.985],[3.715,47.985],[3.712,47.981],[3.706,47.981],[3.705,47.977],[3.676,47.981],[3.665,47.979],[3.661,47.974],[3.652,47.976],[3.651,47.974],[3.655,47.974],[3.657,47.971],[3.654,47.968],[3.65,47.971],[3.645,47.97],[3.642,47.975],[3.638,47.972],[3.63,47.977],[3.623,47.974],[3.619,47.975],[3.617,47.984],[3.593,47.987],[3.584,47.976],[3.57,47.977],[3.559,47.972],[3.551,47.972],[3.549,47.968],[3.554,47.962],[3.552,47.959],[3.548,47.959],[3.549,47.963],[3.535,47.956],[3.519,47.958],[3.509,47.948],[3.508,47.953]]}},{"type":"Feature","properties":{"nom":"la Seine du confluent de la Sarce (exclu) au confluent de la Vienne (exclu)","code":"HR7","longueurKm":47.2126215356,"strahler":5.0},"geometry":{"type":"LineString","coordinates":[[4.381,48.096],[4.384,48.1],[4.379,48.101],[4.384,48.105],[4.379,48.108],[4.38,48.113],[4.375,48.118],[4.377,48.123],[4.374,48.126],[4.352,48.13],[4.348,48.134],[4.335,48.139],[4.334,48.143],[4.329,48.142],[4.329,48.146],[4.321,48.148],[4.312,48.148],[4.28,48.143],[4.267,48.148],[4.261,48.156],[4.254,48.156],[4.248,48.161],[4.247,48.166],[4.243,48.17],[4.236,48.166],[4.23,48.165],[4.231,48.169],[4.225,48.17],[4.224,48.181],[4.218,48.183],[4.215,48.19],[4.21,48.189],[4.204,48.198],[4.197,48.199],[4.193,48.203],[4.188,48.203],[4.185,48.207],[4.169,48.208],[4.169,48.218],[4.157,48.214],[4.158,48.218],[4.152,48.219],[4.154,48.223],[4.137,48.233],[4.137,48.241],[4.133,48.24],[4.131,48.245],[4.124,48.246],[4.12,48.252],[4.117,48.251],[4.118,48.256],[4.123,48.257],[4.111,48.262],[4.105,48.262],[4.109,48.266],[4.102,48.268],[4.099,48.284],[4.084,48.294],[4.087,48.304],[4.08,48.304]]}},{"type":"Feature","properties":{"nom":"L'Yonne du confluent de l'Armançon (exclu) au confluent de la Seine (exclu)","code":"HR70A","longueurKm":94.1998298316,"strahler":6.0},"geometry":{"type":"LineString","coordinates":[[3.508,47.953],[3.502,47.955],[3.498,47.962],[3.464,47.963],[3.41,47.974],[3.389,47.982],[3.363,47.978],[3.356,47.982],[3.358,47.985],[3.362,47.984],[3.367,47.987],[3.363,47.991],[3.348,47.99],[3.338,48.003],[3.33,48.004],[3.318,48.001],[3.31,48.007],[3.301,48.009],[3.3,48.017],[3.31,48.022],[3.317,48.031],[3.32,48.044],[3.309,48.052],[3.281,48.063],[3.282,48.073],[3.292,48.085],[3.287,48.096],[3.275,48.104],[3.27,48.11],[3.282,48.125],[3.293,48.131],[3.296,48.144],[3.305,48.149],[3.307,48.153],[3.299,48.158],[3.283,48.163],[3.271,48.174],[3.26,48.176],[3.261,48.183],[3.276,48.197],[3.273,48.209],[3.266,48.214],[3.263,48.231],[3.246,48.246],[3.235,48.261],[3.234,48.267],[3.207,48.285],[3.207,48.294],[3.212,48.303],[3.209,48.306],[3.202,48.305],[3.195,48.308],[3.2,48.314],[3.199,48.318],[3.189,48.323],[3.167,48.327],[3.163,48.333],[3.151,48.326],[3.136,48.329],[3.132,48.333],[3.141,48.334],[3.138,48.338],[3.122,48.333],[3.114,48.339],[3.106,48.334],[3.104,48.337],[3.109,48.346],[3.099,48.352],[3.1,48.358],[3.088,48.357],[3.078,48.361],[3.06,48.357],[3.054,48.36],[3.046,48.36],[3.041,48.364],[3.031,48.362],[3.029,48.359],[3.022,48.36],[3.014,48.363],[3.014,48.371],[3.009,48.375],[3.005,48.374],[3.002,48.368],[2.998,48.366],[2.972,48.369],[2.959,48.376],[2.96,48.387],[2.957,48.389]]}},{"type":"Feature","properties":{"nom":"la Seine du confluent de l'Yonne (exclu) au confluent de l'Essonne (exclu)","code":"HR73A","longueurKm":68.1403373379,"strahler":7.0},"geometry":{"type":"MultiLineString","coordinates":[[[2.957,48.389],[2.935,48.387],[2.915,48.375],[2.9,48.369],[2.885,48.375],[2.859,48.372],[2.848,48.377],[2.837,48.387],[2.824,48.392],[2.814,48.392],[2.803,48.388],[2.792,48.388],[2.79,48.396],[2.797,48.406],[2.791,48.413],[2.783,48.414],[2.755,48.411],[2.749,48.413],[2.747,48.418],[2.747,48.44],[2.77,48.459],[2.771,48.47],[2.764,48.48],[2.754,48.485],[2.743,48.487],[2.72,48.486],[2.698,48.481],[2.682,48.484],[2.672,48.492],[2.67,48.527],[2.666,48.533],[2.658,48.535],[2.649,48.537],[2.611,48.518],[2.6,48.516],[2.59,48.519],[2.573,48.532],[2.535,48.541],[2.53,48.546],[2.53,48.551],[2.546,48.563],[2.547,48.569],[2.543,48.572],[2.532,48.574],[2.518,48.573],[2.498,48.567],[2.486,48.569],[2.48,48.577],[2.486,48.598],[2.491,48.605],[2.482,48.615]],[[2.662,48.536],[2.655,48.538],[2.649,48.537]]]}},{"type":"Feature","properties":{"nom":"la Seine du confluent de l'Essonne (exclu) au confluent de la Marne (exclu)","code":"HR73B","longueurKm":28.9324196213,"strahler":7.0},"geometry":{"type":"LineString","coordinates":[[2.482,48.615],[2.457,48.636],[2.387,48.681],[2.387,48.688],[2.4,48.702],[2.407,48.714],[2.424,48.722],[2.442,48.726],[2.445,48.73],[2.444,48.738],[2.434,48.747],[2.423,48.754],[2.412,48.768],[2.412,48.774],[2.423,48.792],[2.409,48.806],[2.408,48.817]]}},{"type":"Feature","properties":{"nom":"le Loing du confluent de l'Ouanne (exclu) au confluent de la Cléry (exclu)","code":"HR76","longueurKm":23.4039223621,"strahler":5.0},"geometry":{"type":"LineString","coordinates":[[2.78,47.954],[2.768,47.969],[2.742,47.979],[2.736,48.0],[2.731,48.003],[2.728,48.009],[2.733,48.022],[2.728,48.033],[2.733,48.04],[2.742,48.043],[2.753,48.052],[2.754,48.056],[2.75,48.058],[2.75,48.063],[2.752,48.069],[2.757,48.072],[2.753,48.078],[2.758,48.088],[2.762,48.088],[2.763,48.091],[2.761,48.094],[2.766,48.098],[2.766,48.106],[2.772,48.107],[2.772,48.11],[2.764,48.118]]}},{"type":"Feature","properties":{"nom":"le Loing du confluent de la Clery (exclu) au confluent de la Seine (exclu)","code":"HR88A","longueurKm":43.2117221742,"strahler":5.0},"geometry":{"type":"LineString","coordinates":[[2.764,48.118],[2.753,48.119],[2.75,48.136],[2.755,48.146],[2.754,48.153],[2.74,48.16],[2.728,48.175],[2.728,48.183],[2.716,48.192],[2.719,48.204],[2.715,48.211],[2.71,48.214],[2.707,48.242],[2.698,48.249],[2.7,48.256],[2.695,48.257],[2.699,48.263],[2.692,48.283],[2.694,48.298],[2.687,48.303],[2.687,48.308],[2.699,48.32],[2.717,48.32],[2.728,48.323],[2.741,48.324],[2.746,48.327],[2.745,48.333],[2.762,48.336],[2.773,48.341],[2.785,48.336],[2.803,48.352],[2.813,48.352],[2.817,48.355],[2.825,48.362],[2.826,48.368],[2.82,48.372],[2.818,48.378],[2.802,48.388]]}},{"type":"Feature","properties":{"nom":"la Bezonde de sa source au confluent du Loing (exclu)","code":"HR82","longueurKm":33.9117272267,"strahler":5.0},"geometry":{"type":"MultiLineString","coordinates":[[[2.337,47.99],[2.353,47.994],[2.367,48.003],[2.392,47.998],[2.418,47.998],[2.435,48.001],[2.465,47.996],[2.499,48.001],[2.512,47.998],[2.526,47.999],[2.535,48.003],[2.575,47.986],[2.595,47.989],[2.608,47.986],[2.629,47.992],[2.665,47.996],[2.673,48.003],[2.679,48.003],[2.682,48.007],[2.694,48.011],[2.701,48.019],[2.713,48.022],[2.722,48.028]],[[2.728,48.037],[2.733,48.039]]]}}]}
