{"type":"FeatureCollection","features":[{"type":"Feature","properties":{"nom":"La Meuse","code":"B1","surfaceKm2":7901.8},"geometry":{"type":"Polygon","coordinates":[[[5.504,48.55],[5.497,48.574],[5.508,48.576],[5.512,48.586],[5.508,48.605],[5.516,48.61],[5.509,48.614],[5.526,48.618],[5.524,48.637],[5.538,48.647],[5.512,48.664],[5.522,48.676],[5.498,48.695],[5.508,48.708],[5.487,48.739],[5.472,48.729],[5.485,48.743],[5.472,48.738],[5.469,48.755],[5.445,48.747],[5.454,48.756],[5.444,48.768],[5.45,48.786],[5.422,48.792],[5.415,48.802],[5.426,48.813],[5.417,48.823],[5.398,48.825],[5.397,48.832],[5.422,48.841],[5.4,48.861],[5.413,48.874],[5.37,48.879],[5.396,48.887],[5.387,48.893],[5.4,48.91],[5.41,48.909],[5.401,48.916],[5.407,48.921],[5.376,48.928],[5.384,48.934],[5.369,48.937],[5.356,48.957],[5.352,48.952],[5.358,48.967],[5.341,48.96],[5.305,48.987],[5.288,48.985],[5.266,48.994],[5.262,48.987],[5.25,48.983],[5.249,48.985],[5.256,49.016],[5.343,49.011],[5.361,49.023],[5.31,49.054],[5.276,49.05],[5.262,49.057],[5.301,49.093],[5.232,49.101],[5.213,49.116],[5.197,49.11],[5.202,49.123],[5.246,49.13],[5.233,49.151],[5.184,49.166],[5.189,49.172],[5.177,49.182],[5.152,49.181],[5.155,49.192],[5.18,49.206],[5.175,49.215],[5.14,49.221],[5.153,49.234],[5.143,49.237],[5.17,49.262],[5.152,49.279],[5.156,49.288],[5.064,49.288],[5.057,49.293],[5.07,49.296],[5.087,49.311],[5.038,49.316],[5.027,49.327],[5.026,49.336],[5.06,49.372],[5.028,49.37],[5.017,49.385],[5.047,49.409],[5.019,49.424],[5.031,49.46],[4.976,49.465],[4.963,49.459],[4.959,49.464],[4.922,49.421],[4.868,49.425],[4.852,49.406],[4.823,49.392],[4.803,49.428],[4.814,49.459],[4.776,49.47],[4.777,49.483],[4.748,49.487],[4.746,49.501],[4.732,49.511],[4.724,49.557],[4.691,49.56],[4.682,49.547],[4.677,49.55],[4.669,49.563],[4.689,49.589],[4.654,49.593],[4.652,49.584],[4.638,49.581],[4.623,49.594],[4.63,49.6],[4.639,49.597],[4.647,49.617],[4.636,49.629],[4.59,49.627],[4.546,49.6],[4.531,49.602],[4.558,49.622],[4.561,49.64],[4.537,49.646],[4.525,49.639],[4.497,49.663],[4.464,49.67],[4.461,49.691],[4.449,49.703],[4.473,49.727],[4.471,49.738],[4.45,49.741],[4.463,49.734],[4.448,49.727],[4.438,49.739],[4.41,49.734],[4.41,49.727],[4.402,49.741],[4.38,49.743],[4.361,49.735],[4.337,49.736],[4.366,49.75],[4.359,49.777],[4.374,49.789],[4.406,49.793],[4.425,49.812],[4.411,49.834],[4.422,49.858],[4.412,49.861],[4.394,49.834],[4.356,49.838],[4.356,49.848],[4.337,49.852],[4.352,49.875],[4.365,49.886],[4.373,49.883],[4.38,49.901],[4.39,49.902],[4.392,49.922],[4.378,49.942],[4.4,49.942],[4.403,49.949],[4.446,49.937],[4.481,49.948],[4.511,49.946],[4.541,49.969],[4.565,49.97],[4.582,49.984],[4.694,49.996],[4.685,50.027],[4.7,50.053],[4.68,50.068],[4.702,50.096],[4.752,50.112],[4.748,50.122],[4.756,50.122],[4.762,50.136],[4.805,50.152],[4.823,50.169],[4.833,50.153],[4.877,50.154],[4.882,50.141],[4.897,50.138],[4.867,50.119],[4.872,50.088],[4.85,50.101],[4.838,50.093],[4.847,50.084],[4.838,50.068],[4.819,50.066],[4.842,50.039],[4.82,50.026],[4.819,49.995],[4.794,49.982],[4.79,49.969],[4.791,49.958],[4.847,49.949],[4.89,49.909],[4.878,49.905],[4.888,49.899],[4.863,49.867],[4.848,49.868],[4.876,49.819],[4.852,49.793],[4.931,49.787],[4.957,49.802],[4.994,49.801],[5.009,49.782],[5.062,49.762],[5.094,49.764],[5.118,49.738],[5.126,49.713],[5.144,49.709],[5.153,49.719],[5.165,49.712],[5.164,49.694],[5.206,49.696],[5.218,49.687],[5.231,49.691],[5.243,49.686],[5.269,49.696],[5.333,49.654],[5.305,49.63],[5.312,49.612],[5.339,49.616],[5.354,49.631],[5.411,49.608],[5.431,49.593],[5.438,49.57],[5.457,49.567],[5.442,49.552],[5.465,49.539],[5.467,49.526],[5.447,49.518],[5.466,49.509],[5.465,49.499],[5.542,49.515],[5.557,49.529],[5.593,49.522],[5.611,49.506],[5.617,49.529],[5.643,49.551],[5.661,49.554],[5.703,49.539],[5.734,49.546],[5.747,49.539],[5.758,49.543],[5.758,49.561],[5.774,49.563],[5.792,49.552],[5.816,49.548],[5.808,49.543],[5.816,49.538],[5.837,49.543],[5.846,49.53],[5.834,49.527],[5.836,49.52],[5.866,49.5],[5.893,49.497],[5.899,49.484],[5.889,49.476],[5.943,49.43],[5.917,49.416],[5.918,49.398],[5.9,49.391],[5.92,49.37],[5.896,49.357],[5.897,49.347],[5.885,49.346],[5.891,49.353],[5.865,49.372],[5.847,49.354],[5.847,49.339],[5.82,49.331],[5.829,49.318],[5.823,49.298],[5.796,49.297],[5.801,49.291],[5.789,49.286],[5.796,49.283],[5.777,49.274],[5.795,49.262],[5.785,49.231],[5.739,49.231],[5.727,49.245],[5.713,49.248],[5.71,49.265],[5.687,49.289],[5.66,49.288],[5.646,49.302],[5.625,49.305],[5.61,49.296],[5.608,49.301],[5.593,49.301],[5.593,49.281],[5.564,49.286],[5.57,49.278],[5.547,49.276],[5.556,49.269],[5.541,49.268],[5.531,49.281],[5.487,49.264],[5.462,49.262],[5.457,49.273],[5.448,49.271],[5.431,49.262],[5.422,49.234],[5.448,49.235],[5.456,49.213],[5.431,49.214],[5.402,49.195],[5.42,49.183],[5.445,49.188],[5.428,49.165],[5.472,49.15],[5.484,49.152],[5.486,49.143],[5.475,49.138],[5.481,49.13],[5.502,49.134],[5.492,49.122],[5.509,49.118],[5.521,49.094],[5.53,49.097],[5.536,49.089],[5.524,49.086],[5.523,49.073],[5.537,49.067],[5.559,49.07],[5.57,49.048],[5.556,49.041],[5.582,49.023],[5.571,49.014],[5.601,49.016],[5.614,49.003],[5.628,49.005],[5.637,48.989],[5.666,48.985],[5.641,48.968],[5.662,48.951],[5.695,48.957],[5.666,48.946],[5.647,48.925],[5.657,48.92],[5.632,48.904],[5.629,48.875],[5.569,48.856],[5.571,48.834],[5.558,48.827],[5.577,48.824],[5.599,48.835],[5.627,48.818],[5.648,48.821],[5.612,48.807],[5.613,48.797],[5.658,48.783],[5.653,48.773],[5.665,48.76],[5.694,48.761],[5.704,48.75],[5.719,48.748],[5.714,48.745],[5.726,48.737],[5.719,48.733],[5.765,48.701],[5.756,48.692],[5.784,48.685],[5.754,48.672],[5.744,48.657],[5.759,48.621],[5.803,48.626],[5.785,48.603],[5.804,48.594],[5.808,48.568],[5.82,48.567],[5.833,48.554],[5.847,48.557],[5.864,48.542],[5.884,48.545],[5.913,48.532],[5.933,48.507],[5.907,48.495],[5.904,48.48],[5.886,48.469],[5.893,48.464],[5.887,48.454],[5.9,48.448],[5.885,48.438],[5.954,48.428],[5.994,48.388],[5.994,48.369],[6.006,48.372],[6.021,48.364],[6.022,48.349],[5.992,48.339],[6.009,48.314],[5.984,48.281],[6.0,48.283],[5.994,48.274],[6.008,48.263],[6.034,48.259],[6.035,48.252],[5.995,48.237],[6.001,48.215],[6.046,48.209],[5.997,48.17],[5.98,48.18],[5.982,48.16],[5.97,48.147],[5.954,48.142],[5.944,48.15],[5.913,48.129],[5.859,48.124],[5.861,48.101],[5.848,48.087],[5.825,48.082],[5.82,48.045],[5.788,48.042],[5.791,48.034],[5.764,48.03],[5.741,48.05],[5.721,48.044],[5.712,48.055],[5.71,48.044],[5.69,48.031],[5.679,48.003],[5.7,47.983],[5.681,47.977],[5.66,47.953],[5.637,47.962],[5.627,47.947],[5.588,47.939],[5.554,47.959],[5.508,47.942],[5.504,47.932],[5.495,47.959],[5.5,47.972],[5.477,47.973],[5.474,47.984],[5.465,47.979],[5.441,48.001],[5.455,48.01],[5.447,48.016],[5.473,48.013],[5.487,48.027],[5.472,48.033],[5.467,48.053],[5.444,48.06],[5.467,48.063],[5.468,48.072],[5.496,48.086],[5.494,48.105],[5.486,48.111],[5.471,48.106],[5.448,48.114],[5.458,48.142],[5.504,48.137],[5.496,48.148],[5.502,48.168],[5.479,48.184],[5.49,48.198],[5.484,48.205],[5.517,48.207],[5.559,48.252],[5.549,48.257],[5.531,48.244],[5.513,48.25],[5.456,48.292],[5.465,48.299],[5.452,48.303],[5.458,48.312],[5.534,48.325],[5.527,48.347],[5.481,48.357],[5.426,48.331],[5.419,48.361],[5.443,48.379],[5.407,48.383],[5.394,48.392],[5.42,48.395],[5.447,48.415],[5.47,48.421],[5.512,48.41],[5.516,48.431],[5.561,48.44],[5.561,48.457],[5.579,48.474],[5.575,48.491],[5.595,48.502],[5.565,48.511],[5.574,48.523],[5.587,48.518],[5.606,48.529],[5.599,48.538],[5.623,48.563],[5.591,48.56],[5.582,48.569],[5.531,48.546],[5.504,48.55]]]}},{"type":"Feature","properties":{"nom":"La Sambre","code":"B2","surfaceKm2":1105.6},"geometry":{"type":"Polygon","coordinates":[[[3.609,50.03],[3.579,50.027],[3.572,50.035],[3.579,50.047],[3.568,50.053],[3.575,50.073],[3.609,50.059],[3.624,50.082],[3.599,50.1],[3.61,50.106],[3.6,50.113],[3.607,50.119],[3.594,50.123],[3.612,50.131],[3.629,50.127],[3.631,50.122],[3.634,50.123],[3.641,50.119],[3.644,50.119],[3.642,50.125],[3.668,50.135],[3.669,50.146],[3.707,50.139],[3.72,50.147],[3.722,50.135],[3.73,50.151],[3.777,50.161],[3.77,50.168],[3.787,50.182],[3.761,50.213],[3.812,50.226],[3.81,50.237],[3.832,50.246],[3.824,50.262],[3.832,50.268],[3.885,50.274],[3.893,50.291],[3.878,50.3],[3.877,50.316],[3.923,50.316],[3.943,50.308],[3.943,50.299],[3.974,50.308],[3.98,50.301],[3.988,50.305],[3.991,50.293],[4.026,50.294],[4.03,50.303],[4.097,50.313],[4.123,50.298],[4.122,50.278],[4.137,50.274],[4.136,50.257],[4.168,50.26],[4.163,50.272],[4.149,50.275],[4.163,50.289],[4.177,50.284],[4.177,50.275],[4.208,50.273],[4.22,50.252],[4.182,50.232],[4.173,50.217],[4.15,50.214],[4.16,50.202],[4.148,50.174],[4.155,50.163],[4.127,50.136],[4.154,50.128],[4.157,50.136],[4.2,50.134],[4.197,50.107],[4.207,50.106],[4.202,50.1],[4.225,50.086],[4.232,50.071],[4.194,50.049],[4.163,50.05],[4.144,50.031],[4.135,50.015],[4.163,49.995],[4.145,49.98],[4.085,49.969],[4.084,49.979],[4.012,49.986],[4.005,49.996],[3.972,49.99],[3.96,49.974],[3.896,49.987],[3.869,49.976],[3.876,50.013],[3.853,50.023],[3.811,50.021],[3.816,50.039],[3.794,50.049],[3.762,50.041],[3.763,50.03],[3.751,50.022],[3.688,50.024],[3.686,50.014],[3.668,50.006],[3.614,50.02],[3.609,50.03]]]}},{"type":"Feature","properties":{"nom":"Les cours d'eau de la Corse","code":"E","surfaceKm2":8754.2},"geometry":{"type":"MultiPolygon","coordinates":[[[[9.287,41.484],[9.267,41.471],[9.268,41.467],[9.276,41.466],[9.278,41.464],[9.277,41.463],[9.266,41.466],[9.244,41.447],[9.223,41.442],[9.227,41.417],[9.21,41.413],[9.22,41.413],[9.22,41.405],[9.258,41.428],[9.266,41.425],[9.22,41.367],[9.181,41.366],[9.169,41.385],[9.148,41.387],[9.15,41.389],[9.164,41.388],[9.165,41.39],[9.152,41.392],[9.144,41.387],[9.127,41.394],[9.133,41.4],[9.094,41.394],[9.095,41.412],[9.122,41.442],[9.098,41.443],[9.094,41.45],[9.083,41.441],[9.069,41.445],[9.067,41.466],[9.08,41.477],[9.041,41.457],[9.039,41.47],[9.024,41.462],[9.018,41.478],[9.004,41.475],[8.996,41.486],[8.984,41.474],[8.961,41.493],[8.939,41.489],[8.933,41.496],[8.921,41.489],[8.913,41.508],[8.883,41.505],[8.891,41.516],[8.877,41.524],[8.842,41.518],[8.856,41.534],[8.854,41.547],[8.847,41.54],[8.845,41.547],[8.822,41.544],[8.817,41.556],[8.787,41.556],[8.782,41.567],[8.789,41.563],[8.804,41.575],[8.774,41.593],[8.79,41.597],[8.786,41.618],[8.794,41.633],[8.806,41.642],[8.82,41.63],[8.851,41.648],[8.871,41.646],[8.882,41.671],[8.909,41.677],[8.916,41.687],[8.841,41.697],[8.812,41.714],[8.783,41.699],[8.788,41.709],[8.771,41.712],[8.785,41.732],[8.775,41.742],[8.707,41.722],[8.705,41.74],[8.659,41.74],[8.661,41.75],[8.685,41.747],[8.729,41.774],[8.733,41.78],[8.709,41.796],[8.712,41.802],[8.738,41.797],[8.748,41.811],[8.772,41.811],[8.784,41.832],[8.751,41.845],[8.788,41.85],[8.79,41.867],[8.779,41.883],[8.803,41.895],[8.781,41.924],[8.771,41.928],[8.764,41.922],[8.747,41.934],[8.74,41.931],[8.744,41.918],[8.718,41.908],[8.676,41.904],[8.642,41.91],[8.609,41.894],[8.607,41.895],[8.624,41.935],[8.609,41.94],[8.592,41.964],[8.656,41.973],[8.67,41.987],[8.658,41.993],[8.656,42.009],[8.691,42.029],[8.717,42.03],[8.727,42.035],[8.722,42.043],[8.742,42.041],[8.747,42.05],[8.738,42.065],[8.719,42.064],[8.715,42.081],[8.704,42.086],[8.71,42.096],[8.701,42.112],[8.689,42.115],[8.68,42.105],[8.659,42.101],[8.648,42.121],[8.624,42.123],[8.613,42.134],[8.58,42.129],[8.594,42.143],[8.586,42.151],[8.558,42.146],[8.594,42.168],[8.561,42.171],[8.587,42.181],[8.578,42.189],[8.582,42.206],[8.577,42.208],[8.571,42.204],[8.567,42.205],[8.578,42.214],[8.568,42.219],[8.573,42.229],[8.561,42.233],[8.554,42.227],[8.54,42.237],[8.558,42.236],[8.617,42.255],[8.64,42.253],[8.696,42.266],[8.66,42.303],[8.639,42.3],[8.626,42.313],[8.605,42.306],[8.598,42.319],[8.628,42.332],[8.617,42.349],[8.591,42.353],[8.565,42.333],[8.553,42.333],[8.558,42.361],[8.543,42.369],[8.548,42.38],[8.554,42.371],[8.569,42.37],[8.578,42.374],[8.577,42.384],[8.609,42.387],[8.606,42.417],[8.623,42.422],[8.655,42.415],[8.664,42.435],[8.648,42.443],[8.669,42.445],[8.664,42.456],[8.68,42.469],[8.675,42.476],[8.651,42.474],[8.65,42.479],[8.667,42.496],[8.667,42.516],[8.683,42.515],[8.699,42.527],[8.72,42.525],[8.71,42.536],[8.723,42.545],[8.716,42.55],[8.722,42.553],[8.723,42.557],[8.716,42.56],[8.718,42.571],[8.706,42.57],[8.725,42.584],[8.727,42.561],[8.755,42.572],[8.763,42.57],[8.761,42.558],[8.783,42.557],[8.805,42.571],[8.798,42.583],[8.811,42.59],[8.806,42.604],[8.834,42.602],[8.852,42.613],[8.868,42.608],[8.88,42.629],[8.912,42.629],[8.922,42.639],[8.935,42.639],[8.931,42.645],[8.948,42.634],[9.015,42.641],[9.028,42.652],[9.06,42.661],[9.057,42.697],[9.071,42.692],[9.086,42.715],[9.1,42.715],[9.124,42.732],[9.167,42.737],[9.199,42.725],[9.222,42.735],[9.233,42.72],[9.257,42.718],[9.254,42.706],[9.27,42.701],[9.285,42.676],[9.299,42.677],[9.323,42.697],[9.322,42.717],[9.345,42.737],[9.338,42.764],[9.343,42.797],[9.309,42.833],[9.34,42.866],[9.33,42.872],[9.322,42.9],[9.362,42.925],[9.349,42.929],[9.359,42.945],[9.347,42.954],[9.351,42.973],[9.34,42.994],[9.357,43.007],[9.408,43.006],[9.422,43.012],[9.464,42.987],[9.451,42.963],[9.473,42.924],[9.472,42.875],[9.482,42.867],[9.48,42.838],[9.493,42.807],[9.466,42.758],[9.448,42.667],[9.471,42.629],[9.523,42.574],[9.533,42.545],[9.53,42.49],[9.543,42.427],[9.533,42.369],[9.56,42.283],[9.552,42.233],[9.555,42.127],[9.549,42.104],[9.414,41.954],[9.414,41.915],[9.397,41.875],[9.407,41.823],[9.394,41.798],[9.396,41.775],[9.408,41.766],[9.407,41.713],[9.401,41.693],[9.373,41.679],[9.376,41.67],[9.388,41.67],[9.381,41.663],[9.389,41.657],[9.385,41.646],[9.377,41.648],[9.368,41.636],[9.359,41.641],[9.348,41.637],[9.356,41.617],[9.336,41.622],[9.326,41.616],[9.32,41.615],[9.328,41.618],[9.308,41.629],[9.306,41.615],[9.288,41.609],[9.287,41.599],[9.279,41.597],[9.295,41.584],[9.319,41.605],[9.334,41.603],[9.34,41.594],[9.369,41.594],[9.348,41.575],[9.343,41.559],[9.31,41.55],[9.287,41.53],[9.273,41.53],[9.284,41.517],[9.268,41.501],[9.286,41.499],[9.287,41.484]]],[[[9.381,41.51],[9.381,41.509],[9.38,41.509],[9.381,41.51]]],[[[9.394,41.673],[9.392,41.668],[9.389,41.671],[9.394,41.673]]],[[[9.374,41.565],[9.371,41.56],[9.373,41.565],[9.374,41.565]]],[[[9.367,41.556],[9.366,41.554],[9.366,41.557],[9.367,41.556]]],[[[9.362,41.554],[9.361,41.548],[9.358,41.549],[9.362,41.554]]],[[[9.355,41.542],[9.353,41.54],[9.352,41.541],[9.355,41.542]]],[[[9.358,41.581],[9.357,41.58],[9.356,41.581],[9.358,41.581]]],[[[9.363,41.634],[9.361,41.633],[9.361,41.635],[9.363,41.634]]],[[[9.306,41.369],[9.306,41.369],[9.305,41.369],[9.306,41.369]]],[[[9.305,41.371],[9.305,41.37],[9.304,41.37],[9.305,41.371]]],[[[9.47,42.984],[9.471,42.985],[9.472,42.983],[9.47,42.984]]],[[[9.47,42.984],[9.468,42.984],[9.469,42.985],[9.47,42.984]]],[[[9.467,42.985],[9.466,42.986],[9.467,42.986],[9.467,42.985]]],[[[9.259,41.374],[9.275,41.369],[9.266,41.366],[9.268,41.363],[9.266,41.363],[9.266,41.361],[9.264,41.361],[9.25,41.368],[9.259,41.374]]],[[[9.268,41.363],[9.268,41.362],[9.267,41.362],[9.268,41.363]]],[[[9.259,41.347],[9.256,41.342],[9.262,41.34],[9.26,41.339],[9.261,41.338],[9.26,41.334],[9.259,41.334],[9.249,41.34],[9.259,41.347]]],[[[9.265,41.394],[9.264,41.393],[9.264,41.393],[9.265,41.394]]],[[[9.26,41.362],[9.261,41.36],[9.26,41.36],[9.26,41.362]]],[[[9.263,41.393],[9.264,41.391],[9.263,41.391],[9.263,41.393]]],[[[9.256,41.351],[9.256,41.349],[9.255,41.35],[9.256,41.351]]],[[[9.256,41.349],[9.255,41.348],[9.254,41.349],[9.256,41.349]]],[[[9.249,41.349],[9.25,41.349],[9.249,41.348],[9.249,41.349],[9.249,41.349]]],[[[9.249,41.337],[9.248,41.336],[9.248,41.338],[9.249,41.337]]],[[[9.248,41.377],[9.246,41.375],[9.243,41.375],[9.248,41.377]]],[[[9.404,43.027],[9.408,43.025],[9.409,43.022],[9.404,43.027]]],[[[9.227,41.374],[9.23,41.372],[9.226,41.371],[9.227,41.374]]],[[[9.34,42.965],[9.344,42.964],[9.345,42.963],[9.346,42.963],[9.341,42.963],[9.34,42.965]]],[[[9.075,41.474],[9.074,41.472],[9.074,41.472],[9.074,41.474],[9.075,41.474]]],[[[9.022,41.461],[9.02,41.46],[9.02,41.462],[9.022,41.461]]],[[[8.934,42.647],[8.935,42.646],[8.934,42.646],[8.934,42.647]]],[[[8.932,42.647],[8.933,42.645],[8.931,42.646],[8.932,42.647]]],[[[8.745,41.813],[8.747,41.811],[8.745,41.811],[8.745,41.813]]],[[[8.8,42.602],[8.799,42.6],[8.799,42.6],[8.8,42.602]]],[[[8.607,41.89],[8.605,41.889],[8.605,41.889],[8.607,41.89]]],[[[8.601,41.886],[8.601,41.885],[8.6,41.886],[8.601,41.886]]],[[[8.599,41.883],[8.599,41.882],[8.598,41.883],[8.599,41.883]]],[[[8.596,41.882],[8.594,41.874],[8.586,41.874],[8.596,41.882]]],[[[8.541,42.366],[8.539,42.365],[8.539,42.365],[8.541,42.366]]],[[[8.541,42.372],[8.54,42.366],[8.535,42.372],[8.541,42.372]]]]}},{"type":"Feature","properties":{"nom":"Les cours d'eau de la Réunion","code":"L","surfaceKm2":8860.0},"geometry":{"type":"MultiPolygon","coordinates":[[[[55.809,-21.227],[55.803,-21.277],[55.808,-21.288],[55.804,-21.309],[55.809,-21.331],[55.797,-21.35],[55.774,-21.366],[55.756,-21.363],[55.751,-21.368],[55.728,-21.369],[55.709,-21.377],[55.681,-21.375],[55.671,-21.384],[55.659,-21.383],[55.646,-21.39],[55.636,-21.383],[55.61,-21.387],[55.59,-21.377],[55.586,-21.371],[55.575,-21.376],[55.555,-21.371],[55.55,-21.374],[55.538,-21.364],[55.501,-21.351],[55.484,-21.352],[55.479,-21.348],[55.479,-21.344],[55.475,-21.346],[55.46,-21.341],[55.449,-21.328],[55.43,-21.326],[55.419,-21.321],[55.398,-21.296],[55.388,-21.291],[55.339,-21.281],[55.332,-21.273],[55.335,-21.27],[55.33,-21.259],[55.32,-21.253],[55.311,-21.24],[55.293,-21.23],[55.286,-21.208],[55.28,-21.202],[55.287,-21.183],[55.287,-21.161],[55.281,-21.153],[55.272,-21.15],[55.271,-21.132],[55.253,-21.114],[55.254,-21.11],[55.231,-21.092],[55.222,-21.079],[55.222,-21.055],[55.223,-21.056],[55.226,-21.054],[55.226,-21.053],[55.224,-21.055],[55.224,-21.055],[55.223,-21.055],[55.223,-21.055],[55.217,-21.036],[55.234,-21.019],[55.247,-21.02],[55.256,-21.016],[55.278,-20.999],[55.283,-20.976],[55.278,-20.954],[55.281,-20.937],[55.285,-20.938],[55.283,-20.938],[55.282,-20.945],[55.29,-20.933],[55.286,-20.931],[55.286,-20.936],[55.282,-20.936],[55.284,-20.926],[55.29,-20.923],[55.308,-20.929],[55.319,-20.927],[55.319,-20.931],[55.314,-20.933],[55.325,-20.935],[55.322,-20.926],[55.331,-20.928],[55.345,-20.922],[55.352,-20.911],[55.401,-20.88],[55.422,-20.874],[55.439,-20.877],[55.451,-20.872],[55.47,-20.884],[55.489,-20.886],[55.505,-20.882],[55.546,-20.895],[55.559,-20.892],[55.582,-20.898],[55.592,-20.896],[55.621,-20.91],[55.647,-20.915],[55.665,-20.925],[55.697,-20.965],[55.703,-21.017],[55.708,-21.028],[55.717,-21.031],[55.732,-21.049],[55.731,-21.061],[55.737,-21.07],[55.772,-21.108],[55.782,-21.124],[55.796,-21.125],[55.81,-21.138],[55.826,-21.144],[55.828,-21.152],[55.835,-21.16],[55.833,-21.166],[55.837,-21.183],[55.826,-21.186],[55.825,-21.203],[55.814,-21.214],[55.809,-21.227]]],[[[55.569,-21.376],[55.567,-21.378],[55.568,-21.376],[55.569,-21.376]]],[[[55.225,-21.055],[55.225,-21.054],[55.226,-21.054],[55.225,-21.055]]]]}},{"type":"Feature","properties":{"nom":"Les cours d'eau de la Martinique","code":"J","surfaceKm2":1429.1},"geometry":{"type":"MultiPolygon","coordinates":[[[[-60.872,14.776],[-60.872,14.775],[-60.873,14.776],[-60.872,14.776]]],[[[-60.875,14.777],[-60.875,14.776],[-60.876,14.776],[-60.875,14.777]]],[[[-60.911,14.469],[-60.911,14.469],[-60.911,14.468],[-60.912,14.464],[-60.919,14.473],[-60.919,14.467],[-60.932,14.463],[-60.956,14.465],[-60.968,14.478],[-60.966,14.473],[-60.974,14.468],[-60.984,14.488],[-60.985,14.473],[-60.992,14.484],[-60.991,14.466],[-61.007,14.477],[-61.005,14.479],[-61.007,14.483],[-61.008,14.474],[-61.006,14.471],[-61.021,14.481],[-61.042,14.473],[-61.056,14.454],[-61.065,14.458],[-61.07,14.469],[-61.082,14.47],[-61.08,14.489],[-61.09,14.493],[-61.085,14.505],[-61.101,14.508],[-61.088,14.534],[-61.076,14.542],[-61.065,14.541],[-61.052,14.562],[-61.052,14.551],[-61.041,14.551],[-61.038,14.557],[-61.037,14.55],[-61.044,14.546],[-61.028,14.534],[-61.023,14.54],[-61.022,14.534],[-61.013,14.535],[-61.008,14.542],[-61.011,14.534],[-61.007,14.531],[-60.995,14.537],[-60.988,14.529],[-60.99,14.536],[-60.984,14.534],[-60.978,14.545],[-60.987,14.543],[-60.989,14.545],[-60.988,14.547],[-60.985,14.545],[-60.984,14.547],[-60.981,14.546],[-60.979,14.546],[-60.978,14.547],[-60.984,14.549],[-60.98,14.556],[-60.994,14.563],[-60.992,14.575],[-61.002,14.562],[-61.006,14.566],[-61.0,14.576],[-61.011,14.584],[-61.009,14.588],[-61.024,14.585],[-61.024,14.592],[-61.008,14.593],[-61.001,14.602],[-61.023,14.6],[-61.011,14.602],[-61.006,14.618],[-61.013,14.613],[-61.022,14.617],[-61.031,14.606],[-61.036,14.61],[-61.041,14.605],[-61.036,14.595],[-61.043,14.599],[-61.047,14.59],[-61.05,14.599],[-61.061,14.595],[-61.058,14.605],[-61.066,14.603],[-61.066,14.597],[-61.07,14.602],[-61.092,14.598],[-61.111,14.626],[-61.12,14.63],[-61.123,14.629],[-61.13,14.633],[-61.135,14.633],[-61.14,14.644],[-61.152,14.65],[-61.185,14.708],[-61.177,14.746],[-61.227,14.802],[-61.226,14.832],[-61.206,14.862],[-61.18,14.875],[-61.139,14.878],[-61.098,14.863],[-61.054,14.833],[-61.043,14.837],[-61.029,14.83],[-61.032,14.824],[-61.022,14.822],[-61.017,14.808],[-61.001,14.808],[-61.004,14.798],[-60.988,14.779],[-60.98,14.778],[-60.983,14.774],[-60.968,14.761],[-60.958,14.736],[-60.945,14.757],[-60.925,14.763],[-60.92,14.759],[-60.888,14.78],[-60.875,14.775],[-60.873,14.758],[-60.881,14.76],[-60.884,14.769],[-60.896,14.762],[-60.889,14.752],[-60.899,14.743],[-60.891,14.741],[-60.891,14.735],[-60.91,14.735],[-60.912,14.744],[-60.926,14.752],[-60.943,14.743],[-60.936,14.732],[-60.946,14.73],[-60.937,14.716],[-60.941,14.72],[-60.941,14.714],[-60.935,14.713],[-60.931,14.722],[-60.926,14.722],[-60.933,14.707],[-60.92,14.708],[-60.914,14.716],[-60.914,14.703],[-60.901,14.699],[-60.912,14.688],[-60.913,14.694],[-60.928,14.687],[-60.925,14.678],[-60.935,14.685],[-60.943,14.669],[-60.926,14.651],[-60.916,14.653],[-60.92,14.658],[-60.912,14.666],[-60.905,14.661],[-60.906,14.667],[-60.901,14.662],[-60.897,14.665],[-60.9,14.661],[-60.894,14.659],[-60.89,14.666],[-60.883,14.665],[-60.886,14.653],[-60.89,14.657],[-60.897,14.648],[-60.903,14.654],[-60.906,14.648],[-60.889,14.641],[-60.895,14.639],[-60.891,14.631],[-60.9,14.629],[-60.899,14.621],[-60.888,14.622],[-60.886,14.615],[-60.883,14.62],[-60.87,14.62],[-60.88,14.612],[-60.869,14.605],[-60.873,14.597],[-60.868,14.59],[-60.86,14.588],[-60.851,14.595],[-60.846,14.582],[-60.854,14.58],[-60.842,14.579],[-60.856,14.572],[-60.852,14.567],[-60.843,14.571],[-60.849,14.567],[-60.841,14.566],[-60.847,14.557],[-60.838,14.558],[-60.834,14.568],[-60.825,14.568],[-60.836,14.551],[-60.842,14.551],[-60.827,14.537],[-60.835,14.538],[-60.838,14.531],[-60.827,14.532],[-60.825,14.528],[-60.834,14.528],[-60.838,14.512],[-60.822,14.511],[-60.823,14.494],[-60.815,14.493],[-60.81,14.48],[-60.824,14.471],[-60.81,14.46],[-60.822,14.456],[-60.827,14.435],[-60.835,14.435],[-60.835,14.423],[-60.839,14.422],[-60.84,14.422],[-60.838,14.427],[-60.842,14.433],[-60.85,14.437],[-60.851,14.419],[-60.847,14.419],[-60.843,14.42],[-60.848,14.414],[-60.854,14.416],[-60.852,14.411],[-60.846,14.414],[-60.844,14.414],[-60.842,14.413],[-60.84,14.415],[-60.839,14.412],[-60.847,14.413],[-60.855,14.404],[-60.856,14.397],[-60.869,14.395],[-60.878,14.397],[-60.893,14.42],[-60.88,14.439],[-60.884,14.452],[-60.872,14.445],[-60.874,14.453],[-60.872,14.458],[-60.863,14.45],[-60.861,14.458],[-60.868,14.458],[-60.86,14.468],[-60.877,14.472],[-60.882,14.469],[-60.899,14.448],[-60.912,14.46],[-60.911,14.469]]],[[[-60.872,14.758],[-60.872,14.758],[-60.872,14.758],[-60.872,14.758]]],[[[-60.879,14.757],[-60.879,14.755],[-60.88,14.758],[-60.879,14.757]]],[[[-60.922,14.765],[-60.923,14.764],[-60.923,14.765],[-60.922,14.765]]],[[[-60.932,14.763],[-60.932,14.763],[-60.932,14.763],[-60.932,14.763]]],[[[-60.936,14.762],[-60.935,14.761],[-60.935,14.761],[-60.936,14.762]]],[[[-60.964,14.774],[-60.964,14.772],[-60.964,14.774],[-60.964,14.774]]],[[[-60.88,14.691],[-60.89,14.69],[-60.899,14.696],[-60.887,14.697],[-60.88,14.691]]],[[[-60.988,14.789],[-60.988,14.787],[-60.991,14.788],[-60.988,14.789]]],[[[-60.884,14.69],[-60.883,14.686],[-60.885,14.69],[-60.884,14.69]]],[[[-60.98,14.778],[-60.98,14.778],[-60.98,14.778],[-60.98,14.778]]],[[[-60.88,14.685],[-60.88,14.684],[-60.881,14.685],[-60.88,14.685]]],[[[-60.979,14.776],[-60.979,14.775],[-60.98,14.776],[-60.979,14.776]]],[[[-60.933,14.731],[-60.933,14.73],[-60.934,14.731],[-60.933,14.731]]],[[[-60.902,14.697],[-60.902,14.697],[-60.902,14.697],[-60.902,14.697]]],[[[-61.063,14.845],[-61.064,14.844],[-61.064,14.844],[-61.063,14.845]]],[[[-60.88,14.674],[-60.881,14.674],[-60.881,14.675],[-60.88,14.674]]],[[[-60.899,14.687],[-60.902,14.686],[-60.902,14.687],[-60.899,14.687]]],[[[-60.883,14.671],[-60.883,14.669],[-60.884,14.671],[-60.883,14.671]]],[[[-60.898,14.684],[-60.899,14.684],[-60.899,14.684],[-60.898,14.684]]],[[[-60.909,14.687],[-60.911,14.684],[-60.91,14.688],[-60.909,14.687]]],[[[-60.846,14.628],[-60.848,14.624],[-60.851,14.625],[-60.846,14.628]]],[[[-60.853,14.629],[-60.853,14.626],[-60.855,14.627],[-60.853,14.629]]],[[[-60.92,14.688],[-60.921,14.688],[-60.921,14.688],[-60.92,14.688]]],[[[-60.848,14.615],[-60.849,14.615],[-60.849,14.615],[-60.848,14.615]]],[[[-60.858,14.622],[-60.863,14.618],[-60.865,14.619],[-60.858,14.622]]],[[[-60.857,14.613],[-60.85,14.61],[-60.862,14.608],[-60.857,14.613]]],[[[-60.884,14.633],[-60.884,14.633],[-60.885,14.633],[-60.884,14.633]]],[[[-60.888,14.635],[-60.888,14.63],[-60.89,14.634],[-60.888,14.635]]],[[[-60.864,14.607],[-60.864,14.605],[-60.865,14.606],[-60.864,14.607]]],[[[-60.835,14.57],[-60.835,14.567],[-60.839,14.567],[-60.835,14.57]]],[[[-60.828,14.526],[-60.826,14.523],[-60.826,14.522],[-60.828,14.526]]],[[[-60.826,14.521],[-60.826,14.52],[-60.826,14.521],[-60.826,14.521]]],[[[-60.82,14.455],[-60.819,14.455],[-60.82,14.455],[-60.82,14.455]]],[[[-60.816,14.446],[-60.816,14.445],[-60.816,14.446],[-60.816,14.446]]],[[[-60.816,14.446],[-60.816,14.446],[-60.816,14.446],[-60.816,14.446]]],[[[-60.817,14.444],[-60.817,14.444],[-60.817,14.444],[-60.817,14.444],[-60.817,14.444]]],[[[-60.816,14.444],[-60.817,14.444],[-60.817,14.444],[-60.816,14.444]]],[[[-60.817,14.445],[-60.817,14.444],[-60.817,14.444],[-60.817,14.445]]],[[[-60.826,14.433],[-60.827,14.428],[-60.83,14.431],[-60.826,14.433]]],[[[-60.828,14.435],[-60.828,14.434],[-60.829,14.434],[-60.828,14.435]]],[[[-61.022,14.606],[-61.021,14.605],[-61.019,14.603],[-61.022,14.605],[-61.022,14.606]]],[[[-60.833,14.428],[-60.833,14.428],[-60.833,14.428],[-60.833,14.428]]],[[[-60.831,14.417],[-60.833,14.416],[-60.83,14.419],[-60.831,14.417]]],[[[-61.01,14.581],[-61.005,14.572],[-61.007,14.572],[-61.01,14.581]]],[[[-60.832,14.413],[-60.833,14.412],[-60.832,14.413],[-60.832,14.413]]],[[[-60.886,14.462],[-60.886,14.462],[-60.886,14.462],[-60.886,14.462]]],[[[-60.875,14.452],[-60.875,14.451],[-60.876,14.452],[-60.875,14.452]]],[[[-60.834,14.413],[-60.833,14.413],[-60.834,14.413],[-60.834,14.413]]],[[[-60.832,14.411],[-60.832,14.41],[-60.834,14.411],[-60.832,14.411]]],[[[-60.885,14.46],[-60.886,14.459],[-60.885,14.46],[-60.885,14.46]]],[[[-60.839,14.417],[-60.84,14.417],[-60.839,14.417],[-60.839,14.417]]],[[[-60.848,14.422],[-60.847,14.422],[-60.847,14.422],[-60.848,14.422]]],[[[-60.847,14.421],[-60.847,14.421],[-60.847,14.421],[-60.847,14.421]]],[[[-60.848,14.42],[-60.848,14.42],[-60.848,14.42],[-60.848,14.42]]],[[[-60.848,14.42],[-60.849,14.42],[-60.849,14.421],[-60.848,14.42]]],[[[-61.003,14.551],[-61.004,14.55],[-61.004,14.55],[-61.003,14.551]]],[[[-60.855,14.399],[-60.855,14.399],[-60.855,14.399],[-60.855,14.399]]],[[[-61.018,14.55],[-61.02,14.547],[-61.022,14.548],[-61.018,14.55]]],[[[-60.862,14.393],[-60.862,14.392],[-60.862,14.393],[-60.862,14.393]]],[[[-60.869,14.391],[-60.867,14.39],[-60.867,14.389],[-60.869,14.391]]],[[[-61.129,14.632],[-61.129,14.632],[-61.129,14.632],[-61.129,14.632]]],[[[-61.035,14.545],[-61.035,14.544],[-61.035,14.544],[-61.035,14.545]]],[[[-61.046,14.554],[-61.047,14.554],[-61.047,14.554],[-61.046,14.554]]],[[[-61.038,14.545],[-61.038,14.545],[-61.038,14.545],[-61.038,14.545]]],[[[-61.134,14.633],[-61.134,14.633],[-61.134,14.633],[-61.134,14.633]]],[[[-61.038,14.543],[-61.037,14.543],[-61.038,14.543],[-61.038,14.543]]],[[[-61.079,14.545],[-61.079,14.543],[-61.08,14.544],[-61.079,14.545]]],[[[-61.038,14.445],[-61.039,14.442],[-61.041,14.443],[-61.038,14.445]]]]}},{"type":"Feature","properties":{"nom":"L'Escaut, la Somme et les cours d'eau côtiers de la Manche et de la Mer du Nord","code":"A","surfaceKm2":18857.6},"geometry":{"type":"Polygon","coordinates":[[[3.099,49.684],[3.107,49.689],[3.1,49.699],[3.078,49.69],[3.061,49.695],[3.057,49.676],[3.042,49.674],[3.034,49.683],[3.011,49.675],[3.019,49.668],[3.011,49.66],[2.996,49.662],[2.97,49.637],[2.942,49.65],[2.939,49.657],[2.954,49.661],[2.884,49.651],[2.877,49.632],[2.835,49.618],[2.82,49.618],[2.826,49.622],[2.808,49.637],[2.787,49.612],[2.739,49.627],[2.721,49.621],[2.689,49.626],[2.688,49.614],[2.668,49.599],[2.674,49.586],[2.665,49.577],[2.649,49.572],[2.628,49.585],[2.614,49.582],[2.605,49.573],[2.613,49.561],[2.602,49.552],[2.612,49.549],[2.606,49.543],[2.578,49.55],[2.559,49.536],[2.535,49.547],[2.544,49.56],[2.532,49.575],[2.516,49.575],[2.493,49.558],[2.46,49.562],[2.44,49.573],[2.437,49.556],[2.415,49.558],[2.372,49.587],[2.364,49.583],[2.369,49.57],[2.356,49.567],[2.349,49.552],[2.314,49.558],[2.302,49.553],[2.273,49.575],[2.252,49.57],[2.26,49.563],[2.246,49.554],[2.233,49.558],[2.234,49.578],[2.224,49.573],[2.205,49.58],[2.188,49.571],[2.174,49.579],[2.176,49.591],[2.154,49.59],[2.164,49.613],[2.147,49.622],[2.136,49.601],[2.068,49.597],[2.058,49.582],[2.068,49.603],[2.062,49.611],[2.072,49.619],[2.066,49.63],[2.029,49.617],[2.013,49.634],[1.978,49.619],[1.959,49.642],[1.927,49.643],[1.927,49.653],[1.914,49.659],[1.878,49.66],[1.854,49.677],[1.843,49.669],[1.84,49.675],[1.854,49.68],[1.818,49.682],[1.809,49.691],[1.793,49.681],[1.771,49.714],[1.799,49.728],[1.796,49.737],[1.821,49.739],[1.81,49.754],[1.82,49.766],[1.86,49.769],[1.876,49.761],[1.872,49.772],[1.886,49.776],[1.88,49.79],[1.921,49.805],[1.911,49.813],[1.932,49.831],[1.923,49.837],[1.901,49.836],[1.841,49.789],[1.821,49.81],[1.854,49.823],[1.862,49.86],[1.827,49.861],[1.814,49.874],[1.799,49.866],[1.764,49.889],[1.721,49.897],[1.726,49.911],[1.712,49.908],[1.708,49.916],[1.696,49.917],[1.735,49.927],[1.744,49.94],[1.736,49.96],[1.757,49.972],[1.741,49.99],[1.75,50.005],[1.74,50.017],[1.729,50.014],[1.724,50.02],[1.703,50.011],[1.688,50.023],[1.654,50.023],[1.635,50.047],[1.578,50.05],[1.57,50.04],[1.525,50.053],[1.508,50.048],[1.506,50.066],[1.444,50.084],[1.432,50.08],[1.422,50.089],[1.454,50.109],[1.483,50.172],[1.519,50.206],[1.545,50.214],[1.557,50.216],[1.571,50.217],[1.56,50.211],[1.596,50.185],[1.627,50.19],[1.647,50.177],[1.644,50.186],[1.674,50.174],[1.684,50.183],[1.662,50.214],[1.623,50.214],[1.594,50.245],[1.595,50.258],[1.553,50.259],[1.539,50.276],[1.556,50.363],[1.563,50.366],[1.571,50.362],[1.563,50.357],[1.626,50.366],[1.627,50.36],[1.646,50.348],[1.626,50.372],[1.579,50.377],[1.579,50.386],[1.556,50.4],[1.585,50.538],[1.598,50.527],[1.644,50.509],[1.62,50.534],[1.604,50.538],[1.576,50.572],[1.578,50.641],[1.561,50.699],[1.574,50.717],[1.564,50.723],[1.563,50.725],[1.57,50.725],[1.572,50.728],[1.575,50.728],[1.571,50.72],[1.576,50.717],[1.584,50.731],[1.601,50.724],[1.593,50.73],[1.594,50.75],[1.607,50.771],[1.606,50.795],[1.578,50.853],[1.582,50.871],[1.643,50.878],[1.727,50.937],[1.837,50.964],[1.841,50.973],[1.889,50.973],[1.916,50.984],[2.043,50.997],[2.049,51.004],[2.088,51.01],[2.074,51.007],[2.11,51.006],[2.143,51.022],[2.163,51.044],[2.211,51.032],[2.343,51.057],[2.375,51.042],[2.362,51.054],[2.381,51.049],[2.408,51.053],[2.546,51.089],[2.563,51.065],[2.574,51.003],[2.607,50.991],[2.633,50.946],[2.59,50.919],[2.608,50.91],[2.613,50.867],[2.599,50.849],[2.617,50.848],[2.635,50.813],[2.656,50.813],[2.669,50.823],[2.679,50.813],[2.724,50.81],[2.73,50.788],[2.762,50.771],[2.756,50.763],[2.766,50.755],[2.783,50.752],[2.79,50.726],[2.819,50.716],[2.848,50.723],[2.87,50.703],[2.885,50.706],[2.906,50.692],[2.91,50.703],[2.929,50.71],[2.932,50.728],[2.945,50.732],[2.938,50.744],[2.951,50.752],[2.973,50.75],[3.015,50.774],[3.034,50.77],[3.056,50.781],[3.088,50.773],[3.112,50.795],[3.127,50.786],[3.15,50.79],[3.199,50.735],[3.191,50.726],[3.21,50.717],[3.205,50.712],[3.245,50.713],[3.261,50.702],[3.262,50.691],[3.253,50.69],[3.265,50.677],[3.241,50.669],[3.24,50.659],[3.28,50.596],[3.285,50.562],[3.276,50.559],[3.288,50.526],[3.32,50.518],[3.33,50.508],[3.362,50.504],[3.377,50.491],[3.438,50.511],[3.449,50.507],[3.474,50.534],[3.52,50.524],[3.496,50.499],[3.501,50.487],[3.569,50.501],[3.585,50.491],[3.608,50.497],[3.643,50.463],[3.663,50.456],[3.675,50.402],[3.657,50.369],[3.673,50.335],[3.694,50.322],[3.684,50.32],[3.71,50.303],[3.72,50.305],[3.71,50.32],[3.732,50.312],[3.739,50.348],[3.806,50.355],[3.812,50.345],[3.825,50.354],[3.849,50.353],[3.857,50.342],[3.887,50.341],[3.886,50.327],[3.901,50.327],[3.968,50.35],[3.967,50.341],[3.973,50.348],[3.985,50.342],[4.024,50.359],[4.036,50.344],[4.078,50.321],[4.077,50.31],[4.014,50.294],[3.987,50.294],[3.988,50.305],[3.98,50.301],[3.974,50.308],[3.943,50.299],[3.943,50.308],[3.923,50.316],[3.876,50.315],[3.878,50.3],[3.893,50.291],[3.885,50.274],[3.832,50.268],[3.824,50.262],[3.832,50.246],[3.81,50.237],[3.812,50.226],[3.761,50.213],[3.787,50.182],[3.77,50.168],[3.777,50.161],[3.73,50.151],[3.722,50.135],[3.72,50.147],[3.707,50.139],[3.669,50.146],[3.668,50.135],[3.642,50.125],[3.644,50.119],[3.612,50.131],[3.594,50.123],[3.607,50.119],[3.6,50.113],[3.61,50.106],[3.599,50.1],[3.624,50.082],[3.609,50.059],[3.575,50.073],[3.572,50.035],[3.579,50.027],[3.609,50.03],[3.628,50.013],[3.605,50.004],[3.583,50.01],[3.585,49.99],[3.574,49.988],[3.572,49.977],[3.555,49.977],[3.555,49.968],[3.542,49.972],[3.519,49.959],[3.507,49.966],[3.5,49.945],[3.511,49.937],[3.536,49.935],[3.542,49.926],[3.533,49.918],[3.515,49.92],[3.515,49.911],[3.488,49.894],[3.465,49.896],[3.447,49.871],[3.45,49.855],[3.417,49.853],[3.392,49.834],[3.392,49.823],[3.38,49.823],[3.379,49.811],[3.329,49.817],[3.329,49.797],[3.356,49.788],[3.348,49.779],[3.334,49.779],[3.331,49.77],[3.312,49.767],[3.299,49.775],[3.282,49.761],[3.282,49.754],[3.303,49.753],[3.31,49.74],[3.295,49.729],[3.275,49.73],[3.253,49.696],[3.226,49.698],[3.225,49.708],[3.209,49.709],[3.215,49.698],[3.203,49.681],[3.144,49.682],[3.121,49.66],[3.117,49.667],[3.109,49.664],[3.099,49.684]],[[3.512,49.984],[3.512,49.984],[3.512,49.984],[3.512,49.984]],[[3.508,49.991],[3.508,49.99],[3.508,49.99],[3.508,49.991]],[[3.507,49.992],[3.507,49.992],[3.507,49.992],[3.507,49.992]],[[3.506,49.993],[3.506,49.993],[3.506,49.993],[3.506,49.993]],[[3.504,50.006],[3.504,50.006],[3.504,50.006],[3.504,50.006]],[[3.491,50.015],[3.491,50.014],[3.491,50.015],[3.491,50.015]]]}},{"type":"Feature","properties":{"nom":"Le Rhône et les cours d'eau côtiers méditerranéens","code":"D","surfaceKm2":120551.3},"geometry":{"type":"MultiPolygon","coordinates":[[[[3.175,42.435],[3.121,42.438],[3.087,42.426],[3.047,42.457],[3.04,42.474],[3.013,42.467],[2.989,42.474],[2.967,42.465],[2.947,42.482],[2.918,42.456],[2.87,42.468],[2.862,42.455],[2.839,42.46],[2.826,42.439],[2.815,42.44],[2.803,42.421],[2.777,42.412],[2.755,42.426],[2.734,42.425],[2.674,42.405],[2.671,42.388],[2.651,42.386],[2.675,42.357],[2.671,42.341],[2.61,42.347],[2.571,42.358],[2.554,42.354],[2.552,42.343],[2.533,42.333],[2.5,42.343],[2.482,42.34],[2.455,42.37],[2.434,42.377],[2.433,42.394],[2.413,42.391],[2.362,42.403],[2.313,42.428],[2.291,42.423],[2.257,42.439],[2.246,42.429],[2.202,42.416],[2.156,42.423],[2.126,42.41],[2.116,42.383],[2.09,42.374],[2.085,42.362],[2.033,42.358],[2.015,42.347],[1.965,42.381],[1.958,42.424],[1.941,42.43],[1.937,42.454],[1.921,42.447],[1.892,42.448],[1.882,42.46],[1.854,42.464],[1.823,42.486],[1.73,42.493],[1.722,42.517],[1.747,42.563],[1.838,42.585],[1.874,42.582],[1.874,42.59],[1.891,42.593],[1.9,42.615],[1.933,42.605],[1.95,42.618],[1.972,42.617],[2.002,42.661],[2.007,42.671],[1.982,42.672],[1.966,42.701],[1.968,42.712],[1.993,42.734],[1.951,42.737],[1.946,42.746],[1.913,42.758],[1.909,42.769],[1.943,42.781],[1.949,42.799],[1.935,42.801],[1.922,42.827],[1.912,42.828],[1.911,42.845],[1.897,42.843],[1.889,42.853],[1.946,42.856],[1.987,42.871],[1.982,42.877],[2.007,42.882],[2.045,42.869],[2.058,42.882],[2.081,42.881],[2.092,42.872],[2.101,42.88],[2.129,42.874],[2.133,42.895],[2.116,42.925],[2.103,42.933],[2.075,42.932],[2.083,42.943],[2.08,42.973],[2.092,42.985],[2.089,43.003],[2.1,43.008],[2.059,43.053],[2.033,43.054],[2.045,43.065],[2.021,43.081],[2.024,43.097],[1.981,43.112],[1.993,43.122],[2.015,43.121],[2.034,43.138],[2.011,43.135],[2.003,43.144],[2.013,43.153],[1.994,43.15],[2.0,43.17],[1.981,43.174],[1.984,43.181],[1.963,43.193],[1.962,43.204],[1.972,43.209],[1.968,43.217],[1.947,43.222],[1.944,43.246],[1.905,43.263],[1.909,43.273],[1.88,43.295],[1.859,43.281],[1.846,43.285],[1.851,43.314],[1.814,43.326],[1.797,43.34],[1.828,43.337],[1.837,43.355],[1.865,43.363],[1.855,43.373],[1.871,43.381],[1.863,43.385],[1.869,43.393],[1.861,43.414],[1.896,43.415],[1.905,43.408],[1.896,43.397],[1.907,43.394],[1.918,43.42],[1.934,43.425],[1.949,43.419],[1.958,43.425],[1.966,43.415],[1.972,43.421],[1.988,43.407],[2.021,43.423],[2.035,43.406],[2.031,43.392],[2.037,43.396],[2.062,43.385],[2.071,43.396],[2.109,43.394],[2.17,43.417],[2.187,43.394],[2.215,43.382],[2.23,43.405],[2.223,43.432],[2.258,43.46],[2.282,43.441],[2.304,43.448],[2.384,43.418],[2.407,43.419],[2.412,43.396],[2.444,43.38],[2.456,43.397],[2.469,43.396],[2.459,43.405],[2.474,43.437],[2.497,43.437],[2.519,43.424],[2.561,43.42],[2.607,43.431],[2.605,43.441],[2.618,43.438],[2.643,43.458],[2.651,43.443],[2.67,43.431],[2.72,43.438],[2.705,43.462],[2.683,43.461],[2.658,43.479],[2.658,43.517],[2.694,43.514],[2.756,43.532],[2.751,43.545],[2.764,43.558],[2.794,43.552],[2.801,43.569],[2.811,43.562],[2.821,43.564],[2.817,43.569],[2.836,43.57],[2.833,43.575],[2.857,43.576],[2.87,43.57],[2.868,43.586],[2.849,43.598],[2.858,43.603],[2.906,43.604],[2.915,43.594],[2.934,43.593],[2.93,43.601],[2.951,43.61],[2.939,43.629],[2.941,43.653],[2.907,43.654],[2.92,43.662],[2.92,43.689],[2.985,43.709],[3.013,43.703],[3.027,43.693],[3.061,43.693],[3.069,43.707],[3.053,43.716],[3.059,43.727],[3.052,43.732],[3.059,43.738],[3.056,43.755],[3.069,43.757],[3.076,43.768],[3.059,43.779],[3.049,43.801],[3.064,43.809],[3.062,43.834],[3.086,43.836],[3.15,43.814],[3.123,43.836],[3.122,43.844],[3.133,43.849],[3.158,43.839],[3.199,43.84],[3.215,43.827],[3.249,43.83],[3.252,43.844],[3.236,43.853],[3.237,43.869],[3.274,43.898],[3.287,43.847],[3.343,43.853],[3.34,43.901],[3.357,43.92],[3.351,43.938],[3.339,43.936],[3.314,43.948],[3.341,43.964],[3.325,43.986],[3.335,43.994],[3.351,43.994],[3.352,44.01],[3.376,43.99],[3.418,44.015],[3.476,44.025],[3.495,44.038],[3.533,44.04],[3.534,44.064],[3.549,44.078],[3.575,44.078],[3.592,44.068],[3.56,44.088],[3.543,44.094],[3.541,44.101],[3.525,44.099],[3.5,44.113],[3.505,44.126],[3.538,44.12],[3.544,44.11],[3.57,44.122],[3.568,44.141],[3.549,44.164],[3.575,44.161],[3.584,44.168],[3.587,44.195],[3.607,44.189],[3.606,44.21],[3.629,44.202],[3.621,44.239],[3.663,44.218],[3.671,44.232],[3.687,44.228],[3.694,44.237],[3.718,44.238],[3.73,44.248],[3.765,44.241],[3.766,44.256],[3.781,44.264],[3.795,44.261],[3.803,44.234],[3.817,44.227],[3.821,44.238],[3.844,44.239],[3.83,44.252],[3.839,44.26],[3.835,44.265],[3.802,44.266],[3.786,44.277],[3.803,44.289],[3.785,44.301],[3.78,44.317],[3.807,44.317],[3.816,44.305],[3.83,44.301],[3.841,44.303],[3.835,44.319],[3.865,44.31],[3.865,44.325],[3.834,44.334],[3.837,44.349],[3.855,44.353],[3.86,44.383],[3.884,44.385],[3.889,44.393],[3.858,44.397],[3.82,44.417],[3.766,44.425],[3.753,44.436],[3.748,44.464],[3.738,44.472],[3.755,44.489],[3.741,44.492],[3.75,44.512],[3.766,44.516],[3.776,44.532],[3.737,44.54],[3.708,44.576],[3.715,44.58],[3.726,44.574],[3.778,44.606],[3.798,44.603],[3.805,44.593],[3.843,44.599],[3.879,44.586],[3.898,44.594],[3.907,44.608],[3.906,44.592],[3.921,44.609],[3.952,44.609],[3.995,44.628],[4.043,44.632],[4.053,44.642],[3.998,44.671],[3.962,44.702],[3.976,44.708],[3.981,44.701],[3.997,44.711],[4.008,44.703],[4.007,44.71],[4.031,44.704],[4.045,44.711],[4.035,44.715],[4.033,44.717],[4.042,44.714],[4.053,44.705],[4.055,44.7],[4.076,44.691],[4.103,44.694],[4.124,44.681],[4.14,44.697],[4.116,44.71],[4.116,44.73],[4.132,44.741],[4.147,44.737],[4.154,44.75],[4.182,44.75],[4.19,44.776],[4.231,44.778],[4.255,44.799],[4.227,44.84],[4.205,44.85],[4.179,44.878],[4.182,44.908],[4.217,44.933],[4.222,44.962],[4.236,44.97],[4.252,44.959],[4.314,44.973],[4.29,44.996],[4.302,45.027],[4.311,45.025],[4.31,45.031],[4.341,45.026],[4.38,45.037],[4.377,45.055],[4.365,45.054],[4.346,45.068],[4.347,45.077],[4.36,45.08],[4.355,45.086],[4.367,45.089],[4.359,45.1],[4.372,45.106],[4.4,45.104],[4.4,45.118],[4.369,45.129],[4.374,45.144],[4.423,45.137],[4.436,45.109],[4.438,45.122],[4.457,45.119],[4.443,45.141],[4.447,45.161],[4.473,45.179],[4.477,45.213],[4.491,45.224],[4.456,45.258],[4.487,45.295],[4.473,45.311],[4.482,45.329],[4.526,45.348],[4.476,45.393],[4.481,45.417],[4.46,45.436],[4.474,45.46],[4.459,45.476],[4.466,45.479],[4.455,45.506],[4.466,45.502],[4.471,45.513],[4.49,45.516],[4.486,45.534],[4.505,45.559],[4.497,45.563],[4.503,45.575],[4.525,45.573],[4.58,45.583],[4.58,45.598],[4.603,45.609],[4.612,45.626],[4.61,45.639],[4.591,45.647],[4.596,45.656],[4.587,45.662],[4.599,45.671],[4.576,45.695],[4.583,45.699],[4.56,45.704],[4.541,45.697],[4.524,45.705],[4.504,45.69],[4.507,45.669],[4.474,45.657],[4.446,45.663],[4.409,45.637],[4.393,45.654],[4.366,45.647],[4.37,45.656],[4.393,45.662],[4.366,45.671],[4.37,45.689],[4.393,45.691],[4.399,45.7],[4.433,45.691],[4.445,45.697],[4.424,45.71],[4.438,45.732],[4.432,45.746],[4.46,45.767],[4.449,45.775],[4.429,45.82],[4.441,45.834],[4.421,45.827],[4.395,45.834],[4.382,45.845],[4.395,45.865],[4.363,45.864],[4.35,45.871],[4.323,45.903],[4.346,45.916],[4.38,45.906],[4.404,45.912],[4.396,45.917],[4.404,45.935],[4.39,45.942],[4.39,45.954],[4.419,45.99],[4.431,46.02],[4.424,46.028],[4.449,46.055],[4.441,46.058],[4.431,46.12],[4.417,46.139],[4.439,46.168],[4.468,46.185],[4.482,46.183],[4.478,46.197],[4.486,46.201],[4.488,46.233],[4.437,46.26],[4.439,46.27],[4.457,46.277],[4.427,46.305],[4.442,46.359],[4.451,46.364],[4.447,46.375],[4.48,46.405],[4.476,46.428],[4.498,46.454],[4.467,46.472],[4.484,46.493],[4.461,46.51],[4.472,46.525],[4.469,46.558],[4.439,46.56],[4.428,46.57],[4.452,46.603],[4.471,46.603],[4.471,46.615],[4.481,46.623],[4.491,46.62],[4.494,46.637],[4.527,46.658],[4.523,46.667],[4.506,46.672],[4.515,46.684],[4.487,46.688],[4.495,46.698],[4.486,46.706],[4.5,46.709],[4.505,46.72],[4.52,46.71],[4.532,46.712],[4.545,46.737],[4.532,46.736],[4.515,46.748],[4.499,46.742],[4.49,46.754],[4.505,46.77],[4.545,46.785],[4.523,46.813],[4.504,46.81],[4.554,46.852],[4.538,46.858],[4.538,46.867],[4.521,46.866],[4.534,46.883],[4.521,46.89],[4.535,46.896],[4.535,46.906],[4.558,46.898],[4.587,46.902],[4.588,46.916],[4.606,46.92],[4.609,46.931],[4.584,46.945],[4.587,46.955],[4.596,46.952],[4.593,46.967],[4.574,46.973],[4.599,46.98],[4.609,46.973],[4.621,46.976],[4.632,46.994],[4.659,47.002],[4.67,47.036],[4.686,47.041],[4.649,47.054],[4.613,47.045],[4.609,47.048],[4.626,47.051],[4.635,47.067],[4.589,47.097],[4.595,47.113],[4.579,47.136],[4.594,47.148],[4.569,47.159],[4.568,47.167],[4.54,47.173],[4.579,47.195],[4.576,47.21],[4.562,47.216],[4.56,47.241],[4.584,47.283],[4.602,47.27],[4.622,47.284],[4.637,47.283],[4.635,47.288],[4.666,47.295],[4.692,47.291],[4.701,47.283],[4.7,47.29],[4.726,47.304],[4.718,47.314],[4.743,47.341],[4.799,47.361],[4.776,47.371],[4.795,47.386],[4.749,47.416],[4.767,47.428],[4.766,47.446],[4.744,47.48],[4.723,47.478],[4.712,47.496],[4.725,47.498],[4.721,47.507],[4.744,47.504],[4.801,47.542],[4.814,47.557],[4.807,47.567],[4.855,47.572],[4.864,47.58],[4.876,47.595],[4.859,47.613],[4.854,47.631],[4.863,47.641],[4.878,47.642],[4.878,47.631],[4.897,47.623],[4.887,47.652],[4.907,47.655],[4.912,47.649],[4.91,47.665],[4.927,47.663],[4.967,47.687],[4.996,47.689],[5.005,47.701],[5.029,47.71],[5.039,47.731],[5.057,47.717],[5.091,47.724],[5.105,47.715],[5.138,47.725],[5.148,47.749],[5.172,47.762],[5.159,47.778],[5.189,47.781],[5.179,47.789],[5.158,47.79],[5.16,47.794],[5.194,47.792],[5.192,47.782],[5.203,47.781],[5.22,47.786],[5.229,47.799],[5.291,47.816],[5.288,47.82],[5.299,47.809],[5.318,47.814],[5.33,47.806],[5.344,47.815],[5.364,47.802],[5.398,47.803],[5.439,47.846],[5.463,47.844],[5.463,47.86],[5.479,47.872],[5.474,47.89],[5.482,47.896],[5.472,47.904],[5.502,47.91],[5.508,47.942],[5.554,47.959],[5.588,47.939],[5.627,47.947],[5.637,47.962],[5.66,47.953],[5.681,47.977],[5.7,47.983],[5.679,48.003],[5.69,48.031],[5.71,48.044],[5.712,48.055],[5.721,48.044],[5.741,48.05],[5.764,48.03],[5.791,48.034],[5.788,48.042],[5.82,48.045],[5.825,48.082],[5.848,48.087],[5.861,48.101],[5.859,48.124],[5.913,48.129],[5.944,48.15],[5.954,48.142],[5.97,48.147],[5.982,48.16],[5.98,48.18],[6.022,48.161],[6.028,48.138],[6.067,48.159],[6.077,48.141],[6.098,48.141],[6.108,48.109],[6.102,48.09],[6.188,48.111],[6.196,48.103],[6.206,48.111],[6.223,48.105],[6.233,48.116],[6.217,48.134],[6.225,48.146],[6.21,48.145],[6.209,48.158],[6.245,48.18],[6.29,48.183],[6.323,48.169],[6.336,48.154],[6.357,48.159],[6.357,48.138],[6.369,48.126],[6.387,48.124],[6.395,48.129],[6.402,48.12],[6.407,48.125],[6.43,48.123],[6.419,48.079],[6.408,48.076],[6.413,48.083],[6.375,48.091],[6.369,48.071],[6.458,48.04],[6.505,48.038],[6.506,48.003],[6.522,47.987],[6.543,47.992],[6.568,47.98],[6.594,47.981],[6.604,47.963],[6.596,47.948],[6.642,47.919],[6.644,47.905],[6.737,47.861],[6.783,47.851],[6.793,47.83],[6.824,47.813],[6.845,47.824],[6.843,47.812],[6.863,47.786],[6.911,47.778],[6.925,47.77],[6.94,47.772],[6.972,47.752],[7.016,47.744],[7.038,47.722],[7.026,47.701],[7.048,47.682],[7.038,47.676],[7.046,47.672],[7.034,47.661],[7.039,47.651],[7.019,47.651],[7.017,47.627],[7.006,47.629],[7.006,47.602],[7.02,47.589],[7.04,47.601],[7.081,47.596],[7.105,47.569],[7.106,47.552],[7.133,47.54],[7.143,47.525],[7.133,47.504],[7.078,47.489],[7.025,47.504],[6.983,47.494],[7.002,47.454],[6.97,47.447],[6.961,47.435],[6.941,47.433],[6.938,47.406],[6.913,47.405],[6.912,47.386],[6.884,47.373],[6.879,47.353],[6.903,47.36],[6.975,47.36],[7.018,47.373],[7.049,47.362],[7.05,47.348],[7.062,47.344],[7.046,47.327],[7.01,47.324],[7.016,47.314],[6.997,47.296],[6.941,47.286],[6.956,47.243],[6.881,47.2],[6.874,47.185],[6.841,47.171],[6.858,47.165],[6.85,47.156],[6.806,47.131],[6.741,47.11],[6.743,47.092],[6.703,47.082],[6.706,47.074],[6.692,47.067],[6.72,47.052],[6.659,47.027],[6.633,46.998],[6.505,46.966],[6.496,46.974],[6.433,46.929],[6.465,46.89],[6.46,46.851],[6.431,46.812],[6.435,46.802],[6.459,46.789],[6.452,46.774],[6.43,46.757],[6.395,46.749],[6.384,46.731],[6.368,46.729],[6.372,46.724],[6.282,46.691],[6.179,46.616],[6.111,46.576],[6.157,46.545],[6.073,46.466],[6.086,46.444],[6.064,46.416],[6.098,46.409],[6.15,46.377],[6.16,46.379],[6.17,46.367],[6.138,46.339],[6.12,46.313],[6.12,46.294],[6.103,46.285],[6.121,46.265],[6.121,46.248],[6.101,46.238],[6.088,46.247],[6.073,46.241],[6.063,46.246],[6.046,46.232],[6.034,46.239],[6.002,46.221],[5.99,46.222],[5.993,46.215],[5.973,46.214],[5.964,46.197],[5.995,46.182],[5.957,46.129],[5.994,46.145],[6.035,46.134],[6.052,46.151],[6.092,46.152],[6.099,46.144],[6.136,46.141],[6.186,46.164],[6.187,46.18],[6.222,46.201],[6.25,46.205],[6.295,46.225],[6.31,46.256],[6.295,46.256],[6.295,46.265],[6.267,46.247],[6.238,46.278],[6.253,46.29],[6.242,46.304],[6.256,46.323],[6.302,46.366],[6.344,46.37],[6.359,46.35],[6.373,46.344],[6.39,46.34],[6.413,46.36],[6.477,46.375],[6.484,46.393],[6.513,46.405],[6.545,46.395],[6.636,46.406],[6.724,46.408],[6.805,46.394],[6.805,46.378],[6.772,46.361],[6.772,46.35],[6.785,46.333],[6.796,46.333],[6.8,46.32],[6.82,46.316],[6.83,46.3],[6.858,46.291],[6.865,46.281],[6.855,46.255],[6.821,46.232],[6.804,46.205],[6.813,46.182],[6.792,46.163],[6.796,46.139],[6.816,46.129],[6.838,46.133],[6.9,46.124],[6.883,46.095],[6.892,46.074],[6.877,46.064],[6.875,46.048],[6.891,46.042],[6.925,46.065],[6.937,46.064],[6.935,46.056],[6.95,46.052],[6.963,46.03],[6.981,46.019],[6.985,46.004],[7.01,45.998],[7.023,45.978],[7.009,45.969],[7.037,45.955],[7.045,45.922],[7.022,45.917],[7.008,45.904],[6.997,45.872],[6.951,45.861],[6.941,45.847],[6.922,45.848],[6.913,45.841],[6.879,45.849],[6.868,45.825],[6.843,45.841],[6.819,45.836],[6.804,45.816],[6.813,45.807],[6.801,45.781],[6.806,45.748],[6.817,45.74],[6.809,45.726],[6.846,45.69],[6.893,45.676],[6.903,45.681],[6.902,45.664],[6.917,45.66],[6.915,45.652],[6.931,45.646],[6.97,45.654],[6.975,45.647],[7.001,45.64],[6.985,45.62],[6.978,45.591],[6.995,45.576],[6.991,45.53],[7.005,45.518],[7.0,45.505],[7.054,45.495],[7.049,45.472],[7.103,45.468],[7.099,45.459],[7.114,45.433],[7.152,45.423],[7.186,45.403],[7.163,45.382],[7.164,45.361],[7.134,45.347],[7.132,45.329],[7.111,45.327],[7.136,45.281],[7.128,45.272],[7.137,45.256],[7.125,45.244],[7.11,45.247],[7.081,45.224],[7.08,45.213],[7.067,45.21],[7.047,45.226],[7.027,45.215],[7.004,45.22],[6.993,45.21],[6.966,45.208],[6.967,45.196],[6.952,45.19],[6.947,45.17],[6.892,45.167],[6.884,45.156],[6.898,45.142],[6.893,45.137],[6.848,45.127],[6.847,45.136],[6.768,45.16],[6.74,45.137],[6.711,45.145],[6.68,45.14],[6.673,45.125],[6.634,45.115],[6.627,45.104],[6.647,45.085],[6.645,45.076],[6.662,45.072],[6.659,45.052],[6.67,45.044],[6.664,45.034],[6.674,45.02],[6.723,45.022],[6.745,45.014],[6.752,44.997],[6.738,44.989],[6.765,44.962],[6.743,44.936],[6.761,44.934],[6.749,44.922],[6.751,44.906],[6.772,44.903],[6.785,44.889],[6.802,44.891],[6.805,44.877],[6.863,44.851],[6.913,44.845],[6.931,44.864],[7.006,44.84],[7.009,44.826],[7.024,44.823],[6.999,44.79],[7.022,44.771],[7.03,44.73],[7.042,44.718],[7.066,44.714],[7.076,44.69],[7.072,44.679],[7.029,44.691],[6.987,44.69],[6.963,44.678],[6.948,44.654],[6.968,44.62],[6.949,44.619],[6.95,44.61],[6.933,44.596],[6.933,44.573],[6.913,44.569],[6.915,44.559],[6.879,44.554],[6.87,44.537],[6.853,44.529],[6.877,44.481],[6.906,44.468],[6.912,44.451],[6.948,44.43],[6.893,44.421],[6.897,44.375],[6.887,44.361],[6.922,44.352],[6.927,44.333],[6.96,44.311],[6.957,44.295],[6.971,44.294],[6.972,44.284],[6.981,44.287],[6.996,44.28],[6.997,44.252],[7.008,44.235],[7.039,44.224],[7.076,44.232],[7.143,44.2],[7.163,44.208],[7.178,44.197],[7.188,44.201],[7.193,44.187],[7.219,44.169],[7.242,44.173],[7.249,44.158],[7.281,44.141],[7.31,44.148],[7.344,44.145],[7.358,44.116],[7.393,44.125],[7.426,44.112],[7.43,44.13],[7.46,44.126],[7.507,44.145],[7.522,44.138],[7.534,44.148],[7.561,44.149],[7.564,44.157],[7.62,44.15],[7.636,44.177],[7.683,44.175],[7.67,44.155],[7.679,44.147],[7.666,44.131],[7.719,44.082],[7.714,44.062],[7.7,44.041],[7.663,44.029],[7.671,43.998],[7.653,43.974],[7.611,43.954],[7.599,43.957],[7.569,43.947],[7.571,43.928],[7.558,43.917],[7.562,43.899],[7.518,43.882],[7.512,43.886],[7.498,43.872],[7.497,43.849],[7.508,43.842],[7.53,43.784],[7.515,43.783],[7.522,43.783],[7.491,43.768],[7.482,43.757],[7.488,43.749],[7.459,43.76],[7.413,43.735],[7.419,43.725],[7.406,43.719],[7.356,43.721],[7.33,43.702],[7.335,43.688],[7.35,43.687],[7.335,43.686],[7.332,43.675],[7.321,43.688],[7.325,43.7],[7.315,43.707],[7.304,43.685],[7.284,43.698],[7.288,43.69],[7.263,43.694],[7.24,43.687],[7.213,43.648],[7.2,43.647],[7.204,43.651],[7.2,43.664],[7.199,43.655],[7.194,43.658],[7.187,43.658],[7.187,43.656],[7.182,43.654],[7.18,43.654],[7.186,43.656],[7.185,43.657],[7.168,43.657],[7.155,43.653],[7.14,43.632],[7.14,43.635],[7.136,43.636],[7.126,43.608],[7.13,43.589],[7.122,43.587],[7.129,43.583],[7.133,43.591],[7.13,43.582],[7.124,43.575],[7.131,43.569],[7.141,43.569],[7.135,43.556],[7.145,43.552],[7.138,43.549],[7.138,43.546],[7.13,43.544],[7.129,43.547],[7.127,43.547],[7.125,43.546],[7.124,43.546],[7.12,43.543],[7.117,43.549],[7.122,43.553],[7.122,43.56],[7.097,43.571],[7.085,43.57],[7.084,43.569],[7.084,43.566],[7.078,43.563],[7.082,43.568],[7.07,43.564],[7.038,43.535],[7.032,43.546],[7.016,43.551],[7.018,43.545],[6.989,43.549],[6.96,43.541],[6.948,43.531],[6.95,43.526],[6.939,43.514],[6.941,43.517],[6.937,43.517],[6.938,43.509],[6.954,43.506],[6.957,43.497],[6.946,43.492],[6.946,43.49],[6.949,43.486],[6.946,43.485],[6.946,43.483],[6.942,43.485],[6.935,43.485],[6.935,43.484],[6.936,43.484],[6.935,43.484],[6.935,43.483],[6.934,43.483],[6.931,43.484],[6.931,43.479],[6.933,43.478],[6.929,43.477],[6.929,43.476],[6.931,43.475],[6.928,43.475],[6.929,43.474],[6.924,43.474],[6.922,43.47],[6.926,43.468],[6.922,43.462],[6.922,43.458],[6.92,43.458],[6.924,43.457],[6.92,43.453],[6.922,43.452],[6.923,43.452],[6.923,43.451],[6.905,43.445],[6.899,43.442],[6.892,43.437],[6.89,43.428],[6.89,43.428],[6.887,43.428],[6.887,43.429],[6.885,43.427],[6.884,43.428],[6.882,43.429],[6.881,43.428],[6.882,43.428],[6.882,43.427],[6.881,43.428],[6.879,43.428],[6.879,43.426],[6.877,43.427],[6.876,43.426],[6.876,43.427],[6.875,43.427],[6.873,43.425],[6.872,43.426],[6.871,43.425],[6.871,43.429],[6.866,43.434],[6.857,43.432],[6.855,43.412],[6.829,43.418],[6.796,43.413],[6.789,43.408],[6.766,43.424],[6.745,43.424],[6.751,43.419],[6.714,43.372],[6.713,43.366],[6.716,43.359],[6.72,43.357],[6.713,43.353],[6.717,43.347],[6.68,43.341],[6.673,43.336],[6.669,43.333],[6.665,43.325],[6.671,43.313],[6.634,43.307],[6.628,43.304],[6.624,43.296],[6.587,43.281],[6.588,43.272],[6.583,43.276],[6.578,43.275],[6.579,43.272],[6.58,43.271],[6.578,43.272],[6.578,43.274],[6.576,43.274],[6.575,43.272],[6.574,43.267],[6.579,43.267],[6.58,43.269],[6.586,43.269],[6.588,43.27],[6.589,43.267],[6.582,43.268],[6.594,43.262],[6.621,43.264],[6.639,43.274],[6.664,43.265],[6.678,43.279],[6.698,43.267],[6.691,43.252],[6.664,43.241],[6.664,43.213],[6.67,43.206],[6.675,43.205],[6.676,43.204],[6.676,43.204],[6.676,43.204],[6.677,43.204],[6.678,43.201],[6.681,43.2],[6.66,43.196],[6.643,43.187],[6.64,43.181],[6.642,43.175],[6.639,43.173],[6.647,43.168],[6.643,43.168],[6.642,43.171],[6.64,43.172],[6.633,43.172],[6.632,43.171],[6.631,43.171],[6.628,43.169],[6.627,43.167],[6.624,43.166],[6.622,43.165],[6.621,43.158],[6.621,43.16],[6.618,43.16],[6.617,43.163],[6.614,43.166],[6.61,43.166],[6.61,43.168],[6.608,43.173],[6.607,43.173],[6.603,43.174],[6.605,43.176],[6.601,43.183],[6.592,43.186],[6.562,43.189],[6.537,43.179],[6.535,43.164],[6.53,43.166],[6.522,43.166],[6.509,43.159],[6.51,43.156],[6.502,43.156],[6.494,43.15],[6.478,43.156],[6.468,43.155],[6.464,43.158],[6.439,43.142],[6.43,43.152],[6.386,43.145],[6.368,43.136],[6.36,43.12],[6.359,43.106],[6.369,43.103],[6.364,43.093],[6.371,43.091],[6.365,43.091],[6.364,43.089],[6.365,43.088],[6.364,43.088],[6.365,43.086],[6.359,43.089],[6.357,43.089],[6.355,43.089],[6.349,43.089],[6.345,43.091],[6.343,43.091],[6.341,43.089],[6.335,43.091],[6.333,43.091],[6.333,43.09],[6.332,43.09],[6.324,43.094],[6.322,43.092],[6.325,43.099],[6.316,43.107],[6.296,43.11],[6.29,43.107],[6.288,43.115],[6.275,43.121],[6.261,43.121],[6.235,43.113],[6.201,43.116],[6.172,43.102],[6.155,43.081],[6.152,43.037],[6.173,43.033],[6.167,43.033],[6.16,43.03],[6.156,43.026],[6.135,43.036],[6.113,43.035],[6.096,43.029],[6.098,43.033],[6.091,43.036],[6.094,43.041],[6.119,43.039],[6.132,43.049],[6.126,43.078],[6.114,43.084],[6.078,43.088],[6.022,43.078],[6.018,43.099],[6.006,43.104],[5.975,43.108],[5.968,43.104],[5.956,43.108],[5.926,43.101],[5.934,43.119],[5.925,43.115],[5.928,43.122],[5.921,43.124],[5.914,43.115],[5.914,43.125],[5.91,43.114],[5.885,43.117],[5.892,43.108],[5.881,43.109],[5.881,43.102],[5.911,43.101],[5.896,43.081],[5.908,43.078],[5.918,43.086],[5.927,43.077],[5.938,43.085],[5.951,43.077],[5.947,43.068],[5.929,43.072],[5.911,43.066],[5.891,43.078],[5.872,43.07],[5.859,43.046],[5.829,43.049],[5.816,43.064],[5.802,43.069],[5.794,43.068],[5.793,43.07],[5.804,43.077],[5.812,43.095],[5.811,43.098],[5.804,43.101],[5.81,43.101],[5.813,43.106],[5.81,43.114],[5.801,43.118],[5.791,43.112],[5.788,43.116],[5.776,43.117],[5.766,43.115],[5.781,43.13],[5.772,43.139],[5.751,43.13],[5.749,43.136],[5.724,43.136],[5.72,43.147],[5.717,43.148],[5.695,43.144],[5.682,43.155],[5.695,43.168],[5.686,43.18],[5.674,43.178],[5.651,43.189],[5.624,43.187],[5.606,43.174],[5.616,43.17],[5.606,43.166],[5.605,43.16],[5.597,43.167],[5.57,43.174],[5.537,43.215],[5.515,43.203],[5.514,43.204],[5.516,43.205],[5.516,43.207],[5.519,43.208],[5.521,43.21],[5.521,43.211],[5.512,43.205],[5.51,43.198],[5.511,43.204],[5.498,43.202],[5.5,43.197],[5.493,43.204],[5.483,43.206],[5.477,43.204],[5.469,43.209],[5.464,43.208],[5.463,43.21],[5.459,43.211],[5.454,43.212],[5.443,43.213],[5.455,43.203],[5.451,43.201],[5.402,43.214],[5.399,43.212],[5.398,43.213],[5.39,43.212],[5.388,43.21],[5.38,43.211],[5.376,43.21],[5.373,43.208],[5.372,43.21],[5.364,43.207],[5.354,43.212],[5.351,43.211],[5.347,43.213],[5.345,43.212],[5.341,43.214],[5.337,43.214],[5.346,43.215],[5.364,43.246],[5.373,43.246],[5.376,43.258],[5.37,43.268],[5.368,43.266],[5.362,43.274],[5.353,43.281],[5.346,43.282],[5.349,43.282],[5.355,43.289],[5.356,43.295],[5.364,43.291],[5.374,43.294],[5.362,43.295],[5.359,43.298],[5.365,43.314],[5.347,43.33],[5.351,43.335],[5.328,43.345],[5.339,43.341],[5.341,43.345],[5.327,43.353],[5.317,43.354],[5.321,43.35],[5.321,43.349],[5.32,43.349],[5.313,43.355],[5.323,43.354],[5.327,43.356],[5.312,43.361],[5.294,43.36],[5.304,43.359],[5.229,43.329],[5.175,43.334],[5.152,43.326],[5.089,43.333],[5.081,43.327],[5.07,43.332],[5.054,43.324],[5.05,43.332],[5.041,43.327],[5.019,43.342],[5.026,43.356],[5.017,43.355],[5.014,43.37],[4.986,43.393],[5.001,43.398],[4.997,43.402],[5.026,43.397],[5.115,43.405],[5.123,43.397],[5.137,43.4],[5.204,43.442],[5.198,43.451],[5.208,43.444],[5.226,43.452],[5.23,43.466],[5.224,43.483],[5.205,43.492],[5.164,43.472],[5.154,43.46],[5.155,43.459],[5.161,43.462],[5.158,43.455],[5.142,43.459],[5.112,43.506],[5.114,43.523],[5.061,43.528],[5.05,43.524],[5.054,43.519],[5.045,43.522],[5.021,43.556],[5.012,43.552],[5.014,43.524],[4.999,43.508],[5.0,43.475],[5.052,43.464],[5.059,43.407],[4.987,43.406],[4.982,43.396],[4.969,43.425],[4.939,43.426],[4.931,43.433],[4.91,43.428],[4.902,43.412],[4.89,43.414],[4.893,43.404],[4.885,43.414],[4.906,43.43],[4.882,43.42],[4.861,43.454],[4.85,43.451],[4.877,43.411],[4.866,43.405],[4.828,43.43],[4.823,43.425],[4.857,43.404],[4.86,43.401],[4.861,43.4],[4.842,43.404],[4.836,43.398],[4.854,43.39],[4.809,43.388],[4.808,43.384],[4.841,43.385],[4.845,43.388],[4.872,43.39],[4.853,43.388],[4.851,43.378],[4.829,43.376],[4.849,43.371],[4.847,43.374],[4.85,43.372],[4.852,43.375],[4.851,43.377],[4.858,43.367],[4.867,43.369],[4.877,43.356],[4.883,43.355],[4.883,43.364],[4.891,43.365],[4.912,43.377],[4.912,43.388],[4.917,43.38],[4.856,43.333],[4.835,43.329],[4.777,43.348],[4.66,43.345],[4.584,43.361],[4.556,43.383],[4.595,43.406],[4.59,43.42],[4.573,43.437],[4.54,43.451],[4.459,43.457],[4.423,43.446],[4.413,43.449],[4.406,43.449],[4.402,43.446],[4.379,43.453],[4.19,43.466],[4.125,43.491],[4.11,43.509],[4.134,43.508],[4.138,43.51],[4.135,43.511],[4.129,43.51],[4.129,43.511],[4.121,43.51],[4.116,43.51],[4.116,43.511],[4.122,43.521],[4.13,43.512],[4.134,43.511],[4.138,43.514],[4.134,43.512],[4.134,43.515],[4.131,43.517],[4.139,43.515],[4.139,43.52],[4.123,43.521],[4.137,43.525],[4.132,43.535],[4.139,43.538],[4.139,43.54],[4.137,43.54],[4.138,43.538],[4.132,43.535],[4.112,43.551],[4.081,43.553],[4.082,43.56],[4.078,43.558],[4.081,43.556],[4.079,43.554],[4.082,43.552],[4.048,43.557],[3.977,43.541],[3.975,43.547],[3.97,43.544],[3.977,43.54],[3.913,43.52],[3.858,43.491],[3.778,43.429],[3.778,43.434],[3.773,43.435],[3.771,43.433],[3.776,43.434],[3.778,43.43],[3.753,43.426],[3.749,43.42],[3.748,43.418],[3.753,43.428],[3.728,43.418],[3.715,43.399],[3.7,43.403],[3.702,43.394],[3.663,43.394],[3.644,43.385],[3.53,43.291],[3.523,43.296],[3.522,43.29],[3.524,43.293],[3.531,43.291],[3.506,43.268],[3.515,43.28],[3.51,43.285],[3.495,43.28],[3.499,43.277],[3.503,43.277],[3.507,43.273],[3.505,43.269],[3.501,43.274],[3.444,43.28],[3.432,43.29],[3.405,43.288],[3.281,43.24],[3.184,43.169],[3.179,43.173],[3.185,43.168],[3.102,43.082],[3.064,43.019],[3.039,42.94],[3.04,42.93],[3.061,42.917],[3.053,42.874],[3.047,42.882],[3.049,42.872],[3.043,42.874],[3.031,42.861],[3.036,42.856],[3.041,42.869],[3.054,42.874],[3.037,42.798],[3.042,42.703],[3.026,42.707],[3.024,42.704],[3.043,42.703],[3.034,42.661],[3.041,42.621],[3.035,42.622],[3.037,42.613],[3.029,42.61],[3.039,42.603],[3.038,42.616],[3.039,42.619],[3.041,42.619],[3.055,42.543],[3.05,42.544],[3.048,42.54],[3.081,42.532],[3.086,42.524],[3.11,42.525],[3.107,42.516],[3.118,42.523],[3.141,42.516],[3.123,42.506],[3.136,42.498],[3.128,42.487],[3.133,42.481],[3.155,42.477],[3.157,42.46],[3.167,42.457],[3.16,42.452],[3.169,42.448],[3.166,42.44],[3.178,42.44],[3.175,42.435]],[[1.96,42.47],[1.96,42.453],[2.013,42.448],[1.987,42.47],[1.998,42.485],[1.99,42.494],[1.979,42.495],[1.96,42.47]]],[[[7.367,43.72],[7.368,43.719],[7.368,43.719],[7.367,43.72]]],[[[7.195,43.656],[7.195,43.656],[7.194,43.656],[7.195,43.656]]],[[[7.193,43.657],[7.194,43.657],[7.193,43.657],[7.193,43.657]]],[[[7.193,43.656],[7.192,43.656],[7.191,43.656],[7.193,43.656]]],[[[7.191,43.657],[7.19,43.657],[7.19,43.657],[7.191,43.657]]],[[[7.19,43.656],[7.189,43.656],[7.189,43.656],[7.19,43.656]]],[[[7.188,43.657],[7.188,43.656],[7.188,43.656],[7.188,43.657]]],[[[7.144,43.555],[7.144,43.554],[7.144,43.554],[7.144,43.555]]],[[[7.143,43.555],[7.143,43.554],[7.143,43.555],[7.143,43.555]]],[[[7.143,43.554],[7.143,43.554],[7.143,43.554],[7.143,43.554]]],[[[7.141,43.569],[7.141,43.569],[7.141,43.569],[7.141,43.569]]],[[[7.14,43.572],[7.141,43.572],[7.14,43.572],[7.14,43.572]]],[[[7.138,43.549],[7.139,43.549],[7.138,43.549],[7.138,43.549]]],[[[7.138,43.555],[7.138,43.555],[7.138,43.555],[7.138,43.555]]],[[[7.132,43.544],[7.132,43.544],[7.132,43.544],[7.132,43.544]]],[[[7.132,43.544],[7.132,43.544],[7.132,43.544],[7.132,43.544]]],[[[7.132,43.544],[7.132,43.544],[7.132,43.544],[7.132,43.544]]],[[[7.132,43.573],[7.132,43.573],[7.132,43.573],[7.132,43.573]]],[[[7.129,43.545],[7.129,43.545],[7.129,43.545],[7.129,43.545]]],[[[7.128,43.547],[7.128,43.547],[7.128,43.547],[7.128,43.547]]],[[[7.129,43.572],[7.129,43.572],[7.129,43.572],[7.129,43.572]]],[[[7.127,43.546],[7.127,43.546],[7.126,43.546],[7.127,43.546]]],[[[7.128,43.574],[7.128,43.573],[7.128,43.573],[7.128,43.573],[7.128,43.574]]],[[[7.122,43.555],[7.122,43.555],[7.122,43.555],[7.122,43.555]]],[[[7.083,43.539],[7.083,43.539],[7.083,43.539],[7.083,43.539]]],[[[7.083,43.54],[7.083,43.539],[7.083,43.54],[7.083,43.54]]],[[[7.083,43.54],[7.083,43.54],[7.083,43.54],[7.083,43.54]]],[[[7.083,43.541],[7.083,43.541],[7.083,43.541],[7.083,43.541]]],[[[7.085,43.567],[7.085,43.566],[7.085,43.567],[7.085,43.567]]],[[[7.084,43.569],[7.084,43.568],[7.084,43.569],[7.084,43.569]]],[[[7.075,43.515],[7.075,43.515],[7.075,43.515],[7.075,43.515]]],[[[7.073,43.517],[7.073,43.514],[7.072,43.516],[7.073,43.517]]],[[[7.073,43.517],[7.073,43.517],[7.073,43.517],[7.073,43.517]]],[[[7.071,43.517],[7.072,43.517],[7.072,43.517],[7.071,43.517]]],[[[7.071,43.517],[7.067,43.514],[7.067,43.515],[7.063,43.516],[7.062,43.516],[7.062,43.516],[7.058,43.515],[7.054,43.516],[7.048,43.515],[7.044,43.516],[7.043,43.516],[7.043,43.516],[7.031,43.522],[7.071,43.517]]],[[[7.063,43.516],[7.063,43.516],[7.063,43.516],[7.063,43.516]]],[[[7.061,43.507],[7.061,43.507],[7.06,43.508],[7.061,43.507]]],[[[7.062,43.521],[7.062,43.52],[7.062,43.52],[7.062,43.521]]],[[[7.06,43.506],[7.058,43.506],[7.059,43.506],[7.06,43.506]]],[[[7.058,43.508],[7.06,43.507],[7.059,43.507],[7.058,43.508]]],[[[7.059,43.505],[7.059,43.505],[7.059,43.505],[7.059,43.505]]],[[[7.059,43.506],[7.058,43.506],[7.058,43.506],[7.056,43.506],[7.059,43.506]]],[[[7.059,43.505],[7.059,43.505],[7.059,43.505],[7.059,43.505]]],[[[7.059,43.506],[7.059,43.505],[7.059,43.505],[7.059,43.506]]],[[[7.061,43.555],[7.061,43.555],[7.061,43.555],[7.061,43.555]]],[[[7.058,43.506],[7.058,43.506],[7.057,43.506],[7.058,43.506]]],[[[7.06,43.553],[7.06,43.553],[7.06,43.553],[7.06,43.553]]],[[[7.056,43.507],[7.056,43.507],[7.056,43.507],[7.056,43.507]]],[[[7.056,43.508],[7.048,43.505],[7.037,43.507],[7.056,43.508]]],[[[7.054,43.506],[7.054,43.506],[7.053,43.506],[7.054,43.506]]],[[[7.052,43.5],[7.052,43.499],[7.051,43.499],[7.052,43.5]]],[[[7.051,43.499],[7.051,43.499],[7.051,43.499],[7.051,43.499]]],[[[7.051,43.499],[7.051,43.499],[7.051,43.499],[7.051,43.499]]],[[[7.051,43.5],[7.051,43.5],[7.051,43.5],[7.051,43.5]]],[[[7.051,43.5],[7.051,43.5],[7.051,43.5],[7.051,43.5]]],[[[7.05,43.523],[7.05,43.523],[7.05,43.523],[7.05,43.523]]],[[[7.046,43.504],[7.046,43.504],[7.045,43.503],[7.046,43.504]]],[[[7.045,43.515],[7.045,43.515],[7.045,43.514],[7.045,43.515]]],[[[7.044,43.516],[7.044,43.516],[7.044,43.516],[7.044,43.516]]],[[[7.043,43.516],[7.043,43.516],[7.043,43.516],[7.043,43.516]]],[[[7.039,43.517],[7.039,43.517],[7.039,43.517],[7.039,43.517]]],[[[7.037,43.518],[7.037,43.518],[7.037,43.518],[7.037,43.518]]],[[[7.037,43.518],[7.037,43.518],[7.037,43.518],[7.037,43.518]]],[[[7.034,43.517],[7.034,43.517],[7.034,43.517],[7.034,43.517]]],[[[7.034,43.518],[7.034,43.518],[7.034,43.518],[7.034,43.518]]],[[[7.033,43.52],[7.033,43.52],[7.033,43.52],[7.033,43.52]]],[[[7.031,43.526],[7.031,43.526],[7.031,43.526],[7.031,43.526]]],[[[7.019,43.549],[7.019,43.549],[7.019,43.549],[7.019,43.549]]],[[[6.952,43.483],[6.952,43.483],[6.952,43.483],[6.952,43.483]]],[[[6.952,43.534],[6.952,43.533],[6.951,43.533],[6.952,43.534]]],[[[6.949,43.486],[6.949,43.485],[6.949,43.485],[6.949,43.486]]],[[[6.948,43.488],[6.948,43.487],[6.948,43.487],[6.948,43.488]]],[[[6.948,43.485],[6.948,43.485],[6.947,43.485],[6.948,43.485]]],[[[6.947,43.485],[6.947,43.485],[6.947,43.485],[6.947,43.485],[6.947,43.485]]],[[[6.947,43.485],[6.947,43.485],[6.947,43.485],[6.947,43.485]]],[[[6.945,43.483],[6.945,43.483],[6.945,43.483],[6.945,43.483]]],[[[6.942,43.484],[6.942,43.484],[6.942,43.484],[6.942,43.484]]],[[[6.941,43.484],[6.941,43.484],[6.941,43.484],[6.941,43.484]]],[[[6.939,43.485],[6.939,43.484],[6.939,43.484],[6.939,43.485]]],[[[6.935,43.484],[6.936,43.484],[6.936,43.484],[6.935,43.484]]],[[[6.935,43.484],[6.935,43.484],[6.935,43.484],[6.935,43.484]]],[[[6.934,43.478],[6.933,43.478],[6.934,43.478],[6.934,43.478]]],[[[6.931,43.48],[6.931,43.48],[6.931,43.48],[6.931,43.48]]],[[[6.931,43.48],[6.931,43.48],[6.931,43.48],[6.931,43.48]]],[[[6.931,43.475],[6.931,43.475],[6.931,43.475],[6.931,43.475]]],[[[6.93,43.476],[6.93,43.476],[6.93,43.476],[6.93,43.476]]],[[[6.929,43.476],[6.929,43.476],[6.929,43.476],[6.929,43.476]]],[[[6.929,43.474],[6.929,43.474],[6.929,43.474],[6.929,43.474]]],[[[6.926,43.474],[6.926,43.474],[6.926,43.474],[6.926,43.474]]],[[[6.924,43.451],[6.924,43.452],[6.924,43.452],[6.924,43.451]]],[[[6.925,43.471],[6.925,43.471],[6.925,43.471],[6.925,43.471]]],[[[6.924,43.466],[6.925,43.466],[6.924,43.466],[6.924,43.466]]],[[[6.924,43.464],[6.924,43.464],[6.924,43.464],[6.924,43.464]]],[[[6.925,43.472],[6.925,43.472],[6.925,43.472],[6.925,43.472]]],[[[6.923,43.455],[6.923,43.455],[6.923,43.455],[6.923,43.455]]],[[[6.924,43.469],[6.924,43.469],[6.924,43.469],[6.924,43.469]]],[[[6.924,43.473],[6.924,43.473],[6.924,43.473],[6.924,43.473]]],[[[6.924,43.472],[6.924,43.472],[6.924,43.472],[6.924,43.472]]],[[[6.923,43.45],[6.923,43.45],[6.923,43.45],[6.923,43.45]]],[[[6.923,43.452],[6.923,43.452],[6.923,43.452],[6.923,43.452]]],[[[6.923,43.454],[6.923,43.455],[6.923,43.454],[6.923,43.454]]],[[[6.924,43.472],[6.924,43.472],[6.924,43.472],[6.924,43.472]]],[[[6.924,43.472],[6.924,43.472],[6.924,43.472],[6.924,43.472]]],[[[6.922,43.45],[6.923,43.45],[6.923,43.45],[6.922,43.45]]],[[[6.924,43.471],[6.924,43.471],[6.924,43.471],[6.924,43.471]]],[[[6.923,43.45],[6.922,43.45],[6.923,43.45],[6.923,43.45]]],[[[6.924,43.473],[6.924,43.473],[6.924,43.473],[6.924,43.473]]],[[[6.924,43.471],[6.924,43.471],[6.924,43.471],[6.924,43.471]]],[[[6.924,43.474],[6.924,43.474],[6.924,43.474],[6.924,43.474]]],[[[6.923,43.454],[6.922,43.454],[6.923,43.454],[6.923,43.454]]],[[[6.924,43.471],[6.924,43.471],[6.924,43.471],[6.924,43.471]]],[[[6.924,43.473],[6.924,43.473],[6.924,43.473],[6.924,43.473]]],[[[6.922,43.452],[6.922,43.452],[6.922,43.452],[6.922,43.452]]],[[[6.922,43.452],[6.922,43.452],[6.922,43.452],[6.922,43.452]]],[[[6.922,43.46],[6.922,43.46],[6.922,43.46],[6.922,43.46]]],[[[6.922,43.452],[6.922,43.452],[6.921,43.452],[6.922,43.452]]],[[[6.921,43.452],[6.921,43.452],[6.922,43.452],[6.921,43.452]]],[[[6.92,43.449],[6.92,43.449],[6.92,43.449],[6.92,43.449]]],[[[6.909,43.445],[6.908,43.445],[6.908,43.445],[6.909,43.445]]],[[[6.908,43.446],[6.909,43.445],[6.908,43.446],[6.908,43.446]]],[[[6.907,43.446],[6.907,43.446],[6.907,43.446],[6.907,43.446]]],[[[6.899,43.44],[6.899,43.44],[6.899,43.44],[6.899,43.44]]],[[[6.899,43.44],[6.899,43.439],[6.898,43.439],[6.899,43.44]]],[[[6.897,43.427],[6.896,43.427],[6.897,43.427],[6.897,43.427]]],[[[6.897,43.439],[6.897,43.438],[6.897,43.438],[6.897,43.439]]],[[[6.897,43.438],[6.897,43.438],[6.897,43.438],[6.897,43.438]]],[[[6.897,43.439],[6.897,43.439],[6.897,43.438],[6.897,43.439]]],[[[6.895,43.427],[6.895,43.427],[6.895,43.427],[6.895,43.427]]],[[[6.895,43.427],[6.895,43.427],[6.895,43.427],[6.895,43.427]]],[[[6.895,43.428],[6.893,43.427],[6.893,43.428],[6.895,43.428]]],[[[6.895,43.431],[6.895,43.431],[6.895,43.431],[6.895,43.431]]],[[[6.894,43.429],[6.894,43.429],[6.894,43.429],[6.894,43.429]]],[[[6.893,43.427],[6.894,43.427],[6.893,43.426],[6.893,43.427]]],[[[6.894,43.429],[6.894,43.429],[6.894,43.429],[6.894,43.429]]],[[[6.894,43.431],[6.894,43.431],[6.894,43.431],[6.894,43.431]]],[[[6.893,43.429],[6.893,43.429],[6.894,43.429],[6.893,43.429]]],[[[6.894,43.437],[6.894,43.437],[6.894,43.437],[6.894,43.437]]],[[[6.893,43.428],[6.893,43.428],[6.893,43.428],[6.893,43.428]]],[[[6.893,43.429],[6.893,43.429],[6.893,43.429],[6.893,43.429]]],[[[6.893,43.428],[6.893,43.428],[6.893,43.428],[6.893,43.428]]],[[[6.893,43.435],[6.894,43.435],[6.893,43.435],[6.893,43.435]]],[[[6.893,43.428],[6.893,43.428],[6.893,43.428],[6.893,43.428]]],[[[6.893,43.428],[6.893,43.428],[6.893,43.428],[6.893,43.428]]],[[[6.893,43.429],[6.892,43.429],[6.893,43.429],[6.893,43.429]]],[[[6.892,43.429],[6.892,43.429],[6.892,43.429],[6.892,43.429]]],[[[6.892,43.429],[6.892,43.429],[6.892,43.429],[6.892,43.429]]],[[[6.891,43.429],[6.891,43.429],[6.891,43.429],[6.891,43.429]]],[[[6.891,43.428],[6.891,43.428],[6.891,43.428],[6.891,43.428]]],[[[6.891,43.428],[6.891,43.428],[6.891,43.428],[6.891,43.428]]],[[[6.891,43.428],[6.891,43.428],[6.891,43.428],[6.891,43.428]]],[[[6.889,43.428],[6.889,43.428],[6.889,43.428],[6.889,43.428]]],[[[6.888,43.428],[6.889,43.428],[6.888,43.428],[6.888,43.428]]],[[[6.886,43.428],[6.886,43.428],[6.887,43.428],[6.886,43.428]]],[[[6.884,43.428],[6.884,43.428],[6.884,43.428],[6.884,43.428]]],[[[6.884,43.428],[6.884,43.428],[6.884,43.428],[6.884,43.428]]],[[[6.883,43.428],[6.883,43.428],[6.883,43.428],[6.883,43.428]]],[[[6.883,43.428],[6.883,43.428],[6.883,43.428],[6.883,43.428]]],[[[6.882,43.428],[6.883,43.428],[6.883,43.428],[6.882,43.428]]],[[[6.882,43.428],[6.882,43.428],[6.882,43.428],[6.882,43.428]]],[[[6.88,43.428],[6.88,43.428],[6.88,43.428],[6.88,43.428]]],[[[6.88,43.428],[6.88,43.428],[6.88,43.428],[6.88,43.428]]],[[[6.879,43.425],[6.879,43.425],[6.879,43.425],[6.879,43.425]]],[[[6.878,43.426],[6.879,43.425],[6.879,43.425],[6.878,43.426]]],[[[6.878,43.426],[6.879,43.426],[6.879,43.426],[6.878,43.426]]],[[[6.875,43.427],[6.875,43.426],[6.875,43.427],[6.875,43.427]]],[[[6.874,43.427],[6.874,43.427],[6.874,43.427],[6.874,43.427]]],[[[6.874,43.427],[6.874,43.427],[6.874,43.426],[6.874,43.427]]],[[[6.872,43.425],[6.872,43.426],[6.872,43.426],[6.872,43.425]]],[[[6.872,43.425],[6.872,43.425],[6.872,43.425],[6.872,43.425]]],[[[6.872,43.426],[6.872,43.426],[6.872,43.426],[6.872,43.426]]],[[[6.871,43.425],[6.871,43.425],[6.871,43.425],[6.871,43.425]]],[[[6.871,43.425],[6.871,43.425],[6.871,43.425],[6.871,43.425]]],[[[6.87,43.425],[6.87,43.425],[6.87,43.425],[6.87,43.425]]],[[[6.869,43.426],[6.869,43.426],[6.87,43.426],[6.869,43.426]]],[[[6.868,43.431],[6.868,43.431],[6.868,43.431],[6.868,43.431]]],[[[6.868,43.431],[6.868,43.431],[6.868,43.431],[6.868,43.431]]],[[[6.859,43.414],[6.859,43.414],[6.859,43.414],[6.859,43.414]]],[[[6.857,43.413],[6.857,43.413],[6.857,43.413],[6.857,43.413]]],[[[6.858,43.426],[6.858,43.425],[6.858,43.425],[6.858,43.426]]],[[[6.855,43.412],[6.856,43.412],[6.855,43.411],[6.855,43.412]]],[[[6.851,43.411],[6.852,43.411],[6.851,43.411],[6.851,43.411]]],[[[6.85,43.412],[6.85,43.412],[6.85,43.412],[6.85,43.412]]],[[[6.847,43.41],[6.846,43.411],[6.847,43.411],[6.847,43.41]]],[[[6.821,43.415],[6.821,43.415],[6.821,43.415],[6.821,43.415]]],[[[6.819,43.416],[6.82,43.416],[6.82,43.416],[6.819,43.416]]],[[[6.818,43.415],[6.818,43.416],[6.818,43.415],[6.818,43.415]]],[[[6.814,43.415],[6.814,43.415],[6.814,43.415],[6.814,43.415]]],[[[6.787,43.409],[6.787,43.409],[6.787,43.409],[6.787,43.409]]],[[[6.782,43.408],[6.783,43.408],[6.782,43.407],[6.782,43.408]]],[[[6.775,43.408],[6.775,43.408],[6.775,43.408],[6.775,43.408]]],[[[6.775,43.408],[6.775,43.408],[6.775,43.408],[6.775,43.408]]],[[[6.774,43.407],[6.775,43.408],[6.775,43.407],[6.774,43.407]]],[[[6.773,43.407],[6.774,43.407],[6.774,43.407],[6.773,43.407]]],[[[6.722,43.379],[6.722,43.379],[6.721,43.379],[6.722,43.379]]],[[[6.719,43.357],[6.719,43.357],[6.719,43.357],[6.719,43.357]]],[[[6.719,43.358],[6.719,43.358],[6.719,43.358],[6.719,43.358]]],[[[6.717,43.348],[6.717,43.348],[6.717,43.348],[6.717,43.348]]],[[[6.718,43.362],[6.718,43.362],[6.718,43.362],[6.718,43.362]]],[[[6.716,43.352],[6.716,43.352],[6.716,43.352],[6.716,43.352]]],[[[6.717,43.363],[6.717,43.363],[6.717,43.363],[6.717,43.363]]],[[[6.716,43.352],[6.716,43.352],[6.716,43.352],[6.716,43.352]]],[[[6.71,43.274],[6.71,43.274],[6.71,43.274],[6.71,43.274]]],[[[6.715,43.354],[6.715,43.354],[6.715,43.354],[6.715,43.354]]],[[[6.715,43.354],[6.715,43.354],[6.715,43.354],[6.715,43.354]]],[[[6.713,43.345],[6.713,43.345],[6.713,43.345],[6.713,43.345]]],[[[6.714,43.366],[6.714,43.366],[6.714,43.366],[6.714,43.366]]],[[[6.704,43.258],[6.704,43.258],[6.703,43.258],[6.704,43.258]]],[[[6.703,43.258],[6.703,43.258],[6.703,43.258],[6.703,43.258]]],[[[6.707,43.344],[6.707,43.344],[6.707,43.344],[6.707,43.344]]],[[[6.7,43.268],[6.7,43.267],[6.699,43.268],[6.7,43.268]]],[[[6.699,43.267],[6.699,43.267],[6.699,43.267],[6.699,43.267]]],[[[6.698,43.264],[6.698,43.264],[6.698,43.264],[6.698,43.264]]],[[[6.703,43.343],[6.703,43.343],[6.703,43.343],[6.703,43.343]]],[[[6.702,43.343],[6.702,43.343],[6.702,43.343],[6.702,43.343]]],[[[6.694,43.257],[6.694,43.257],[6.694,43.257],[6.694,43.257]]],[[[6.698,43.342],[6.698,43.342],[6.698,43.342],[6.698,43.342]]],[[[6.689,43.199],[6.689,43.199],[6.688,43.199],[6.689,43.199]]],[[[6.69,43.277],[6.69,43.277],[6.69,43.277],[6.69,43.277]]],[[[6.684,43.199],[6.684,43.199],[6.684,43.199],[6.684,43.199]]],[[[6.683,43.199],[6.683,43.199],[6.683,43.199],[6.683,43.199]]],[[[6.683,43.199],[6.683,43.199],[6.683,43.199],[6.683,43.199]]],[[[6.683,43.199],[6.683,43.199],[6.683,43.199],[6.683,43.199]]],[[[6.683,43.2],[6.683,43.2],[6.683,43.2],[6.683,43.2]]],[[[6.682,43.201],[6.683,43.2],[6.682,43.2],[6.682,43.201]]],[[[6.683,43.2],[6.683,43.2],[6.683,43.2],[6.683,43.2]]],[[[6.681,43.199],[6.681,43.199],[6.681,43.199],[6.681,43.199]]],[[[6.681,43.201],[6.681,43.201],[6.681,43.201],[6.681,43.201]]],[[[6.688,43.314],[6.688,43.314],[6.688,43.314],[6.688,43.314]]],[[[6.688,43.315],[6.688,43.315],[6.688,43.315],[6.688,43.315]]],[[[6.687,43.314],[6.688,43.314],[6.688,43.314],[6.687,43.314]]],[[[6.687,43.314],[6.688,43.314],[6.688,43.314],[6.687,43.314]]],[[[6.68,43.199],[6.68,43.199],[6.68,43.199],[6.68,43.199]]],[[[6.687,43.314],[6.687,43.314],[6.687,43.314],[6.687,43.314]]],[[[6.687,43.314],[6.687,43.314],[6.687,43.314],[6.687,43.314]]],[[[6.687,43.314],[6.687,43.314],[6.687,43.314],[6.687,43.314]]],[[[6.68,43.201],[6.68,43.201],[6.68,43.201],[6.68,43.201]]],[[[6.687,43.315],[6.687,43.314],[6.687,43.314],[6.687,43.315]]],[[[6.68,43.201],[6.68,43.201],[6.679,43.201],[6.68,43.201]]],[[[6.679,43.199],[6.679,43.199],[6.679,43.199],[6.679,43.199]]],[[[6.686,43.312],[6.686,43.312],[6.686,43.312],[6.686,43.312]]],[[[6.686,43.313],[6.686,43.313],[6.686,43.313],[6.686,43.313]]],[[[6.678,43.196],[6.678,43.196],[6.678,43.196],[6.678,43.196]]],[[[6.678,43.202],[6.679,43.202],[6.678,43.202],[6.678,43.202]]],[[[6.678,43.197],[6.678,43.197],[6.678,43.197],[6.678,43.197]]],[[[6.678,43.203],[6.678,43.202],[6.678,43.203],[6.678,43.203]]],[[[6.678,43.198],[6.678,43.198],[6.678,43.198],[6.678,43.198]]],[[[6.678,43.197],[6.678,43.197],[6.677,43.197],[6.678,43.197]]],[[[6.676,43.204],[6.676,43.204],[6.676,43.204],[6.676,43.204]]],[[[6.676,43.204],[6.676,43.204],[6.676,43.204],[6.676,43.204]]],[[[6.674,43.197],[6.674,43.197],[6.674,43.197],[6.674,43.197]]],[[[6.673,43.197],[6.673,43.196],[6.673,43.196],[6.673,43.197]]],[[[6.671,43.196],[6.671,43.196],[6.671,43.196],[6.671,43.196]]],[[[6.671,43.196],[6.67,43.196],[6.67,43.196],[6.67,43.196],[6.671,43.196]]],[[[6.671,43.206],[6.671,43.206],[6.671,43.206],[6.671,43.206]]],[[[6.671,43.206],[6.671,43.206],[6.671,43.206],[6.671,43.206]]],[[[6.678,43.338],[6.678,43.338],[6.678,43.338],[6.678,43.338]]],[[[6.67,43.209],[6.67,43.209],[6.67,43.209],[6.67,43.209]]],[[[6.67,43.21],[6.67,43.21],[6.67,43.21],[6.67,43.21]]],[[[6.67,43.21],[6.67,43.209],[6.67,43.209],[6.67,43.21]]],[[[6.67,43.209],[6.67,43.209],[6.67,43.209],[6.67,43.209]]],[[[6.67,43.21],[6.67,43.21],[6.67,43.21],[6.67,43.21]]],[[[6.669,43.208],[6.669,43.208],[6.669,43.208],[6.669,43.208]]],[[[6.669,43.209],[6.669,43.209],[6.669,43.209],[6.669,43.209]]],[[[6.666,43.195],[6.666,43.195],[6.666,43.195],[6.666,43.195]]],[[[6.673,43.314],[6.674,43.314],[6.673,43.314],[6.673,43.314]]],[[[6.666,43.211],[6.666,43.211],[6.666,43.211],[6.666,43.211]]],[[[6.673,43.336],[6.673,43.336],[6.673,43.336],[6.673,43.336]]],[[[6.671,43.334],[6.671,43.334],[6.671,43.334],[6.671,43.334]]],[[[6.661,43.196],[6.662,43.195],[6.661,43.195],[6.661,43.196]]],[[[6.67,43.333],[6.669,43.333],[6.669,43.333],[6.67,43.333]]],[[[6.668,43.328],[6.668,43.328],[6.668,43.328],[6.668,43.328]]],[[[6.651,43.191],[6.652,43.191],[6.651,43.191],[6.651,43.191]]],[[[6.65,43.188],[6.651,43.188],[6.651,43.188],[6.65,43.188]]],[[[6.649,43.17],[6.649,43.169],[6.649,43.17],[6.649,43.17]]],[[[6.647,43.169],[6.648,43.169],[6.648,43.169],[6.647,43.169],[6.647,43.169]]],[[[6.647,43.167],[6.647,43.166],[6.646,43.167],[6.647,43.167]]],[[[6.647,43.169],[6.647,43.169],[6.647,43.169],[6.647,43.169]]],[[[6.647,43.167],[6.647,43.167],[6.646,43.167],[6.647,43.167]]],[[[6.648,43.188],[6.648,43.188],[6.647,43.188],[6.648,43.188]]],[[[6.646,43.168],[6.646,43.168],[6.645,43.168],[6.646,43.168]]],[[[6.645,43.17],[6.645,43.17],[6.645,43.17],[6.645,43.17]]],[[[6.642,43.17],[6.642,43.17],[6.642,43.17],[6.642,43.17]]],[[[6.641,43.171],[6.642,43.17],[6.642,43.17],[6.641,43.171]]],[[[6.641,43.175],[6.642,43.175],[6.641,43.175],[6.641,43.175]]],[[[6.641,43.171],[6.641,43.171],[6.641,43.171],[6.641,43.171],[6.641,43.171]]],[[[6.641,43.182],[6.641,43.182],[6.641,43.182],[6.641,43.182]]],[[[6.632,43.171],[6.632,43.171],[6.632,43.17],[6.632,43.171]]],[[[6.63,43.171],[6.63,43.17],[6.63,43.171],[6.63,43.171]]],[[[6.629,43.169],[6.629,43.169],[6.629,43.169],[6.629,43.169]]],[[[6.623,43.159],[6.623,43.159],[6.623,43.159],[6.623,43.159]]],[[[6.622,43.159],[6.623,43.159],[6.622,43.159],[6.622,43.159]]],[[[6.623,43.165],[6.623,43.165],[6.623,43.165],[6.623,43.165]]],[[[6.623,43.165],[6.623,43.165],[6.623,43.165],[6.623,43.165]]],[[[6.622,43.159],[6.622,43.159],[6.622,43.159],[6.622,43.159]]],[[[6.622,43.159],[6.622,43.159],[6.622,43.159],[6.622,43.159]]],[[[6.631,43.305],[6.631,43.304],[6.631,43.304],[6.631,43.305]]],[[[6.622,43.163],[6.622,43.163],[6.622,43.163],[6.622,43.163]]],[[[6.621,43.159],[6.621,43.159],[6.621,43.159],[6.621,43.159]]],[[[6.62,43.159],[6.621,43.159],[6.62,43.159],[6.62,43.159]]],[[[6.618,43.162],[6.618,43.162],[6.617,43.162],[6.618,43.162]]],[[[6.617,43.163],[6.617,43.163],[6.617,43.163],[6.617,43.163]]],[[[6.609,43.169],[6.609,43.169],[6.609,43.169],[6.609,43.169]]],[[[6.608,43.171],[6.608,43.171],[6.608,43.17],[6.608,43.171]]],[[[6.607,43.173],[6.607,43.173],[6.607,43.173],[6.607,43.173]]],[[[6.606,43.173],[6.606,43.173],[6.606,43.173],[6.606,43.173]]],[[[6.605,43.174],[6.606,43.174],[6.606,43.173],[6.605,43.174]]],[[[6.605,43.174],[6.605,43.174],[6.605,43.173],[6.605,43.174]]],[[[6.604,43.174],[6.604,43.174],[6.604,43.174],[6.604,43.174]]],[[[6.603,43.174],[6.603,43.174],[6.603,43.174],[6.603,43.174]]],[[[6.603,43.177],[6.603,43.177],[6.603,43.177],[6.603,43.177]]],[[[6.591,43.185],[6.591,43.185],[6.591,43.185],[6.591,43.185]]],[[[6.584,43.186],[6.584,43.186],[6.584,43.186],[6.584,43.186]]],[[[6.584,43.186],[6.584,43.186],[6.584,43.186],[6.584,43.186]]],[[[6.583,43.186],[6.583,43.186],[6.583,43.186],[6.583,43.186]]],[[[6.583,43.269],[6.585,43.27],[6.585,43.272],[6.585,43.272],[6.586,43.271],[6.587,43.269],[6.583,43.269]]],[[[6.58,43.186],[6.58,43.186],[6.58,43.186],[6.58,43.186]]],[[[6.579,43.186],[6.579,43.186],[6.579,43.186],[6.579,43.186]]],[[[6.578,43.186],[6.578,43.186],[6.578,43.186],[6.578,43.186]]],[[[6.579,43.271],[6.583,43.269],[6.578,43.269],[6.579,43.271]]],[[[6.583,43.275],[6.583,43.273],[6.581,43.275],[6.583,43.275]]],[[[6.577,43.186],[6.577,43.186],[6.577,43.186],[6.577,43.186]]],[[[6.576,43.186],[6.577,43.186],[6.576,43.186],[6.576,43.186]]],[[[6.581,43.274],[6.582,43.274],[6.581,43.274],[6.581,43.274]]],[[[6.579,43.274],[6.582,43.272],[6.581,43.272],[6.579,43.274]]],[[[6.58,43.272],[6.581,43.271],[6.58,43.272],[6.58,43.272]]],[[[6.581,43.275],[6.581,43.274],[6.58,43.275],[6.581,43.275]]],[[[6.579,43.273],[6.58,43.273],[6.58,43.272],[6.579,43.273]]],[[[6.579,43.271],[6.579,43.271],[6.579,43.271],[6.579,43.271]]],[[[6.578,43.271],[6.578,43.269],[6.578,43.269],[6.578,43.271]]],[[[6.576,43.274],[6.578,43.273],[6.576,43.273],[6.576,43.274]]],[[[6.572,43.187],[6.572,43.187],[6.572,43.187],[6.572,43.187]]],[[[6.577,43.271],[6.577,43.27],[6.577,43.27],[6.577,43.271]]],[[[6.572,43.187],[6.572,43.187],[6.572,43.187],[6.572,43.187]]],[[[6.575,43.273],[6.576,43.272],[6.576,43.271],[6.575,43.273]]],[[[6.568,43.187],[6.568,43.187],[6.568,43.187],[6.568,43.187]]],[[[6.532,43.051],[6.533,43.051],[6.533,43.051],[6.532,43.051]]],[[[6.538,43.167],[6.537,43.167],[6.537,43.167],[6.538,43.167]]],[[[6.537,43.167],[6.537,43.167],[6.537,43.167],[6.537,43.167]]],[[[6.533,43.164],[6.533,43.164],[6.533,43.164],[6.533,43.164]]],[[[6.532,43.165],[6.532,43.164],[6.532,43.164],[6.532,43.165]]],[[[6.532,43.165],[6.532,43.165],[6.532,43.165],[6.532,43.165]]],[[[6.53,43.165],[6.53,43.165],[6.53,43.165],[6.53,43.165]]],[[[6.53,43.165],[6.53,43.165],[6.53,43.165],[6.53,43.165]]],[[[6.53,43.165],[6.53,43.165],[6.53,43.165],[6.53,43.165]]],[[[6.529,43.165],[6.53,43.165],[6.529,43.165],[6.529,43.165]]],[[[6.529,43.165],[6.529,43.165],[6.529,43.165],[6.529,43.165]]],[[[6.526,43.165],[6.526,43.165],[6.527,43.165],[6.526,43.165]]],[[[6.523,43.166],[6.523,43.165],[6.523,43.165],[6.523,43.166]]],[[[6.523,43.166],[6.523,43.165],[6.523,43.165],[6.523,43.166]]],[[[6.514,43.048],[6.514,43.048],[6.514,43.047],[6.514,43.048]]],[[[6.514,43.048],[6.514,43.048],[6.514,43.048],[6.514,43.048]]],[[[6.521,43.165],[6.521,43.165],[6.521,43.165],[6.521,43.165]]],[[[6.512,43.047],[6.511,43.047],[6.511,43.047],[6.512,43.047]]],[[[6.512,43.046],[6.512,43.047],[6.512,43.046],[6.512,43.046]]],[[[6.511,43.046],[6.511,43.046],[6.511,43.046],[6.511,43.046]]],[[[6.51,43.046],[6.51,43.046],[6.51,43.046],[6.51,43.046]]],[[[6.508,43.052],[6.509,43.052],[6.508,43.052],[6.508,43.052]]],[[[6.508,43.052],[6.509,43.052],[6.509,43.052],[6.508,43.052]]],[[[6.515,43.161],[6.515,43.161],[6.515,43.161],[6.515,43.161]]],[[[6.509,43.052],[6.508,43.052],[6.508,43.052],[6.509,43.052]]],[[[6.509,43.053],[6.509,43.053],[6.509,43.053],[6.509,43.053]]],[[[6.508,43.053],[6.508,43.053],[6.508,43.053],[6.508,43.053]]],[[[6.514,43.16],[6.514,43.16],[6.514,43.16],[6.514,43.16]]],[[[6.514,43.16],[6.514,43.16],[6.514,43.16],[6.514,43.16]]],[[[6.514,43.16],[6.514,43.16],[6.514,43.16],[6.514,43.16]]],[[[6.506,43.044],[6.488,43.043],[6.489,43.04],[6.488,43.041],[6.485,43.04],[6.473,43.025],[6.471,43.017],[6.466,43.017],[6.46,43.014],[6.452,43.018],[6.434,43.006],[6.434,43.02],[6.458,43.028],[6.469,43.046],[6.496,43.049],[6.503,43.052],[6.505,43.053],[6.506,43.044]]],[[[6.506,43.043],[6.506,43.043],[6.506,43.043],[6.506,43.043]]],[[[6.504,43.043],[6.504,43.043],[6.504,43.043],[6.504,43.043]]],[[[6.511,43.159],[6.511,43.159],[6.511,43.159],[6.511,43.159]]],[[[6.511,43.159],[6.511,43.159],[6.511,43.159],[6.511,43.159]]],[[[6.51,43.159],[6.511,43.159],[6.511,43.159],[6.51,43.159]]],[[[6.504,43.052],[6.504,43.052],[6.504,43.052],[6.504,43.052]]],[[[6.503,43.041],[6.503,43.041],[6.503,43.042],[6.503,43.041]]],[[[6.509,43.159],[6.51,43.159],[6.509,43.159],[6.509,43.159]]],[[[6.501,43.042],[6.502,43.042],[6.502,43.041],[6.501,43.042]]],[[[6.508,43.154],[6.508,43.154],[6.508,43.154],[6.508,43.154]]],[[[6.503,43.156],[6.503,43.155],[6.503,43.156],[6.503,43.156]]],[[[6.492,43.041],[6.492,43.041],[6.492,43.041],[6.492,43.041]]],[[[6.49,43.042],[6.49,43.042],[6.49,43.042],[6.49,43.042]]],[[[6.489,43.04],[6.489,43.04],[6.489,43.04],[6.489,43.04]]],[[[6.487,43.04],[6.487,43.04],[6.487,43.04],[6.487,43.04]]],[[[6.487,43.04],[6.487,43.04],[6.487,43.04],[6.487,43.04]]],[[[6.487,43.04],[6.486,43.04],[6.487,43.04],[6.487,43.04]]],[[[6.486,43.04],[6.486,43.04],[6.486,43.04],[6.486,43.04]]],[[[6.485,43.038],[6.485,43.038],[6.485,43.038],[6.485,43.038]]],[[[6.485,43.039],[6.485,43.039],[6.485,43.039],[6.485,43.039]]],[[[6.485,43.04],[6.485,43.04],[6.485,43.04],[6.485,43.04]]],[[[6.482,43.033],[6.482,43.033],[6.482,43.033],[6.482,43.033]]],[[[6.481,43.033],[6.481,43.033],[6.481,43.033],[6.481,43.033]]],[[[6.481,43.032],[6.481,43.032],[6.481,43.032],[6.481,43.032]]],[[[6.48,43.03],[6.48,43.03],[6.48,43.03],[6.48,43.03]]],[[[6.48,43.03],[6.48,43.03],[6.48,43.03],[6.48,43.03]]],[[[6.48,43.03],[6.479,43.03],[6.48,43.03],[6.48,43.03]]],[[[6.479,43.03],[6.479,43.03],[6.479,43.03],[6.479,43.03]]],[[[6.478,43.028],[6.478,43.028],[6.478,43.028],[6.478,43.028]]],[[[6.478,43.048],[6.478,43.048],[6.478,43.048],[6.478,43.048]]],[[[6.474,43.026],[6.474,43.025],[6.474,43.026],[6.474,43.026]]],[[[6.482,43.153],[6.482,43.153],[6.481,43.153],[6.482,43.153]]],[[[6.473,43.02],[6.473,43.02],[6.473,43.02],[6.473,43.02]]],[[[6.472,43.018],[6.472,43.018],[6.472,43.018],[6.472,43.018]]],[[[6.48,43.155],[6.48,43.155],[6.479,43.155],[6.48,43.155]]],[[[6.469,43.016],[6.469,43.016],[6.469,43.016],[6.469,43.016]]],[[[6.467,43.017],[6.467,43.017],[6.467,43.017],[6.467,43.017]]],[[[6.467,43.017],[6.467,43.017],[6.467,43.017],[6.467,43.017]]],[[[6.472,43.153],[6.473,43.153],[6.472,43.152],[6.472,43.153]]],[[[6.451,43.018],[6.451,43.017],[6.451,43.017],[6.451,43.018]]],[[[6.382,43.007],[6.383,43.014],[6.391,43.012],[6.409,43.02],[6.412,43.009],[6.421,43.014],[6.403,42.993],[6.387,42.999],[6.378,42.998],[6.377,42.997],[6.375,42.997],[6.372,42.996],[6.373,42.998],[6.369,43.002],[6.373,43.002],[6.377,43.008],[6.382,43.007]]],[[[6.416,43.006],[6.416,43.006],[6.416,43.006],[6.416,43.006]]],[[[6.415,43.004],[6.415,43.004],[6.415,43.004],[6.415,43.004]]],[[[6.41,43.0],[6.41,43.0],[6.409,43.0],[6.41,43.0]]],[[[6.404,43.106],[6.404,43.106],[6.404,43.106],[6.404,43.106]]],[[[6.397,42.989],[6.394,42.988],[6.395,42.989],[6.397,42.989]]],[[[6.391,43.014],[6.391,43.014],[6.391,43.014],[6.391,43.014]]],[[[6.399,43.145],[6.398,43.145],[6.398,43.145],[6.399,43.145]]],[[[6.39,43.015],[6.39,43.014],[6.388,43.015],[6.39,43.015]]],[[[6.386,42.998],[6.386,42.998],[6.386,42.998],[6.386,42.998]]],[[[6.383,42.998],[6.383,42.998],[6.383,42.998],[6.383,42.998]]],[[[6.383,43.014],[6.383,43.014],[6.383,43.014],[6.383,43.014]]],[[[6.382,43.012],[6.382,43.013],[6.382,43.012],[6.382,43.012]]],[[[6.376,42.997],[6.376,42.997],[6.376,42.997],[6.376,42.997]]],[[[6.384,43.139],[6.384,43.139],[6.384,43.139],[6.383,43.139],[6.384,43.139]]],[[[6.384,43.139],[6.384,43.139],[6.383,43.139],[6.384,43.139]]],[[[6.375,42.997],[6.375,42.997],[6.375,42.997],[6.375,42.997]]],[[[6.383,43.14],[6.383,43.139],[6.383,43.139],[6.383,43.14]]],[[[6.383,43.139],[6.383,43.139],[6.383,43.139],[6.383,43.139]]],[[[6.381,43.139],[6.381,43.139],[6.381,43.139],[6.381,43.139]]],[[[6.372,42.996],[6.372,42.996],[6.372,42.996],[6.372,42.996]]],[[[6.372,42.998],[6.373,42.998],[6.372,42.998],[6.372,42.998]]],[[[6.371,43.003],[6.371,43.002],[6.371,43.002],[6.371,43.003]]],[[[6.37,43.003],[6.37,43.003],[6.37,43.003],[6.37,43.003]]],[[[6.37,43.001],[6.37,43.001],[6.37,43.001],[6.37,43.001]]],[[[6.37,43.0],[6.37,43.0],[6.37,43.0],[6.37,43.0]]],[[[6.369,43.002],[6.369,43.002],[6.369,43.002],[6.369,43.002]]],[[[6.361,43.012],[6.369,43.019],[6.364,43.004],[6.359,43.008],[6.361,43.012]]],[[[6.372,43.091],[6.372,43.091],[6.372,43.091],[6.372,43.091]]],[[[6.371,43.136],[6.374,43.136],[6.37,43.136],[6.371,43.136]]],[[[6.371,43.103],[6.371,43.103],[6.371,43.103],[6.371,43.103]]],[[[6.37,43.103],[6.371,43.103],[6.37,43.103],[6.37,43.103]]],[[[6.37,43.103],[6.37,43.103],[6.37,43.103],[6.37,43.103]]],[[[6.369,43.09],[6.369,43.09],[6.369,43.09],[6.369,43.09]]],[[[6.369,43.09],[6.369,43.09],[6.369,43.09],[6.369,43.09]]],[[[6.369,43.09],[6.369,43.09],[6.369,43.09],[6.369,43.09]]],[[[6.369,43.093],[6.369,43.092],[6.369,43.092],[6.369,43.093]]],[[[6.365,43.09],[6.365,43.09],[6.365,43.09],[6.365,43.09]]],[[[6.365,43.089],[6.365,43.089],[6.364,43.089],[6.365,43.089]]],[[[6.359,43.009],[6.359,43.009],[6.359,43.009],[6.359,43.009]]],[[[6.363,43.087],[6.363,43.087],[6.363,43.087],[6.363,43.087]]],[[[6.362,43.087],[6.362,43.087],[6.362,43.087],[6.362,43.087]]],[[[6.362,43.087],[6.362,43.087],[6.362,43.087],[6.362,43.087]]],[[[6.362,43.087],[6.362,43.087],[6.362,43.087],[6.362,43.087]]],[[[6.361,43.114],[6.361,43.114],[6.361,43.114],[6.361,43.114]]],[[[6.353,43.089],[6.353,43.089],[6.352,43.089],[6.353,43.089]]],[[[6.352,43.089],[6.353,43.089],[6.352,43.089],[6.352,43.089]]],[[[6.345,43.091],[6.345,43.091],[6.345,43.091],[6.345,43.091]]],[[[6.344,43.091],[6.345,43.09],[6.345,43.09],[6.344,43.091]]],[[[6.343,43.09],[6.343,43.09],[6.343,43.09],[6.343,43.09]]],[[[6.333,43.09],[6.333,43.09],[6.333,43.09],[6.333,43.09]]],[[[6.322,43.092],[6.322,43.092],[6.322,43.092],[6.322,43.092]]],[[[6.322,43.091],[6.322,43.091],[6.322,43.091],[6.322,43.091]]],[[[6.319,43.102],[6.319,43.102],[6.319,43.102],[6.319,43.102]]],[[[6.319,43.102],[6.319,43.102],[6.319,43.102],[6.319,43.102]]],[[[6.305,43.106],[6.305,43.105],[6.305,43.105],[6.305,43.106]]],[[[6.299,43.106],[6.299,43.105],[6.299,43.105],[6.299,43.106]]],[[[6.299,43.105],[6.299,43.105],[6.299,43.105],[6.299,43.105]]],[[[6.293,43.108],[6.293,43.108],[6.293,43.108],[6.293,43.108]]],[[[6.283,43.114],[6.283,43.114],[6.282,43.114],[6.283,43.114]]],[[[6.277,43.118],[6.277,43.118],[6.277,43.118],[6.277,43.118]]],[[[6.267,43.12],[6.267,43.12],[6.267,43.12],[6.267,43.12]]],[[[6.26,42.996],[6.259,42.997],[6.26,42.997],[6.26,42.996]]],[[[6.258,42.997],[6.258,42.997],[6.258,42.996],[6.258,42.997]]],[[[6.254,42.998],[6.254,42.998],[6.254,42.998],[6.254,42.998]]],[[[6.254,42.999],[6.254,42.999],[6.254,42.999],[6.254,42.999]]],[[[6.254,42.998],[6.254,42.999],[6.254,42.998],[6.254,42.998]]],[[[6.254,42.998],[6.254,42.998],[6.254,42.998],[6.254,42.998]]],[[[6.254,42.999],[6.252,42.999],[6.253,43.0],[6.254,42.999]]],[[[6.252,42.998],[6.252,42.998],[6.252,42.998],[6.252,42.998]]],[[[6.253,43.004],[6.216,42.991],[6.199,42.982],[6.195,42.984],[6.198,42.986],[6.197,42.988],[6.194,42.989],[6.194,42.99],[6.169,43.0],[6.162,42.998],[6.162,43.0],[6.16,43.002],[6.168,43.001],[6.181,43.009],[6.211,43.002],[6.217,43.014],[6.234,43.012],[6.242,43.027],[6.242,43.023],[6.249,43.017],[6.249,43.009],[6.251,43.007],[6.25,43.006],[6.253,43.004]]],[[[6.251,43.0],[6.251,43.0],[6.251,43.0],[6.251,43.0]]],[[[6.251,43.008],[6.251,43.007],[6.251,43.007],[6.251,43.008]]],[[[6.25,43.009],[6.25,43.009],[6.25,43.009],[6.25,43.009]]],[[[6.249,43.009],[6.25,43.009],[6.25,43.009],[6.249,43.009]]],[[[6.25,43.011],[6.249,43.011],[6.25,43.011],[6.25,43.011]]],[[[6.246,43.02],[6.245,43.02],[6.245,43.02],[6.246,43.02]]],[[[6.243,43.026],[6.243,43.027],[6.243,43.027],[6.243,43.026]]],[[[6.243,43.026],[6.243,43.027],[6.243,43.027],[6.243,43.026]]],[[[6.242,43.025],[6.243,43.025],[6.243,43.025],[6.242,43.025]]],[[[6.243,43.025],[6.242,43.025],[6.242,43.025],[6.243,43.025]]],[[[6.242,43.028],[6.242,43.027],[6.242,43.028],[6.242,43.028]]],[[[6.242,43.027],[6.242,43.027],[6.242,43.027],[6.242,43.027]]],[[[6.241,43.028],[6.241,43.028],[6.241,43.028],[6.241,43.028]]],[[[6.241,43.028],[6.241,43.028],[6.241,43.028],[6.241,43.028]]],[[[6.241,43.028],[6.241,43.028],[6.241,43.029],[6.241,43.028]]],[[[6.24,43.026],[6.24,43.026],[6.24,43.026],[6.24,43.026]]],[[[6.215,42.99],[6.215,42.99],[6.215,42.99],[6.215,42.99]]],[[[6.205,42.982],[6.206,42.982],[6.206,42.982],[6.205,42.982]]],[[[6.199,42.982],[6.199,42.982],[6.199,42.982],[6.199,42.982]]],[[[6.198,42.982],[6.199,42.982],[6.198,42.982],[6.198,42.982]]],[[[6.198,42.982],[6.198,42.982],[6.198,42.982],[6.198,42.982]]],[[[6.197,42.988],[6.197,42.988],[6.197,42.988],[6.197,42.988]]],[[[6.196,42.988],[6.196,42.988],[6.196,42.988],[6.196,42.988]]],[[[6.196,42.986],[6.196,42.986],[6.196,42.986],[6.196,42.986]]],[[[6.196,42.986],[6.196,42.986],[6.196,42.986],[6.196,42.986]]],[[[6.187,42.992],[6.187,42.992],[6.187,42.992],[6.187,42.992]]],[[[6.181,42.995],[6.181,42.995],[6.181,42.995],[6.181,42.995]]],[[[6.181,42.995],[6.181,42.995],[6.181,42.995],[6.181,42.995]]],[[[6.178,42.995],[6.178,42.995],[6.179,42.995],[6.178,42.995]]],[[[6.178,42.995],[6.178,42.995],[6.178,42.995],[6.178,42.995]]],[[[6.174,43.008],[6.173,43.008],[6.173,43.008],[6.174,43.008],[6.174,43.008],[6.174,43.008]]],[[[6.174,43.008],[6.174,43.008],[6.174,43.008],[6.174,43.008]]],[[[6.172,43.009],[6.173,43.009],[6.173,43.008],[6.172,43.009]]],[[[6.173,43.008],[6.173,43.008],[6.173,43.008],[6.173,43.008]]],[[[6.174,43.033],[6.173,43.033],[6.174,43.033],[6.174,43.033]]],[[[6.173,43.033],[6.173,43.033],[6.173,43.033],[6.173,43.033]]],[[[6.171,43.034],[6.171,43.034],[6.171,43.034],[6.171,43.034]]],[[[6.169,43.032],[6.169,43.032],[6.168,43.032],[6.169,43.032]]],[[[6.168,43.035],[6.168,43.036],[6.168,43.036],[6.168,43.035]]],[[[6.162,42.998],[6.163,42.998],[6.163,42.998],[6.162,42.998]]],[[[6.163,43.004],[6.163,43.004],[6.163,43.004],[6.163,43.004]]],[[[6.161,43.004],[6.16,43.006],[6.163,43.003],[6.161,43.004]]],[[[6.162,42.998],[6.162,42.998],[6.162,42.998],[6.162,42.998]]],[[[6.162,43.002],[6.162,43.002],[6.162,43.002],[6.162,43.002]]],[[[6.162,43.002],[6.162,43.002],[6.162,43.002],[6.162,43.002]]],[[[6.162,43.0],[6.162,43.0],[6.161,43.0],[6.162,43.0]]],[[[6.162,43.005],[6.162,43.006],[6.162,43.005],[6.162,43.005]]],[[[6.161,43.001],[6.161,43.001],[6.161,43.001],[6.161,43.001]]],[[[6.161,43.0],[6.161,43.0],[6.161,43.0],[6.161,43.0]]],[[[6.16,43.001],[6.16,43.001],[6.16,43.001],[6.16,43.001]]],[[[6.16,43.002],[6.16,43.002],[6.16,43.002],[6.16,43.002]]],[[[6.16,43.002],[6.16,43.002],[6.16,43.002],[6.16,43.002]]],[[[6.16,43.007],[6.16,43.007],[6.16,43.007],[6.16,43.007]]],[[[6.15,43.026],[6.15,43.026],[6.15,43.026],[6.15,43.026]]],[[[6.149,43.026],[6.149,43.026],[6.149,43.026],[6.149,43.026]]],[[[6.144,43.016],[6.14,43.021],[6.142,43.02],[6.145,43.02],[6.148,43.019],[6.148,43.018],[6.147,43.019],[6.145,43.019],[6.144,43.016]]],[[[6.149,43.026],[6.149,43.026],[6.149,43.026],[6.149,43.026]]],[[[6.148,43.018],[6.148,43.018],[6.148,43.018],[6.148,43.018]]],[[[6.147,43.023],[6.147,43.024],[6.148,43.023],[6.147,43.023]]],[[[6.148,43.025],[6.148,43.025],[6.148,43.025],[6.148,43.025]]],[[[6.147,43.018],[6.147,43.018],[6.147,43.018],[6.147,43.018]]],[[[6.148,43.024],[6.147,43.024],[6.147,43.024],[6.148,43.024]]],[[[6.147,43.024],[6.147,43.024],[6.147,43.024],[6.147,43.024]]],[[[6.147,43.019],[6.147,43.019],[6.147,43.019],[6.147,43.019]]],[[[6.146,43.019],[6.146,43.019],[6.146,43.019],[6.146,43.019]]],[[[6.146,43.027],[6.146,43.027],[6.146,43.027],[6.146,43.027]]],[[[6.145,43.027],[6.145,43.027],[6.145,43.027],[6.145,43.027]]],[[[6.145,43.028],[6.145,43.027],[6.145,43.028],[6.145,43.028]]],[[[6.145,43.028],[6.145,43.028],[6.145,43.028],[6.145,43.028]]],[[[6.143,43.016],[6.144,43.015],[6.143,43.016],[6.143,43.016]]],[[[6.143,43.028],[6.143,43.029],[6.143,43.028],[6.143,43.028]]],[[[6.143,43.029],[6.143,43.029],[6.143,43.029],[6.143,43.029]]],[[[6.142,43.029],[6.142,43.03],[6.142,43.03],[6.142,43.029]]],[[[6.142,43.02],[6.142,43.021],[6.142,43.021],[6.142,43.02]]],[[[6.142,43.03],[6.142,43.03],[6.142,43.03],[6.142,43.03]]],[[[6.141,43.018],[6.141,43.018],[6.141,43.018],[6.141,43.018]]],[[[6.141,43.019],[6.141,43.019],[6.141,43.019],[6.141,43.019]]],[[[6.141,43.03],[6.14,43.03],[6.141,43.03],[6.141,43.03]]],[[[6.14,43.02],[6.14,43.02],[6.14,43.02],[6.14,43.02]]],[[[6.14,43.02],[6.14,43.02],[6.14,43.02],[6.14,43.02]]],[[[6.137,43.031],[6.137,43.031],[6.137,43.031],[6.137,43.031]]],[[[6.137,43.031],[6.137,43.031],[6.137,43.031],[6.137,43.031]]],[[[6.137,43.032],[6.137,43.032],[6.137,43.032],[6.137,43.032]]],[[[6.136,43.032],[6.136,43.032],[6.136,43.032],[6.136,43.032]]],[[[6.136,43.034],[6.136,43.034],[6.136,43.034],[6.136,43.034]]],[[[6.136,43.033],[6.136,43.033],[6.136,43.033],[6.136,43.033]]],[[[6.135,43.033],[6.135,43.033],[6.135,43.033],[6.135,43.033]]],[[[6.135,43.036],[6.135,43.036],[6.135,43.036],[6.135,43.036]]],[[[6.133,43.036],[6.134,43.036],[6.134,43.036],[6.133,43.036]]],[[[6.129,43.035],[6.128,43.035],[6.128,43.035],[6.129,43.035]]],[[[6.125,43.032],[6.125,43.032],[6.125,43.032],[6.125,43.032]]],[[[6.124,43.032],[6.124,43.032],[6.124,43.032],[6.124,43.032]]],[[[6.122,43.032],[6.122,43.032],[6.122,43.032],[6.122,43.032]]],[[[6.119,43.033],[6.119,43.033],[6.119,43.033],[6.119,43.033]]],[[[6.119,43.033],[6.119,43.033],[6.119,43.033],[6.119,43.033]]],[[[6.118,43.034],[6.118,43.034],[6.118,43.034],[6.118,43.034]]],[[[6.118,43.034],[6.118,43.034],[6.118,43.034],[6.118,43.034]]],[[[6.117,43.034],[6.117,43.034],[6.117,43.034],[6.117,43.034]]],[[[6.117,43.034],[6.117,43.034],[6.117,43.034],[6.117,43.034]]],[[[6.114,43.035],[6.114,43.035],[6.114,43.035],[6.114,43.035]]],[[[6.11,43.03],[6.11,43.03],[6.11,43.03],[6.11,43.03]]],[[[6.11,43.032],[6.11,43.032],[6.11,43.032],[6.11,43.032]]],[[[6.109,43.029],[6.109,43.029],[6.109,43.029],[6.109,43.029]]],[[[6.109,43.029],[6.109,43.029],[6.108,43.029],[6.109,43.029]]],[[[6.109,43.029],[6.108,43.029],[6.108,43.029],[6.109,43.029]]],[[[6.108,43.029],[6.108,43.029],[6.108,43.029],[6.108,43.029]]],[[[6.098,43.043],[6.098,43.042],[6.097,43.043],[6.098,43.043]]],[[[6.096,43.031],[6.096,43.031],[6.096,43.031],[6.096,43.031]]],[[[6.096,43.031],[6.096,43.031],[6.096,43.031],[6.096,43.031]]],[[[6.093,43.04],[6.093,43.04],[6.093,43.04],[6.093,43.04]]],[[[6.093,43.04],[6.092,43.041],[6.092,43.041],[6.093,43.04]]],[[[6.09,43.041],[6.091,43.042],[6.092,43.041],[6.09,43.041]]],[[[6.091,43.037],[6.091,43.037],[6.092,43.037],[6.091,43.037]]],[[[6.091,43.037],[6.091,43.037],[6.091,43.037],[6.091,43.037]]],[[[6.091,43.037],[6.091,43.037],[6.091,43.037],[6.091,43.037]]],[[[6.09,43.041],[6.09,43.041],[6.09,43.041],[6.09,43.041]]],[[[6.089,43.041],[6.089,43.041],[6.089,43.041],[6.089,43.041]]],[[[6.088,43.04],[6.087,43.04],[6.088,43.041],[6.088,43.04]]],[[[6.086,43.04],[6.086,43.04],[6.086,43.04],[6.086,43.04]]],[[[6.085,43.04],[6.085,43.04],[6.086,43.04],[6.085,43.04]]],[[[6.069,43.04],[6.069,43.04],[6.069,43.04],[6.069,43.04]]],[[[6.068,43.04],[6.068,43.04],[6.068,43.04],[6.068,43.04]]],[[[5.996,43.105],[5.996,43.105],[5.995,43.105],[5.996,43.105]]],[[[5.995,43.105],[5.995,43.105],[5.995,43.105],[5.995,43.105]]],[[[5.981,43.107],[5.981,43.106],[5.98,43.107],[5.981,43.107]]],[[[5.98,43.107],[5.98,43.106],[5.98,43.107],[5.98,43.107]]],[[[5.956,43.107],[5.956,43.106],[5.955,43.106],[5.956,43.107]]],[[[5.923,43.119],[5.925,43.116],[5.924,43.115],[5.923,43.119]]],[[[5.922,43.119],[5.924,43.115],[5.923,43.115],[5.922,43.119]]],[[[5.868,43.048],[5.869,43.048],[5.868,43.048],[5.868,43.048]]],[[[5.868,43.049],[5.868,43.049],[5.868,43.049],[5.868,43.049]]],[[[5.815,43.063],[5.816,43.063],[5.815,43.063],[5.815,43.063]]],[[[5.81,43.064],[5.81,43.064],[5.809,43.064],[5.81,43.064]]],[[[5.811,43.098],[5.811,43.098],[5.811,43.097],[5.811,43.098]]],[[[5.81,43.102],[5.81,43.102],[5.81,43.102],[5.81,43.102]]],[[[5.809,43.101],[5.809,43.101],[5.809,43.101],[5.809,43.101]]],[[[5.802,43.077],[5.801,43.076],[5.801,43.076],[5.802,43.077]]],[[[5.8,43.068],[5.8,43.067],[5.8,43.068],[5.8,43.068]]],[[[5.8,43.068],[5.8,43.068],[5.8,43.068],[5.8,43.068]]],[[[5.8,43.068],[5.8,43.068],[5.8,43.068],[5.8,43.068]]],[[[5.799,43.068],[5.799,43.068],[5.799,43.068],[5.799,43.068]]],[[[5.798,43.068],[5.798,43.068],[5.798,43.068],[5.798,43.068]]],[[[5.798,43.068],[5.798,43.068],[5.798,43.067],[5.798,43.068]]],[[[5.792,43.069],[5.794,43.069],[5.793,43.068],[5.792,43.069]]],[[[5.793,43.067],[5.793,43.067],[5.793,43.067],[5.793,43.067]]],[[[5.787,43.072],[5.793,43.069],[5.792,43.069],[5.787,43.072]]],[[[5.791,43.076],[5.779,43.07],[5.78,43.08],[5.777,43.082],[5.791,43.076]]],[[[5.79,43.081],[5.79,43.081],[5.79,43.081],[5.79,43.081]]],[[[5.79,43.069],[5.789,43.069],[5.789,43.069],[5.79,43.069]]],[[[5.787,43.071],[5.787,43.071],[5.787,43.071],[5.787,43.071]]],[[[5.781,43.07],[5.781,43.07],[5.781,43.07],[5.781,43.07]]],[[[5.78,43.083],[5.78,43.083],[5.78,43.083],[5.78,43.083]]],[[[5.78,43.083],[5.78,43.083],[5.779,43.083],[5.78,43.083]]],[[[5.778,43.081],[5.779,43.081],[5.778,43.081],[5.778,43.081]]],[[[5.778,43.085],[5.779,43.083],[5.777,43.084],[5.778,43.085]]],[[[5.778,43.074],[5.778,43.073],[5.778,43.074],[5.778,43.074]]],[[[5.778,43.085],[5.778,43.085],[5.778,43.085],[5.778,43.085]]],[[[5.778,43.085],[5.778,43.085],[5.778,43.085],[5.778,43.085]]],[[[5.778,43.077],[5.778,43.077],[5.777,43.077],[5.778,43.077]]],[[[5.778,43.085],[5.778,43.085],[5.778,43.085],[5.778,43.085]]],[[[5.777,43.075],[5.777,43.075],[5.777,43.075],[5.777,43.075]]],[[[5.777,43.075],[5.777,43.074],[5.777,43.074],[5.777,43.075]]],[[[5.778,43.087],[5.778,43.087],[5.778,43.087],[5.778,43.087]]],[[[5.774,43.077],[5.775,43.077],[5.774,43.077],[5.774,43.077]]],[[[5.772,43.079],[5.772,43.079],[5.772,43.079],[5.772,43.079]]],[[[5.772,43.078],[5.772,43.078],[5.772,43.078],[5.772,43.078]]],[[[5.772,43.08],[5.772,43.079],[5.772,43.079],[5.772,43.08]]],[[[5.773,43.124],[5.773,43.123],[5.773,43.123],[5.773,43.124]]],[[[5.77,43.08],[5.771,43.079],[5.77,43.079],[5.77,43.08]]],[[[5.77,43.08],[5.767,43.079],[5.766,43.08],[5.765,43.08],[5.77,43.08]]],[[[5.767,43.082],[5.767,43.082],[5.767,43.082],[5.767,43.082]]],[[[5.767,43.082],[5.767,43.082],[5.766,43.082],[5.767,43.082]]],[[[5.768,43.116],[5.767,43.115],[5.767,43.115],[5.768,43.116]]],[[[5.766,43.08],[5.766,43.079],[5.766,43.079],[5.766,43.08]]],[[[5.766,43.079],[5.766,43.079],[5.766,43.079],[5.766,43.079]]],[[[5.767,43.115],[5.767,43.115],[5.767,43.115],[5.767,43.115]]],[[[5.766,43.116],[5.766,43.116],[5.766,43.116],[5.766,43.116]]],[[[5.766,43.115],[5.766,43.115],[5.766,43.115],[5.766,43.115]]],[[[5.762,43.08],[5.762,43.08],[5.762,43.08],[5.762,43.08]]],[[[5.762,43.08],[5.761,43.08],[5.761,43.08],[5.762,43.08]]],[[[5.761,43.079],[5.76,43.078],[5.761,43.08],[5.761,43.079]]],[[[5.759,43.077],[5.759,43.077],[5.759,43.077],[5.759,43.077]]],[[[5.756,43.129],[5.756,43.128],[5.756,43.129],[5.756,43.129]]],[[[5.753,43.128],[5.75,43.127],[5.746,43.129],[5.753,43.128]]],[[[5.729,43.134],[5.728,43.134],[5.728,43.134],[5.729,43.134]]],[[[5.728,43.134],[5.728,43.133],[5.727,43.133],[5.727,43.133],[5.728,43.134]]],[[[5.727,43.135],[5.727,43.135],[5.727,43.135],[5.727,43.135]]],[[[5.725,43.136],[5.725,43.136],[5.724,43.136],[5.725,43.136]]],[[[5.723,43.139],[5.723,43.139],[5.723,43.139],[5.723,43.139]]],[[[5.711,43.144],[5.711,43.144],[5.711,43.144],[5.711,43.144]]],[[[5.615,43.162],[5.621,43.159],[5.619,43.157],[5.615,43.162]]],[[[5.608,43.164],[5.608,43.164],[5.608,43.164],[5.608,43.164]]],[[[5.608,43.164],[5.608,43.164],[5.608,43.164],[5.608,43.164]]],[[[5.608,43.164],[5.608,43.164],[5.608,43.164],[5.608,43.164]]],[[[5.607,43.163],[5.607,43.163],[5.607,43.163],[5.607,43.163]]],[[[5.607,43.165],[5.607,43.165],[5.607,43.165],[5.607,43.165]]],[[[5.606,43.166],[5.606,43.166],[5.606,43.166],[5.606,43.166]]],[[[5.597,43.165],[5.597,43.166],[5.597,43.165],[5.597,43.165]]],[[[5.552,43.191],[5.552,43.191],[5.552,43.191],[5.552,43.191]]],[[[5.548,43.198],[5.548,43.197],[5.548,43.197],[5.548,43.198]]],[[[5.548,43.196],[5.548,43.196],[5.548,43.196],[5.548,43.196]]],[[[5.548,43.2],[5.548,43.2],[5.548,43.2],[5.548,43.2]]],[[[5.51,43.198],[5.51,43.198],[5.51,43.198],[5.51,43.198]]],[[[5.49,43.202],[5.49,43.202],[5.49,43.202],[5.49,43.202]]],[[[5.481,43.204],[5.481,43.205],[5.481,43.204],[5.481,43.204]]],[[[5.462,43.21],[5.462,43.21],[5.463,43.21],[5.462,43.21]]],[[[5.46,43.21],[5.46,43.21],[5.461,43.21],[5.46,43.21]]],[[[5.458,43.211],[5.458,43.211],[5.458,43.211],[5.458,43.211]]],[[[5.457,43.21],[5.456,43.211],[5.457,43.21],[5.457,43.21]]],[[[5.455,43.212],[5.455,43.212],[5.455,43.212],[5.455,43.212]]],[[[5.453,43.201],[5.453,43.201],[5.453,43.201],[5.453,43.201]]],[[[5.405,43.212],[5.405,43.212],[5.406,43.212],[5.405,43.212]]],[[[5.401,43.175],[5.401,43.177],[5.403,43.176],[5.401,43.175]]],[[[5.386,43.173],[5.375,43.178],[5.375,43.18],[5.378,43.179],[5.378,43.18],[5.38,43.18],[5.381,43.181],[5.399,43.174],[5.386,43.173]]],[[[5.396,43.179],[5.396,43.179],[5.397,43.179],[5.396,43.179]]],[[[5.397,43.212],[5.397,43.212],[5.397,43.212],[5.397,43.212]]],[[[5.395,43.17],[5.394,43.17],[5.395,43.17],[5.395,43.17]]],[[[5.394,43.171],[5.394,43.172],[5.394,43.172],[5.394,43.171]]],[[[5.393,43.173],[5.393,43.173],[5.393,43.173],[5.393,43.173]]],[[[5.387,43.186],[5.383,43.19],[5.392,43.186],[5.387,43.186]]],[[[5.389,43.185],[5.389,43.185],[5.389,43.185],[5.389,43.185]]],[[[5.382,43.191],[5.383,43.191],[5.383,43.191],[5.382,43.191]]],[[[5.38,43.181],[5.38,43.181],[5.38,43.181],[5.38,43.181]]],[[[5.38,43.18],[5.38,43.181],[5.38,43.181],[5.38,43.18]]],[[[5.379,43.18],[5.379,43.18],[5.379,43.18],[5.379,43.18]]],[[[5.379,43.18],[5.379,43.18],[5.379,43.18],[5.379,43.18]]],[[[5.378,43.21],[5.378,43.21],[5.378,43.21],[5.378,43.21]]],[[[5.362,43.197],[5.363,43.2],[5.372,43.194],[5.362,43.197]]],[[[5.371,43.194],[5.371,43.194],[5.372,43.194],[5.371,43.194]]],[[[5.371,43.176],[5.37,43.177],[5.371,43.177],[5.371,43.176]]],[[[5.369,43.178],[5.369,43.178],[5.369,43.178],[5.369,43.178]]],[[[5.37,43.261],[5.37,43.263],[5.37,43.263],[5.37,43.261]]],[[[5.363,43.207],[5.363,43.207],[5.363,43.207],[5.363,43.207]]],[[[5.362,43.197],[5.362,43.197],[5.362,43.197],[5.362,43.197]]],[[[5.361,43.273],[5.361,43.274],[5.362,43.272],[5.361,43.273]]],[[[5.359,43.199],[5.359,43.199],[5.359,43.199],[5.359,43.199]]],[[[5.357,43.2],[5.358,43.201],[5.358,43.199],[5.357,43.2]]],[[[5.361,43.274],[5.361,43.274],[5.361,43.274],[5.361,43.274]]],[[[5.358,43.208],[5.358,43.209],[5.358,43.209],[5.358,43.208]]],[[[5.318,43.348],[5.34,43.336],[5.351,43.323],[5.362,43.309],[5.358,43.299],[5.361,43.309],[5.318,43.348]]],[[[5.354,43.295],[5.354,43.295],[5.354,43.295],[5.354,43.295]]],[[[5.35,43.28],[5.35,43.28],[5.35,43.28],[5.35,43.28]]],[[[5.348,43.228],[5.348,43.228],[5.348,43.228],[5.348,43.228]]],[[[5.35,43.289],[5.35,43.289],[5.35,43.289],[5.35,43.289]]],[[[5.349,43.284],[5.349,43.285],[5.349,43.285],[5.349,43.284]]],[[[5.349,43.28],[5.349,43.28],[5.349,43.28],[5.349,43.28]]],[[[5.347,43.283],[5.347,43.284],[5.347,43.284],[5.347,43.283]]],[[[5.347,43.284],[5.347,43.284],[5.347,43.284],[5.347,43.284]]],[[[5.347,43.284],[5.347,43.284],[5.347,43.284],[5.347,43.284]]],[[[5.344,43.279],[5.345,43.28],[5.345,43.279],[5.344,43.279]]],[[[5.344,43.277],[5.344,43.278],[5.345,43.278],[5.344,43.277]]],[[[5.329,43.212],[5.338,43.213],[5.34,43.209],[5.338,43.208],[5.329,43.212]]],[[[5.338,43.207],[5.338,43.208],[5.338,43.208],[5.338,43.207]]],[[[5.338,43.213],[5.337,43.214],[5.338,43.214],[5.338,43.213]]],[[[5.338,43.207],[5.338,43.207],[5.338,43.207],[5.338,43.207]]],[[[5.341,43.345],[5.341,43.345],[5.341,43.345],[5.341,43.345]]],[[[5.34,43.344],[5.34,43.344],[5.34,43.344],[5.34,43.344]]],[[[5.327,43.213],[5.326,43.215],[5.328,43.214],[5.327,43.213]]],[[[5.328,43.28],[5.328,43.28],[5.328,43.28],[5.328,43.28]]],[[[5.328,43.28],[5.328,43.28],[5.328,43.28],[5.328,43.28]]],[[[5.325,43.279],[5.328,43.28],[5.328,43.28],[5.325,43.279]]],[[[5.29,43.261],[5.29,43.269],[5.293,43.267],[5.297,43.27],[5.304,43.276],[5.292,43.281],[5.305,43.282],[5.3,43.284],[5.313,43.287],[5.324,43.286],[5.304,43.279],[5.311,43.275],[5.301,43.272],[5.29,43.261]]],[[[5.324,43.351],[5.324,43.351],[5.324,43.351],[5.324,43.351]]],[[[5.322,43.352],[5.322,43.352],[5.322,43.352],[5.322,43.352]]],[[[5.318,43.357],[5.317,43.357],[5.318,43.357],[5.318,43.357]]],[[[5.314,43.358],[5.316,43.357],[5.316,43.357],[5.314,43.358]]],[[[5.312,43.36],[5.313,43.361],[5.314,43.36],[5.312,43.36]]],[[[5.313,43.358],[5.305,43.36],[5.308,43.36],[5.31,43.36],[5.312,43.359],[5.313,43.358]]],[[[5.308,43.28],[5.308,43.28],[5.308,43.28],[5.308,43.28]]],[[[5.303,43.27],[5.302,43.27],[5.303,43.27],[5.303,43.27]]],[[[5.302,43.283],[5.302,43.283],[5.302,43.283],[5.302,43.283]]],[[[5.3,43.275],[5.3,43.275],[5.3,43.275],[5.3,43.275]]],[[[5.3,43.282],[5.3,43.282],[5.3,43.282],[5.3,43.282]]],[[[5.298,43.282],[5.298,43.282],[5.298,43.282],[5.298,43.282]]],[[[5.297,43.282],[5.298,43.283],[5.298,43.282],[5.297,43.282]]],[[[5.295,43.27],[5.295,43.271],[5.295,43.27],[5.295,43.27]]],[[[5.294,43.269],[5.295,43.269],[5.295,43.269],[5.294,43.269]]],[[[5.294,43.269],[5.294,43.269],[5.294,43.269],[5.294,43.269]]],[[[5.294,43.269],[5.294,43.27],[5.294,43.269],[5.294,43.269]]],[[[5.293,43.281],[5.293,43.281],[5.294,43.281],[5.293,43.281]]],[[[5.293,43.268],[5.293,43.268],[5.293,43.268],[5.293,43.268]]],[[[5.293,43.282],[5.293,43.282],[5.293,43.282],[5.293,43.282]]],[[[5.286,43.279],[5.286,43.28],[5.288,43.28],[5.286,43.279]]],[[[5.286,43.264],[5.286,43.264],[5.286,43.264],[5.286,43.264]]],[[[5.286,43.28],[5.286,43.28],[5.286,43.28],[5.286,43.28]]],[[[5.262,43.341],[5.262,43.34],[5.262,43.34],[5.262,43.341]]],[[[5.261,43.34],[5.261,43.34],[5.261,43.34],[5.261,43.34]]],[[[5.237,43.33],[5.236,43.329],[5.235,43.33],[5.237,43.33]]],[[[5.231,43.199],[5.229,43.199],[5.231,43.199],[5.231,43.199]]],[[[5.218,43.329],[5.217,43.329],[5.218,43.329],[5.218,43.329]]],[[[5.218,43.329],[5.217,43.329],[5.217,43.329],[5.218,43.329]]],[[[5.205,43.331],[5.204,43.331],[5.204,43.331],[5.205,43.331]]],[[[5.202,43.33],[5.203,43.33],[5.202,43.33],[5.202,43.33]]],[[[5.184,43.33],[5.184,43.33],[5.184,43.33],[5.184,43.33]]],[[[5.179,43.331],[5.179,43.33],[5.179,43.331],[5.179,43.331]]],[[[5.161,43.459],[5.161,43.459],[5.161,43.459],[5.161,43.459]]],[[[5.16,43.46],[5.161,43.46],[5.16,43.46],[5.16,43.46]]],[[[5.159,43.463],[5.16,43.463],[5.159,43.463],[5.159,43.463]]],[[[5.156,43.461],[5.156,43.46],[5.155,43.46],[5.156,43.461]]],[[[5.118,43.405],[5.118,43.405],[5.118,43.405],[5.118,43.405]]],[[[5.116,43.405],[5.116,43.405],[5.115,43.405],[5.116,43.405]]],[[[5.08,43.325],[5.08,43.324],[5.08,43.324],[5.08,43.325]]],[[[5.056,43.406],[5.057,43.405],[5.055,43.405],[5.05,43.405],[5.056,43.406]]],[[[5.055,43.405],[5.051,43.404],[5.049,43.404],[5.055,43.405]]],[[[5.0,43.399],[5.0,43.399],[5.0,43.399],[5.0,43.399]]],[[[4.999,43.4],[5.0,43.399],[5.0,43.399],[4.999,43.4]]],[[[4.999,43.4],[4.999,43.4],[4.999,43.4],[4.999,43.4]]],[[[4.996,43.399],[4.998,43.398],[4.998,43.397],[4.996,43.399]]],[[[4.995,43.398],[4.996,43.397],[4.994,43.398],[4.995,43.398]]],[[[4.994,43.397],[4.995,43.396],[4.993,43.397],[4.994,43.397]]],[[[4.986,43.394],[4.986,43.393],[4.985,43.394],[4.986,43.394]]],[[[4.91,43.377],[4.91,43.377],[4.91,43.376],[4.91,43.377],[4.91,43.377]]],[[[4.909,43.376],[4.909,43.376],[4.909,43.376],[4.909,43.376],[4.909,43.376]]],[[[4.89,43.368],[4.89,43.368],[4.89,43.368],[4.89,43.368]]],[[[4.89,43.368],[4.89,43.367],[4.889,43.368],[4.89,43.368]]],[[[4.886,43.368],[4.886,43.367],[4.884,43.368],[4.886,43.368]]],[[[4.883,43.368],[4.883,43.368],[4.882,43.368],[4.883,43.368]]],[[[4.881,43.358],[4.881,43.357],[4.881,43.359],[4.881,43.358]]],[[[4.882,43.368],[4.881,43.367],[4.881,43.368],[4.882,43.368]]],[[[4.88,43.359],[4.878,43.356],[4.877,43.36],[4.88,43.359]]],[[[4.88,43.368],[4.88,43.368],[4.879,43.368],[4.88,43.368]]],[[[4.878,43.368],[4.879,43.368],[4.878,43.368],[4.878,43.368]]],[[[4.877,43.367],[4.875,43.362],[4.874,43.369],[4.877,43.367]]],[[[4.876,43.362],[4.876,43.361],[4.875,43.361],[4.876,43.362]]],[[[4.874,43.366],[4.874,43.365],[4.874,43.365],[4.874,43.366]]],[[[4.874,43.372],[4.874,43.372],[4.874,43.372],[4.874,43.372]]],[[[4.874,43.364],[4.874,43.364],[4.873,43.365],[4.874,43.364]]],[[[4.874,43.372],[4.874,43.372],[4.874,43.372],[4.874,43.372]]],[[[4.873,43.364],[4.873,43.364],[4.873,43.364],[4.873,43.364]]],[[[4.873,43.373],[4.873,43.372],[4.872,43.373],[4.873,43.373]]],[[[4.871,43.374],[4.872,43.374],[4.872,43.373],[4.871,43.374]]],[[[4.87,43.374],[4.87,43.374],[4.87,43.374],[4.87,43.374]]],[[[4.869,43.374],[4.87,43.374],[4.87,43.374],[4.869,43.374]]],[[[4.857,43.379],[4.858,43.377],[4.856,43.377],[4.857,43.379]]],[[[4.857,43.371],[4.856,43.371],[4.856,43.371],[4.857,43.371]]],[[[4.851,43.377],[4.851,43.376],[4.85,43.376],[4.851,43.377]]],[[[4.846,43.376],[4.847,43.375],[4.847,43.375],[4.846,43.376]]],[[[4.843,43.374],[4.844,43.374],[4.844,43.374],[4.843,43.374]]],[[[4.405,43.447],[4.403,43.447],[4.403,43.447],[4.405,43.447]]],[[[4.135,43.51],[4.135,43.509],[4.134,43.51],[4.135,43.51]]],[[[4.132,43.513],[4.13,43.518],[4.133,43.515],[4.132,43.513]]],[[[3.748,43.42],[3.726,43.406],[3.726,43.401],[3.725,43.405],[3.731,43.413],[3.736,43.416],[3.748,43.42]]],[[[3.701,43.393],[3.708,43.396],[3.731,43.399],[3.709,43.396],[3.701,43.393]]],[[[3.523,43.292],[3.523,43.293],[3.523,43.292],[3.523,43.292]]],[[[3.511,43.279],[3.509,43.276],[3.508,43.275],[3.511,43.279]]],[[[3.503,43.277],[3.502,43.281],[3.507,43.278],[3.505,43.276],[3.503,43.277]]],[[[3.501,43.263],[3.502,43.264],[3.503,43.263],[3.501,43.263]]],[[[3.5,43.278],[3.499,43.277],[3.499,43.278],[3.5,43.278]]],[[[3.171,42.448],[3.171,42.448],[3.172,42.448],[3.171,42.448]]],[[[3.166,42.454],[3.165,42.454],[3.165,42.454],[3.166,42.454]]],[[[3.163,42.451],[3.164,42.451],[3.164,42.45],[3.163,42.451]]],[[[3.163,42.451],[3.163,42.451],[3.163,42.451],[3.163,42.451]]],[[[3.162,42.453],[3.162,42.453],[3.162,42.453],[3.162,42.453]]],[[[3.146,42.48],[3.146,42.48],[3.146,42.48],[3.146,42.48]]],[[[3.082,42.532],[3.083,42.532],[3.083,42.531],[3.082,42.532]]],[[[3.077,42.534],[3.077,42.534],[3.077,42.534],[3.077,42.534]]],[[[3.038,42.606],[3.036,42.609],[3.038,42.608],[3.038,42.606]]],[[[3.037,42.609],[3.035,42.609],[3.035,42.61],[3.037,42.609]]],[[[3.037,42.612],[3.037,42.611],[3.036,42.611],[3.037,42.612]]]]}},{"type":"Feature","properties":{"nom":"La Garonne, l'Adour, la Dordogne, la Charente et les cours d'eau côtiers charentais et aquitains","code":"F","surfaceKm2":116734.4},"geometry":{"type":"MultiPolygon","coordinates":[[[[-1.446,43.269],[-1.483,43.283],[-1.492,43.28],[-1.506,43.294],[-1.535,43.295],[-1.565,43.288],[-1.557,43.279],[-1.575,43.25],[-1.609,43.252],[-1.631,43.285],[-1.624,43.306],[-1.668,43.315],[-1.695,43.312],[-1.73,43.296],[-1.742,43.317],[-1.737,43.33],[-1.752,43.332],[-1.757,43.344],[-1.786,43.35],[-1.78,43.364],[-1.791,43.374],[-1.789,43.378],[-1.782,43.373],[-1.763,43.376],[-1.752,43.385],[-1.733,43.38],[-1.683,43.397],[-1.683,43.39],[-1.667,43.388],[-1.661,43.403],[-1.638,43.408],[-1.597,43.432],[-1.57,43.484],[-1.559,43.485],[-1.539,43.505],[-1.448,43.642],[-1.436,43.714],[-1.306,44.171],[-1.255,44.455],[-1.25,44.494],[-1.257,44.535],[-1.211,44.6],[-1.194,44.659],[-1.174,44.664],[-1.144,44.66],[-1.139,44.653],[-1.149,44.648],[-1.144,44.638],[-1.14,44.648],[-1.118,44.647],[-1.119,44.639],[-1.102,44.646],[-1.076,44.64],[-1.074,44.646],[-1.062,44.643],[-1.039,44.654],[-1.036,44.649],[-1.029,44.648],[-1.027,44.644],[-1.019,44.641],[-1.018,44.649],[-1.004,44.648],[-1.022,44.678],[-1.045,44.681],[-1.04,44.686],[-1.05,44.682],[-1.069,44.696],[-1.036,44.694],[-1.16,44.773],[-1.18,44.759],[-1.173,44.746],[-1.229,44.701],[-1.241,44.675],[-1.246,44.621],[-1.258,44.625],[-1.261,44.64],[-1.162,45.295],[-1.155,45.471],[-1.088,45.566],[-1.061,45.574],[-1.055,45.549],[-1.041,45.541],[-1.039,45.535],[-1.047,45.53],[-1.05,45.538],[-1.063,45.536],[-1.055,45.532],[-1.052,45.528],[-1.053,45.526],[-1.071,45.528],[-1.066,45.51],[-0.985,45.466],[-0.973,45.451],[-0.932,45.44],[-0.904,45.408],[-0.848,45.381],[-0.809,45.351],[-0.768,45.289],[-0.746,45.227],[-0.692,45.237],[-0.715,45.327],[-0.715,45.328],[-0.709,45.327],[-0.708,45.328],[-0.717,45.329],[-0.722,45.36],[-0.753,45.423],[-0.753,45.42],[-0.755,45.418],[-0.757,45.418],[-0.755,45.43],[-0.755,45.43],[-0.758,45.425],[-0.76,45.423],[-0.772,45.448],[-0.801,45.473],[-0.792,45.477],[-0.808,45.472],[-0.827,45.488],[-0.819,45.492],[-0.851,45.516],[-0.871,45.517],[-0.885,45.529],[-0.909,45.534],[-0.918,45.551],[-0.933,45.558],[-0.943,45.559],[-0.936,45.557],[-0.947,45.552],[-0.97,45.561],[-0.993,45.577],[-0.995,45.598],[-1.013,45.6],[-1.01,45.612],[-1.023,45.623],[-1.042,45.618],[-1.076,45.639],[-1.115,45.647],[-1.204,45.696],[-1.232,45.691],[-1.22,45.674],[-1.196,45.674],[-1.227,45.671],[-1.238,45.701],[-1.244,45.784],[-1.134,45.802],[-1.137,45.82],[-1.17,45.855],[-1.15,45.852],[-1.148,45.857],[-1.155,45.86],[-1.154,45.862],[-1.121,45.856],[-1.076,45.907],[-1.077,45.937],[-1.101,45.945],[-1.069,45.95],[-1.084,45.979],[-1.121,46.002],[-1.095,45.992],[-1.055,45.999],[-1.061,46.045],[-1.084,46.054],[-1.057,46.067],[-1.028,46.066],[-1.022,46.08],[-1.049,46.092],[-1.018,46.103],[-0.997,46.091],[-0.984,46.099],[-0.961,46.071],[-0.938,46.065],[-0.926,46.075],[-0.909,46.074],[-0.866,46.09],[-0.836,46.077],[-0.838,46.104],[-0.805,46.107],[-0.784,46.118],[-0.78,46.129],[-0.759,46.123],[-0.723,46.13],[-0.703,46.126],[-0.696,46.112],[-0.66,46.112],[-0.662,46.101],[-0.646,46.098],[-0.643,46.087],[-0.626,46.087],[-0.627,46.082],[-0.613,46.087],[-0.614,46.079],[-0.592,46.074],[-0.577,46.072],[-0.572,46.079],[-0.589,46.095],[-0.562,46.105],[-0.529,46.102],[-0.546,46.088],[-0.51,46.089],[-0.455,46.079],[-0.418,46.122],[-0.39,46.119],[-0.389,46.135],[-0.366,46.146],[-0.386,46.151],[-0.395,46.165],[-0.378,46.183],[-0.346,46.192],[-0.331,46.204],[-0.347,46.219],[-0.318,46.226],[-0.309,46.236],[-0.27,46.229],[-0.263,46.22],[-0.254,46.223],[-0.244,46.233],[-0.259,46.239],[-0.261,46.249],[-0.245,46.261],[-0.234,46.259],[-0.228,46.268],[-0.235,46.273],[-0.213,46.295],[-0.219,46.296],[-0.198,46.296],[-0.186,46.307],[-0.158,46.295],[-0.131,46.301],[-0.134,46.295],[-0.12,46.289],[-0.13,46.273],[-0.101,46.273],[-0.105,46.259],[-0.079,46.27],[-0.073,46.266],[-0.092,46.251],[-0.089,46.239],[-0.077,46.237],[-0.083,46.226],[-0.063,46.22],[-0.052,46.196],[-0.03,46.192],[-0.018,46.174],[-0.048,46.144],[0.018,46.155],[0.029,46.147],[0.029,46.13],[0.055,46.12],[0.09,46.134],[0.101,46.148],[0.135,46.142],[0.151,46.157],[0.172,46.156],[0.162,46.182],[0.176,46.183],[0.171,46.194],[0.214,46.204],[0.244,46.248],[0.26,46.233],[0.278,46.235],[0.292,46.225],[0.3,46.231],[0.286,46.204],[0.304,46.197],[0.323,46.207],[0.331,46.196],[0.355,46.197],[0.378,46.189],[0.364,46.174],[0.387,46.158],[0.459,46.171],[0.475,46.15],[0.458,46.135],[0.488,46.128],[0.492,46.136],[0.509,46.132],[0.498,46.123],[0.52,46.115],[0.54,46.086],[0.564,46.09],[0.574,46.081],[0.57,46.073],[0.555,46.071],[0.551,46.055],[0.536,46.043],[0.552,46.033],[0.591,46.028],[0.595,45.993],[0.585,45.977],[0.602,45.961],[0.586,45.947],[0.609,45.932],[0.616,45.901],[0.597,45.882],[0.619,45.861],[0.639,45.86],[0.644,45.852],[0.673,45.862],[0.678,45.851],[0.699,45.846],[0.71,45.832],[0.689,45.824],[0.699,45.805],[0.741,45.806],[0.75,45.796],[0.762,45.799],[0.765,45.78],[0.789,45.769],[0.777,45.758],[0.782,45.745],[0.805,45.751],[0.815,45.739],[0.836,45.736],[0.83,45.726],[0.844,45.714],[0.868,45.717],[0.895,45.696],[0.903,45.702],[0.887,45.711],[0.892,45.721],[0.91,45.72],[0.941,45.74],[0.936,45.736],[0.95,45.732],[0.927,45.718],[0.941,45.707],[0.921,45.689],[0.927,45.679],[0.943,45.688],[0.978,45.681],[0.982,45.672],[0.999,45.669],[1.01,45.653],[0.998,45.646],[1.005,45.641],[1.013,45.639],[1.028,45.655],[1.041,45.65],[1.05,45.663],[1.064,45.651],[1.086,45.655],[1.102,45.645],[1.103,45.632],[1.112,45.631],[1.115,45.64],[1.133,45.643],[1.141,45.652],[1.135,45.659],[1.149,45.664],[1.14,45.67],[1.155,45.675],[1.174,45.663],[1.168,45.652],[1.177,45.635],[1.165,45.625],[1.168,45.616],[1.198,45.63],[1.2,45.647],[1.229,45.638],[1.232,45.626],[1.272,45.636],[1.281,45.628],[1.276,45.593],[1.283,45.586],[1.304,45.587],[1.311,45.577],[1.305,45.567],[1.311,45.573],[1.319,45.569],[1.331,45.539],[1.344,45.534],[1.363,45.536],[1.373,45.545],[1.369,45.57],[1.385,45.571],[1.392,45.586],[1.416,45.587],[1.43,45.579],[1.436,45.583],[1.455,45.57],[1.464,45.578],[1.492,45.561],[1.493,45.549],[1.518,45.555],[1.519,45.565],[1.551,45.557],[1.555,45.549],[1.583,45.555],[1.6,45.582],[1.638,45.58],[1.681,45.625],[1.709,45.642],[1.727,45.638],[1.751,45.644],[1.754,45.655],[1.766,45.653],[1.771,45.635],[1.785,45.625],[1.809,45.617],[1.818,45.632],[1.854,45.626],[1.869,45.64],[1.865,45.654],[1.897,45.653],[1.95,45.615],[1.98,45.628],[1.978,45.65],[2.019,45.638],[2.031,45.662],[2.071,45.655],[2.086,45.668],[2.067,45.697],[2.085,45.728],[2.097,45.734],[2.114,45.725],[2.133,45.736],[2.157,45.722],[2.161,45.736],[2.136,45.738],[2.143,45.75],[2.177,45.755],[2.199,45.746],[2.211,45.754],[2.197,45.765],[2.201,45.773],[2.248,45.774],[2.273,45.74],[2.277,45.747],[2.296,45.741],[2.307,45.75],[2.327,45.742],[2.33,45.747],[2.337,45.744],[2.336,45.752],[2.346,45.747],[2.356,45.765],[2.336,45.764],[2.335,45.775],[2.352,45.778],[2.365,45.791],[2.373,45.805],[2.362,45.813],[2.376,45.831],[2.388,45.828],[2.403,45.839],[2.423,45.834],[2.434,45.839],[2.444,45.832],[2.439,45.812],[2.448,45.802],[2.431,45.792],[2.435,45.767],[2.447,45.757],[2.469,45.756],[2.474,45.746],[2.486,45.748],[2.524,45.711],[2.519,45.698],[2.529,45.682],[2.553,45.693],[2.539,45.704],[2.546,45.72],[2.564,45.731],[2.589,45.705],[2.595,45.71],[2.587,45.724],[2.602,45.73],[2.653,45.723],[2.656,45.709],[2.668,45.707],[2.692,45.722],[2.703,45.706],[2.747,45.701],[2.716,45.681],[2.724,45.652],[2.714,45.635],[2.722,45.63],[2.726,45.637],[2.75,45.624],[2.804,45.612],[2.824,45.617],[2.825,45.6],[2.844,45.601],[2.831,45.538],[2.814,45.528],[2.831,45.495],[2.846,45.489],[2.844,45.468],[2.858,45.464],[2.861,45.446],[2.883,45.447],[2.889,45.441],[2.872,45.426],[2.887,45.412],[2.919,45.416],[2.917,45.403],[2.949,45.399],[2.944,45.394],[2.955,45.389],[2.92,45.363],[2.949,45.309],[2.928,45.309],[2.916,45.317],[2.895,45.303],[2.868,45.305],[2.84,45.262],[2.857,45.241],[2.842,45.218],[2.857,45.217],[2.865,45.202],[2.881,45.199],[2.88,45.187],[2.849,45.155],[2.817,45.145],[2.809,45.131],[2.755,45.119],[2.733,45.101],[2.719,45.1],[2.717,45.088],[2.752,45.079],[2.766,45.066],[2.761,45.057],[2.789,45.048],[2.798,45.054],[2.823,45.05],[2.889,45.098],[2.908,45.096],[2.913,45.085],[2.927,45.088],[2.924,45.093],[2.949,45.09],[2.954,45.074],[2.97,45.073],[2.977,45.077],[2.959,45.103],[2.984,45.105],[2.988,45.116],[3.026,45.113],[3.017,45.135],[3.048,45.176],[3.051,45.16],[3.082,45.146],[3.082,45.134],[3.095,45.129],[3.086,45.113],[3.093,45.104],[3.123,45.113],[3.182,45.086],[3.205,45.098],[3.216,45.078],[3.181,45.079],[3.172,45.066],[3.186,45.063],[3.182,45.058],[3.221,45.051],[3.235,45.034],[3.311,45.02],[3.331,45.029],[3.337,45.025],[3.325,45.01],[3.347,45.014],[3.35,45.002],[3.371,45.003],[3.365,44.99],[3.345,44.986],[3.348,44.974],[3.361,44.971],[3.359,44.938],[3.414,44.915],[3.442,44.854],[3.459,44.839],[3.456,44.829],[3.479,44.81],[3.538,44.793],[3.533,44.786],[3.503,44.786],[3.49,44.758],[3.501,44.751],[3.508,44.766],[3.524,44.769],[3.522,44.759],[3.543,44.739],[3.557,44.745],[3.566,44.728],[3.564,44.699],[3.541,44.654],[3.566,44.638],[3.566,44.627],[3.6,44.626],[3.615,44.611],[3.664,44.613],[3.675,44.604],[3.664,44.58],[3.708,44.582],[3.711,44.565],[3.737,44.54],[3.776,44.533],[3.766,44.516],[3.749,44.512],[3.741,44.491],[3.756,44.485],[3.738,44.472],[3.766,44.425],[3.82,44.417],[3.858,44.397],[3.889,44.393],[3.884,44.385],[3.86,44.383],[3.855,44.353],[3.837,44.349],[3.834,44.334],[3.865,44.325],[3.865,44.31],[3.835,44.319],[3.841,44.303],[3.83,44.301],[3.816,44.305],[3.807,44.317],[3.78,44.317],[3.785,44.301],[3.803,44.289],[3.786,44.277],[3.802,44.266],[3.835,44.265],[3.839,44.26],[3.83,44.252],[3.844,44.239],[3.821,44.238],[3.821,44.231],[3.817,44.227],[3.803,44.234],[3.795,44.261],[3.781,44.264],[3.766,44.256],[3.765,44.241],[3.73,44.248],[3.718,44.238],[3.694,44.237],[3.687,44.228],[3.671,44.232],[3.663,44.218],[3.621,44.239],[3.629,44.202],[3.606,44.21],[3.607,44.189],[3.587,44.195],[3.584,44.168],[3.575,44.161],[3.549,44.164],[3.568,44.141],[3.57,44.122],[3.544,44.11],[3.538,44.12],[3.505,44.126],[3.5,44.113],[3.525,44.099],[3.541,44.101],[3.543,44.094],[3.56,44.088],[3.563,44.083],[3.568,44.083],[3.589,44.071],[3.592,44.068],[3.575,44.078],[3.549,44.078],[3.534,44.064],[3.533,44.04],[3.495,44.038],[3.476,44.025],[3.418,44.015],[3.376,43.99],[3.352,44.01],[3.351,43.994],[3.335,43.994],[3.325,43.986],[3.341,43.964],[3.314,43.948],[3.339,43.936],[3.351,43.938],[3.359,43.914],[3.34,43.901],[3.343,43.854],[3.287,43.847],[3.274,43.898],[3.237,43.869],[3.236,43.853],[3.252,43.844],[3.249,43.83],[3.215,43.827],[3.199,43.84],[3.158,43.839],[3.133,43.849],[3.122,43.844],[3.123,43.836],[3.15,43.814],[3.086,43.836],[3.065,43.836],[3.058,43.819],[3.064,43.809],[3.049,43.801],[3.059,43.779],[3.076,43.768],[3.052,43.746],[3.059,43.738],[3.053,43.716],[3.069,43.707],[3.061,43.693],[3.027,43.693],[3.013,43.703],[2.985,43.709],[2.92,43.689],[2.92,43.662],[2.907,43.654],[2.941,43.653],[2.939,43.629],[2.951,43.61],[2.93,43.601],[2.934,43.593],[2.915,43.594],[2.906,43.604],[2.858,43.603],[2.849,43.598],[2.868,43.586],[2.87,43.57],[2.857,43.576],[2.833,43.575],[2.836,43.57],[2.817,43.569],[2.821,43.564],[2.811,43.562],[2.801,43.569],[2.794,43.552],[2.764,43.558],[2.751,43.545],[2.756,43.532],[2.694,43.514],[2.658,43.517],[2.658,43.479],[2.683,43.461],[2.705,43.462],[2.72,43.438],[2.67,43.431],[2.651,43.443],[2.643,43.458],[2.618,43.438],[2.605,43.441],[2.607,43.431],[2.561,43.42],[2.519,43.424],[2.497,43.437],[2.474,43.437],[2.459,43.405],[2.469,43.396],[2.456,43.397],[2.444,43.38],[2.412,43.396],[2.407,43.419],[2.384,43.418],[2.304,43.448],[2.282,43.441],[2.258,43.46],[2.223,43.432],[2.23,43.405],[2.215,43.382],[2.187,43.394],[2.17,43.417],[2.109,43.394],[2.071,43.396],[2.062,43.385],[2.037,43.396],[2.031,43.392],[2.035,43.406],[2.021,43.423],[1.988,43.407],[1.972,43.421],[1.966,43.415],[1.958,43.425],[1.949,43.419],[1.934,43.425],[1.919,43.421],[1.905,43.393],[1.896,43.397],[1.905,43.408],[1.896,43.415],[1.861,43.414],[1.869,43.393],[1.863,43.385],[1.871,43.381],[1.855,43.373],[1.865,43.363],[1.837,43.355],[1.828,43.337],[1.797,43.34],[1.814,43.326],[1.851,43.314],[1.846,43.285],[1.859,43.281],[1.88,43.295],[1.909,43.273],[1.905,43.263],[1.944,43.246],[1.947,43.222],[1.968,43.217],[1.972,43.209],[1.962,43.204],[1.963,43.193],[1.984,43.181],[1.981,43.174],[2.0,43.17],[1.994,43.15],[2.013,43.153],[2.003,43.144],[2.011,43.135],[2.033,43.139],[2.033,43.132],[2.015,43.121],[1.993,43.122],[1.981,43.112],[2.024,43.097],[2.021,43.081],[2.045,43.065],[2.033,43.054],[2.059,43.053],[2.1,43.008],[2.089,43.003],[2.092,42.985],[2.08,42.973],[2.083,42.943],[2.075,42.932],[2.104,42.933],[2.116,42.925],[2.117,42.913],[2.133,42.905],[2.13,42.874],[2.101,42.88],[2.092,42.872],[2.081,42.881],[2.058,42.882],[2.045,42.869],[2.007,42.882],[1.982,42.877],[1.987,42.871],[1.946,42.856],[1.889,42.853],[1.897,42.843],[1.911,42.845],[1.912,42.828],[1.922,42.827],[1.935,42.801],[1.949,42.799],[1.943,42.781],[1.909,42.769],[1.913,42.758],[1.946,42.746],[1.951,42.737],[1.992,42.734],[1.968,42.712],[1.966,42.701],[1.982,42.672],[2.007,42.671],[1.972,42.617],[1.95,42.618],[1.933,42.605],[1.9,42.615],[1.891,42.593],[1.874,42.59],[1.874,42.582],[1.865,42.579],[1.838,42.585],[1.787,42.573],[1.781,42.583],[1.727,42.589],[1.737,42.618],[1.714,42.615],[1.683,42.625],[1.664,42.619],[1.637,42.63],[1.601,42.626],[1.575,42.648],[1.549,42.656],[1.519,42.645],[1.479,42.652],[1.468,42.631],[1.477,42.613],[1.456,42.602],[1.438,42.603],[1.42,42.625],[1.414,42.656],[1.388,42.668],[1.389,42.687],[1.351,42.703],[1.357,42.719],[1.326,42.724],[1.253,42.715],[1.229,42.728],[1.166,42.709],[1.133,42.728],[1.126,42.757],[1.079,42.788],[1.047,42.781],[1.006,42.791],[0.983,42.787],[0.96,42.806],[0.926,42.789],[0.858,42.826],[0.801,42.84],[0.776,42.837],[0.708,42.861],[0.678,42.855],[0.679,42.848],[0.659,42.838],[0.671,42.805],[0.645,42.783],[0.667,42.775],[0.642,42.755],[0.661,42.752],[0.68,42.723],[0.674,42.717],[0.682,42.709],[0.669,42.689],[0.617,42.696],[0.597,42.706],[0.588,42.695],[0.53,42.703],[0.517,42.691],[0.474,42.7],[0.423,42.691],[0.395,42.7],[0.393,42.713],[0.36,42.724],[0.326,42.705],[0.321,42.683],[0.295,42.673],[0.264,42.693],[0.26,42.716],[0.225,42.718],[0.176,42.737],[0.162,42.723],[0.137,42.723],[0.132,42.715],[0.106,42.71],[0.084,42.716],[0.059,42.698],[0.015,42.702],[0.005,42.687],[-0.016,42.685],[-0.062,42.695],[-0.069,42.718],[-0.106,42.721],[-0.123,42.752],[-0.15,42.769],[-0.161,42.798],[-0.177,42.786],[-0.188,42.787],[-0.239,42.809],[-0.243,42.824],[-0.256,42.819],[-0.277,42.836],[-0.306,42.841],[-0.313,42.849],[-0.324,42.835],[-0.347,42.838],[-0.383,42.801],[-0.395,42.799],[-0.409,42.808],[-0.443,42.796],[-0.505,42.827],[-0.525,42.812],[-0.53,42.792],[-0.544,42.793],[-0.551,42.778],[-0.567,42.781],[-0.566,42.804],[-0.601,42.806],[-0.603,42.832],[-0.655,42.858],[-0.678,42.884],[-0.699,42.879],[-0.732,42.896],[-0.736,42.913],[-0.724,42.922],[-0.733,42.929],[-0.73,42.945],[-0.753,42.968],[-0.79,42.964],[-0.811,42.951],[-0.865,42.951],[-0.896,42.955],[-0.908,42.964],[-0.921,42.955],[-0.944,42.953],[-0.999,42.976],[-1.017,42.995],[-1.072,42.998],[-1.086,43.003],[-1.083,43.011],[-1.115,43.024],[-1.142,43.008],[-1.145,43.026],[-1.164,43.035],[-1.181,43.033],[-1.23,43.055],[-1.246,43.043],[-1.262,43.044],[-1.271,43.055],[-1.31,43.069],[-1.3,43.092],[-1.27,43.119],[-1.321,43.113],[-1.345,43.094],[-1.343,43.054],[-1.354,43.028],[-1.441,43.046],[-1.473,43.087],[-1.414,43.129],[-1.416,43.149],[-1.402,43.157],[-1.402,43.178],[-1.382,43.19],[-1.378,43.23],[-1.383,43.253],[-1.406,43.271],[-1.446,43.269]]],[[[-1.026,44.662],[-1.012,44.65],[-1.033,44.651],[-1.026,44.662]]],[[[-1.108,45.956],[-1.117,45.952],[-1.12,45.961],[-1.113,45.962],[-1.108,45.956]]],[[[-1.024,44.65],[-1.026,44.644],[-1.027,44.65],[-1.024,44.65]]],[[[-1.143,46.004],[-1.143,46.003],[-1.144,46.004],[-1.143,46.004]]],[[[-1.157,46.022],[-1.171,46.019],[-1.178,46.008],[-1.175,46.024],[-1.157,46.022]]],[[[-1.174,45.857],[-1.174,45.857],[-1.175,45.857],[-1.174,45.857]]],[[[-1.208,45.851],[-1.196,45.829],[-1.234,45.8],[-1.269,45.88],[-1.293,45.9],[-1.329,45.916],[-1.33,45.915],[-1.328,45.913],[-1.328,45.911],[-1.387,45.954],[-1.396,45.977],[-1.388,45.999],[-1.412,46.048],[-1.367,46.038],[-1.369,46.029],[-1.31,45.992],[-1.237,45.985],[-1.234,45.97],[-1.245,45.964],[-1.244,45.964],[-1.237,45.968],[-1.236,45.969],[-1.236,45.969],[-1.242,45.957],[-1.229,45.943],[-1.234,45.925],[-1.188,45.887],[-1.208,45.851]]],[[[-1.173,45.586],[-1.174,45.586],[-1.173,45.586],[-1.173,45.586]]],[[[-1.214,46.0],[-1.214,45.999],[-1.214,46.0],[-1.214,46.0]]],[[[-1.174,44.704],[-1.175,44.698],[-1.188,44.7],[-1.185,44.704],[-1.174,44.704]]],[[[-1.185,44.695],[-1.18,44.694],[-1.18,44.693],[-1.185,44.695]]],[[[-1.249,44.581],[-1.244,44.571],[-1.259,44.577],[-1.243,44.591],[-1.235,44.594],[-1.228,44.588],[-1.244,44.589],[-1.233,44.586],[-1.249,44.581]]]]}},{"type":"Feature","properties":{"nom":"Le Rhin","code":"C","surfaceKm2":23733.2},"geometry":{"type":"Polygon","coordinates":[[[7.456,47.472],[7.403,47.435],[7.355,47.434],[7.33,47.442],[7.282,47.435],[7.246,47.42],[7.234,47.439],[7.196,47.435],[7.17,47.443],[7.177,47.468],[7.201,47.494],[7.162,47.49],[7.13,47.503],[7.143,47.525],[7.133,47.54],[7.106,47.552],[7.105,47.569],[7.081,47.596],[7.04,47.601],[7.02,47.589],[7.006,47.602],[7.006,47.629],[7.017,47.627],[7.019,47.651],[7.039,47.651],[7.034,47.661],[7.046,47.672],[7.038,47.676],[7.048,47.682],[7.026,47.701],[7.038,47.722],[7.016,47.744],[6.972,47.752],[6.94,47.772],[6.925,47.77],[6.911,47.778],[6.863,47.786],[6.843,47.812],[6.845,47.824],[6.824,47.813],[6.793,47.83],[6.783,47.851],[6.737,47.861],[6.644,47.905],[6.642,47.919],[6.596,47.948],[6.604,47.963],[6.594,47.981],[6.568,47.98],[6.543,47.992],[6.522,47.987],[6.506,48.003],[6.505,48.038],[6.458,48.04],[6.369,48.071],[6.375,48.091],[6.413,48.083],[6.408,48.076],[6.419,48.079],[6.427,48.125],[6.407,48.125],[6.404,48.119],[6.395,48.129],[6.387,48.124],[6.369,48.126],[6.357,48.138],[6.357,48.159],[6.336,48.154],[6.323,48.169],[6.29,48.183],[6.245,48.18],[6.207,48.153],[6.21,48.145],[6.225,48.146],[6.217,48.134],[6.233,48.116],[6.223,48.105],[6.206,48.111],[6.196,48.103],[6.188,48.111],[6.102,48.09],[6.108,48.108],[6.1,48.14],[6.077,48.141],[6.067,48.159],[6.028,48.138],[6.022,48.161],[6.0,48.17],[6.046,48.209],[6.001,48.215],[5.995,48.237],[6.035,48.252],[6.034,48.259],[6.008,48.263],[5.994,48.274],[6.0,48.283],[5.984,48.281],[6.009,48.314],[5.992,48.339],[6.022,48.349],[6.025,48.357],[6.006,48.372],[5.994,48.369],[5.994,48.388],[5.954,48.428],[5.885,48.438],[5.9,48.448],[5.887,48.454],[5.893,48.464],[5.886,48.469],[5.904,48.48],[5.907,48.495],[5.933,48.507],[5.913,48.532],[5.884,48.545],[5.864,48.542],[5.847,48.557],[5.833,48.554],[5.82,48.567],[5.808,48.568],[5.804,48.594],[5.785,48.603],[5.803,48.626],[5.759,48.621],[5.744,48.657],[5.754,48.672],[5.784,48.685],[5.756,48.692],[5.765,48.701],[5.719,48.733],[5.726,48.737],[5.714,48.745],[5.719,48.748],[5.704,48.75],[5.694,48.761],[5.665,48.76],[5.653,48.773],[5.658,48.783],[5.613,48.797],[5.612,48.807],[5.648,48.821],[5.627,48.818],[5.599,48.835],[5.577,48.824],[5.558,48.827],[5.571,48.834],[5.569,48.856],[5.629,48.875],[5.632,48.904],[5.657,48.92],[5.647,48.925],[5.666,48.946],[5.695,48.957],[5.662,48.951],[5.641,48.968],[5.666,48.985],[5.637,48.989],[5.628,49.005],[5.614,49.003],[5.601,49.016],[5.571,49.014],[5.582,49.023],[5.556,49.041],[5.57,49.048],[5.559,49.07],[5.537,49.067],[5.523,49.073],[5.524,49.086],[5.536,49.089],[5.53,49.097],[5.521,49.094],[5.509,49.118],[5.492,49.122],[5.502,49.134],[5.481,49.13],[5.475,49.138],[5.486,49.143],[5.484,49.152],[5.472,49.15],[5.428,49.165],[5.445,49.188],[5.42,49.183],[5.402,49.195],[5.431,49.214],[5.456,49.213],[5.448,49.235],[5.422,49.234],[5.431,49.262],[5.448,49.271],[5.457,49.273],[5.462,49.262],[5.487,49.264],[5.531,49.281],[5.541,49.268],[5.556,49.269],[5.547,49.276],[5.57,49.278],[5.564,49.286],[5.593,49.281],[5.593,49.301],[5.608,49.301],[5.61,49.296],[5.625,49.305],[5.646,49.302],[5.66,49.288],[5.687,49.289],[5.71,49.265],[5.713,49.248],[5.727,49.245],[5.739,49.231],[5.788,49.232],[5.781,49.235],[5.793,49.243],[5.795,49.262],[5.777,49.274],[5.796,49.283],[5.789,49.286],[5.801,49.291],[5.796,49.297],[5.823,49.298],[5.829,49.318],[5.82,49.331],[5.847,49.339],[5.847,49.354],[5.865,49.372],[5.891,49.353],[5.888,49.344],[5.92,49.37],[5.9,49.391],[5.918,49.398],[5.917,49.416],[5.943,49.43],[5.889,49.476],[5.899,49.484],[5.892,49.496],[5.908,49.502],[5.972,49.491],[5.974,49.465],[5.988,49.461],[5.979,49.453],[6.028,49.456],[6.027,49.448],[6.042,49.448],[6.058,49.466],[6.101,49.453],[6.1,49.468],[6.123,49.473],[6.128,49.494],[6.142,49.487],[6.162,49.493],[6.154,49.502],[6.175,49.51],[6.214,49.506],[6.236,49.508],[6.241,49.515],[6.28,49.503],[6.289,49.485],[6.299,49.488],[6.296,49.48],[6.313,49.48],[6.364,49.46],[6.368,49.469],[6.396,49.464],[6.428,49.477],[6.441,49.467],[6.465,49.466],[6.556,49.421],[6.539,49.412],[6.541,49.401],[6.563,49.388],[6.585,49.386],[6.583,49.368],[6.602,49.367],[6.587,49.35],[6.574,49.359],[6.564,49.356],[6.566,49.347],[6.578,49.335],[6.591,49.336],[6.589,49.322],[6.615,49.302],[6.639,49.296],[6.653,49.281],[6.671,49.28],[6.661,49.258],[6.69,49.25],[6.696,49.215],[6.723,49.219],[6.732,49.206],[6.711,49.188],[6.739,49.164],[6.783,49.168],[6.834,49.151],[6.847,49.157],[6.844,49.173],[6.862,49.179],[6.838,49.213],[6.859,49.223],[6.893,49.209],[6.919,49.223],[6.938,49.222],[6.96,49.203],[6.975,49.209],[7.011,49.188],[7.035,49.191],[7.028,49.17],[7.052,49.113],[7.067,49.114],[7.09,49.131],[7.08,49.149],[7.102,49.156],[7.113,49.152],[7.104,49.139],[7.126,49.142],[7.136,49.129],[7.159,49.12],[7.165,49.129],[7.185,49.132],[7.198,49.115],[7.209,49.125],[7.245,49.13],[7.282,49.124],[7.294,49.115],[7.326,49.143],[7.363,49.143],[7.366,49.172],[7.446,49.184],[7.436,49.18],[7.435,49.165],[7.494,49.17],[7.506,49.15],[7.49,49.136],[7.516,49.121],[7.529,49.097],[7.563,49.08],[7.601,49.083],[7.63,49.073],[7.632,49.055],[7.675,49.045],[7.698,49.05],[7.696,49.058],[7.723,49.051],[7.732,49.056],[7.732,49.044],[7.758,49.045],[7.795,49.066],[7.867,49.033],[7.889,49.049],[7.918,49.041],[7.934,49.058],[7.967,49.042],[7.975,49.027],[8.001,49.029],[8.049,49.014],[8.088,48.99],[8.142,48.978],[8.194,48.977],[8.199,48.967],[8.223,48.976],[8.234,48.967],[8.196,48.956],[8.15,48.906],[8.092,48.806],[8.066,48.79],[8.032,48.788],[8.013,48.76],[7.972,48.758],[7.964,48.722],[7.89,48.663],[7.843,48.644],[7.802,48.589],[7.806,48.515],[7.768,48.489],[7.765,48.455],[7.732,48.393],[7.744,48.327],[7.693,48.301],[7.667,48.222],[7.602,48.159],[7.599,48.136],[7.577,48.119],[7.569,48.034],[7.613,47.995],[7.622,47.972],[7.583,47.93],[7.581,47.896],[7.557,47.88],[7.563,47.843],[7.53,47.778],[7.548,47.731],[7.512,47.697],[7.522,47.663],[7.563,47.637],[7.593,47.597],[7.585,47.576],[7.566,47.578],[7.557,47.565],[7.499,47.54],[7.502,47.528],[7.519,47.535],[7.531,47.528],[7.522,47.514],[7.502,47.515],[7.498,47.521],[7.499,47.516],[7.51,47.506],[7.502,47.491],[7.471,47.48],[7.432,47.496],[7.421,47.48],[7.456,47.472]]]}},{"type":"Feature","properties":{"nom":"Mayotte","code":"M","surfaceKm2":954.1},"geometry":{"type":"MultiPolygon","coordinates":[[[[45.217,-12.981],[45.217,-12.986],[45.216,-12.986],[45.217,-12.981]]],[[[45.222,-12.872],[45.217,-12.886],[45.196,-12.897],[45.195,-12.906],[45.192,-12.906],[45.205,-12.92],[45.186,-12.917],[45.185,-12.924],[45.176,-12.933],[45.179,-12.943],[45.169,-12.943],[45.177,-12.965],[45.193,-12.976],[45.204,-12.975],[45.194,-12.987],[45.182,-12.984],[45.179,-12.994],[45.176,-12.995],[45.172,-12.979],[45.16,-12.973],[45.156,-12.98],[45.158,-12.989],[45.149,-13.0],[45.142,-13.0],[45.134,-12.989],[45.126,-12.996],[45.125,-12.98],[45.114,-12.982],[45.109,-12.994],[45.106,-12.987],[45.111,-12.966],[45.108,-12.957],[45.093,-12.967],[45.079,-12.963],[45.095,-12.953],[45.104,-12.933],[45.098,-12.925],[45.087,-12.93],[45.089,-12.925],[45.083,-12.922],[45.071,-12.899],[45.099,-12.899],[45.106,-12.923],[45.137,-12.938],[45.149,-12.934],[45.155,-12.923],[45.139,-12.89],[45.123,-12.882],[45.114,-12.865],[45.104,-12.863],[45.093,-12.852],[45.103,-12.844],[45.115,-12.844],[45.121,-12.84],[45.101,-12.834],[45.106,-12.82],[45.099,-12.807],[45.1,-12.798],[45.113,-12.794],[45.109,-12.791],[45.098,-12.793],[45.098,-12.784],[45.094,-12.785],[45.102,-12.78],[45.102,-12.766],[45.094,-12.766],[45.092,-12.771],[45.087,-12.765],[45.077,-12.767],[45.062,-12.751],[45.051,-12.756],[45.042,-12.746],[45.058,-12.728],[45.055,-12.723],[45.04,-12.722],[45.05,-12.712],[45.05,-12.703],[45.067,-12.699],[45.074,-12.688],[45.067,-12.681],[45.077,-12.684],[45.082,-12.681],[45.083,-12.671],[45.093,-12.663],[45.093,-12.657],[45.097,-12.659],[45.107,-12.652],[45.102,-12.658],[45.105,-12.662],[45.089,-12.671],[45.105,-12.677],[45.1,-12.68],[45.112,-12.686],[45.115,-12.696],[45.131,-12.7],[45.131,-12.704],[45.126,-12.702],[45.123,-12.706],[45.132,-12.721],[45.122,-12.723],[45.128,-12.724],[45.125,-12.727],[45.141,-12.735],[45.138,-12.733],[45.138,-12.732],[45.144,-12.731],[45.141,-12.728],[45.148,-12.728],[45.155,-12.737],[45.162,-12.733],[45.164,-12.723],[45.167,-12.724],[45.166,-12.717],[45.177,-12.73],[45.183,-12.727],[45.202,-12.729],[45.21,-12.736],[45.214,-12.732],[45.212,-12.738],[45.213,-12.741],[45.225,-12.743],[45.229,-12.75],[45.237,-12.753],[45.24,-12.763],[45.235,-12.773],[45.23,-12.773],[45.234,-12.768],[45.23,-12.762],[45.232,-12.767],[45.227,-12.768],[45.226,-12.774],[45.234,-12.776],[45.238,-12.785],[45.23,-12.784],[45.221,-12.79],[45.215,-12.802],[45.203,-12.81],[45.204,-12.82],[45.195,-12.824],[45.192,-12.831],[45.196,-12.833],[45.184,-12.842],[45.196,-12.845],[45.202,-12.863],[45.212,-12.863],[45.21,-12.869],[45.213,-12.873],[45.222,-12.872]]],[[[45.296,-12.784],[45.297,-12.796],[45.285,-12.804],[45.286,-12.818],[45.271,-12.793],[45.254,-12.783],[45.257,-12.78],[45.259,-12.784],[45.267,-12.789],[45.273,-12.786],[45.275,-12.771],[45.285,-12.759],[45.293,-12.769],[45.296,-12.782],[45.299,-12.782],[45.3,-12.785],[45.296,-12.784]]],[[[45.231,-12.895],[45.232,-12.902],[45.23,-12.899],[45.231,-12.895]]],[[[45.201,-12.933],[45.202,-12.935],[45.198,-12.932],[45.201,-12.933]]],[[[45.207,-12.92],[45.208,-12.921],[45.205,-12.92],[45.207,-12.92]]],[[[45.199,-12.932],[45.199,-12.932],[45.199,-12.932],[45.199,-12.932]]],[[[45.206,-12.911],[45.207,-12.911],[45.206,-12.911],[45.206,-12.911]]],[[[45.206,-12.911],[45.206,-12.911],[45.205,-12.911],[45.206,-12.911]]],[[[45.205,-12.911],[45.205,-12.911],[45.205,-12.911],[45.205,-12.911]]],[[[45.205,-12.91],[45.205,-12.91],[45.205,-12.91],[45.205,-12.91]]],[[[45.205,-12.91],[45.205,-12.91],[45.205,-12.91],[45.205,-12.91]]],[[[45.161,-12.975],[45.16,-12.976],[45.159,-12.976],[45.161,-12.975]]],[[[45.139,-13.002],[45.138,-13.005],[45.138,-13.001],[45.139,-13.002]]],[[[45.195,-12.907],[45.196,-12.907],[45.196,-12.907],[45.195,-12.907]]],[[[45.27,-12.777],[45.27,-12.778],[45.269,-12.778],[45.27,-12.777]]],[[[45.264,-12.785],[45.265,-12.786],[45.264,-12.785],[45.264,-12.785]]],[[[45.267,-12.779],[45.267,-12.782],[45.266,-12.781],[45.267,-12.779]]],[[[45.262,-12.786],[45.262,-12.786],[45.262,-12.786],[45.262,-12.786]]],[[[45.236,-12.805],[45.239,-12.814],[45.233,-12.817],[45.231,-12.807],[45.236,-12.805]]],[[[45.142,-12.917],[45.142,-12.923],[45.139,-12.921],[45.142,-12.917]]],[[[45.21,-12.807],[45.205,-12.812],[45.204,-12.81],[45.21,-12.807]]],[[[45.213,-12.739],[45.213,-12.739],[45.213,-12.739],[45.213,-12.739]]],[[[45.173,-12.718],[45.174,-12.718],[45.173,-12.719],[45.173,-12.718]]],[[[45.173,-12.719],[45.173,-12.719],[45.173,-12.719],[45.173,-12.719]]],[[[45.089,-12.846],[45.09,-12.847],[45.089,-12.847],[45.089,-12.846]]],[[[45.09,-12.846],[45.09,-12.846],[45.09,-12.846],[45.09,-12.846]]],[[[45.089,-12.846],[45.089,-12.846],[45.089,-12.846],[45.089,-12.846]]],[[[45.105,-12.818],[45.105,-12.818],[45.105,-12.818],[45.105,-12.818]]],[[[45.128,-12.724],[45.128,-12.725],[45.129,-12.725],[45.128,-12.725],[45.128,-12.724]]],[[[45.128,-12.724],[45.128,-12.724],[45.128,-12.724],[45.128,-12.724]]],[[[45.128,-12.723],[45.128,-12.723],[45.128,-12.723],[45.128,-12.723]]],[[[45.13,-12.689],[45.129,-12.69],[45.128,-12.689],[45.13,-12.689]]],[[[45.12,-12.697],[45.12,-12.697],[45.12,-12.697],[45.12,-12.697]]],[[[45.119,-12.688],[45.119,-12.689],[45.119,-12.689],[45.119,-12.688]]],[[[45.114,-12.673],[45.118,-12.677],[45.111,-12.675],[45.114,-12.673]]],[[[45.066,-12.76],[45.066,-12.76],[45.066,-12.76],[45.066,-12.76]]],[[[45.107,-12.661],[45.106,-12.661],[45.106,-12.661],[45.107,-12.661]]],[[[45.106,-12.662],[45.106,-12.662],[45.106,-12.662],[45.106,-12.662]]],[[[45.06,-12.675],[45.057,-12.678],[45.055,-12.677],[45.06,-12.675]]],[[[45.051,-12.675],[45.052,-12.676],[45.051,-12.676],[45.051,-12.675]]],[[[45.05,-12.673],[45.05,-12.673],[45.05,-12.673],[45.05,-12.673]]],[[[45.049,-12.671],[45.049,-12.673],[45.046,-12.672],[45.049,-12.671]]],[[[45.049,-12.672],[45.049,-12.672],[45.049,-12.672],[45.049,-12.672]]],[[[45.049,-12.672],[45.049,-12.672],[45.049,-12.672],[45.049,-12.672]]],[[[45.041,-12.647],[45.032,-12.656],[45.018,-12.643],[45.027,-12.637],[45.041,-12.647]]],[[[45.028,-12.655],[45.028,-12.657],[45.027,-12.658],[45.028,-12.655]]]]}},{"type":"Feature","properties":{"nom":"Les cours d'eau de la Guadeloupe","code":"I","surfaceKm2":2094.8},"geometry":{"type":"MultiPolygon","coordinates":[[[[-61.002,16.334],[-61.096,16.29],[-61.099,16.294],[-61.09,16.312],[-61.079,16.312],[-61.074,16.32],[-61.009,16.35],[-61.002,16.334]]],[[[-61.531,16.218],[-61.533,16.221],[-61.532,16.222],[-61.53,16.218],[-61.52,16.216],[-61.53,16.22],[-61.534,16.236],[-61.55,16.252],[-61.546,16.254],[-61.546,16.266],[-61.551,16.287],[-61.539,16.292],[-61.547,16.301],[-61.537,16.306],[-61.535,16.332],[-61.523,16.346],[-61.507,16.337],[-61.506,16.35],[-61.491,16.354],[-61.5,16.355],[-61.496,16.361],[-61.501,16.364],[-61.494,16.379],[-61.526,16.395],[-61.541,16.439],[-61.535,16.455],[-61.465,16.514],[-61.462,16.5],[-61.444,16.5],[-61.442,16.487],[-61.439,16.491],[-61.41,16.468],[-61.398,16.429],[-61.406,16.385],[-61.38,16.344],[-61.368,16.335],[-61.347,16.336],[-61.343,16.329],[-61.334,16.334],[-61.297,16.328],[-61.297,16.323],[-61.26,16.304],[-61.248,16.278],[-61.236,16.269],[-61.172,16.246],[-61.177,16.242],[-61.192,16.25],[-61.255,16.256],[-61.294,16.243],[-61.318,16.24],[-61.324,16.244],[-61.363,16.236],[-61.38,16.222],[-61.389,16.224],[-61.395,16.217],[-61.438,16.209],[-61.466,16.196],[-61.486,16.205],[-61.507,16.206],[-61.51,16.216],[-61.523,16.213],[-61.531,16.218]]],[[[-61.106,16.176],[-61.111,16.179],[-61.103,16.18],[-61.106,16.176]]],[[[-61.11,16.173],[-61.108,16.169],[-61.12,16.167],[-61.131,16.172],[-61.11,16.173]]],[[[-61.367,16.338],[-61.365,16.335],[-61.367,16.336],[-61.367,16.338]]],[[[-61.507,16.348],[-61.51,16.35],[-61.508,16.35],[-61.507,16.348]]],[[[-61.526,16.351],[-61.53,16.35],[-61.53,16.351],[-61.526,16.351]]],[[[-61.591,16.353],[-61.58,16.346],[-61.597,16.341],[-61.588,16.35],[-61.591,16.353]]],[[[-61.543,16.295],[-61.544,16.293],[-61.545,16.295],[-61.543,16.295]]],[[[-61.552,16.289],[-61.553,16.287],[-61.554,16.288],[-61.552,16.289]]],[[[-61.555,16.288],[-61.556,16.287],[-61.557,16.287],[-61.555,16.288]]],[[[-61.554,16.287],[-61.552,16.284],[-61.555,16.286],[-61.554,16.287]]],[[[-61.55,16.282],[-61.55,16.281],[-61.551,16.282],[-61.55,16.282]]],[[[-61.552,16.282],[-61.552,16.281],[-61.553,16.281],[-61.552,16.282],[-61.551,16.282],[-61.552,16.282]]],[[[-61.71,15.973],[-61.746,16.01],[-61.75,16.034],[-61.77,16.06],[-61.766,16.09],[-61.773,16.091],[-61.775,16.104],[-61.77,16.13],[-61.78,16.14],[-61.776,16.171],[-61.783,16.174],[-61.788,16.195],[-61.783,16.214],[-61.802,16.243],[-61.81,16.273],[-61.803,16.278],[-61.802,16.301],[-61.795,16.306],[-61.802,16.315],[-61.788,16.323],[-61.788,16.335],[-61.776,16.35],[-61.749,16.355],[-61.744,16.362],[-61.721,16.351],[-61.715,16.338],[-61.696,16.336],[-61.685,16.325],[-61.678,16.328],[-61.671,16.318],[-61.651,16.321],[-61.641,16.316],[-61.643,16.309],[-61.625,16.301],[-61.602,16.304],[-61.615,16.283],[-61.621,16.283],[-61.616,16.288],[-61.621,16.292],[-61.627,16.273],[-61.612,16.28],[-61.615,16.27],[-61.608,16.268],[-61.598,16.282],[-61.601,16.27],[-61.595,16.266],[-61.584,16.27],[-61.58,16.284],[-61.556,16.285],[-61.553,16.279],[-61.56,16.28],[-61.561,16.277],[-61.556,16.273],[-61.55,16.278],[-61.551,16.235],[-61.542,16.231],[-61.548,16.223],[-61.559,16.235],[-61.563,16.231],[-61.58,16.237],[-61.588,16.219],[-61.583,16.205],[-61.591,16.192],[-61.58,16.179],[-61.586,16.171],[-61.582,16.155],[-61.574,16.151],[-61.577,16.138],[-61.56,16.13],[-61.571,16.115],[-61.56,16.102],[-61.561,16.062],[-61.555,16.054],[-61.569,16.026],[-61.612,15.991],[-61.619,15.972],[-61.634,15.966],[-61.649,15.97],[-61.66,15.961],[-61.666,15.964],[-61.68,15.95],[-61.708,15.948],[-61.71,15.973]]],[[[-61.225,15.965],[-61.205,15.951],[-61.195,15.93],[-61.204,15.901],[-61.242,15.874],[-61.269,15.867],[-61.28,15.867],[-61.318,15.88],[-61.332,15.9],[-61.337,15.942],[-61.32,15.953],[-61.319,15.976],[-61.306,15.979],[-61.291,16.003],[-61.276,16.007],[-61.242,15.991],[-61.243,15.988],[-61.232,15.984],[-61.225,15.965]]],[[[-61.556,16.278],[-61.556,16.276],[-61.556,16.276],[-61.556,16.278]]],[[[-61.49,16.199],[-61.492,16.199],[-61.492,16.2],[-61.49,16.199]]],[[[-61.54,16.213],[-61.543,16.219],[-61.535,16.214],[-61.54,16.213]]],[[[-61.555,16.229],[-61.557,16.229],[-61.556,16.23],[-61.555,16.229]]],[[[-61.547,16.221],[-61.551,16.222],[-61.551,16.223],[-61.551,16.223],[-61.55,16.223],[-61.55,16.223],[-61.549,16.222],[-61.548,16.222],[-61.547,16.221]]],[[[-61.554,16.223],[-61.554,16.223],[-61.555,16.224],[-61.554,16.223]]],[[[-61.558,16.225],[-61.557,16.223],[-61.557,16.223],[-61.558,16.225]]],[[[-61.781,16.366],[-61.778,16.368],[-61.778,16.364],[-61.781,16.366]]],[[[-61.562,16.15],[-61.561,16.15],[-61.562,16.149],[-61.562,16.15]]],[[[-61.79,16.17],[-61.791,16.167],[-61.792,16.168],[-61.79,16.17]]],[[[-61.789,16.166],[-61.789,16.167],[-61.788,16.167],[-61.789,16.166]]],[[[-61.567,15.872],[-61.579,15.855],[-61.607,15.857],[-61.599,15.865],[-61.585,15.864],[-61.585,15.876],[-61.581,15.881],[-61.578,15.873],[-61.573,15.884],[-61.568,15.879],[-61.572,15.873],[-61.567,15.872]]],[[[-61.567,15.873],[-61.567,15.875],[-61.566,15.875],[-61.567,15.873]]],[[[-61.594,15.872],[-61.597,15.875],[-61.602,15.878],[-61.592,15.878],[-61.594,15.872]]],[[[-61.592,15.843],[-61.585,15.832],[-61.598,15.836],[-61.592,15.843]]],[[[-61.614,15.855],[-61.634,15.84],[-61.651,15.848],[-61.636,15.871],[-61.614,15.855]]],[[[-61.61,15.836],[-61.609,15.836],[-61.606,15.835],[-61.61,15.836]]]]}},{"type":"Feature","properties":{"nom":"La Loire, les cours d'eau côtiers vendéens et bretons","code":"G","surfaceKm2":156418.1},"geometry":{"type":"MultiPolygon","coordinates":[[[[4.189,44.774],[4.182,44.75],[4.154,44.75],[4.147,44.737],[4.132,44.741],[4.116,44.73],[4.116,44.71],[4.14,44.697],[4.124,44.681],[4.103,44.694],[4.076,44.691],[4.055,44.7],[4.053,44.705],[4.042,44.714],[4.033,44.717],[4.045,44.711],[4.031,44.704],[4.007,44.71],[4.008,44.703],[3.997,44.711],[3.981,44.701],[3.976,44.708],[3.962,44.702],[3.998,44.671],[4.053,44.642],[4.043,44.632],[3.995,44.628],[3.952,44.609],[3.921,44.609],[3.906,44.592],[3.907,44.608],[3.898,44.594],[3.879,44.586],[3.843,44.599],[3.805,44.593],[3.798,44.603],[3.778,44.606],[3.726,44.574],[3.715,44.58],[3.708,44.576],[3.708,44.582],[3.664,44.58],[3.675,44.604],[3.664,44.613],[3.615,44.611],[3.6,44.626],[3.566,44.627],[3.566,44.638],[3.541,44.654],[3.564,44.699],[3.566,44.728],[3.557,44.745],[3.543,44.739],[3.522,44.759],[3.524,44.769],[3.508,44.766],[3.501,44.751],[3.49,44.758],[3.503,44.786],[3.533,44.786],[3.538,44.793],[3.479,44.81],[3.456,44.829],[3.459,44.839],[3.442,44.854],[3.414,44.915],[3.359,44.938],[3.361,44.971],[3.348,44.974],[3.345,44.986],[3.365,44.99],[3.37,45.005],[3.35,45.002],[3.347,45.014],[3.325,45.01],[3.337,45.025],[3.328,45.031],[3.325,45.022],[3.311,45.02],[3.236,45.034],[3.221,45.051],[3.182,45.058],[3.186,45.063],[3.172,45.066],[3.181,45.079],[3.216,45.078],[3.206,45.098],[3.182,45.086],[3.123,45.113],[3.093,45.104],[3.086,45.113],[3.095,45.129],[3.082,45.134],[3.082,45.146],[3.051,45.16],[3.048,45.176],[3.017,45.135],[3.026,45.113],[2.988,45.116],[2.984,45.105],[2.959,45.103],[2.977,45.077],[2.97,45.073],[2.954,45.074],[2.949,45.09],[2.924,45.093],[2.927,45.088],[2.913,45.085],[2.908,45.096],[2.889,45.098],[2.823,45.05],[2.783,45.049],[2.761,45.057],[2.764,45.068],[2.752,45.079],[2.717,45.088],[2.718,45.099],[2.733,45.101],[2.764,45.123],[2.809,45.131],[2.817,45.145],[2.849,45.155],[2.88,45.187],[2.881,45.199],[2.865,45.202],[2.857,45.217],[2.842,45.218],[2.857,45.241],[2.84,45.262],[2.868,45.305],[2.895,45.303],[2.916,45.317],[2.928,45.309],[2.949,45.309],[2.92,45.363],[2.955,45.389],[2.944,45.394],[2.949,45.399],[2.917,45.403],[2.919,45.416],[2.887,45.412],[2.872,45.426],[2.889,45.441],[2.883,45.447],[2.861,45.446],[2.858,45.464],[2.844,45.468],[2.846,45.489],[2.831,45.495],[2.814,45.528],[2.831,45.538],[2.844,45.601],[2.825,45.6],[2.824,45.617],[2.804,45.612],[2.75,45.624],[2.726,45.637],[2.722,45.63],[2.714,45.635],[2.724,45.652],[2.716,45.681],[2.747,45.701],[2.703,45.706],[2.692,45.722],[2.668,45.707],[2.656,45.709],[2.653,45.723],[2.602,45.73],[2.587,45.724],[2.595,45.71],[2.589,45.705],[2.564,45.731],[2.546,45.72],[2.539,45.704],[2.553,45.693],[2.529,45.682],[2.519,45.698],[2.524,45.711],[2.486,45.748],[2.474,45.746],[2.469,45.756],[2.447,45.757],[2.435,45.767],[2.431,45.792],[2.448,45.802],[2.439,45.812],[2.446,45.828],[2.434,45.839],[2.423,45.834],[2.403,45.839],[2.388,45.828],[2.376,45.831],[2.362,45.813],[2.373,45.805],[2.365,45.791],[2.331,45.769],[2.337,45.763],[2.355,45.766],[2.346,45.747],[2.336,45.752],[2.337,45.744],[2.33,45.747],[2.327,45.742],[2.307,45.75],[2.296,45.741],[2.277,45.747],[2.273,45.74],[2.248,45.774],[2.201,45.773],[2.197,45.765],[2.211,45.754],[2.199,45.746],[2.177,45.755],[2.143,45.75],[2.136,45.738],[2.161,45.736],[2.157,45.722],[2.133,45.736],[2.114,45.725],[2.097,45.734],[2.085,45.728],[2.067,45.697],[2.086,45.668],[2.071,45.655],[2.031,45.662],[2.019,45.638],[1.978,45.65],[1.98,45.628],[1.95,45.615],[1.897,45.653],[1.865,45.654],[1.869,45.64],[1.854,45.626],[1.818,45.632],[1.809,45.617],[1.785,45.625],[1.771,45.635],[1.766,45.653],[1.754,45.655],[1.751,45.644],[1.727,45.638],[1.709,45.642],[1.681,45.625],[1.638,45.58],[1.6,45.582],[1.583,45.555],[1.555,45.549],[1.551,45.557],[1.519,45.565],[1.518,45.555],[1.493,45.549],[1.492,45.561],[1.464,45.578],[1.455,45.57],[1.436,45.583],[1.43,45.579],[1.416,45.587],[1.392,45.586],[1.385,45.571],[1.369,45.57],[1.373,45.545],[1.347,45.534],[1.331,45.539],[1.319,45.569],[1.311,45.573],[1.305,45.567],[1.311,45.577],[1.304,45.587],[1.283,45.586],[1.276,45.593],[1.281,45.628],[1.272,45.636],[1.232,45.626],[1.229,45.638],[1.2,45.647],[1.198,45.63],[1.168,45.616],[1.165,45.625],[1.177,45.635],[1.168,45.652],[1.174,45.663],[1.155,45.675],[1.14,45.67],[1.149,45.664],[1.135,45.659],[1.141,45.652],[1.133,45.643],[1.115,45.64],[1.112,45.631],[1.103,45.632],[1.102,45.645],[1.086,45.655],[1.064,45.651],[1.05,45.663],[1.041,45.65],[1.028,45.655],[1.012,45.639],[0.998,45.644],[1.01,45.653],[0.999,45.669],[0.982,45.672],[0.978,45.681],[0.943,45.688],[0.927,45.679],[0.921,45.689],[0.941,45.707],[0.927,45.718],[0.95,45.732],[0.936,45.736],[0.941,45.74],[0.91,45.72],[0.892,45.721],[0.887,45.711],[0.903,45.702],[0.895,45.696],[0.868,45.717],[0.859,45.713],[0.834,45.72],[0.836,45.736],[0.815,45.739],[0.805,45.751],[0.785,45.743],[0.776,45.754],[0.789,45.769],[0.765,45.78],[0.763,45.799],[0.75,45.796],[0.741,45.806],[0.705,45.802],[0.695,45.809],[0.689,45.824],[0.709,45.827],[0.701,45.845],[0.678,45.851],[0.673,45.862],[0.644,45.852],[0.639,45.86],[0.624,45.858],[0.597,45.882],[0.616,45.901],[0.609,45.932],[0.586,45.947],[0.602,45.961],[0.585,45.977],[0.595,45.993],[0.591,46.028],[0.552,46.033],[0.536,46.043],[0.551,46.055],[0.555,46.071],[0.574,46.075],[0.568,46.087],[0.554,46.091],[0.54,46.086],[0.52,46.115],[0.498,46.123],[0.509,46.132],[0.492,46.136],[0.488,46.128],[0.458,46.135],[0.475,46.15],[0.459,46.171],[0.387,46.158],[0.364,46.174],[0.378,46.189],[0.355,46.197],[0.331,46.196],[0.323,46.207],[0.304,46.197],[0.286,46.204],[0.3,46.231],[0.292,46.225],[0.278,46.235],[0.26,46.233],[0.244,46.248],[0.214,46.204],[0.171,46.194],[0.176,46.183],[0.162,46.182],[0.172,46.156],[0.151,46.157],[0.135,46.142],[0.101,46.148],[0.09,46.134],[0.055,46.12],[0.029,46.13],[0.029,46.147],[0.018,46.155],[-0.048,46.144],[-0.018,46.174],[-0.03,46.192],[-0.052,46.196],[-0.063,46.22],[-0.083,46.226],[-0.077,46.237],[-0.089,46.239],[-0.092,46.251],[-0.073,46.266],[-0.079,46.27],[-0.105,46.259],[-0.101,46.273],[-0.13,46.273],[-0.12,46.289],[-0.134,46.295],[-0.131,46.301],[-0.158,46.295],[-0.185,46.307],[-0.198,46.296],[-0.208,46.299],[-0.219,46.296],[-0.213,46.295],[-0.235,46.273],[-0.228,46.268],[-0.234,46.259],[-0.245,46.261],[-0.261,46.249],[-0.259,46.239],[-0.244,46.233],[-0.254,46.223],[-0.263,46.22],[-0.27,46.229],[-0.309,46.236],[-0.318,46.226],[-0.347,46.219],[-0.331,46.204],[-0.346,46.192],[-0.378,46.183],[-0.395,46.165],[-0.386,46.151],[-0.366,46.146],[-0.389,46.135],[-0.39,46.119],[-0.418,46.122],[-0.455,46.079],[-0.51,46.089],[-0.546,46.088],[-0.529,46.102],[-0.562,46.105],[-0.589,46.095],[-0.572,46.079],[-0.577,46.072],[-0.592,46.074],[-0.614,46.079],[-0.613,46.087],[-0.627,46.082],[-0.626,46.087],[-0.643,46.087],[-0.646,46.098],[-0.662,46.101],[-0.66,46.112],[-0.696,46.112],[-0.703,46.126],[-0.723,46.13],[-0.76,46.123],[-0.774,46.13],[-0.808,46.106],[-0.838,46.104],[-0.836,46.077],[-0.866,46.09],[-0.909,46.074],[-0.926,46.075],[-0.938,46.065],[-0.961,46.071],[-0.984,46.099],[-0.997,46.091],[-1.018,46.103],[-1.05,46.091],[-1.022,46.08],[-1.028,46.066],[-1.057,46.067],[-1.089,46.054],[-1.101,46.094],[-1.143,46.107],[-1.125,46.112],[-1.127,46.126],[-1.174,46.139],[-1.161,46.156],[-1.207,46.146],[-1.232,46.152],[-1.225,46.166],[-1.241,46.16],[-1.222,46.167],[-1.223,46.176],[-1.204,46.186],[-1.199,46.213],[-1.149,46.238],[-1.141,46.253],[-1.107,46.262],[-1.128,46.306],[-1.119,46.316],[-1.104,46.315],[-1.114,46.329],[-1.131,46.311],[-1.163,46.324],[-1.164,46.333],[-1.167,46.32],[-1.203,46.316],[-1.196,46.301],[-1.208,46.288],[-1.208,46.267],[-1.29,46.314],[-1.3,46.328],[-1.332,46.341],[-1.332,46.349],[-1.333,46.34],[-1.315,46.333],[-1.29,46.304],[-1.288,46.297],[-1.302,46.3],[-1.288,46.296],[-1.301,46.297],[-1.284,46.295],[-1.298,46.294],[-1.272,46.291],[-1.289,46.289],[-1.281,46.286],[-1.297,46.291],[-1.301,46.294],[-1.329,46.328],[-1.363,46.344],[-1.469,46.343],[-1.487,46.38],[-1.513,46.404],[-1.54,46.41],[-1.58,46.407],[-1.648,46.42],[-1.654,46.424],[-1.642,46.432],[-1.653,46.43],[-1.71,46.451],[-1.778,46.493],[-1.793,46.492],[-1.789,46.504],[-1.796,46.502],[-1.794,46.49],[-1.805,46.49],[-1.857,46.609],[-1.949,46.695],[-1.934,46.692],[-1.934,46.696],[-1.947,46.698],[-1.968,46.693],[-1.98,46.718],[-2.019,46.748],[-2.141,46.818],[-2.155,46.89],[-2.115,46.899],[-2.119,46.907],[-2.105,46.921],[-2.076,46.934],[-2.081,46.938],[-2.071,46.935],[-2.075,46.94],[-2.045,46.968],[-2.034,46.969],[-2.045,46.969],[-2.046,46.978],[-2.03,46.99],[-2.038,46.997],[-2.027,46.997],[-2.029,47.01],[-1.976,47.029],[-1.984,47.029],[-2.004,47.061],[-2.038,47.077],[-2.054,47.095],[-2.106,47.107],[-2.099,47.115],[-2.107,47.114],[-2.111,47.111],[-2.111,47.108],[-2.112,47.108],[-2.144,47.112],[-2.247,47.132],[-2.214,47.157],[-2.177,47.157],[-2.164,47.176],[-2.159,47.209],[-2.182,47.236],[-2.171,47.241],[-2.17,47.269],[-2.187,47.281],[-2.199,47.275],[-2.197,47.271],[-2.198,47.272],[-2.201,47.267],[-2.202,47.266],[-2.21,47.27],[-2.229,47.256],[-2.254,47.253],[-2.267,47.239],[-2.298,47.233],[-2.374,47.278],[-2.401,47.281],[-2.423,47.274],[-2.426,47.281],[-2.417,47.284],[-2.417,47.285],[-2.424,47.284],[-2.427,47.281],[-2.428,47.277],[-2.417,47.261],[-2.432,47.258],[-2.546,47.29],[-2.545,47.298],[-2.525,47.302],[-2.498,47.283],[-2.488,47.289],[-2.471,47.284],[-2.48,47.293],[-2.468,47.294],[-2.482,47.302],[-2.511,47.301],[-2.508,47.343],[-2.528,47.364],[-2.559,47.375],[-2.467,47.422],[-2.463,47.411],[-2.431,47.416],[-2.458,47.424],[-2.446,47.436],[-2.457,47.448],[-2.469,47.45],[-2.48,47.441],[-2.493,47.448],[-2.501,47.459],[-2.488,47.471],[-2.5,47.493],[-2.483,47.496],[-2.467,47.487],[-2.447,47.495],[-2.423,47.493],[-2.425,47.491],[-2.427,47.487],[-2.421,47.493],[-2.407,47.49],[-2.395,47.501],[-2.382,47.5],[-2.387,47.509],[-2.413,47.496],[-2.439,47.498],[-2.467,47.512],[-2.502,47.514],[-2.51,47.525],[-2.535,47.523],[-2.534,47.529],[-2.55,47.511],[-2.597,47.518],[-2.632,47.504],[-2.64,47.516],[-2.663,47.519],[-2.681,47.497],[-2.675,47.492],[-2.726,47.507],[-2.78,47.496],[-2.794,47.484],[-2.816,47.487],[-2.85,47.499],[-2.847,47.512],[-2.875,47.534],[-2.904,47.534],[-2.891,47.545],[-2.909,47.541],[-2.919,47.548],[-2.908,47.55],[-2.915,47.556],[-2.908,47.563],[-2.897,47.563],[-2.895,47.555],[-2.881,47.564],[-2.878,47.555],[-2.867,47.559],[-2.874,47.547],[-2.858,47.551],[-2.863,47.542],[-2.854,47.537],[-2.844,47.539],[-2.854,47.542],[-2.848,47.548],[-2.839,47.544],[-2.827,47.55],[-2.829,47.543],[-2.818,47.542],[-2.824,47.557],[-2.806,47.556],[-2.799,47.537],[-2.8,47.548],[-2.788,47.553],[-2.784,47.546],[-2.777,47.549],[-2.781,47.54],[-2.765,47.539],[-2.767,47.544],[-2.764,47.539],[-2.768,47.536],[-2.73,47.543],[-2.729,47.568],[-2.714,47.58],[-2.722,47.591],[-2.731,47.594],[-2.718,47.592],[-2.718,47.599],[-2.731,47.606],[-2.732,47.599],[-2.78,47.622],[-2.736,47.614],[-2.745,47.632],[-2.748,47.621],[-2.761,47.641],[-2.764,47.632],[-2.78,47.632],[-2.782,47.621],[-2.812,47.623],[-2.836,47.613],[-2.829,47.619],[-2.86,47.623],[-2.868,47.617],[-2.856,47.615],[-2.868,47.607],[-2.862,47.597],[-2.888,47.604],[-2.891,47.582],[-2.906,47.582],[-2.911,47.592],[-2.919,47.582],[-2.927,47.602],[-2.937,47.597],[-2.934,47.588],[-2.937,47.586],[-2.95,47.607],[-2.949,47.621],[-2.935,47.625],[-2.959,47.627],[-2.955,47.639],[-2.968,47.639],[-2.964,47.646],[-2.977,47.66],[-2.971,47.633],[-2.963,47.634],[-2.953,47.612],[-2.972,47.607],[-2.954,47.597],[-2.965,47.588],[-2.947,47.579],[-2.928,47.554],[-2.952,47.556],[-2.957,47.565],[-2.962,47.554],[-2.976,47.559],[-2.969,47.56],[-2.971,47.57],[-2.991,47.581],[-2.995,47.591],[-2.987,47.566],[-2.994,47.572],[-3.007,47.568],[-3.025,47.592],[-3.018,47.567],[-3.04,47.574],[-3.034,47.58],[-3.043,47.588],[-3.04,47.579],[-3.052,47.578],[-3.053,47.569],[-3.079,47.571],[-3.096,47.564],[-3.106,47.577],[-3.092,47.574],[-3.092,47.58],[-3.129,47.598],[-3.131,47.575],[-3.115,47.576],[-3.134,47.544],[-3.127,47.513],[-3.117,47.496],[-3.079,47.469],[-3.109,47.471],[-3.121,47.48],[-3.131,47.473],[-3.144,47.484],[-3.142,47.492],[-3.153,47.522],[-3.162,47.53],[-3.147,47.53],[-3.135,47.544],[-3.14,47.58],[-3.16,47.607],[-3.197,47.624],[-3.21,47.644],[-3.207,47.665],[-3.187,47.661],[-3.209,47.67],[-3.185,47.685],[-3.162,47.68],[-3.151,47.693],[-3.167,47.696],[-3.199,47.687],[-3.2,47.691],[-3.211,47.691],[-3.209,47.7],[-3.216,47.696],[-3.212,47.684],[-3.198,47.683],[-3.206,47.672],[-3.217,47.674],[-3.214,47.644],[-3.293,47.687],[-3.343,47.695],[-3.361,47.686],[-3.353,47.701],[-3.345,47.696],[-3.327,47.702],[-3.281,47.686],[-3.29,47.708],[-3.294,47.703],[-3.31,47.71],[-3.352,47.703],[-3.365,47.711],[-3.353,47.709],[-3.343,47.715],[-3.348,47.735],[-3.322,47.735],[-3.306,47.748],[-3.296,47.771],[-3.287,47.768],[-3.282,47.777],[-3.292,47.79],[-3.276,47.794],[-3.276,47.798],[-3.296,47.794],[-3.287,47.772],[-3.3,47.775],[-3.333,47.743],[-3.347,47.742],[-3.354,47.76],[-3.365,47.761],[-3.35,47.744],[-3.361,47.745],[-3.35,47.742],[-3.36,47.729],[-3.369,47.732],[-3.367,47.717],[-3.381,47.705],[-3.417,47.7],[-3.427,47.705],[-3.453,47.695],[-3.485,47.716],[-3.53,47.766],[-3.523,47.798],[-3.539,47.763],[-3.549,47.766],[-3.551,47.763],[-3.553,47.763],[-3.555,47.766],[-3.56,47.765],[-3.564,47.769],[-3.573,47.77],[-3.579,47.769],[-3.58,47.767],[-3.583,47.768],[-3.587,47.769],[-3.593,47.768],[-3.596,47.77],[-3.598,47.77],[-3.603,47.769],[-3.602,47.779],[-3.612,47.769],[-3.639,47.777],[-3.645,47.774],[-3.638,47.793],[-3.652,47.779],[-3.669,47.781],[-3.67,47.784],[-3.668,47.787],[-3.669,47.791],[-3.678,47.776],[-3.723,47.803],[-3.708,47.813],[-3.703,47.812],[-3.701,47.808],[-3.699,47.809],[-3.697,47.819],[-3.685,47.819],[-3.671,47.824],[-3.661,47.82],[-3.659,47.823],[-3.652,47.82],[-3.651,47.822],[-3.674,47.829],[-3.694,47.821],[-3.693,47.827],[-3.699,47.832],[-3.705,47.814],[-3.712,47.815],[-3.733,47.803],[-3.745,47.832],[-3.75,47.834],[-3.743,47.84],[-3.747,47.853],[-3.757,47.836],[-3.745,47.819],[-3.756,47.821],[-3.759,47.816],[-3.745,47.814],[-3.742,47.797],[-3.8,47.788],[-3.802,47.789],[-3.807,47.789],[-3.811,47.794],[-3.818,47.796],[-3.839,47.799],[-3.855,47.79],[-3.844,47.806],[-3.851,47.799],[-3.893,47.833],[-3.902,47.834],[-3.898,47.842],[-3.898,47.844],[-3.899,47.846],[-3.899,47.847],[-3.894,47.842],[-3.887,47.849],[-3.91,47.85],[-3.911,47.853],[-3.913,47.855],[-3.915,47.856],[-3.919,47.856],[-3.899,47.859],[-3.911,47.867],[-3.906,47.877],[-3.917,47.874],[-3.917,47.868],[-3.93,47.871],[-3.932,47.88],[-3.948,47.888],[-3.941,47.894],[-3.943,47.894],[-3.946,47.891],[-3.948,47.891],[-3.948,47.891],[-3.95,47.891],[-3.947,47.896],[-3.948,47.899],[-3.945,47.903],[-3.946,47.905],[-3.954,47.894],[-3.973,47.895],[-3.979,47.902],[-3.983,47.893],[-3.992,47.897],[-3.982,47.889],[-3.973,47.891],[-3.99,47.883],[-3.976,47.854],[-4.04,47.844],[-4.057,47.856],[-4.089,47.862],[-4.064,47.859],[-4.052,47.855],[-4.047,47.852],[-4.063,47.867],[-4.074,47.865],[-4.069,47.869],[-4.068,47.871],[-4.083,47.874],[-4.077,47.867],[-4.099,47.862],[-4.117,47.877],[-4.106,47.881],[-4.124,47.888],[-4.117,47.896],[-4.128,47.893],[-4.141,47.9],[-4.14,47.926],[-4.131,47.925],[-4.13,47.93],[-4.112,47.931],[-4.108,47.942],[-4.104,47.94],[-4.099,47.943],[-4.096,47.939],[-4.08,47.937],[-4.077,47.934],[-4.073,47.933],[-4.069,47.933],[-4.079,47.938],[-4.096,47.942],[-4.085,47.95],[-4.076,47.948],[-4.075,47.948],[-4.082,47.955],[-4.096,47.942],[-4.101,47.944],[-4.11,47.943],[-4.096,47.97],[-4.115,47.976],[-4.116,47.984],[-4.117,47.975],[-4.101,47.971],[-4.119,47.965],[-4.112,47.956],[-4.123,47.954],[-4.113,47.953],[-4.115,47.947],[-4.112,47.936],[-4.141,47.926],[-4.152,47.911],[-4.146,47.897],[-4.166,47.896],[-4.174,47.908],[-4.176,47.907],[-4.171,47.895],[-4.148,47.889],[-4.141,47.896],[-4.13,47.89],[-4.113,47.862],[-4.14,47.859],[-4.169,47.839],[-4.176,47.872],[-4.168,47.875],[-4.184,47.881],[-4.183,47.875],[-4.195,47.876],[-4.197,47.858],[-4.204,47.867],[-4.222,47.868],[-4.196,47.857],[-4.183,47.836],[-4.159,47.831],[-4.174,47.807],[-4.192,47.796],[-4.213,47.803],[-4.211,47.796],[-4.224,47.792],[-4.282,47.792],[-4.274,47.796],[-4.272,47.801],[-4.292,47.792],[-4.294,47.797],[-4.301,47.801],[-4.375,47.797],[-4.372,47.81],[-4.376,47.814],[-4.384,47.813],[-4.381,47.821],[-4.352,47.829],[-4.355,47.837],[-4.346,47.84],[-4.362,47.89],[-4.39,47.929],[-4.451,47.981],[-4.535,48.01],[-4.532,48.021],[-4.535,48.025],[-4.541,48.011],[-4.556,48.01],[-4.566,48.0],[-4.592,48.007],[-4.598,48.015],[-4.623,48.018],[-4.632,48.029],[-4.651,48.022],[-4.697,48.026],[-4.708,48.032],[-4.709,48.032],[-4.712,48.034],[-4.741,48.04],[-4.707,48.045],[-4.715,48.065],[-4.672,48.061],[-4.666,48.073],[-4.632,48.067],[-4.631,48.073],[-4.622,48.068],[-4.608,48.072],[-4.605,48.076],[-4.591,48.074],[-4.582,48.082],[-4.552,48.076],[-4.536,48.09],[-4.486,48.086],[-4.467,48.099],[-4.433,48.097],[-4.416,48.107],[-4.362,48.109],[-4.342,48.096],[-4.327,48.1],[-4.324,48.093],[-4.314,48.093],[-4.307,48.089],[-4.305,48.089],[-4.297,48.092],[-4.299,48.095],[-4.299,48.094],[-4.295,48.097],[-4.296,48.098],[-4.294,48.098],[-4.294,48.1],[-4.291,48.1],[-4.289,48.101],[-4.287,48.103],[-4.284,48.11],[-4.28,48.119],[-4.286,48.126],[-4.276,48.134],[-4.268,48.131],[-4.275,48.156],[-4.296,48.159],[-4.291,48.176],[-4.304,48.196],[-4.334,48.207],[-4.374,48.207],[-4.378,48.219],[-4.434,48.228],[-4.429,48.235],[-4.431,48.237],[-4.433,48.231],[-4.464,48.239],[-4.497,48.234],[-4.504,48.225],[-4.494,48.221],[-4.51,48.212],[-4.518,48.192],[-4.523,48.191],[-4.527,48.186],[-4.54,48.181],[-4.542,48.168],[-4.559,48.17],[-4.552,48.209],[-4.573,48.236],[-4.546,48.24],[-4.544,48.249],[-4.558,48.259],[-4.583,48.251],[-4.613,48.262],[-4.623,48.253],[-4.615,48.274],[-4.631,48.28],[-4.612,48.28],[-4.601,48.288],[-4.593,48.275],[-4.57,48.282],[-4.566,48.288],[-4.571,48.306],[-4.582,48.319],[-4.555,48.338],[-4.532,48.342],[-4.556,48.3],[-4.538,48.293],[-4.536,48.284],[-4.506,48.311],[-4.497,48.305],[-4.518,48.294],[-4.504,48.281],[-4.461,48.295],[-4.419,48.294],[-4.412,48.277],[-4.398,48.275],[-4.354,48.286],[-4.339,48.284],[-4.308,48.297],[-4.288,48.299],[-4.264,48.292],[-4.266,48.285],[-4.28,48.29],[-4.289,48.281],[-4.289,48.273],[-4.255,48.263],[-4.271,48.258],[-4.255,48.26],[-4.243,48.249],[-4.218,48.259],[-4.215,48.243],[-4.207,48.24],[-4.211,48.247],[-4.2,48.249],[-4.214,48.26],[-4.24,48.254],[-4.28,48.279],[-4.233,48.292],[-4.226,48.287],[-4.181,48.296],[-4.239,48.299],[-4.236,48.301],[-4.241,48.306],[-4.242,48.307],[-4.24,48.309],[-4.22,48.314],[-4.245,48.311],[-4.247,48.299],[-4.255,48.309],[-4.282,48.313],[-4.267,48.321],[-4.254,48.322],[-4.254,48.323],[-4.252,48.323],[-4.248,48.326],[-4.243,48.328],[-4.242,48.329],[-4.242,48.329],[-4.255,48.328],[-4.271,48.319],[-4.283,48.323],[-4.293,48.312],[-4.307,48.319],[-4.335,48.313],[-4.32,48.329],[-4.31,48.327],[-4.303,48.331],[-4.317,48.335],[-4.3,48.337],[-4.278,48.344],[-4.292,48.35],[-4.271,48.353],[-4.265,48.356],[-4.261,48.361],[-4.303,48.355],[-4.299,48.345],[-4.33,48.339],[-4.317,48.362],[-4.355,48.343],[-4.353,48.348],[-4.346,48.352],[-4.347,48.353],[-4.342,48.355],[-4.34,48.358],[-4.34,48.358],[-4.367,48.345],[-4.378,48.325],[-4.418,48.324],[-4.391,48.342],[-4.398,48.342],[-4.459,48.327],[-4.439,48.341],[-4.437,48.36],[-4.408,48.381],[-4.311,48.417],[-4.281,48.431],[-4.27,48.445],[-4.314,48.42],[-4.347,48.407],[-4.361,48.41],[-4.402,48.39],[-4.43,48.397],[-4.438,48.382],[-4.454,48.381],[-4.457,48.388],[-4.475,48.379],[-4.475,48.385],[-4.485,48.378],[-4.505,48.379],[-4.534,48.358],[-4.554,48.362],[-4.559,48.354],[-4.609,48.338],[-4.628,48.338],[-4.64,48.347],[-4.681,48.356],[-4.691,48.355],[-4.701,48.35],[-4.698,48.338],[-4.706,48.336],[-4.71,48.331],[-4.738,48.333],[-4.772,48.329],[-4.77,48.348],[-4.782,48.359],[-4.766,48.364],[-4.79,48.362],[-4.786,48.368],[-4.769,48.365],[-4.76,48.374],[-4.763,48.383],[-4.777,48.391],[-4.774,48.393],[-4.774,48.405],[-4.785,48.405],[-4.784,48.407],[-4.787,48.41],[-4.792,48.413],[-4.795,48.413],[-4.795,48.415],[-4.793,48.416],[-4.793,48.417],[-4.793,48.417],[-4.792,48.417],[-4.792,48.418],[-4.791,48.419],[-4.791,48.42],[-4.792,48.421],[-4.789,48.422],[-4.784,48.43],[-4.786,48.436],[-4.776,48.444],[-4.783,48.445],[-4.762,48.469],[-4.76,48.46],[-4.75,48.471],[-4.74,48.47],[-4.731,48.474],[-4.724,48.473],[-4.721,48.475],[-4.719,48.474],[-4.719,48.471],[-4.719,48.47],[-4.717,48.47],[-4.718,48.469],[-4.717,48.468],[-4.717,48.47],[-4.719,48.471],[-4.719,48.475],[-4.725,48.476],[-4.764,48.472],[-4.78,48.498],[-4.767,48.51],[-4.776,48.519],[-4.758,48.521],[-4.766,48.528],[-4.759,48.534],[-4.75,48.528],[-4.746,48.529],[-4.753,48.544],[-4.731,48.556],[-4.716,48.56],[-4.704,48.55],[-4.705,48.57],[-4.685,48.572],[-4.68,48.567],[-4.67,48.576],[-4.654,48.57],[-4.626,48.579],[-4.596,48.571],[-4.595,48.553],[-4.58,48.555],[-4.585,48.56],[-4.556,48.56],[-4.505,48.546],[-4.507,48.553],[-4.535,48.555],[-4.539,48.563],[-4.548,48.558],[-4.553,48.565],[-4.587,48.563],[-4.594,48.575],[-4.609,48.575],[-4.612,48.578],[-4.598,48.608],[-4.586,48.602],[-4.596,48.593],[-4.543,48.599],[-4.515,48.587],[-4.517,48.594],[-4.56,48.604],[-4.552,48.611],[-4.569,48.609],[-4.566,48.626],[-4.542,48.625],[-4.542,48.637],[-4.531,48.629],[-4.513,48.635],[-4.51,48.623],[-4.5,48.621],[-4.465,48.626],[-4.449,48.643],[-4.435,48.635],[-4.433,48.642],[-4.399,48.636],[-4.405,48.642],[-4.433,48.647],[-4.436,48.656],[-4.38,48.659],[-4.374,48.67],[-4.347,48.678],[-4.325,48.675],[-4.326,48.666],[-4.313,48.673],[-4.296,48.665],[-4.299,48.654],[-4.319,48.647],[-4.309,48.644],[-4.315,48.637],[-4.297,48.633],[-4.302,48.64],[-4.283,48.642],[-4.275,48.65],[-4.222,48.656],[-4.234,48.65],[-4.194,48.652],[-4.198,48.658],[-4.221,48.657],[-4.214,48.669],[-4.188,48.686],[-4.13,48.697],[-4.099,48.696],[-4.096,48.686],[-4.083,48.694],[-4.058,48.675],[-4.058,48.67],[-4.056,48.669],[-4.057,48.676],[-4.07,48.688],[-4.055,48.685],[-4.044,48.688],[-4.038,48.687],[-4.038,48.687],[-4.036,48.688],[-4.041,48.689],[-4.057,48.688],[-4.053,48.706],[-4.043,48.703],[-4.035,48.714],[-4.016,48.713],[-4.007,48.728],[-4.001,48.712],[-3.989,48.728],[-3.979,48.723],[-3.97,48.728],[-3.961,48.72],[-3.976,48.7],[-3.958,48.688],[-3.959,48.683],[-3.968,48.69],[-3.972,48.675],[-3.95,48.673],[-3.956,48.646],[-3.941,48.659],[-3.93,48.658],[-3.922,48.676],[-3.891,48.671],[-3.905,48.658],[-3.894,48.643],[-3.86,48.632],[-3.862,48.613],[-3.858,48.609],[-3.864,48.608],[-3.87,48.604],[-3.857,48.609],[-3.849,48.604],[-3.859,48.614],[-3.843,48.629],[-3.865,48.671],[-3.855,48.674],[-3.854,48.662],[-3.846,48.661],[-3.855,48.689],[-3.831,48.714],[-3.821,48.701],[-3.821,48.719],[-3.785,48.701],[-3.758,48.71],[-3.723,48.706],[-3.703,48.69],[-3.68,48.687],[-3.644,48.697],[-3.655,48.682],[-3.639,48.673],[-3.655,48.666],[-3.659,48.662],[-3.66,48.656],[-3.623,48.687],[-3.613,48.684],[-3.61,48.67],[-3.573,48.675],[-3.568,48.686],[-3.584,48.691],[-3.583,48.726],[-3.572,48.724],[-3.565,48.732],[-3.535,48.728],[-3.539,48.732],[-3.504,48.732],[-3.476,48.739],[-3.471,48.738],[-3.47,48.735],[-3.467,48.732],[-3.465,48.731],[-3.47,48.738],[-3.475,48.74],[-3.505,48.733],[-3.55,48.733],[-3.562,48.759],[-3.585,48.758],[-3.578,48.763],[-3.589,48.77],[-3.578,48.782],[-3.584,48.79],[-3.569,48.79],[-3.567,48.798],[-3.554,48.791],[-3.535,48.802],[-3.536,48.811],[-3.548,48.812],[-3.542,48.823],[-3.519,48.819],[-3.526,48.83],[-3.505,48.84],[-3.498,48.837],[-3.51,48.828],[-3.503,48.824],[-3.496,48.831],[-3.484,48.823],[-3.491,48.832],[-3.476,48.838],[-3.459,48.816],[-3.428,48.822],[-3.44,48.798],[-3.398,48.801],[-3.388,48.803],[-3.389,48.816],[-3.354,48.82],[-3.32,48.839],[-3.293,48.83],[-3.275,48.843],[-3.276,48.838],[-3.264,48.835],[-3.234,48.863],[-3.239,48.867],[-3.224,48.87],[-3.206,48.847],[-3.219,48.834],[-3.207,48.838],[-3.203,48.825],[-3.227,48.794],[-3.239,48.791],[-3.239,48.79],[-3.243,48.785],[-3.242,48.788],[-3.248,48.786],[-3.247,48.79],[-3.25,48.791],[-3.252,48.789],[-3.254,48.783],[-3.249,48.79],[-3.249,48.786],[-3.247,48.785],[-3.243,48.787],[-3.244,48.786],[-3.245,48.785],[-3.245,48.784],[-3.227,48.792],[-3.222,48.785],[-3.237,48.76],[-3.255,48.758],[-3.258,48.751],[-3.25,48.751],[-3.22,48.772],[-3.199,48.764],[-3.222,48.775],[-3.215,48.783],[-3.224,48.796],[-3.2,48.815],[-3.183,48.844],[-3.13,48.864],[-3.091,48.871],[-3.072,48.884],[-3.081,48.876],[-3.094,48.869],[-3.102,48.867],[-3.086,48.868],[-3.077,48.859],[-3.076,48.856],[-3.093,48.861],[-3.084,48.848],[-3.1,48.831],[-3.072,48.831],[-3.098,48.805],[-3.099,48.783],[-3.128,48.773],[-3.124,48.758],[-3.148,48.747],[-3.151,48.735],[-3.137,48.733],[-3.131,48.722],[-3.141,48.711],[-3.13,48.719],[-3.132,48.727],[-3.098,48.717],[-3.085,48.717],[-3.097,48.718],[-3.134,48.734],[-3.149,48.736],[-3.117,48.764],[-3.099,48.769],[-3.105,48.78],[-3.095,48.781],[-3.084,48.813],[-3.066,48.822],[-3.054,48.822],[-3.053,48.815],[-3.013,48.821],[-3.017,48.811],[-3.005,48.799],[-3.046,48.785],[-3.009,48.782],[-3.03,48.775],[-2.99,48.762],[-2.961,48.763],[-2.952,48.772],[-2.944,48.757],[-2.928,48.755],[-2.942,48.745],[-2.934,48.737],[-2.945,48.721],[-2.93,48.721],[-2.927,48.709],[-2.904,48.699],[-2.889,48.7],[-2.883,48.676],[-2.859,48.676],[-2.837,48.656],[-2.817,48.65],[-2.827,48.647],[-2.814,48.615],[-2.815,48.601],[-2.819,48.603],[-2.827,48.601],[-2.817,48.601],[-2.821,48.594],[-2.779,48.585],[-2.775,48.572],[-2.76,48.565],[-2.713,48.556],[-2.725,48.547],[-2.719,48.535],[-2.726,48.53],[-2.736,48.529],[-2.738,48.527],[-2.726,48.528],[-2.711,48.533],[-2.715,48.535],[-2.71,48.533],[-2.714,48.52],[-2.672,48.486],[-2.67,48.493],[-2.685,48.498],[-2.675,48.51],[-2.682,48.532],[-2.669,48.536],[-2.654,48.525],[-2.623,48.52],[-2.632,48.538],[-2.576,48.577],[-2.564,48.576],[-2.57,48.584],[-2.553,48.591],[-2.554,48.599],[-2.52,48.6],[-2.474,48.622],[-2.468,48.636],[-2.479,48.634],[-2.488,48.645],[-2.437,48.653],[-2.419,48.647],[-2.421,48.64],[-2.416,48.632],[-2.409,48.636],[-2.418,48.641],[-2.36,48.656],[-2.328,48.673],[-2.318,48.689],[-2.311,48.67],[-2.284,48.669],[-2.312,48.634],[-2.338,48.62],[-2.314,48.61],[-2.274,48.64],[-2.243,48.645],[-2.256,48.636],[-2.238,48.626],[-2.246,48.615],[-2.228,48.611],[-2.225,48.595],[-2.21,48.587],[-2.211,48.576],[-2.226,48.571],[-2.216,48.568],[-2.224,48.553],[-2.224,48.547],[-2.219,48.543],[-2.226,48.54],[-2.226,48.538],[-2.216,48.541],[-2.224,48.547],[-2.215,48.554],[-2.22,48.56],[-2.213,48.568],[-2.217,48.571],[-2.206,48.575],[-2.191,48.594],[-2.196,48.61],[-2.183,48.603],[-2.184,48.578],[-2.166,48.577],[-2.154,48.587],[-2.169,48.593],[-2.172,48.596],[-2.15,48.618],[-2.145,48.62],[-2.138,48.607],[-2.124,48.605],[-2.139,48.611],[-2.15,48.635],[-2.142,48.632],[-2.133,48.639],[-2.124,48.635],[-2.113,48.645],[-2.103,48.633],[-2.104,48.639],[-2.095,48.634],[-2.077,48.641],[-2.047,48.639],[-2.055,48.627],[-2.033,48.627],[-2.031,48.605],[-2.018,48.605],[-2.028,48.597],[-1.996,48.582],[-2.013,48.571],[-1.993,48.559],[-1.99,48.545],[-1.974,48.545],[-1.974,48.532],[-1.996,48.523],[-1.985,48.525],[-1.979,48.516],[-1.986,48.511],[-1.983,48.5],[-1.994,48.498],[-2.002,48.493],[-1.994,48.492],[-1.98,48.499],[-1.981,48.51],[-1.965,48.512],[-1.965,48.527],[-1.952,48.519],[-1.946,48.518],[-1.942,48.52],[-1.955,48.523],[-1.949,48.536],[-1.941,48.536],[-1.946,48.54],[-1.97,48.536],[-1.961,48.55],[-1.964,48.557],[-1.978,48.556],[-1.973,48.565],[-1.987,48.585],[-1.962,48.575],[-1.954,48.578],[-1.966,48.585],[-1.96,48.589],[-1.962,48.593],[-1.973,48.589],[-1.993,48.594],[-1.998,48.59],[-1.997,48.604],[-2.012,48.598],[-2.001,48.615],[-2.015,48.614],[-2.013,48.627],[-2.031,48.634],[-2.019,48.639],[-2.03,48.641],[-2.024,48.646],[-2.032,48.642],[-2.029,48.651],[-1.99,48.664],[-1.982,48.675],[-1.987,48.677],[-1.989,48.684],[-1.937,48.684],[-1.96,48.689],[-1.938,48.694],[-1.937,48.703],[-1.932,48.694],[-1.905,48.69],[-1.89,48.699],[-1.863,48.7],[-1.844,48.713],[-1.849,48.695],[-1.836,48.681],[-1.863,48.668],[-1.872,48.647],[-1.84,48.614],[-1.769,48.602],[-1.665,48.61],[-1.542,48.631],[-1.519,48.627],[-1.512,48.617],[-1.511,48.637],[-1.511,48.619],[-1.489,48.616],[-1.454,48.626],[-1.43,48.619],[-1.431,48.599],[-1.407,48.569],[-1.428,48.553],[-1.399,48.55],[-1.392,48.537],[-1.365,48.533],[-1.357,48.52],[-1.327,48.508],[-1.33,48.485],[-1.315,48.464],[-1.282,48.467],[-1.268,48.445],[-1.252,48.449],[-1.226,48.437],[-1.213,48.438],[-1.206,48.455],[-1.186,48.457],[-1.162,48.448],[-1.148,48.453],[-1.149,48.441],[-1.131,48.419],[-1.111,48.416],[-1.09,48.425],[-1.079,48.419],[-1.103,48.406],[-1.108,48.383],[-1.03,48.379],[-1.011,48.369],[-0.956,48.366],[-0.946,48.352],[-0.927,48.367],[-0.919,48.389],[-0.934,48.402],[-0.921,48.416],[-0.93,48.438],[-0.913,48.452],[-0.899,48.483],[-0.909,48.49],[-0.896,48.495],[-0.922,48.503],[-0.924,48.513],[-0.945,48.515],[-0.94,48.529],[-0.914,48.534],[-0.911,48.526],[-0.9,48.529],[-0.856,48.509],[-0.814,48.545],[-0.774,48.564],[-0.779,48.581],[-0.803,48.594],[-0.791,48.61],[-0.796,48.644],[-0.828,48.638],[-0.863,48.646],[-0.84,48.663],[-0.86,48.668],[-0.836,48.698],[-0.827,48.729],[-0.851,48.732],[-0.852,48.746],[-0.841,48.752],[-0.808,48.76],[-0.819,48.731],[-0.805,48.714],[-0.735,48.686],[-0.733,48.671],[-0.72,48.662],[-0.703,48.692],[-0.659,48.683],[-0.657,48.706],[-0.614,48.698],[-0.599,48.719],[-0.579,48.709],[-0.564,48.722],[-0.49,48.737],[-0.474,48.729],[-0.482,48.706],[-0.47,48.694],[-0.494,48.661],[-0.424,48.647],[-0.363,48.629],[-0.36,48.62],[-0.332,48.619],[-0.287,48.602],[-0.266,48.607],[-0.258,48.619],[-0.241,48.611],[-0.228,48.615],[-0.202,48.59],[-0.192,48.552],[-0.172,48.565],[-0.154,48.554],[-0.137,48.556],[-0.13,48.547],[-0.077,48.564],[-0.055,48.556],[0.048,48.55],[0.106,48.579],[0.143,48.58],[0.159,48.592],[0.17,48.589],[0.169,48.57],[0.196,48.578],[0.207,48.575],[0.225,48.586],[0.272,48.579],[0.253,48.611],[0.297,48.603],[0.302,48.618],[0.317,48.621],[0.326,48.648],[0.349,48.655],[0.353,48.672],[0.342,48.679],[0.356,48.682],[0.362,48.662],[0.369,48.678],[0.383,48.661],[0.398,48.684],[0.389,48.694],[0.398,48.695],[0.406,48.683],[0.409,48.692],[0.429,48.688],[0.451,48.696],[0.462,48.68],[0.49,48.67],[0.478,48.66],[0.509,48.649],[0.538,48.645],[0.566,48.653],[0.572,48.644],[0.584,48.65],[0.598,48.644],[0.609,48.648],[0.611,48.64],[0.589,48.629],[0.558,48.624],[0.556,48.616],[0.578,48.605],[0.646,48.621],[0.659,48.613],[0.689,48.626],[0.714,48.614],[0.726,48.623],[0.756,48.613],[0.783,48.62],[0.799,48.615],[0.802,48.603],[0.847,48.61],[0.849,48.586],[0.836,48.571],[0.849,48.556],[0.831,48.551],[0.831,48.544],[0.863,48.516],[0.927,48.51],[0.955,48.493],[0.956,48.482],[0.936,48.476],[0.939,48.461],[0.958,48.443],[0.984,48.442],[0.986,48.432],[1.023,48.429],[1.024,48.417],[1.01,48.413],[1.012,48.4],[1.042,48.393],[1.021,48.375],[1.037,48.374],[1.041,48.362],[1.083,48.364],[1.095,48.358],[1.098,48.388],[1.11,48.382],[1.141,48.39],[1.136,48.397],[1.177,48.409],[1.171,48.417],[1.232,48.424],[1.235,48.413],[1.252,48.41],[1.243,48.395],[1.249,48.384],[1.271,48.381],[1.282,48.367],[1.3,48.366],[1.35,48.384],[1.372,48.354],[1.402,48.351],[1.412,48.343],[1.442,48.344],[1.436,48.337],[1.447,48.335],[1.452,48.322],[1.526,48.316],[1.526,48.321],[1.546,48.312],[1.547,48.327],[1.557,48.328],[1.548,48.347],[1.573,48.352],[1.582,48.364],[1.588,48.359],[1.596,48.384],[1.617,48.384],[1.62,48.395],[1.779,48.338],[1.776,48.346],[1.793,48.344],[1.811,48.355],[1.825,48.348],[1.848,48.366],[1.868,48.354],[1.874,48.374],[1.905,48.379],[1.901,48.345],[1.919,48.343],[1.927,48.32],[1.911,48.291],[1.891,48.283],[1.901,48.272],[1.898,48.26],[1.921,48.261],[1.934,48.25],[1.962,48.246],[1.963,48.223],[1.979,48.204],[1.971,48.19],[1.962,48.194],[1.967,48.202],[1.957,48.204],[1.951,48.195],[1.971,48.183],[1.971,48.171],[1.951,48.176],[1.941,48.168],[1.925,48.174],[1.905,48.146],[1.955,48.141],[1.955,48.118],[1.966,48.113],[1.999,48.125],[2.01,48.138],[2.048,48.132],[2.015,48.075],[2.03,48.067],[2.029,48.057],[2.051,48.034],[2.089,48.026],[2.092,48.042],[2.105,48.028],[2.107,48.04],[2.107,48.032],[2.137,48.032],[2.151,48.02],[2.196,48.021],[2.241,48.033],[2.259,48.029],[2.26,48.011],[2.33,47.965],[2.335,47.947],[2.322,47.921],[2.347,47.921],[2.359,47.913],[2.357,47.905],[2.378,47.901],[2.38,47.893],[2.392,47.896],[2.392,47.886],[2.407,47.888],[2.401,47.88],[2.418,47.875],[2.417,47.866],[2.442,47.844],[2.545,47.796],[2.597,47.788],[2.602,47.77],[2.634,47.77],[2.664,47.749],[2.672,47.761],[2.704,47.753],[2.693,47.739],[2.715,47.712],[2.736,47.706],[2.755,47.712],[2.781,47.709],[2.811,47.733],[2.849,47.726],[2.861,47.71],[2.879,47.72],[2.879,47.704],[2.926,47.682],[2.918,47.67],[2.963,47.639],[2.963,47.632],[2.985,47.639],[2.989,47.626],[3.01,47.616],[3.02,47.623],[3.034,47.62],[3.047,47.608],[3.038,47.597],[3.072,47.58],[3.101,47.588],[3.12,47.579],[3.123,47.59],[3.173,47.589],[3.172,47.594],[3.208,47.58],[3.22,47.552],[3.229,47.548],[3.241,47.555],[3.254,47.529],[3.271,47.53],[3.297,47.518],[3.285,47.504],[3.296,47.492],[3.307,47.495],[3.34,47.481],[3.338,47.47],[3.352,47.466],[3.327,47.463],[3.317,47.44],[3.324,47.44],[3.309,47.432],[3.284,47.434],[3.294,47.406],[3.316,47.399],[3.302,47.387],[3.287,47.394],[3.256,47.384],[3.249,47.362],[3.299,47.338],[3.307,47.322],[3.355,47.316],[3.368,47.305],[3.367,47.289],[3.395,47.267],[3.384,47.23],[3.399,47.23],[3.412,47.241],[3.458,47.227],[3.474,47.213],[3.482,47.176],[3.511,47.183],[3.52,47.204],[3.534,47.202],[3.545,47.213],[3.564,47.203],[3.595,47.209],[3.614,47.201],[3.612,47.18],[3.643,47.148],[3.665,47.152],[3.664,47.163],[3.678,47.171],[3.694,47.166],[3.706,47.172],[3.716,47.161],[3.76,47.147],[3.775,47.128],[3.806,47.139],[3.803,47.157],[3.812,47.161],[3.823,47.159],[3.828,47.139],[3.84,47.138],[3.845,47.128],[3.876,47.127],[3.877,47.115],[3.895,47.119],[3.903,47.112],[3.921,47.112],[3.915,47.1],[3.924,47.087],[3.907,47.074],[3.915,47.068],[3.9,47.044],[3.945,47.016],[3.945,46.993],[3.956,46.984],[3.974,46.975],[3.99,46.98],[3.985,46.962],[4.017,46.932],[4.012,46.922],[4.037,46.92],[4.048,46.932],[4.041,46.951],[4.056,46.957],[4.039,46.985],[4.01,46.971],[3.994,46.979],[3.996,46.987],[4.056,47.013],[4.062,47.023],[4.057,47.039],[4.074,47.056],[4.039,47.08],[4.054,47.095],[4.051,47.113],[4.06,47.121],[4.091,47.116],[4.095,47.129],[4.114,47.119],[4.107,47.13],[4.117,47.132],[4.115,47.146],[4.145,47.143],[4.185,47.153],[4.197,47.147],[4.21,47.155],[4.207,47.172],[4.194,47.166],[4.193,47.172],[4.183,47.17],[4.174,47.186],[4.124,47.19],[4.122,47.2],[4.103,47.199],[4.124,47.206],[4.117,47.21],[4.127,47.237],[4.177,47.254],[4.187,47.245],[4.203,47.259],[4.227,47.255],[4.243,47.262],[4.263,47.25],[4.291,47.254],[4.308,47.233],[4.348,47.238],[4.392,47.223],[4.412,47.228],[4.43,47.212],[4.456,47.244],[4.498,47.21],[4.509,47.229],[4.529,47.232],[4.542,47.213],[4.529,47.176],[4.568,47.167],[4.569,47.159],[4.594,47.148],[4.579,47.136],[4.595,47.113],[4.589,47.097],[4.606,47.08],[4.635,47.072],[4.626,47.051],[4.609,47.048],[4.649,47.054],[4.686,47.041],[4.67,47.036],[4.659,47.002],[4.632,46.994],[4.621,46.976],[4.609,46.973],[4.599,46.98],[4.574,46.973],[4.593,46.967],[4.596,46.952],[4.587,46.955],[4.584,46.945],[4.609,46.931],[4.606,46.92],[4.588,46.916],[4.587,46.902],[4.558,46.898],[4.535,46.906],[4.535,46.896],[4.521,46.89],[4.534,46.883],[4.521,46.866],[4.538,46.867],[4.538,46.858],[4.554,46.852],[4.504,46.81],[4.523,46.813],[4.545,46.785],[4.505,46.77],[4.49,46.754],[4.499,46.742],[4.515,46.748],[4.532,46.736],[4.545,46.737],[4.532,46.712],[4.52,46.71],[4.505,46.72],[4.5,46.709],[4.486,46.706],[4.495,46.698],[4.487,46.688],[4.515,46.684],[4.506,46.672],[4.523,46.667],[4.527,46.658],[4.494,46.637],[4.491,46.62],[4.481,46.623],[4.471,46.615],[4.471,46.603],[4.452,46.603],[4.428,46.57],[4.439,46.56],[4.469,46.558],[4.472,46.525],[4.461,46.51],[4.484,46.493],[4.467,46.472],[4.498,46.454],[4.476,46.428],[4.48,46.405],[4.447,46.375],[4.451,46.364],[4.442,46.359],[4.427,46.305],[4.457,46.277],[4.439,46.27],[4.437,46.26],[4.488,46.233],[4.486,46.201],[4.478,46.197],[4.482,46.183],[4.468,46.185],[4.439,46.168],[4.417,46.139],[4.431,46.12],[4.441,46.058],[4.449,46.055],[4.424,46.028],[4.431,46.02],[4.419,45.99],[4.39,45.954],[4.39,45.942],[4.404,45.935],[4.396,45.917],[4.404,45.912],[4.38,45.906],[4.346,45.916],[4.323,45.903],[4.35,45.871],[4.363,45.864],[4.395,45.865],[4.382,45.845],[4.395,45.834],[4.421,45.827],[4.441,45.834],[4.429,45.82],[4.449,45.775],[4.46,45.767],[4.432,45.746],[4.438,45.732],[4.424,45.71],[4.445,45.697],[4.433,45.691],[4.399,45.7],[4.393,45.691],[4.37,45.689],[4.366,45.671],[4.393,45.662],[4.37,45.656],[4.366,45.647],[4.393,45.654],[4.409,45.637],[4.446,45.663],[4.474,45.657],[4.507,45.669],[4.504,45.69],[4.524,45.705],[4.541,45.697],[4.56,45.704],[4.583,45.699],[4.576,45.695],[4.599,45.671],[4.587,45.662],[4.596,45.656],[4.591,45.647],[4.61,45.639],[4.612,45.626],[4.603,45.609],[4.58,45.598],[4.58,45.583],[4.525,45.573],[4.503,45.575],[4.497,45.563],[4.505,45.559],[4.486,45.534],[4.49,45.516],[4.471,45.513],[4.466,45.502],[4.455,45.506],[4.466,45.479],[4.459,45.476],[4.474,45.46],[4.46,45.436],[4.481,45.417],[4.476,45.393],[4.526,45.348],[4.482,45.329],[4.473,45.311],[4.487,45.295],[4.456,45.258],[4.491,45.224],[4.477,45.213],[4.473,45.179],[4.447,45.161],[4.443,45.141],[4.457,45.119],[4.438,45.122],[4.436,45.109],[4.423,45.137],[4.374,45.144],[4.369,45.129],[4.4,45.118],[4.4,45.104],[4.372,45.106],[4.359,45.1],[4.367,45.089],[4.355,45.086],[4.36,45.08],[4.347,45.077],[4.346,45.068],[4.365,45.054],[4.377,45.055],[4.38,45.037],[4.341,45.026],[4.31,45.031],[4.311,45.025],[4.302,45.026],[4.29,44.996],[4.314,44.973],[4.252,44.959],[4.236,44.97],[4.222,44.962],[4.217,44.933],[4.182,44.908],[4.177,44.881],[4.205,44.85],[4.227,44.84],[4.255,44.799],[4.231,44.778],[4.189,44.774]],[[0.88,48.06],[0.88,48.058],[0.881,48.058],[0.88,48.06]]],[[[-1.294,46.188],[-1.275,46.16],[-1.255,46.165],[-1.254,46.162],[-1.279,46.144],[-1.324,46.146],[-1.463,46.203],[-1.505,46.193],[-1.535,46.202],[-1.563,46.245],[-1.542,46.243],[-1.5,46.258],[-1.474,46.233],[-1.488,46.229],[-1.499,46.235],[-1.506,46.227],[-1.509,46.227],[-1.515,46.235],[-1.515,46.235],[-1.517,46.221],[-1.506,46.216],[-1.508,46.216],[-1.51,46.216],[-1.512,46.21],[-1.496,46.215],[-1.497,46.203],[-1.49,46.208],[-1.486,46.202],[-1.483,46.203],[-1.485,46.205],[-1.486,46.208],[-1.485,46.21],[-1.477,46.207],[-1.475,46.21],[-1.483,46.213],[-1.457,46.224],[-1.465,46.229],[-1.415,46.231],[-1.419,46.219],[-1.444,46.214],[-1.428,46.204],[-1.359,46.207],[-1.324,46.187],[-1.294,46.188]]],[[[-1.276,46.286],[-1.275,46.285],[-1.276,46.285],[-1.276,46.286]]],[[[-1.277,46.287],[-1.277,46.287],[-1.278,46.287],[-1.277,46.287]]],[[[-1.279,46.285],[-1.278,46.285],[-1.278,46.285],[-1.279,46.285]]],[[[-1.283,46.297],[-1.283,46.297],[-1.283,46.298],[-1.283,46.297]]],[[[-1.827,48.682],[-1.828,48.681],[-1.827,48.684],[-1.827,48.682]]],[[[-1.831,48.721],[-1.83,48.721],[-1.83,48.721],[-1.831,48.721]]],[[[-1.831,48.68],[-1.831,48.679],[-1.832,48.679],[-1.831,48.68]]],[[[-1.835,48.715],[-1.835,48.715],[-1.835,48.715],[-1.835,48.715]]],[[[-1.832,48.678],[-1.832,48.678],[-1.832,48.678],[-1.832,48.678]]],[[[-1.835,48.714],[-1.837,48.711],[-1.84,48.708],[-1.835,48.714]]],[[[-1.896,48.698],[-1.896,48.696],[-1.897,48.697],[-1.896,48.698]]],[[[-1.955,48.699],[-1.953,48.699],[-1.954,48.698],[-1.955,48.699]]],[[[-1.955,48.695],[-1.953,48.694],[-1.953,48.694],[-1.955,48.695]]],[[[-1.954,48.693],[-1.954,48.693],[-1.954,48.693],[-1.954,48.693]]],[[[-1.969,48.69],[-1.969,48.69],[-1.97,48.69],[-1.969,48.69]]],[[[-1.97,48.691],[-1.97,48.691],[-1.97,48.691],[-1.97,48.691]]],[[[-1.97,48.691],[-1.97,48.69],[-1.971,48.69],[-1.97,48.691]]],[[[-1.97,48.692],[-1.97,48.692],[-1.971,48.692],[-1.97,48.692]]],[[[-1.97,48.691],[-1.971,48.691],[-1.972,48.691],[-1.97,48.691]]],[[[-1.983,48.694],[-1.982,48.694],[-1.983,48.694],[-1.983,48.694]]],[[[-1.989,48.592],[-1.988,48.59],[-1.99,48.591],[-1.989,48.592]]],[[[-1.994,48.587],[-1.995,48.587],[-1.995,48.587],[-1.994,48.587]]],[[[-2.007,48.596],[-2.006,48.595],[-2.009,48.595],[-2.007,48.596]]],[[[-2.023,48.655],[-2.024,48.655],[-2.024,48.655],[-2.023,48.655]]],[[[-2.032,48.653],[-2.034,48.652],[-2.034,48.653],[-2.032,48.653]]],[[[-2.044,48.684],[-2.044,48.683],[-2.044,48.683],[-2.044,48.684]]],[[[-2.046,48.688],[-2.046,48.687],[-2.047,48.688],[-2.046,48.688]]],[[[-2.047,48.688],[-2.047,48.688],[-2.047,48.688],[-2.047,48.688]]],[[[-2.049,48.688],[-2.049,48.688],[-2.05,48.688],[-2.049,48.688]]],[[[-2.05,48.688],[-2.05,48.688],[-2.05,48.688],[-2.05,48.688]]],[[[-2.059,48.68],[-2.058,48.68],[-2.059,48.68],[-2.059,48.68]]],[[[-2.059,48.681],[-2.059,48.681],[-2.059,48.681],[-2.059,48.681]]],[[[-2.069,48.679],[-2.072,48.675],[-2.075,48.675],[-2.069,48.679]]],[[[-2.071,48.676],[-2.071,48.676],[-2.071,48.676],[-2.071,48.676]]],[[[-2.07,48.653],[-2.069,48.653],[-2.069,48.653],[-2.07,48.653]]],[[[-2.071,48.655],[-2.07,48.654],[-2.07,48.654],[-2.071,48.655]]],[[[-2.071,48.655],[-2.071,48.655],[-2.071,48.655],[-2.071,48.655]]],[[[-2.076,48.675],[-2.076,48.675],[-2.075,48.675],[-2.076,48.675],[-2.076,48.675]]],[[[-2.073,48.643],[-2.073,48.642],[-2.073,48.642],[-2.073,48.643]]],[[[-2.074,48.643],[-2.074,48.643],[-2.074,48.643],[-2.074,48.643]]],[[[-2.078,48.675],[-2.077,48.675],[-2.077,48.675],[-2.078,48.675]]],[[[-2.091,48.654],[-2.09,48.654],[-2.09,48.653],[-2.091,48.654]]],[[[-2.091,48.654],[-2.091,48.654],[-2.091,48.654],[-2.091,48.654]]],[[[-2.1,48.662],[-2.1,48.662],[-2.1,48.662],[-2.1,48.662]]],[[[-2.113,48.647],[-2.112,48.646],[-2.113,48.646],[-2.113,48.647]]],[[[-2.113,48.648],[-2.113,48.647],[-2.113,48.647],[-2.113,48.648]]],[[[-2.14,48.635],[-2.139,48.634],[-2.14,48.635],[-2.14,48.635]]],[[[-2.14,48.635],[-2.14,48.635],[-2.141,48.635],[-2.14,48.635]]],[[[-2.153,48.621],[-2.153,48.62],[-2.155,48.621],[-2.153,48.621]]],[[[-2.155,48.63],[-2.154,48.629],[-2.155,48.629],[-2.155,48.63]]],[[[-2.156,48.641],[-2.162,48.637],[-2.157,48.641],[-2.156,48.641]]],[[[-2.189,48.627],[-2.193,48.619],[-2.196,48.62],[-2.189,48.627]]],[[[-2.232,46.974],[-2.157,46.95],[-2.148,46.939],[-2.149,46.893],[-2.208,46.958],[-2.23,46.966],[-2.259,46.958],[-2.301,46.989],[-2.292,47.011],[-2.307,47.025],[-2.253,47.028],[-2.225,47.017],[-2.219,46.991],[-2.222,46.99],[-2.241,46.999],[-2.248,47.0],[-2.234,46.991],[-2.239,46.99],[-2.24,46.989],[-2.242,46.989],[-2.245,46.988],[-2.245,46.987],[-2.246,46.986],[-2.245,46.986],[-2.246,46.985],[-2.247,46.984],[-2.232,46.989],[-2.232,46.974]]],[[[-2.374,46.734],[-2.318,46.72],[-2.286,46.696],[-2.284,46.688],[-2.312,46.696],[-2.333,46.686],[-2.369,46.702],[-2.381,46.699],[-2.4,46.726],[-2.374,46.734]]],[[[-2.35,47.256],[-2.346,47.257],[-2.349,47.256],[-2.35,47.256]]],[[[-2.361,47.043],[-2.356,47.041],[-2.354,47.038],[-2.361,47.043]]],[[[-2.393,46.71],[-2.393,46.71],[-2.393,46.709],[-2.393,46.71]]],[[[-2.399,46.721],[-2.399,46.721],[-2.399,46.721],[-2.399,46.721]]],[[[-2.401,46.725],[-2.401,46.724],[-2.401,46.724],[-2.401,46.725]]],[[[-2.491,47.44],[-2.49,47.439],[-2.491,47.44],[-2.491,47.44]]],[[[-2.495,47.45],[-2.495,47.45],[-2.496,47.45],[-2.495,47.45]]],[[[-2.505,47.519],[-2.506,47.519],[-2.506,47.519],[-2.505,47.519]]],[[[-2.507,47.519],[-2.507,47.519],[-2.507,47.519],[-2.507,47.519]]],[[[-2.518,47.521],[-2.518,47.521],[-2.518,47.521],[-2.518,47.521]]],[[[-2.511,47.295],[-2.51,47.295],[-2.51,47.294],[-2.511,47.295]]],[[[-2.512,47.297],[-2.512,47.296],[-2.513,47.297],[-2.512,47.297]]],[[[-2.514,47.298],[-2.512,47.298],[-2.513,47.297],[-2.514,47.298]]],[[[-2.55,47.51],[-2.55,47.51],[-2.55,47.51],[-2.55,47.51]]],[[[-2.622,47.414],[-2.623,47.409],[-2.626,47.41],[-2.622,47.414]]],[[[-2.72,47.584],[-2.72,47.584],[-2.72,47.584],[-2.72,47.584]]],[[[-2.722,47.587],[-2.721,47.587],[-2.722,47.587],[-2.722,47.587]]],[[[-2.723,47.601],[-2.724,47.599],[-2.726,47.6],[-2.723,47.601]]],[[[-2.731,47.597],[-2.73,47.596],[-2.73,47.596],[-2.731,47.597]]],[[[-2.73,47.582],[-2.728,47.573],[-2.739,47.584],[-2.73,47.582]]],[[[-2.733,47.572],[-2.732,47.572],[-2.733,47.571],[-2.733,47.572]]],[[[-2.731,47.559],[-2.732,47.558],[-2.732,47.559],[-2.731,47.559]]],[[[-2.736,47.555],[-2.736,47.554],[-2.737,47.554],[-2.736,47.555]]],[[[-2.744,47.574],[-2.744,47.573],[-2.744,47.573],[-2.744,47.574]]],[[[-2.746,47.576],[-2.75,47.576],[-2.747,47.579],[-2.746,47.576]]],[[[-2.746,47.553],[-2.745,47.553],[-2.745,47.553],[-2.746,47.553]]],[[[-2.771,47.61],[-2.754,47.607],[-2.753,47.602],[-2.77,47.606],[-2.771,47.61]]],[[[-2.755,47.573],[-2.754,47.572],[-2.755,47.573],[-2.755,47.573]]],[[[-2.88,48.703],[-2.879,48.703],[-2.879,48.703],[-2.88,48.703]]],[[[-2.763,47.592],[-2.764,47.591],[-2.765,47.592],[-2.763,47.592]]],[[[-2.767,47.625],[-2.767,47.625],[-2.767,47.625],[-2.767,47.625]]],[[[-2.762,47.569],[-2.762,47.569],[-2.762,47.569],[-2.762,47.569]]],[[[-2.787,47.616],[-2.775,47.615],[-2.774,47.613],[-2.787,47.616]]],[[[-2.895,48.703],[-2.896,48.702],[-2.895,48.703],[-2.895,48.703]]],[[[-2.776,47.596],[-2.779,47.587],[-2.793,47.594],[-2.81,47.578],[-2.817,47.585],[-2.793,47.606],[-2.789,47.594],[-2.776,47.596]]],[[[-2.785,47.578],[-2.785,47.578],[-2.786,47.578],[-2.785,47.578]]],[[[-2.787,47.557],[-2.786,47.558],[-2.786,47.557],[-2.787,47.557]]],[[[-2.787,47.562],[-2.787,47.562],[-2.787,47.562],[-2.787,47.562]]],[[[-2.79,47.579],[-2.795,47.57],[-2.794,47.579],[-2.79,47.579]]],[[[-2.794,47.567],[-2.79,47.564],[-2.789,47.562],[-2.795,47.564],[-2.794,47.567]]],[[[-2.801,47.61],[-2.805,47.607],[-2.806,47.609],[-2.801,47.61]]],[[[-2.805,47.567],[-2.805,47.561],[-2.81,47.564],[-2.805,47.567]]],[[[-2.809,47.597],[-2.811,47.595],[-2.813,47.599],[-2.809,47.597]]],[[[-2.816,47.615],[-2.815,47.614],[-2.816,47.614],[-2.816,47.615]]],[[[-2.816,47.613],[-2.817,47.611],[-2.818,47.611],[-2.816,47.613]]],[[[-2.947,48.781],[-2.949,48.778],[-2.953,48.779],[-2.947,48.781]]],[[[-2.817,47.6],[-2.816,47.6],[-2.817,47.6],[-2.817,47.6]]],[[[-2.95,48.776],[-2.948,48.774],[-2.951,48.774],[-2.95,48.776]]],[[[-2.824,47.6],[-2.823,47.599],[-2.824,47.599],[-2.824,47.6]]],[[[-2.841,47.594],[-2.824,47.589],[-2.847,47.589],[-2.856,47.573],[-2.848,47.568],[-2.86,47.56],[-2.855,47.6],[-2.838,47.608],[-2.841,47.594]]],[[[-2.959,48.78],[-2.959,48.78],[-2.96,48.78],[-2.959,48.78]]],[[[-2.828,47.585],[-2.827,47.584],[-2.828,47.585],[-2.828,47.585]]],[[[-2.829,47.587],[-2.829,47.586],[-2.83,47.587],[-2.829,47.587]]],[[[-2.832,47.607],[-2.832,47.606],[-2.833,47.606],[-2.832,47.607]]],[[[-2.829,47.559],[-2.832,47.557],[-2.831,47.56],[-2.829,47.559]]],[[[-2.981,48.848],[-2.979,48.845],[-2.982,48.848],[-2.981,48.848]]],[[[-2.981,48.861],[-2.981,48.859],[-2.983,48.859],[-2.981,48.861]]],[[[-2.986,48.866],[-2.998,48.851],[-3.013,48.857],[-2.986,48.866]]],[[[-2.983,48.845],[-2.986,48.845],[-2.987,48.845],[-2.983,48.845]]],[[[-2.98,48.8],[-2.982,48.796],[-2.986,48.797],[-2.98,48.8]]],[[[-2.85,47.613],[-2.847,47.61],[-2.852,47.612],[-2.85,47.613]]],[[[-2.988,48.849],[-2.988,48.846],[-2.991,48.845],[-2.988,48.849]]],[[[-2.988,48.84],[-2.994,48.838],[-2.992,48.842],[-2.988,48.84]]],[[[-2.845,47.56],[-2.844,47.555],[-2.848,47.554],[-2.845,47.56]]],[[[-2.847,47.562],[-2.85,47.561],[-2.85,47.563],[-2.847,47.562]]],[[[-2.994,48.85],[-2.996,48.839],[-3.011,48.837],[-3.014,48.851],[-2.994,48.85]]],[[[-2.835,47.325],[-2.835,47.325],[-2.835,47.325],[-2.835,47.325]]],[[[-2.837,47.326],[-2.835,47.325],[-2.835,47.325],[-2.835,47.325],[-2.837,47.326]]],[[[-2.835,47.325],[-2.835,47.325],[-2.835,47.325],[-2.835,47.325]]],[[[-2.835,47.324],[-2.835,47.324],[-2.835,47.324],[-2.835,47.324]]],[[[-2.835,47.327],[-2.836,47.327],[-2.836,47.327],[-2.835,47.327]]],[[[-2.835,47.321],[-2.835,47.321],[-2.835,47.321],[-2.835,47.321]]],[[[-2.868,47.579],[-2.869,47.577],[-2.87,47.577],[-2.868,47.579]]],[[[-3.022,48.843],[-3.015,48.841],[-3.019,48.839],[-3.022,48.843]]],[[[-3.018,48.847],[-3.019,48.846],[-3.02,48.846],[-3.018,48.847]]],[[[-3.018,48.836],[-3.02,48.835],[-3.022,48.838],[-3.018,48.836]]],[[[-2.859,47.334],[-2.859,47.334],[-2.86,47.334],[-2.859,47.334]]],[[[-2.86,47.335],[-2.86,47.334],[-2.86,47.334],[-2.86,47.335]]],[[[-2.885,47.566],[-2.887,47.563],[-2.888,47.563],[-2.885,47.566]]],[[[-2.861,47.342],[-2.861,47.342],[-2.861,47.342],[-2.861,47.342]]],[[[-2.883,47.343],[-2.876,47.343],[-2.864,47.349],[-2.861,47.341],[-2.875,47.335],[-2.882,47.329],[-2.891,47.338],[-2.887,47.341],[-2.888,47.343],[-2.892,47.346],[-2.883,47.343]]],[[[-2.888,47.572],[-2.887,47.567],[-2.889,47.565],[-2.888,47.572]]],[[[-2.861,47.33],[-2.861,47.329],[-2.861,47.329],[-2.861,47.33]]],[[[-2.862,47.336],[-2.861,47.336],[-2.862,47.336],[-2.862,47.336]]],[[[-2.889,47.583],[-2.889,47.575],[-2.891,47.575],[-2.889,47.583]]],[[[-2.865,47.337],[-2.865,47.337],[-2.865,47.337],[-2.865,47.337]]],[[[-3.038,48.864],[-3.04,48.859],[-3.045,48.859],[-3.038,48.864]]],[[[-2.87,47.336],[-2.87,47.336],[-2.87,47.335],[-2.87,47.336]]],[[[-2.897,47.569],[-2.897,47.568],[-2.898,47.568],[-2.897,47.569]]],[[[-2.898,47.577],[-2.898,47.571],[-2.901,47.572],[-2.898,47.577]]],[[[-2.874,47.33],[-2.874,47.33],[-2.875,47.33],[-2.874,47.33]]],[[[-2.875,47.33],[-2.875,47.33],[-2.876,47.33],[-2.875,47.33]]],[[[-2.877,47.333],[-2.877,47.333],[-2.877,47.333],[-2.877,47.333]]],[[[-2.877,47.332],[-2.877,47.332],[-2.877,47.332],[-2.877,47.332]]],[[[-2.91,47.578],[-2.906,47.568],[-2.908,47.567],[-2.91,47.578]]],[[[-2.881,47.33],[-2.881,47.33],[-2.881,47.33],[-2.881,47.33]]],[[[-2.913,47.579],[-2.914,47.578],[-2.914,47.579],[-2.913,47.579]]],[[[-2.888,47.345],[-2.888,47.345],[-2.888,47.345],[-2.888,47.345]]],[[[-2.889,47.347],[-2.889,47.347],[-2.889,47.347],[-2.889,47.347]]],[[[-2.888,47.333],[-2.888,47.332],[-2.888,47.332],[-2.888,47.333]]],[[[-2.889,47.332],[-2.889,47.332],[-2.889,47.332],[-2.889,47.332]]],[[[-2.89,47.344],[-2.89,47.344],[-2.89,47.344],[-2.89,47.344]]],[[[-2.891,47.347],[-2.891,47.347],[-2.891,47.347],[-2.891,47.347]]],[[[-2.891,47.347],[-2.891,47.347],[-2.892,47.347],[-2.891,47.347]]],[[[-2.892,47.338],[-2.892,47.338],[-2.892,47.338],[-2.892,47.338]]],[[[-2.92,47.57],[-2.921,47.569],[-2.921,47.569],[-2.92,47.57]]],[[[-2.923,47.575],[-2.921,47.573],[-2.921,47.572],[-2.924,47.574],[-2.923,47.575]]],[[[-2.929,47.586],[-2.93,47.584],[-2.933,47.585],[-2.929,47.586]]],[[[-2.928,47.581],[-2.929,47.577],[-2.93,47.581],[-2.928,47.581]]],[[[-3.078,48.849],[-3.081,48.848],[-3.078,48.849],[-3.078,48.849]]],[[[-2.938,47.582],[-2.936,47.582],[-2.937,47.582],[-2.938,47.582]]],[[[-2.937,47.581],[-2.937,47.581],[-2.937,47.581],[-2.937,47.581]]],[[[-2.933,47.537],[-2.933,47.537],[-2.933,47.537],[-2.933,47.537]]],[[[-2.935,47.538],[-2.936,47.537],[-2.936,47.538],[-2.935,47.538]]],[[[-2.945,47.53],[-2.946,47.528],[-2.949,47.528],[-2.945,47.53]]],[[[-2.938,47.389],[-2.937,47.389],[-2.938,47.388],[-2.938,47.389]]],[[[-2.938,47.394],[-2.954,47.383],[-2.95,47.381],[-2.949,47.376],[-2.95,47.375],[-2.958,47.383],[-2.986,47.395],[-2.994,47.393],[-2.991,47.397],[-2.994,47.399],[-2.991,47.4],[-2.993,47.401],[-2.992,47.401],[-2.993,47.402],[-2.968,47.393],[-2.938,47.394]]],[[[-2.943,47.397],[-2.942,47.397],[-2.942,47.397],[-2.943,47.397]]],[[[-2.946,47.373],[-2.947,47.371],[-2.948,47.372],[-2.946,47.373]]],[[[-2.95,47.403],[-2.95,47.403],[-2.949,47.404],[-2.95,47.403]]],[[[-2.946,47.37],[-2.946,47.369],[-2.947,47.369],[-2.946,47.37]]],[[[-2.949,47.375],[-2.948,47.374],[-2.948,47.374],[-2.949,47.374],[-2.949,47.375]]],[[[-2.949,47.374],[-2.949,47.373],[-2.949,47.374],[-2.949,47.374]]],[[[-2.974,47.564],[-2.974,47.563],[-2.975,47.563],[-2.974,47.564]]],[[[-2.956,47.377],[-2.956,47.376],[-2.957,47.376],[-2.956,47.377]]],[[[-2.962,47.384],[-2.963,47.383],[-2.963,47.383],[-2.962,47.384]]],[[[-2.962,47.353],[-2.961,47.352],[-2.962,47.352],[-2.962,47.353]]],[[[-2.971,47.358],[-2.97,47.355],[-2.973,47.357],[-2.971,47.358]]],[[[-3.002,47.563],[-3.001,47.563],[-3.002,47.562],[-3.002,47.563]]],[[[-2.993,47.402],[-2.993,47.401],[-2.994,47.402],[-2.993,47.402]]],[[[-2.994,47.402],[-2.994,47.402],[-2.994,47.402],[-2.994,47.402]]],[[[-2.995,47.402],[-2.995,47.402],[-2.995,47.402],[-2.995,47.402]]],[[[-2.997,47.399],[-2.998,47.398],[-2.998,47.399],[-2.997,47.399]]],[[[-2.997,47.395],[-2.997,47.393],[-2.999,47.394],[-2.997,47.395]]],[[[-3.018,47.567],[-3.018,47.567],[-3.018,47.567],[-3.018,47.567]]],[[[-3.004,47.408],[-3.005,47.408],[-3.005,47.408],[-3.004,47.408]]],[[[-3.181,48.873],[-3.18,48.866],[-3.184,48.864],[-3.184,48.872],[-3.192,48.871],[-3.195,48.875],[-3.181,48.873]]],[[[-3.016,47.412],[-3.015,47.411],[-3.017,47.411],[-3.016,47.412]]],[[[-3.192,48.867],[-3.198,48.864],[-3.196,48.868],[-3.192,48.867]]],[[[-3.045,47.575],[-3.044,47.573],[-3.045,47.574],[-3.045,47.575]]],[[[-3.027,47.417],[-3.027,47.416],[-3.027,47.416],[-3.027,47.417]]],[[[-3.202,48.854],[-3.203,48.85],[-3.205,48.854],[-3.202,48.854]]],[[[-3.068,47.466],[-3.066,47.465],[-3.068,47.465],[-3.068,47.466]]],[[[-3.148,47.333],[-3.099,47.316],[-3.069,47.317],[-3.057,47.31],[-3.093,47.278],[-3.095,47.283],[-3.119,47.291],[-3.124,47.291],[-3.127,47.289],[-3.128,47.288],[-3.13,47.287],[-3.141,47.286],[-3.141,47.287],[-3.143,47.287],[-3.138,47.289],[-3.139,47.293],[-3.142,47.29],[-3.142,47.29],[-3.15,47.294],[-3.154,47.294],[-3.16,47.292],[-3.167,47.302],[-3.222,47.294],[-3.226,47.304],[-3.235,47.301],[-3.239,47.31],[-3.247,47.311],[-3.236,47.327],[-3.243,47.332],[-3.249,47.331],[-3.253,47.349],[-3.257,47.349],[-3.257,47.351],[-3.26,47.35],[-3.259,47.352],[-3.264,47.352],[-3.256,47.369],[-3.263,47.372],[-3.246,47.371],[-3.249,47.388],[-3.236,47.378],[-3.219,47.379],[-3.222,47.369],[-3.218,47.363],[-3.217,47.374],[-3.216,47.373],[-3.212,47.373],[-3.21,47.373],[-3.207,47.371],[-3.201,47.373],[-3.195,47.365],[-3.19,47.365],[-3.191,47.363],[-3.173,47.359],[-3.157,47.365],[-3.151,47.347],[-3.152,47.349],[-3.159,47.348],[-3.164,47.345],[-3.151,47.347],[-3.148,47.333]]],[[[-3.076,47.468],[-3.076,47.466],[-3.077,47.466],[-3.076,47.468]]],[[[-3.247,48.863],[-3.246,48.862],[-3.247,48.862],[-3.247,48.863]]],[[[-3.068,47.298],[-3.068,47.298],[-3.068,47.298],[-3.068,47.298]]],[[[-3.262,48.856],[-3.258,48.854],[-3.26,48.849],[-3.262,48.856]]],[[[-3.272,48.841],[-3.274,48.839],[-3.273,48.841],[-3.272,48.841]]],[[[-3.092,47.278],[-3.092,47.278],[-3.092,47.278],[-3.092,47.278]]],[[[-3.289,48.85],[-3.279,48.849],[-3.279,48.848],[-3.276,48.847],[-3.276,48.845],[-3.289,48.85]]],[[[-3.282,48.847],[-3.279,48.844],[-3.284,48.845],[-3.282,48.847]]],[[[-3.097,47.283],[-3.097,47.283],[-3.097,47.283],[-3.097,47.283]]],[[[-3.13,47.535],[-3.13,47.535],[-3.13,47.535],[-3.13,47.535]]],[[[-3.102,47.284],[-3.102,47.284],[-3.103,47.284],[-3.102,47.284]]],[[[-3.102,47.284],[-3.103,47.284],[-3.103,47.284],[-3.102,47.284]]],[[[-3.103,47.284],[-3.103,47.284],[-3.103,47.284],[-3.103,47.284]]],[[[-3.104,47.284],[-3.104,47.284],[-3.104,47.284],[-3.104,47.284]]],[[[-3.108,47.287],[-3.108,47.287],[-3.108,47.287],[-3.108,47.287]]],[[[-3.109,47.287],[-3.109,47.287],[-3.109,47.287],[-3.109,47.287]]],[[[-3.109,47.287],[-3.109,47.287],[-3.109,47.287],[-3.109,47.287]]],[[[-3.294,48.84],[-3.294,48.838],[-3.295,48.839],[-3.294,48.84]]],[[[-3.112,47.288],[-3.112,47.288],[-3.112,47.288],[-3.112,47.288]]],[[[-3.134,47.475],[-3.134,47.474],[-3.135,47.475],[-3.134,47.475]]],[[[-3.296,48.847],[-3.296,48.844],[-3.298,48.846],[-3.296,48.847]]],[[[-3.296,48.84],[-3.297,48.839],[-3.298,48.841],[-3.296,48.84]]],[[[-3.113,47.288],[-3.113,47.288],[-3.113,47.288],[-3.113,47.288]]],[[[-3.304,48.852],[-3.302,48.85],[-3.301,48.849],[-3.304,48.852]]],[[[-3.146,47.534],[-3.146,47.533],[-3.147,47.534],[-3.146,47.534]]],[[[-3.123,47.33],[-3.123,47.329],[-3.124,47.329],[-3.123,47.33]]],[[[-3.119,47.289],[-3.118,47.289],[-3.119,47.289],[-3.119,47.289]]],[[[-3.302,48.85],[-3.308,48.843],[-3.311,48.847],[-3.302,48.85]]],[[[-3.119,47.29],[-3.119,47.29],[-3.119,47.29],[-3.119,47.29]]],[[[-3.12,47.289],[-3.119,47.289],[-3.119,47.289],[-3.12,47.289]]],[[[-3.12,47.289],[-3.12,47.288],[-3.12,47.289],[-3.12,47.289]]],[[[-3.122,47.29],[-3.122,47.29],[-3.122,47.29],[-3.122,47.29]]],[[[-3.122,47.291],[-3.122,47.29],[-3.122,47.29],[-3.122,47.291]]],[[[-3.144,47.484],[-3.144,47.484],[-3.144,47.484],[-3.144,47.484]]],[[[-3.151,47.538],[-3.151,47.538],[-3.151,47.538],[-3.151,47.538]]],[[[-3.145,47.484],[-3.145,47.484],[-3.146,47.483],[-3.145,47.484]]],[[[-3.152,47.539],[-3.152,47.538],[-3.152,47.538],[-3.152,47.539]]],[[[-3.147,47.493],[-3.146,47.493],[-3.146,47.493],[-3.147,47.493]]],[[[-3.123,47.291],[-3.123,47.29],[-3.123,47.29],[-3.123,47.291]]],[[[-3.148,47.495],[-3.147,47.495],[-3.148,47.495],[-3.148,47.495]]],[[[-3.17,47.689],[-3.172,47.686],[-3.173,47.687],[-3.17,47.689]]],[[[-3.126,47.29],[-3.126,47.29],[-3.126,47.29],[-3.126,47.29]]],[[[-3.152,47.513],[-3.152,47.512],[-3.152,47.512],[-3.152,47.513]]],[[[-3.152,47.513],[-3.152,47.513],[-3.152,47.513],[-3.152,47.513]]],[[[-3.155,47.542],[-3.155,47.541],[-3.156,47.541],[-3.155,47.542]]],[[[-3.151,47.502],[-3.151,47.502],[-3.151,47.502],[-3.151,47.502]]],[[[-3.153,47.518],[-3.153,47.518],[-3.153,47.518],[-3.153,47.518]]],[[[-3.155,47.532],[-3.155,47.532],[-3.156,47.532],[-3.155,47.532]]],[[[-3.157,47.542],[-3.157,47.542],[-3.157,47.542],[-3.157,47.542]]],[[[-3.158,47.547],[-3.158,47.546],[-3.158,47.547],[-3.158,47.547]]],[[[-3.157,47.534],[-3.157,47.533],[-3.157,47.533],[-3.157,47.534]]],[[[-3.175,47.687],[-3.176,47.685],[-3.176,47.685],[-3.175,47.687]]],[[[-3.179,47.69],[-3.176,47.687],[-3.179,47.686],[-3.179,47.69]]],[[[-3.156,47.51],[-3.157,47.51],[-3.157,47.51],[-3.156,47.51]]],[[[-3.178,47.685],[-3.177,47.684],[-3.179,47.685],[-3.178,47.685]]],[[[-3.167,47.557],[-3.163,47.555],[-3.165,47.555],[-3.167,47.557]]],[[[-3.163,47.554],[-3.164,47.552],[-3.165,47.552],[-3.163,47.554]]],[[[-3.163,47.547],[-3.163,47.547],[-3.163,47.547],[-3.163,47.547]]],[[[-3.161,47.524],[-3.16,47.523],[-3.16,47.523],[-3.161,47.524]]],[[[-3.161,47.523],[-3.161,47.523],[-3.161,47.523],[-3.161,47.523]]],[[[-3.162,47.528],[-3.162,47.528],[-3.162,47.528],[-3.162,47.528]]],[[[-3.163,47.53],[-3.162,47.53],[-3.162,47.53],[-3.163,47.53]]],[[[-3.163,47.531],[-3.163,47.531],[-3.163,47.531],[-3.163,47.531]]],[[[-3.163,47.532],[-3.163,47.532],[-3.163,47.532],[-3.163,47.532]]],[[[-3.163,47.53],[-3.163,47.53],[-3.163,47.53],[-3.163,47.53]]],[[[-3.163,47.53],[-3.163,47.53],[-3.163,47.53],[-3.163,47.53]]],[[[-3.164,47.532],[-3.164,47.532],[-3.164,47.532],[-3.164,47.532]]],[[[-3.319,48.846],[-3.32,48.844],[-3.322,48.845],[-3.319,48.846]]],[[[-3.164,47.529],[-3.164,47.529],[-3.164,47.529],[-3.164,47.529]]],[[[-3.324,48.842],[-3.32,48.841],[-3.32,48.841],[-3.324,48.842]]],[[[-3.185,47.688],[-3.185,47.686],[-3.186,47.688],[-3.185,47.688]]],[[[-3.139,47.289],[-3.139,47.289],[-3.139,47.289],[-3.139,47.289]]],[[[-3.14,47.289],[-3.14,47.289],[-3.14,47.289],[-3.14,47.289]]],[[[-3.188,47.686],[-3.187,47.686],[-3.188,47.686],[-3.188,47.686]]],[[[-3.174,47.564],[-3.173,47.564],[-3.174,47.564],[-3.174,47.564]]],[[[-3.188,47.686],[-3.188,47.686],[-3.188,47.686],[-3.188,47.686]]],[[[-3.142,47.287],[-3.142,47.287],[-3.142,47.287],[-3.142,47.287]]],[[[-3.143,47.29],[-3.143,47.29],[-3.143,47.29],[-3.143,47.29]]],[[[-3.143,47.29],[-3.143,47.29],[-3.144,47.29],[-3.143,47.29]]],[[[-3.143,47.287],[-3.144,47.286],[-3.144,47.286],[-3.143,47.287]]],[[[-3.184,47.612],[-3.184,47.611],[-3.184,47.611],[-3.184,47.612]]],[[[-3.177,47.551],[-3.178,47.55],[-3.177,47.551],[-3.177,47.551]]],[[[-3.148,47.292],[-3.148,47.292],[-3.148,47.292],[-3.148,47.292]]],[[[-3.197,47.686],[-3.195,47.686],[-3.196,47.685],[-3.197,47.686]]],[[[-3.15,47.293],[-3.15,47.293],[-3.15,47.293],[-3.15,47.293]]],[[[-3.152,47.294],[-3.152,47.294],[-3.152,47.294],[-3.152,47.294]]],[[[-3.152,47.294],[-3.152,47.294],[-3.152,47.294],[-3.152,47.294]]],[[[-3.198,47.682],[-3.197,47.681],[-3.198,47.681],[-3.198,47.682]]],[[[-3.198,47.678],[-3.198,47.677],[-3.198,47.678],[-3.198,47.678]]],[[[-3.198,47.68],[-3.198,47.68],[-3.199,47.68],[-3.198,47.68]]],[[[-3.336,48.836],[-3.336,48.835],[-3.337,48.836],[-3.336,48.836]]],[[[-3.155,47.293],[-3.155,47.293],[-3.155,47.293],[-3.155,47.293]]],[[[-3.199,47.678],[-3.199,47.678],[-3.2,47.678],[-3.199,47.678]]],[[[-3.155,47.293],[-3.155,47.293],[-3.156,47.293],[-3.155,47.293]]],[[[-3.202,47.688],[-3.202,47.688],[-3.202,47.688],[-3.202,47.688]]],[[[-3.156,47.292],[-3.156,47.292],[-3.156,47.292],[-3.156,47.292]]],[[[-3.2,47.61],[-3.198,47.608],[-3.198,47.608],[-3.2,47.61]]],[[[-3.163,47.296],[-3.163,47.296],[-3.164,47.296],[-3.163,47.296]]],[[[-3.164,47.298],[-3.164,47.297],[-3.164,47.298],[-3.164,47.298]]],[[[-3.164,47.298],[-3.164,47.298],[-3.164,47.298],[-3.164,47.298]]],[[[-3.164,47.298],[-3.164,47.298],[-3.164,47.298],[-3.164,47.298]]],[[[-3.172,47.361],[-3.171,47.361],[-3.172,47.361],[-3.172,47.361]]],[[[-3.166,47.298],[-3.166,47.298],[-3.167,47.298],[-3.166,47.298]]],[[[-3.167,47.298],[-3.167,47.298],[-3.167,47.298],[-3.167,47.298]]],[[[-3.168,47.299],[-3.168,47.299],[-3.168,47.299],[-3.168,47.299]]],[[[-3.176,47.363],[-3.176,47.363],[-3.176,47.363],[-3.176,47.363]]],[[[-3.213,47.666],[-3.212,47.665],[-3.213,47.666],[-3.213,47.666]]],[[[-3.175,47.301],[-3.175,47.301],[-3.175,47.301],[-3.175,47.301]]],[[[-3.176,47.3],[-3.176,47.3],[-3.176,47.3],[-3.176,47.3]]],[[[-3.178,47.299],[-3.178,47.299],[-3.178,47.299],[-3.178,47.299]]],[[[-3.178,47.299],[-3.178,47.299],[-3.178,47.299],[-3.178,47.299]]],[[[-3.179,47.299],[-3.179,47.299],[-3.18,47.299],[-3.179,47.299]]],[[[-3.183,47.295],[-3.183,47.295],[-3.184,47.295],[-3.183,47.295]]],[[[-3.185,47.295],[-3.185,47.295],[-3.186,47.295],[-3.185,47.295]]],[[[-3.195,47.367],[-3.195,47.367],[-3.195,47.367],[-3.195,47.367]]],[[[-3.195,47.367],[-3.195,47.367],[-3.195,47.367],[-3.195,47.367]]],[[[-3.198,47.37],[-3.198,47.37],[-3.198,47.37],[-3.198,47.37]]],[[[-3.203,47.372],[-3.203,47.372],[-3.203,47.372],[-3.203,47.372]]],[[[-3.195,47.294],[-3.195,47.292],[-3.197,47.293],[-3.195,47.294]]],[[[-3.205,47.372],[-3.205,47.372],[-3.205,47.372],[-3.205,47.372]]],[[[-3.197,47.293],[-3.196,47.293],[-3.197,47.293],[-3.197,47.293]]],[[[-3.198,47.293],[-3.198,47.293],[-3.198,47.293],[-3.198,47.293]]],[[[-3.213,47.374],[-3.213,47.374],[-3.213,47.374],[-3.213,47.374]]],[[[-3.213,47.374],[-3.213,47.374],[-3.213,47.374],[-3.213,47.374]]],[[[-3.215,47.374],[-3.214,47.374],[-3.215,47.374],[-3.215,47.374]]],[[[-3.217,47.373],[-3.217,47.373],[-3.217,47.373],[-3.217,47.373]]],[[[-3.218,47.378],[-3.218,47.378],[-3.218,47.378],[-3.218,47.378]]],[[[-3.218,47.377],[-3.218,47.377],[-3.218,47.377],[-3.218,47.377]]],[[[-3.219,47.376],[-3.219,47.376],[-3.219,47.376],[-3.219,47.376]]],[[[-3.221,47.38],[-3.221,47.38],[-3.221,47.38],[-3.221,47.38]]],[[[-3.223,47.379],[-3.223,47.379],[-3.223,47.379],[-3.223,47.379]]],[[[-3.213,47.294],[-3.213,47.294],[-3.214,47.294],[-3.213,47.294]]],[[[-3.213,47.294],[-3.213,47.294],[-3.214,47.294],[-3.213,47.294]]],[[[-3.214,47.292],[-3.214,47.291],[-3.214,47.292],[-3.214,47.292]]],[[[-3.214,47.292],[-3.215,47.292],[-3.215,47.292],[-3.214,47.292]]],[[[-3.216,47.294],[-3.216,47.294],[-3.216,47.294],[-3.216,47.294]]],[[[-3.228,47.38],[-3.228,47.379],[-3.229,47.379],[-3.228,47.38]]],[[[-3.218,47.293],[-3.218,47.292],[-3.219,47.293],[-3.218,47.293]]],[[[-3.22,47.294],[-3.22,47.294],[-3.22,47.294],[-3.22,47.294]]],[[[-3.233,47.38],[-3.233,47.379],[-3.233,47.379],[-3.233,47.38]]],[[[-3.408,48.843],[-3.407,48.83],[-3.411,48.843],[-3.408,48.843]]],[[[-3.224,47.299],[-3.225,47.299],[-3.225,47.299],[-3.224,47.299]]],[[[-3.225,47.295],[-3.225,47.295],[-3.226,47.295],[-3.225,47.295]]],[[[-3.226,47.3],[-3.227,47.3],[-3.227,47.3],[-3.226,47.3]]],[[[-3.228,47.297],[-3.227,47.295],[-3.228,47.296],[-3.228,47.297]]],[[[-3.227,47.3],[-3.228,47.3],[-3.228,47.3],[-3.227,47.3]]],[[[-3.229,47.301],[-3.228,47.3],[-3.229,47.301],[-3.229,47.301]]],[[[-3.229,47.3],[-3.229,47.3],[-3.23,47.3],[-3.229,47.3]]],[[[-3.229,47.297],[-3.23,47.296],[-3.23,47.296],[-3.229,47.297]]],[[[-3.233,47.302],[-3.232,47.301],[-3.232,47.301],[-3.233,47.302]]],[[[-3.242,47.387],[-3.243,47.387],[-3.243,47.387],[-3.242,47.387]]],[[[-3.233,47.301],[-3.235,47.301],[-3.235,47.301],[-3.233,47.301]]],[[[-3.244,47.388],[-3.244,47.388],[-3.244,47.387],[-3.244,47.388]]],[[[-3.234,47.3],[-3.234,47.299],[-3.235,47.299],[-3.234,47.3]]],[[[-3.239,47.324],[-3.24,47.323],[-3.24,47.324],[-3.239,47.324]]],[[[-3.24,47.327],[-3.24,47.327],[-3.24,47.327],[-3.24,47.327]]],[[[-3.24,47.327],[-3.24,47.327],[-3.241,47.327],[-3.24,47.327]]],[[[-3.247,47.388],[-3.247,47.388],[-3.247,47.388],[-3.247,47.388]]],[[[-3.248,47.389],[-3.248,47.389],[-3.248,47.389],[-3.248,47.389]]],[[[-3.239,47.304],[-3.239,47.304],[-3.239,47.304],[-3.239,47.304]]],[[[-3.239,47.303],[-3.239,47.302],[-3.239,47.303],[-3.239,47.303]]],[[[-3.249,47.389],[-3.252,47.387],[-3.253,47.39],[-3.249,47.389]]],[[[-3.242,47.321],[-3.241,47.321],[-3.242,47.321],[-3.242,47.321]]],[[[-3.24,47.305],[-3.239,47.305],[-3.24,47.305],[-3.24,47.305]]],[[[-3.24,47.306],[-3.24,47.305],[-3.24,47.306],[-3.24,47.306]]],[[[-3.24,47.307],[-3.24,47.307],[-3.24,47.307],[-3.24,47.307]]],[[[-3.24,47.306],[-3.24,47.306],[-3.241,47.306],[-3.24,47.306]]],[[[-3.25,47.387],[-3.251,47.386],[-3.252,47.386],[-3.25,47.387]]],[[[-3.249,47.382],[-3.249,47.382],[-3.249,47.382],[-3.249,47.382]]],[[[-3.242,47.322],[-3.242,47.322],[-3.243,47.322],[-3.242,47.322]]],[[[-3.25,47.386],[-3.25,47.386],[-3.25,47.386],[-3.25,47.386]]],[[[-3.243,47.329],[-3.244,47.329],[-3.245,47.329],[-3.243,47.329]]],[[[-3.241,47.307],[-3.242,47.307],[-3.241,47.307],[-3.241,47.307]]],[[[-3.243,47.322],[-3.243,47.322],[-3.243,47.322],[-3.243,47.322]]],[[[-3.25,47.384],[-3.25,47.384],[-3.25,47.384],[-3.25,47.384]]],[[[-3.25,47.386],[-3.25,47.385],[-3.25,47.386],[-3.25,47.386]]],[[[-3.241,47.305],[-3.241,47.305],[-3.241,47.305],[-3.241,47.305]]],[[[-3.242,47.306],[-3.242,47.306],[-3.242,47.306],[-3.242,47.306]]],[[[-3.253,47.39],[-3.252,47.39],[-3.252,47.39],[-3.253,47.39]]],[[[-3.251,47.384],[-3.251,47.384],[-3.251,47.384],[-3.251,47.384]]],[[[-3.242,47.306],[-3.242,47.306],[-3.243,47.306],[-3.242,47.306]]],[[[-3.252,47.381],[-3.251,47.38],[-3.252,47.38],[-3.252,47.381]]],[[[-3.243,47.304],[-3.243,47.304],[-3.243,47.304],[-3.243,47.304],[-3.243,47.304]]],[[[-3.245,47.32],[-3.245,47.32],[-3.245,47.32],[-3.245,47.32]]],[[[-3.245,47.319],[-3.245,47.319],[-3.245,47.32],[-3.245,47.319]]],[[[-3.245,47.317],[-3.245,47.317],[-3.245,47.317],[-3.245,47.317]]],[[[-3.253,47.387],[-3.253,47.387],[-3.253,47.387],[-3.253,47.387]]],[[[-3.435,48.9],[-3.439,48.898],[-3.437,48.901],[-3.435,48.9]]],[[[-3.254,47.388],[-3.254,47.388],[-3.254,47.388],[-3.254,47.388]]],[[[-3.254,47.377],[-3.253,47.377],[-3.254,47.377],[-3.254,47.377]]],[[[-3.247,47.316],[-3.247,47.316],[-3.247,47.316],[-3.247,47.316]]],[[[-3.246,47.311],[-3.247,47.311],[-3.247,47.311],[-3.246,47.311]]],[[[-3.247,47.313],[-3.247,47.313],[-3.248,47.313],[-3.247,47.313]]],[[[-3.248,47.311],[-3.247,47.31],[-3.249,47.312],[-3.248,47.311]]],[[[-3.248,47.311],[-3.248,47.311],[-3.248,47.311],[-3.248,47.311]]],[[[-3.248,47.314],[-3.248,47.313],[-3.249,47.314],[-3.248,47.314]]],[[[-3.299,47.701],[-3.294,47.701],[-3.294,47.7],[-3.296,47.7],[-3.299,47.701]]],[[[-3.251,47.312],[-3.249,47.31],[-3.252,47.311],[-3.251,47.312]]],[[[-3.25,47.314],[-3.249,47.313],[-3.251,47.314],[-3.25,47.314]]],[[[-3.254,47.337],[-3.254,47.336],[-3.254,47.336],[-3.254,47.337]]],[[[-3.252,47.311],[-3.252,47.311],[-3.252,47.311],[-3.252,47.311]]],[[[-3.256,47.34],[-3.255,47.339],[-3.256,47.339],[-3.256,47.34]]],[[[-3.261,47.366],[-3.261,47.366],[-3.261,47.366],[-3.261,47.366]]],[[[-3.262,47.366],[-3.261,47.366],[-3.261,47.366],[-3.262,47.366]]],[[[-3.261,47.365],[-3.261,47.364],[-3.261,47.364],[-3.261,47.365]]],[[[-3.26,47.351],[-3.26,47.351],[-3.261,47.35],[-3.26,47.351]]],[[[-3.262,47.368],[-3.262,47.367],[-3.262,47.367],[-3.262,47.368]]],[[[-3.263,47.367],[-3.262,47.367],[-3.263,47.367],[-3.263,47.367]]],[[[-3.263,47.367],[-3.263,47.367],[-3.264,47.367],[-3.263,47.367]]],[[[-3.263,47.36],[-3.264,47.36],[-3.264,47.36],[-3.263,47.36]]],[[[-3.309,47.702],[-3.311,47.704],[-3.308,47.702],[-3.309,47.702]]],[[[-3.315,47.705],[-3.314,47.702],[-3.317,47.705],[-3.315,47.705]]],[[[-3.464,48.893],[-3.462,48.891],[-3.466,48.89],[-3.464,48.893]]],[[[-3.482,48.885],[-3.477,48.881],[-3.486,48.881],[-3.482,48.885]]],[[[-3.49,48.88],[-3.491,48.877],[-3.495,48.879],[-3.49,48.88]]],[[[-3.501,48.884],[-3.495,48.883],[-3.502,48.883],[-3.501,48.884]]],[[[-3.492,48.837],[-3.493,48.835],[-3.494,48.836],[-3.492,48.837]]],[[[-3.357,47.725],[-3.36,47.726],[-3.357,47.728],[-3.357,47.725]]],[[[-3.359,47.703],[-3.358,47.702],[-3.358,47.702],[-3.359,47.703]]],[[[-3.527,48.834],[-3.528,48.832],[-3.528,48.834],[-3.527,48.834]]],[[[-3.531,48.833],[-3.531,48.831],[-3.533,48.832],[-3.531,48.833]]],[[[-3.531,48.827],[-3.532,48.825],[-3.533,48.827],[-3.531,48.827]]],[[[-3.544,48.824],[-3.543,48.823],[-3.545,48.824],[-3.544,48.824]]],[[[-3.542,48.804],[-3.542,48.803],[-3.543,48.804],[-3.542,48.804]]],[[[-3.548,48.807],[-3.548,48.805],[-3.548,48.805],[-3.548,48.807]]],[[[-3.552,48.812],[-3.552,48.811],[-3.553,48.812],[-3.552,48.812]]],[[[-3.556,48.805],[-3.556,48.801],[-3.557,48.805],[-3.556,48.805]]],[[[-3.562,48.827],[-3.561,48.826],[-3.561,48.826],[-3.562,48.827]]],[[[-3.563,48.813],[-3.561,48.811],[-3.559,48.81],[-3.563,48.811],[-3.563,48.813]]],[[[-3.514,47.652],[-3.416,47.635],[-3.421,47.62],[-3.439,47.629],[-3.463,47.62],[-3.486,47.629],[-3.482,47.632],[-3.483,47.634],[-3.505,47.639],[-3.515,47.647],[-3.513,47.649],[-3.513,47.651],[-3.514,47.652]]],[[[-3.563,48.802],[-3.584,48.794],[-3.591,48.802],[-3.567,48.808],[-3.563,48.802]]],[[[-3.576,48.812],[-3.574,48.811],[-3.574,48.811],[-3.576,48.812]]],[[[-3.443,47.624],[-3.443,47.623],[-3.443,47.623],[-3.443,47.624]]],[[[-3.443,47.623],[-3.443,47.622],[-3.443,47.622],[-3.443,47.623]]],[[[-3.602,48.801],[-3.591,48.796],[-3.6,48.797],[-3.602,48.801]]],[[[-3.452,47.645],[-3.452,47.645],[-3.452,47.645],[-3.452,47.645]]],[[[-3.452,47.645],[-3.452,47.645],[-3.452,47.645],[-3.452,47.645]]],[[[-3.595,48.793],[-3.595,48.792],[-3.595,48.791],[-3.595,48.793]]],[[[-3.597,48.791],[-3.596,48.789],[-3.598,48.791],[-3.597,48.791]]],[[[-3.598,48.771],[-3.599,48.767],[-3.603,48.772],[-3.598,48.771]]],[[[-3.607,48.796],[-3.612,48.795],[-3.611,48.798],[-3.607,48.796]]],[[[-3.465,47.649],[-3.465,47.649],[-3.466,47.649],[-3.465,47.649]]],[[[-3.61,48.782],[-3.609,48.78],[-3.61,48.781],[-3.61,48.782]]],[[[-3.484,47.632],[-3.484,47.632],[-3.484,47.632],[-3.484,47.632]]],[[[-3.487,47.629],[-3.486,47.629],[-3.486,47.629],[-3.487,47.629]]],[[[-3.505,47.735],[-3.505,47.735],[-3.506,47.735],[-3.505,47.735]]],[[[-3.505,47.734],[-3.505,47.734],[-3.506,47.734],[-3.505,47.734]]],[[[-3.506,47.735],[-3.506,47.735],[-3.506,47.735],[-3.506,47.735]]],[[[-3.498,47.654],[-3.498,47.654],[-3.499,47.654],[-3.498,47.654]]],[[[-3.505,47.638],[-3.505,47.638],[-3.506,47.638],[-3.505,47.638]]],[[[-3.514,47.652],[-3.514,47.652],[-3.514,47.652],[-3.514,47.652]]],[[[-3.54,47.762],[-3.54,47.762],[-3.54,47.762],[-3.54,47.762]]],[[[-3.544,47.763],[-3.544,47.763],[-3.544,47.763],[-3.544,47.763]]],[[[-3.545,47.764],[-3.545,47.764],[-3.545,47.764],[-3.545,47.764]]],[[[-3.546,47.765],[-3.546,47.765],[-3.546,47.765],[-3.546,47.765]]],[[[-3.551,47.763],[-3.551,47.763],[-3.551,47.763],[-3.551,47.763]]],[[[-3.552,47.763],[-3.552,47.763],[-3.552,47.763],[-3.552,47.763]]],[[[-3.555,47.764],[-3.555,47.764],[-3.556,47.764],[-3.555,47.764]]],[[[-3.565,47.769],[-3.565,47.768],[-3.565,47.769],[-3.565,47.769]]],[[[-3.565,47.769],[-3.565,47.768],[-3.566,47.769],[-3.565,47.769]]],[[[-3.567,47.769],[-3.567,47.769],[-3.567,47.769],[-3.567,47.769]]],[[[-3.573,47.769],[-3.573,47.769],[-3.573,47.77],[-3.573,47.769]]],[[[-3.578,47.767],[-3.578,47.767],[-3.578,47.767],[-3.578,47.767]]],[[[-3.578,47.768],[-3.578,47.768],[-3.578,47.768],[-3.578,47.768]]],[[[-3.58,47.767],[-3.58,47.767],[-3.58,47.767],[-3.58,47.767]]],[[[-3.583,47.768],[-3.582,47.768],[-3.582,47.768],[-3.583,47.768]]],[[[-3.583,47.768],[-3.583,47.768],[-3.583,47.768],[-3.583,47.768]]],[[[-3.586,47.768],[-3.586,47.768],[-3.586,47.768],[-3.586,47.768]]],[[[-3.587,47.767],[-3.587,47.767],[-3.588,47.767],[-3.587,47.767]]],[[[-3.594,47.768],[-3.594,47.768],[-3.595,47.768],[-3.594,47.768]]],[[[-3.596,47.769],[-3.596,47.769],[-3.596,47.769],[-3.596,47.769]]],[[[-3.6,47.769],[-3.6,47.769],[-3.6,47.769],[-3.6,47.769]]],[[[-3.604,47.77],[-3.604,47.77],[-3.604,47.77],[-3.604,47.77]]],[[[-3.61,47.77],[-3.61,47.77],[-3.61,47.77],[-3.61,47.77]]],[[[-3.64,47.774],[-3.64,47.774],[-3.64,47.774],[-3.64,47.774]]],[[[-3.643,47.774],[-3.643,47.774],[-3.643,47.774],[-3.643,47.774]]],[[[-3.672,47.778],[-3.672,47.778],[-3.671,47.778],[-3.672,47.778]]],[[[-3.672,47.778],[-3.673,47.778],[-3.673,47.778],[-3.672,47.778]]],[[[-3.674,47.776],[-3.674,47.776],[-3.675,47.776],[-3.674,47.776]]],[[[-3.675,47.776],[-3.675,47.776],[-3.675,47.776],[-3.675,47.776]]],[[[-3.675,47.776],[-3.675,47.776],[-3.675,47.776],[-3.675,47.776]]],[[[-3.675,47.776],[-3.676,47.776],[-3.675,47.776],[-3.675,47.776]]],[[[-3.676,47.776],[-3.676,47.776],[-3.676,47.776],[-3.676,47.776]]],[[[-3.677,47.776],[-3.677,47.776],[-3.677,47.776],[-3.677,47.776]]],[[[-3.677,47.776],[-3.677,47.776],[-3.677,47.776],[-3.677,47.776]]],[[[-3.677,47.776],[-3.677,47.776],[-3.677,47.776],[-3.677,47.776]]],[[[-3.688,47.779],[-3.688,47.779],[-3.688,47.779],[-3.688,47.779]]],[[[-3.69,47.781],[-3.691,47.781],[-3.69,47.781],[-3.69,47.781]]],[[[-3.824,48.72],[-3.821,48.72],[-3.821,48.719],[-3.824,48.72]]],[[[-3.706,47.788],[-3.705,47.787],[-3.706,47.787],[-3.706,47.788]]],[[[-3.706,47.787],[-3.706,47.787],[-3.706,47.787],[-3.706,47.787]]],[[[-3.826,48.71],[-3.826,48.71],[-3.827,48.71],[-3.826,48.71]]],[[[-3.719,47.806],[-3.719,47.806],[-3.718,47.806],[-3.719,47.806]]],[[[-3.732,47.803],[-3.732,47.803],[-3.732,47.803],[-3.732,47.803]]],[[[-3.744,47.796],[-3.744,47.796],[-3.744,47.796],[-3.744,47.796]]],[[[-3.746,47.795],[-3.746,47.795],[-3.746,47.795],[-3.746,47.795]]],[[[-3.863,48.677],[-3.866,48.676],[-3.866,48.677],[-3.863,48.677]]],[[[-3.75,47.793],[-3.75,47.794],[-3.75,47.793],[-3.75,47.793]]],[[[-3.752,47.793],[-3.752,47.793],[-3.752,47.793],[-3.752,47.793]]],[[[-3.884,48.676],[-3.884,48.676],[-3.884,48.675],[-3.884,48.676]]],[[[-3.889,48.674],[-3.889,48.673],[-3.889,48.674],[-3.889,48.674]]],[[[-3.893,48.691],[-3.893,48.69],[-3.894,48.691],[-3.893,48.691]]],[[[-3.895,48.674],[-3.895,48.673],[-3.895,48.674],[-3.895,48.674]]],[[[-3.909,48.704],[-3.91,48.702],[-3.91,48.703],[-3.909,48.704]]],[[[-3.797,47.77],[-3.797,47.77],[-3.797,47.77],[-3.797,47.77]]],[[[-3.799,47.783],[-3.799,47.783],[-3.799,47.783],[-3.799,47.783]]],[[[-3.802,47.785],[-3.799,47.783],[-3.803,47.784],[-3.802,47.785]]],[[[-3.801,47.788],[-3.801,47.788],[-3.801,47.788],[-3.801,47.788]]],[[[-3.801,47.786],[-3.801,47.786],[-3.801,47.786],[-3.801,47.786]]],[[[-3.799,47.771],[-3.8,47.773],[-3.799,47.772],[-3.799,47.771]]],[[[-3.801,47.783],[-3.801,47.783],[-3.801,47.783],[-3.801,47.783]]],[[[-3.799,47.77],[-3.799,47.77],[-3.799,47.77],[-3.799,47.77]]],[[[-3.926,48.7],[-3.919,48.684],[-3.923,48.68],[-3.929,48.692],[-3.926,48.7]]],[[[-3.802,47.784],[-3.802,47.784],[-3.802,47.784],[-3.802,47.784]]],[[[-3.92,48.691],[-3.92,48.69],[-3.921,48.69],[-3.92,48.691]]],[[[-3.801,47.77],[-3.801,47.77],[-3.801,47.77],[-3.801,47.77]]],[[[-3.801,47.77],[-3.801,47.77],[-3.801,47.77],[-3.801,47.77]]],[[[-3.801,47.77],[-3.801,47.77],[-3.801,47.77],[-3.801,47.77]]],[[[-3.801,47.77],[-3.801,47.77],[-3.802,47.77],[-3.801,47.77]]],[[[-3.802,47.77],[-3.802,47.77],[-3.802,47.77],[-3.802,47.77]]],[[[-3.803,47.77],[-3.803,47.77],[-3.803,47.77],[-3.803,47.77]]],[[[-3.81,47.792],[-3.811,47.792],[-3.812,47.792],[-3.811,47.793],[-3.81,47.792]]],[[[-3.927,48.683],[-3.927,48.682],[-3.927,48.682],[-3.927,48.683]]],[[[-3.927,48.678],[-3.927,48.678],[-3.927,48.678],[-3.927,48.678]]],[[[-3.929,48.678],[-3.929,48.677],[-3.929,48.678],[-3.929,48.678]]],[[[-3.942,48.661],[-3.941,48.66],[-3.943,48.66],[-3.942,48.661]]],[[[-3.963,48.715],[-3.963,48.715],[-3.964,48.714],[-3.963,48.715]]],[[[-3.844,47.794],[-3.844,47.794],[-3.843,47.794],[-3.844,47.794]]],[[[-3.846,47.792],[-3.846,47.792],[-3.846,47.792],[-3.846,47.792]]],[[[-3.846,47.792],[-3.846,47.792],[-3.846,47.792],[-3.846,47.792]]],[[[-3.847,47.792],[-3.846,47.792],[-3.847,47.792],[-3.847,47.792]]],[[[-3.971,48.737],[-3.97,48.735],[-3.972,48.736],[-3.971,48.737]]],[[[-3.85,47.792],[-3.85,47.792],[-3.85,47.792],[-3.85,47.792]]],[[[-3.852,47.796],[-3.852,47.796],[-3.852,47.796],[-3.852,47.796]]],[[[-3.853,47.796],[-3.853,47.796],[-3.853,47.796],[-3.853,47.796]]],[[[-3.853,47.796],[-3.853,47.796],[-3.853,47.796],[-3.853,47.796]]],[[[-3.853,47.791],[-3.853,47.791],[-3.853,47.791],[-3.853,47.791]]],[[[-3.854,47.791],[-3.853,47.791],[-3.853,47.791],[-3.854,47.791]]],[[[-3.855,47.793],[-3.856,47.793],[-3.856,47.794],[-3.855,47.793]]],[[[-3.856,47.79],[-3.856,47.79],[-3.856,47.79],[-3.856,47.79]]],[[[-3.856,47.79],[-3.856,47.79],[-3.856,47.79],[-3.856,47.79]]],[[[-3.856,47.79],[-3.856,47.79],[-3.856,47.79],[-3.856,47.79]]],[[[-4.023,48.753],[-3.99,48.745],[-3.992,48.737],[-4.041,48.746],[-4.023,48.753]]],[[[-4.009,48.727],[-4.009,48.728],[-4.008,48.727],[-4.009,48.727]]],[[[-3.896,47.847],[-3.896,47.847],[-3.896,47.847],[-3.896,47.847]]],[[[-3.899,47.843],[-3.898,47.843],[-3.898,47.843],[-3.899,47.843]]],[[[-3.899,47.843],[-3.899,47.843],[-3.899,47.843],[-3.899,47.843]]],[[[-3.899,47.833],[-3.899,47.833],[-3.899,47.833],[-3.899,47.833]]],[[[-3.9,47.834],[-3.9,47.834],[-3.9,47.834],[-3.9,47.834]]],[[[-3.903,47.841],[-3.902,47.841],[-3.903,47.841],[-3.903,47.841]]],[[[-3.903,47.834],[-3.902,47.834],[-3.902,47.834],[-3.903,47.834]]],[[[-3.902,47.835],[-3.902,47.835],[-3.902,47.835],[-3.902,47.835]]],[[[-3.903,47.837],[-3.903,47.837],[-3.903,47.837],[-3.903,47.837]]],[[[-3.904,47.842],[-3.904,47.842],[-3.903,47.842],[-3.904,47.842]]],[[[-3.903,47.837],[-3.903,47.836],[-3.903,47.837],[-3.903,47.837]]],[[[-3.903,47.836],[-3.903,47.836],[-3.903,47.836],[-3.903,47.836]]],[[[-3.904,47.837],[-3.904,47.837],[-3.904,47.837],[-3.904,47.837]]],[[[-3.913,47.871],[-3.914,47.873],[-3.912,47.873],[-3.913,47.871]]],[[[-3.912,47.869],[-3.912,47.87],[-3.912,47.87],[-3.912,47.869]]],[[[-3.911,47.853],[-3.911,47.853],[-3.911,47.853],[-3.911,47.853]]],[[[-3.913,47.854],[-3.913,47.854],[-3.913,47.854],[-3.913,47.854]]],[[[-3.913,47.854],[-3.913,47.854],[-3.913,47.854],[-3.913,47.854]]],[[[-3.916,47.858],[-3.916,47.858],[-3.916,47.858],[-3.916,47.858]]],[[[-3.916,47.855],[-3.915,47.855],[-3.916,47.855],[-3.916,47.855]]],[[[-3.917,47.856],[-3.917,47.855],[-3.917,47.855],[-3.917,47.856]]],[[[-3.925,47.868],[-3.925,47.868],[-3.925,47.868],[-3.925,47.868]]],[[[-3.931,47.871],[-3.93,47.871],[-3.93,47.871],[-3.931,47.871]]],[[[-3.931,47.871],[-3.931,47.871],[-3.931,47.871],[-3.931,47.871]]],[[[-3.932,47.877],[-3.932,47.877],[-3.932,47.877],[-3.932,47.877]]],[[[-4.069,48.707],[-4.06,48.703],[-4.073,48.705],[-4.069,48.707]]],[[[-4.076,48.707],[-4.077,48.706],[-4.077,48.708],[-4.076,48.707]]],[[[-3.951,47.721],[-3.957,47.712],[-3.955,47.725],[-3.951,47.721]]],[[[-3.966,47.712],[-3.965,47.713],[-3.967,47.712],[-3.966,47.712]]],[[[-3.974,47.725],[-3.974,47.725],[-3.974,47.725],[-3.974,47.725]]],[[[-3.98,47.704],[-3.979,47.703],[-3.98,47.703],[-3.98,47.704]]],[[[-3.991,47.724],[-3.994,47.722],[-3.995,47.723],[-3.991,47.724]]],[[[-3.993,47.717],[-3.994,47.716],[-3.995,47.717],[-3.993,47.717]]],[[[-3.993,47.708],[-4.0,47.702],[-4.0,47.711],[-3.993,47.708]]],[[[-4.009,47.723],[-4.001,47.726],[-3.996,47.723],[-4.009,47.723]]],[[[-4.0,47.73],[-3.999,47.729],[-4.0,47.729],[-4.0,47.73]]],[[[-4.004,47.718],[-4.005,47.717],[-4.006,47.718],[-4.004,47.718]]],[[[-4.005,47.716],[-4.005,47.715],[-4.006,47.716],[-4.005,47.716]]],[[[-4.011,47.719],[-4.011,47.716],[-4.013,47.717],[-4.011,47.719]]],[[[-4.013,47.71],[-4.014,47.709],[-4.014,47.71],[-4.013,47.71]]],[[[-4.016,47.708],[-4.015,47.707],[-4.016,47.707],[-4.016,47.708]]],[[[-4.016,47.71],[-4.017,47.709],[-4.018,47.71],[-4.016,47.71]]],[[[-4.027,47.777],[-4.027,47.777],[-4.027,47.777],[-4.027,47.777]]],[[[-4.031,47.775],[-4.027,47.774],[-4.028,47.774],[-4.031,47.775]]],[[[-4.034,47.725],[-4.034,47.724],[-4.036,47.725],[-4.034,47.725]]],[[[-4.113,47.946],[-4.113,47.946],[-4.113,47.946],[-4.113,47.946]]],[[[-4.193,47.865],[-4.176,47.855],[-4.178,47.851],[-4.193,47.865]]],[[[-4.184,47.846],[-4.177,47.844],[-4.177,47.841],[-4.184,47.846]]],[[[-4.24,48.292],[-4.241,48.292],[-4.241,48.292],[-4.24,48.292]]],[[[-4.185,47.853],[-4.184,47.853],[-4.184,47.852],[-4.185,47.853]]],[[[-4.184,47.849],[-4.186,47.851],[-4.184,47.851],[-4.184,47.849]]],[[[-4.277,48.283],[-4.282,48.284],[-4.279,48.285],[-4.277,48.283]]],[[[-4.274,48.146],[-4.274,48.146],[-4.275,48.146],[-4.274,48.146]]],[[[-4.311,48.328],[-4.31,48.328],[-4.311,48.328],[-4.311,48.328]]],[[[-4.284,48.121],[-4.283,48.121],[-4.283,48.121],[-4.284,48.121]]],[[[-4.286,48.126],[-4.286,48.126],[-4.286,48.126],[-4.286,48.126]]],[[[-4.287,48.126],[-4.287,48.126],[-4.287,48.126],[-4.287,48.126]]],[[[-4.321,48.334],[-4.321,48.334],[-4.321,48.334],[-4.321,48.334]]],[[[-4.299,48.169],[-4.299,48.168],[-4.299,48.168],[-4.299,48.169]]],[[[-4.29,48.101],[-4.29,48.101],[-4.29,48.101],[-4.29,48.101]]],[[[-4.323,48.333],[-4.322,48.333],[-4.323,48.333],[-4.323,48.333]]],[[[-4.291,48.101],[-4.291,48.101],[-4.291,48.101],[-4.291,48.101]]],[[[-4.293,48.1],[-4.292,48.1],[-4.292,48.1],[-4.293,48.1]]],[[[-4.294,48.1],[-4.294,48.1],[-4.294,48.1],[-4.294,48.1]]],[[[-4.294,48.099],[-4.294,48.099],[-4.294,48.099],[-4.294,48.099]]],[[[-4.299,48.095],[-4.299,48.095],[-4.299,48.095],[-4.299,48.095]]],[[[-4.34,48.313],[-4.336,48.313],[-4.338,48.312],[-4.34,48.313]]],[[[-4.306,48.089],[-4.306,48.089],[-4.306,48.089],[-4.306,48.089]]],[[[-4.403,48.639],[-4.406,48.639],[-4.404,48.64],[-4.403,48.639]]],[[[-4.335,48.101],[-4.339,48.102],[-4.338,48.103],[-4.335,48.101]]],[[[-4.353,48.108],[-4.353,48.107],[-4.353,48.107],[-4.353,48.108]]],[[[-4.436,48.658],[-4.437,48.657],[-4.437,48.658],[-4.436,48.658]]],[[[-4.458,48.639],[-4.457,48.638],[-4.458,48.638],[-4.458,48.639]]],[[[-4.463,48.639],[-4.463,48.638],[-4.464,48.639],[-4.463,48.639]]],[[[-4.439,48.226],[-4.435,48.224],[-4.439,48.225],[-4.439,48.226]]],[[[-4.38,47.812],[-4.378,47.812],[-4.381,47.812],[-4.38,47.812]]],[[[-4.437,48.222],[-4.436,48.222],[-4.436,48.222],[-4.437,48.222]]],[[[-4.503,48.633],[-4.503,48.631],[-4.504,48.631],[-4.503,48.633]]],[[[-4.462,48.324],[-4.463,48.323],[-4.463,48.324],[-4.462,48.324]]],[[[-4.506,48.625],[-4.507,48.625],[-4.507,48.626],[-4.506,48.625]]],[[[-4.549,48.631],[-4.548,48.63],[-4.549,48.63],[-4.549,48.631]]],[[[-4.556,48.628],[-4.555,48.632],[-4.551,48.628],[-4.556,48.628]]],[[[-4.562,48.627],[-4.563,48.627],[-4.562,48.628],[-4.562,48.627]]],[[[-4.568,48.638],[-4.571,48.64],[-4.566,48.639],[-4.568,48.638]]],[[[-4.562,48.605],[-4.562,48.603],[-4.563,48.603],[-4.562,48.605]]],[[[-4.562,48.605],[-4.562,48.604],[-4.562,48.605],[-4.562,48.605]]],[[[-4.574,48.636],[-4.572,48.633],[-4.574,48.635],[-4.574,48.636]]],[[[-4.571,48.621],[-4.573,48.621],[-4.571,48.623],[-4.571,48.621]]],[[[-4.575,48.611],[-4.57,48.606],[-4.572,48.605],[-4.575,48.611]]],[[[-4.529,48.305],[-4.532,48.305],[-4.529,48.307],[-4.529,48.305]]],[[[-4.575,48.614],[-4.575,48.619],[-4.575,48.619],[-4.575,48.614]]],[[[-4.579,48.614],[-4.579,48.613],[-4.579,48.614],[-4.579,48.614]]],[[[-4.58,48.613],[-4.58,48.614],[-4.58,48.613],[-4.58,48.613]]],[[[-4.538,48.304],[-4.536,48.303],[-4.539,48.302],[-4.538,48.304]]],[[[-4.58,48.603],[-4.582,48.602],[-4.583,48.602],[-4.58,48.603]]],[[[-4.522,48.19],[-4.523,48.19],[-4.522,48.19],[-4.522,48.19]]],[[[-4.585,48.607],[-4.587,48.606],[-4.588,48.608],[-4.585,48.607]]],[[[-4.595,48.626],[-4.594,48.624],[-4.593,48.622],[-4.595,48.626]]],[[[-4.603,48.626],[-4.602,48.627],[-4.602,48.626],[-4.603,48.626]]],[[[-4.538,48.181],[-4.538,48.181],[-4.538,48.181],[-4.538,48.181]]],[[[-4.539,48.177],[-4.539,48.177],[-4.539,48.177],[-4.539,48.177]]],[[[-4.604,48.615],[-4.604,48.614],[-4.605,48.615],[-4.604,48.615]]],[[[-4.568,48.292],[-4.568,48.291],[-4.568,48.291],[-4.568,48.292]]],[[[-4.568,48.291],[-4.568,48.291],[-4.568,48.29],[-4.568,48.291]]],[[[-4.568,48.289],[-4.568,48.289],[-4.568,48.289],[-4.568,48.289]]],[[[-4.613,48.593],[-4.614,48.593],[-4.613,48.593],[-4.613,48.593]]],[[[-4.574,48.307],[-4.573,48.306],[-4.574,48.307],[-4.574,48.307]]],[[[-4.616,48.587],[-4.62,48.585],[-4.62,48.586],[-4.616,48.587]]],[[[-4.576,48.31],[-4.577,48.309],[-4.577,48.31],[-4.576,48.31]]],[[[-4.559,48.177],[-4.559,48.178],[-4.558,48.178],[-4.559,48.177]]],[[[-4.559,48.173],[-4.559,48.173],[-4.559,48.173],[-4.559,48.173]]],[[[-4.575,48.283],[-4.575,48.283],[-4.575,48.283],[-4.575,48.283]]],[[[-4.622,48.601],[-4.623,48.601],[-4.623,48.602],[-4.622,48.601]]],[[[-4.56,48.17],[-4.56,48.17],[-4.56,48.17],[-4.56,48.17]]],[[[-4.583,48.318],[-4.583,48.32],[-4.582,48.319],[-4.583,48.318]]],[[[-4.634,48.599],[-4.637,48.602],[-4.633,48.6],[-4.634,48.599]]],[[[-4.64,48.587],[-4.641,48.587],[-4.64,48.587],[-4.64,48.587]]],[[[-4.64,48.586],[-4.642,48.586],[-4.641,48.587],[-4.64,48.586]]],[[[-4.641,48.588],[-4.641,48.589],[-4.641,48.588],[-4.641,48.588]]],[[[-4.646,48.575],[-4.646,48.576],[-4.645,48.576],[-4.646,48.575]]],[[[-4.615,48.337],[-4.614,48.337],[-4.615,48.336],[-4.615,48.337]]],[[[-4.611,48.285],[-4.61,48.285],[-4.611,48.285],[-4.611,48.285]]],[[[-4.611,48.285],[-4.612,48.285],[-4.612,48.285],[-4.611,48.285]]],[[[-4.664,48.58],[-4.666,48.58],[-4.665,48.581],[-4.664,48.58]]],[[[-4.671,48.584],[-4.671,48.582],[-4.672,48.584],[-4.671,48.584]]],[[[-4.623,48.253],[-4.623,48.253],[-4.623,48.253],[-4.623,48.253]]],[[[-4.623,48.252],[-4.623,48.251],[-4.624,48.251],[-4.623,48.252]]],[[[-4.629,48.281],[-4.629,48.281],[-4.629,48.281],[-4.629,48.281]]],[[[-4.63,48.281],[-4.629,48.281],[-4.63,48.281],[-4.63,48.281]]],[[[-4.626,48.25],[-4.627,48.25],[-4.625,48.251],[-4.626,48.25]]],[[[-4.63,48.281],[-4.63,48.281],[-4.63,48.281],[-4.63,48.281]]],[[[-4.631,48.282],[-4.63,48.282],[-4.631,48.282],[-4.631,48.282]]],[[[-4.631,48.281],[-4.631,48.281],[-4.631,48.281],[-4.631,48.281]]],[[[-4.631,48.28],[-4.631,48.28],[-4.631,48.28],[-4.631,48.28]]],[[[-4.628,48.25],[-4.629,48.25],[-4.628,48.25],[-4.628,48.25]]],[[[-4.63,48.249],[-4.63,48.248],[-4.63,48.248],[-4.63,48.249]]],[[[-4.63,48.248],[-4.63,48.248],[-4.63,48.248],[-4.63,48.248]]],[[[-4.68,48.579],[-4.68,48.58],[-4.68,48.58],[-4.68,48.579]]],[[[-4.633,48.248],[-4.634,48.247],[-4.634,48.247],[-4.633,48.248]]],[[[-4.641,48.273],[-4.641,48.274],[-4.641,48.273],[-4.641,48.273]]],[[[-4.641,48.274],[-4.641,48.274],[-4.641,48.274],[-4.641,48.274]]],[[[-4.641,48.273],[-4.641,48.273],[-4.641,48.273],[-4.641,48.273]]],[[[-4.642,48.273],[-4.642,48.274],[-4.642,48.273],[-4.642,48.273]]],[[[-4.643,48.273],[-4.643,48.273],[-4.643,48.273],[-4.643,48.273]]],[[[-4.644,48.273],[-4.643,48.273],[-4.643,48.273],[-4.644,48.273]]],[[[-4.615,48.073],[-4.615,48.072],[-4.616,48.073],[-4.615,48.073]]],[[[-4.615,48.071],[-4.616,48.071],[-4.616,48.072],[-4.615,48.071]]],[[[-4.645,48.273],[-4.644,48.273],[-4.644,48.273],[-4.645,48.273]]],[[[-4.691,48.576],[-4.694,48.575],[-4.692,48.576],[-4.691,48.576]]],[[[-4.701,48.576],[-4.701,48.576],[-4.701,48.576],[-4.701,48.576]]],[[[-4.682,48.355],[-4.681,48.355],[-4.681,48.355],[-4.682,48.355]]],[[[-4.684,48.353],[-4.684,48.353],[-4.684,48.353],[-4.684,48.353]]],[[[-4.689,48.354],[-4.689,48.354],[-4.689,48.354],[-4.689,48.354]]],[[[-4.69,48.354],[-4.689,48.354],[-4.689,48.354],[-4.69,48.354]]],[[[-4.692,48.353],[-4.692,48.354],[-4.692,48.353],[-4.692,48.353]]],[[[-4.692,48.353],[-4.692,48.353],[-4.692,48.353],[-4.692,48.353]]],[[[-4.727,48.566],[-4.726,48.565],[-4.726,48.565],[-4.727,48.566]]],[[[-4.698,48.337],[-4.697,48.337],[-4.697,48.337],[-4.698,48.337]]],[[[-4.702,48.336],[-4.702,48.336],[-4.702,48.336],[-4.702,48.336]]],[[[-4.703,48.336],[-4.703,48.336],[-4.703,48.336],[-4.703,48.336]]],[[[-4.704,48.336],[-4.704,48.336],[-4.704,48.336],[-4.704,48.336]]],[[[-4.706,48.335],[-4.706,48.335],[-4.706,48.335],[-4.706,48.335]]],[[[-4.708,48.333],[-4.708,48.333],[-4.708,48.333],[-4.708,48.333]]],[[[-4.708,48.333],[-4.708,48.333],[-4.708,48.333],[-4.708,48.333]]],[[[-4.708,48.332],[-4.708,48.332],[-4.708,48.332],[-4.708,48.332]]],[[[-4.734,48.473],[-4.735,48.473],[-4.734,48.473],[-4.734,48.473]]],[[[-4.736,48.472],[-4.736,48.472],[-4.736,48.472],[-4.736,48.472]]],[[[-4.718,48.33],[-4.718,48.33],[-4.718,48.33],[-4.718,48.33]]],[[[-4.734,48.332],[-4.734,48.332],[-4.734,48.332],[-4.734,48.332]]],[[[-4.736,48.333],[-4.736,48.332],[-4.737,48.332],[-4.736,48.333]]],[[[-4.76,48.47],[-4.76,48.47],[-4.76,48.47],[-4.76,48.47]]],[[[-4.742,48.331],[-4.743,48.331],[-4.742,48.332],[-4.742,48.331]]],[[[-4.778,48.529],[-4.773,48.53],[-4.775,48.527],[-4.778,48.529]]],[[[-4.707,48.031],[-4.706,48.03],[-4.707,48.031],[-4.707,48.031]]],[[[-4.752,48.33],[-4.751,48.329],[-4.751,48.329],[-4.752,48.33]]],[[[-4.751,48.329],[-4.752,48.329],[-4.752,48.33],[-4.751,48.329]]],[[[-4.775,48.485],[-4.775,48.485],[-4.775,48.485],[-4.775,48.485]]],[[[-4.753,48.33],[-4.753,48.33],[-4.753,48.33],[-4.753,48.33]]],[[[-4.777,48.492],[-4.779,48.492],[-4.778,48.493],[-4.777,48.492]]],[[[-4.714,48.057],[-4.713,48.056],[-4.714,48.057],[-4.714,48.057]]],[[[-4.777,48.487],[-4.777,48.484],[-4.778,48.487],[-4.777,48.487]]],[[[-4.762,48.376],[-4.762,48.376],[-4.762,48.376],[-4.762,48.376]]],[[[-4.716,48.061],[-4.716,48.061],[-4.717,48.061],[-4.716,48.061]]],[[[-4.765,48.38],[-4.765,48.38],[-4.765,48.38],[-4.765,48.38]]],[[[-4.757,48.328],[-4.757,48.328],[-4.757,48.328],[-4.757,48.328]]],[[[-4.759,48.328],[-4.759,48.328],[-4.759,48.329],[-4.759,48.328]]],[[[-4.778,48.453],[-4.778,48.452],[-4.778,48.453],[-4.778,48.453]]],[[[-4.76,48.328],[-4.76,48.328],[-4.76,48.328],[-4.76,48.328]]],[[[-4.761,48.328],[-4.762,48.328],[-4.761,48.328],[-4.761,48.328]]],[[[-4.761,48.326],[-4.762,48.326],[-4.761,48.326],[-4.761,48.326]]],[[[-4.761,48.325],[-4.761,48.325],[-4.761,48.325],[-4.761,48.325]]],[[[-4.762,48.327],[-4.762,48.327],[-4.762,48.327],[-4.762,48.327]]],[[[-4.763,48.326],[-4.763,48.326],[-4.763,48.326],[-4.763,48.326]]],[[[-4.78,48.441],[-4.78,48.441],[-4.781,48.441],[-4.78,48.441]]],[[[-4.763,48.325],[-4.763,48.324],[-4.763,48.324],[-4.763,48.325]]],[[[-4.763,48.325],[-4.763,48.325],[-4.763,48.325],[-4.763,48.325]]],[[[-4.775,48.399],[-4.775,48.399],[-4.775,48.399],[-4.775,48.399]]],[[[-4.767,48.328],[-4.767,48.328],[-4.767,48.328],[-4.767,48.328]]],[[[-4.725,48.033],[-4.725,48.032],[-4.725,48.033],[-4.725,48.033]]],[[[-4.726,48.033],[-4.726,48.033],[-4.726,48.033],[-4.726,48.033]]],[[[-4.785,48.429],[-4.785,48.429],[-4.785,48.429],[-4.785,48.429]]],[[[-4.727,48.033],[-4.726,48.033],[-4.727,48.033],[-4.727,48.033]]],[[[-4.785,48.43],[-4.785,48.43],[-4.785,48.43],[-4.785,48.43]]],[[[-4.771,48.329],[-4.771,48.329],[-4.77,48.329],[-4.771,48.329]]],[[[-4.788,48.438],[-4.789,48.439],[-4.787,48.438],[-4.788,48.438]]],[[[-4.772,48.334],[-4.772,48.334],[-4.772,48.334],[-4.772,48.334]]],[[[-4.786,48.429],[-4.786,48.429],[-4.786,48.429],[-4.786,48.429]]],[[[-4.772,48.334],[-4.772,48.334],[-4.772,48.334],[-4.772,48.334]]],[[[-4.773,48.335],[-4.773,48.335],[-4.773,48.335],[-4.773,48.335]]],[[[-4.784,48.407],[-4.784,48.407],[-4.784,48.407],[-4.784,48.407]]],[[[-4.774,48.332],[-4.774,48.332],[-4.774,48.332],[-4.774,48.332]]],[[[-4.786,48.406],[-4.785,48.406],[-4.785,48.405],[-4.786,48.406]]],[[[-4.775,48.332],[-4.775,48.331],[-4.776,48.331],[-4.775,48.332]]],[[[-4.79,48.422],[-4.79,48.422],[-4.79,48.422],[-4.79,48.422]]],[[[-4.792,48.421],[-4.792,48.421],[-4.792,48.421],[-4.792,48.421]]],[[[-4.792,48.418],[-4.792,48.418],[-4.792,48.418],[-4.792,48.418]]],[[[-4.792,48.418],[-4.792,48.417],[-4.793,48.418],[-4.792,48.418]]],[[[-4.793,48.417],[-4.793,48.417],[-4.793,48.417],[-4.793,48.417]]],[[[-4.793,48.416],[-4.793,48.416],[-4.793,48.416],[-4.793,48.416]]],[[[-4.793,48.417],[-4.794,48.417],[-4.794,48.417],[-4.793,48.417]]],[[[-4.794,48.416],[-4.794,48.416],[-4.794,48.416],[-4.794,48.416]]],[[[-4.788,48.369],[-4.788,48.37],[-4.787,48.369],[-4.788,48.369]]],[[[-4.795,48.413],[-4.795,48.413],[-4.795,48.413],[-4.795,48.413]]],[[[-4.795,48.413],[-4.795,48.413],[-4.795,48.413],[-4.795,48.413]]],[[[-4.796,48.415],[-4.796,48.415],[-4.796,48.415],[-4.796,48.415]]],[[[-4.796,48.415],[-4.796,48.415],[-4.796,48.415],[-4.796,48.415]]],[[[-4.795,48.413],[-4.795,48.413],[-4.795,48.413],[-4.795,48.413]]],[[[-4.799,48.429],[-4.799,48.429],[-4.799,48.429],[-4.799,48.429]]],[[[-4.79,48.362],[-4.79,48.362],[-4.79,48.362],[-4.79,48.362]]],[[[-4.823,48.319],[-4.823,48.319],[-4.823,48.319],[-4.823,48.319]]],[[[-4.835,48.319],[-4.835,48.319],[-4.835,48.319],[-4.835,48.319]]],[[[-4.858,48.351],[-4.842,48.355],[-4.865,48.341],[-4.858,48.351]]],[[[-4.858,48.353],[-4.858,48.353],[-4.858,48.353],[-4.858,48.353]]],[[[-4.862,48.373],[-4.862,48.373],[-4.862,48.373],[-4.862,48.373]]],[[[-4.863,48.372],[-4.863,48.372],[-4.863,48.372],[-4.863,48.372]]],[[[-4.864,48.345],[-4.864,48.345],[-4.864,48.345],[-4.864,48.345]]],[[[-4.864,48.345],[-4.864,48.345],[-4.864,48.345],[-4.864,48.345]]],[[[-4.864,48.348],[-4.864,48.348],[-4.864,48.348],[-4.864,48.348]]],[[[-4.865,48.348],[-4.865,48.348],[-4.864,48.348],[-4.865,48.348]]],[[[-4.873,48.344],[-4.873,48.344],[-4.873,48.344],[-4.873,48.344]]],[[[-4.874,48.344],[-4.873,48.344],[-4.874,48.344],[-4.874,48.344]]],[[[-4.88,48.37],[-4.879,48.37],[-4.879,48.369],[-4.88,48.37]]],[[[-4.88,48.37],[-4.88,48.37],[-4.88,48.37],[-4.88,48.37]]],[[[-4.881,48.371],[-4.881,48.372],[-4.88,48.371],[-4.881,48.371]]],[[[-4.881,48.372],[-4.88,48.372],[-4.881,48.371],[-4.881,48.372]]],[[[-4.883,48.379],[-4.883,48.379],[-4.883,48.379],[-4.883,48.379]]],[[[-4.883,48.374],[-4.888,48.375],[-4.887,48.377],[-4.883,48.374]]],[[[-4.884,48.371],[-4.884,48.371],[-4.884,48.371],[-4.884,48.371]]],[[[-4.879,48.319],[-4.878,48.319],[-4.878,48.319],[-4.879,48.319]]],[[[-4.878,48.318],[-4.878,48.318],[-4.878,48.318],[-4.878,48.318]]],[[[-4.887,48.378],[-4.887,48.378],[-4.887,48.378],[-4.887,48.378]]],[[[-4.886,48.371],[-4.886,48.371],[-4.886,48.371],[-4.886,48.371]]],[[[-4.888,48.378],[-4.888,48.379],[-4.887,48.378],[-4.888,48.378]]],[[[-4.841,48.032],[-4.837,48.033],[-4.836,48.032],[-4.838,48.03],[-4.841,48.032]]],[[[-4.879,48.318],[-4.879,48.317],[-4.879,48.317],[-4.879,48.318]]],[[[-4.879,48.318],[-4.879,48.318],[-4.879,48.318],[-4.879,48.318]]],[[[-4.888,48.374],[-4.888,48.374],[-4.888,48.374],[-4.888,48.374]]],[[[-4.888,48.374],[-4.888,48.374],[-4.888,48.374],[-4.888,48.374]]],[[[-4.889,48.374],[-4.888,48.374],[-4.888,48.374],[-4.889,48.374]]],[[[-4.88,48.319],[-4.88,48.319],[-4.88,48.319],[-4.88,48.319]]],[[[-4.88,48.318],[-4.88,48.318],[-4.88,48.317],[-4.88,48.318]]],[[[-4.881,48.318],[-4.881,48.318],[-4.881,48.318],[-4.881,48.318]]],[[[-4.893,48.386],[-4.892,48.386],[-4.893,48.386],[-4.893,48.386]]],[[[-4.881,48.307],[-4.88,48.307],[-4.881,48.307],[-4.881,48.307]]],[[[-4.88,48.307],[-4.88,48.306],[-4.881,48.307],[-4.88,48.307]]],[[[-4.893,48.386],[-4.893,48.387],[-4.893,48.386],[-4.893,48.386]]],[[[-4.895,48.395],[-4.895,48.395],[-4.895,48.395],[-4.895,48.395]]],[[[-4.882,48.306],[-4.882,48.306],[-4.882,48.306],[-4.882,48.306]]],[[[-4.893,48.373],[-4.893,48.373],[-4.893,48.373],[-4.893,48.373]]],[[[-4.911,48.375],[-4.898,48.376],[-4.893,48.373],[-4.905,48.372],[-4.911,48.375]]],[[[-4.845,48.041],[-4.845,48.041],[-4.845,48.041],[-4.845,48.041]]],[[[-4.846,48.041],[-4.845,48.041],[-4.846,48.041],[-4.846,48.041]]],[[[-4.85,48.033],[-4.846,48.032],[-4.844,48.032],[-4.85,48.032],[-4.85,48.033]]],[[[-4.846,48.042],[-4.846,48.041],[-4.846,48.042],[-4.846,48.042]]],[[[-4.846,48.042],[-4.847,48.042],[-4.846,48.042],[-4.846,48.042]]],[[[-4.9,48.384],[-4.898,48.379],[-4.902,48.384],[-4.9,48.384]]],[[[-4.849,48.036],[-4.856,48.033],[-4.857,48.039],[-4.871,48.04],[-4.867,48.044],[-4.849,48.036]]],[[[-4.895,48.317],[-4.895,48.317],[-4.895,48.317],[-4.895,48.317]]],[[[-4.895,48.316],[-4.895,48.316],[-4.895,48.316],[-4.895,48.316]]],[[[-4.937,48.371],[-4.945,48.37],[-4.933,48.374],[-4.937,48.371]]],[[[-4.935,48.384],[-4.935,48.384],[-4.935,48.384],[-4.935,48.384]]],[[[-4.943,48.409],[-4.942,48.409],[-4.943,48.409],[-4.943,48.409]]],[[[-4.938,48.38],[-4.938,48.38],[-4.938,48.38],[-4.938,48.38]]],[[[-4.938,48.379],[-4.939,48.379],[-4.939,48.38],[-4.938,48.379]]],[[[-4.94,48.378],[-4.94,48.378],[-4.94,48.378],[-4.94,48.378]]],[[[-4.944,48.406],[-4.945,48.406],[-4.944,48.406],[-4.944,48.406]]],[[[-4.941,48.378],[-4.941,48.378],[-4.942,48.378],[-4.941,48.378]]],[[[-4.946,48.406],[-4.946,48.404],[-4.946,48.405],[-4.946,48.406]]],[[[-4.947,48.408],[-4.947,48.408],[-4.947,48.408],[-4.947,48.408]]],[[[-4.946,48.401],[-4.953,48.401],[-4.947,48.403],[-4.946,48.401]]],[[[-4.95,48.406],[-4.95,48.406],[-4.95,48.406],[-4.95,48.406]]],[[[-4.951,48.405],[-4.951,48.405],[-4.951,48.405],[-4.951,48.405]]],[[[-4.952,48.404],[-4.952,48.404],[-4.951,48.404],[-4.952,48.404]]],[[[-4.952,48.403],[-4.952,48.403],[-4.952,48.403],[-4.952,48.403]]],[[[-4.952,48.403],[-4.952,48.403],[-4.952,48.403],[-4.952,48.403]]],[[[-4.955,48.392],[-4.965,48.392],[-4.966,48.4],[-4.964,48.4],[-4.956,48.402],[-4.955,48.392]]],[[[-4.959,48.402],[-4.959,48.402],[-4.959,48.402],[-4.959,48.402]]],[[[-4.96,48.402],[-4.959,48.402],[-4.959,48.402],[-4.96,48.402]]],[[[-4.96,48.403],[-4.96,48.403],[-4.96,48.403],[-4.96,48.403]]],[[[-4.961,48.402],[-4.961,48.402],[-4.961,48.402],[-4.961,48.402]]],[[[-4.965,48.419],[-4.965,48.42],[-4.965,48.42],[-4.965,48.419]]],[[[-4.963,48.403],[-4.964,48.403],[-4.964,48.403],[-4.963,48.403]]],[[[-4.969,48.412],[-4.969,48.412],[-4.969,48.412],[-4.969,48.412]]],[[[-4.969,48.405],[-4.969,48.405],[-4.969,48.405],[-4.969,48.405]]],[[[-4.971,48.412],[-4.971,48.411],[-4.971,48.412],[-4.971,48.412]]],[[[-4.972,48.416],[-4.972,48.416],[-4.972,48.416],[-4.972,48.416]]],[[[-4.973,48.418],[-4.973,48.418],[-4.973,48.418],[-4.973,48.418]]],[[[-4.974,48.418],[-4.974,48.418],[-4.974,48.418],[-4.974,48.418]]],[[[-4.975,48.42],[-4.975,48.42],[-4.975,48.42],[-4.975,48.42]]],[[[-4.975,48.418],[-4.975,48.418],[-4.975,48.418],[-4.975,48.418]]],[[[-4.978,48.417],[-4.978,48.419],[-4.976,48.419],[-4.978,48.417]]],[[[-4.974,48.397],[-4.974,48.397],[-4.974,48.397],[-4.974,48.397]]],[[[-4.977,48.42],[-4.977,48.42],[-4.977,48.42],[-4.977,48.42]]],[[[-4.976,48.402],[-4.976,48.402],[-4.976,48.402],[-4.976,48.402]]],[[[-4.979,48.419],[-4.979,48.419],[-4.979,48.419],[-4.979,48.419]]],[[[-4.978,48.41],[-4.978,48.41],[-4.978,48.41],[-4.978,48.41]]],[[[-4.979,48.41],[-4.979,48.41],[-4.979,48.41],[-4.979,48.41]]],[[[-4.977,48.394],[-4.976,48.394],[-4.977,48.394],[-4.977,48.394]]],[[[-4.987,48.419],[-4.98,48.416],[-4.987,48.414],[-4.987,48.419]]],[[[-4.979,48.4],[-4.979,48.4],[-4.979,48.4],[-4.979,48.4]]],[[[-4.985,48.414],[-4.985,48.413],[-4.985,48.413],[-4.985,48.414]]],[[[-4.988,48.415],[-4.988,48.415],[-4.988,48.415],[-4.988,48.415]]],[[[-4.992,48.413],[-4.992,48.413],[-4.992,48.413],[-4.992,48.413]]],[[[-4.999,48.416],[-4.999,48.416],[-4.999,48.416],[-4.999,48.416]]],[[[-5.0,48.416],[-5.0,48.416],[-5.0,48.416],[-5.0,48.416]]],[[[-4.999,48.413],[-4.999,48.412],[-5.0,48.413],[-4.999,48.413]]],[[[-5.001,48.416],[-5.001,48.416],[-5.001,48.416],[-5.001,48.416]]],[[[-5.005,48.413],[-5.005,48.413],[-5.005,48.413],[-5.005,48.413]]],[[[-5.007,48.416],[-5.007,48.416],[-5.007,48.416],[-5.007,48.416]]],[[[-5.011,48.431],[-5.014,48.426],[-5.013,48.43],[-5.011,48.431]]],[[[-5.016,48.437],[-5.016,48.438],[-5.016,48.438],[-5.016,48.437]]],[[[-5.016,48.424],[-5.015,48.424],[-5.016,48.424],[-5.016,48.424]]],[[[-5.018,48.437],[-5.018,48.437],[-5.018,48.437],[-5.018,48.437]]],[[[-5.018,48.421],[-5.016,48.423],[-5.016,48.422],[-5.018,48.421]]],[[[-5.018,48.419],[-5.018,48.419],[-5.018,48.419],[-5.018,48.419]]],[[[-5.018,48.419],[-5.018,48.419],[-5.018,48.419],[-5.018,48.419]]],[[[-5.021,48.418],[-5.02,48.418],[-5.02,48.418],[-5.021,48.418]]],[[[-5.021,48.419],[-5.021,48.419],[-5.021,48.419],[-5.021,48.419]]],[[[-5.021,48.419],[-5.021,48.419],[-5.021,48.418],[-5.021,48.419]]],[[[-5.021,48.418],[-5.021,48.418],[-5.021,48.418],[-5.021,48.418]]],[[[-5.022,48.418],[-5.022,48.418],[-5.022,48.418],[-5.022,48.418]]],[[[-5.023,48.418],[-5.023,48.419],[-5.023,48.419],[-5.023,48.418]]],[[[-5.023,48.418],[-5.023,48.418],[-5.023,48.418],[-5.023,48.418]]],[[[-5.033,48.463],[-5.033,48.463],[-5.033,48.463],[-5.033,48.463]]],[[[-5.035,48.463],[-5.033,48.464],[-5.033,48.463],[-5.035,48.463]]],[[[-5.034,48.464],[-5.034,48.464],[-5.034,48.464],[-5.034,48.464]]],[[[-5.038,48.464],[-5.038,48.458],[-5.051,48.459],[-5.062,48.449],[-5.08,48.451],[-5.103,48.436],[-5.118,48.438],[-5.098,48.445],[-5.096,48.456],[-5.141,48.449],[-5.131,48.461],[-5.107,48.465],[-5.107,48.472],[-5.076,48.474],[-5.074,48.483],[-5.05,48.477],[-5.059,48.467],[-5.038,48.464]]],[[[-5.072,48.484],[-5.073,48.484],[-5.073,48.485],[-5.072,48.484]]],[[[-5.075,48.482],[-5.077,48.481],[-5.078,48.481],[-5.077,48.482],[-5.075,48.482]]],[[[-5.089,48.48],[-5.104,48.481],[-5.102,48.483],[-5.089,48.48]]],[[[-5.109,48.471],[-5.11,48.471],[-5.109,48.472],[-5.109,48.471]]],[[[-5.118,48.445],[-5.117,48.446],[-5.115,48.446],[-5.116,48.445],[-5.118,48.445]]]]}},{"type":"Feature","properties":{"nom":"La Seine et les cours d'eau côtiers normands","code":"H","surfaceKm2":94443.2},"geometry":{"type":"MultiPolygon","coordinates":[[[[2.799,47.728],[2.795,47.715],[2.781,47.709],[2.755,47.712],[2.736,47.706],[2.715,47.712],[2.693,47.739],[2.704,47.753],[2.672,47.761],[2.664,47.749],[2.653,47.752],[2.634,47.77],[2.602,47.77],[2.597,47.788],[2.545,47.796],[2.442,47.844],[2.417,47.866],[2.418,47.875],[2.401,47.88],[2.407,47.888],[2.392,47.886],[2.392,47.896],[2.38,47.893],[2.378,47.901],[2.357,47.905],[2.359,47.913],[2.347,47.921],[2.322,47.921],[2.335,47.947],[2.33,47.965],[2.26,48.011],[2.259,48.029],[2.241,48.033],[2.196,48.021],[2.151,48.02],[2.137,48.032],[2.107,48.032],[2.107,48.04],[2.105,48.028],[2.092,48.042],[2.089,48.026],[2.051,48.034],[2.029,48.057],[2.03,48.067],[2.015,48.075],[2.048,48.132],[2.01,48.138],[1.999,48.125],[1.966,48.113],[1.955,48.118],[1.955,48.141],[1.905,48.146],[1.925,48.174],[1.941,48.168],[1.951,48.176],[1.971,48.171],[1.971,48.183],[1.951,48.195],[1.957,48.204],[1.967,48.202],[1.962,48.194],[1.971,48.19],[1.979,48.204],[1.963,48.223],[1.962,48.246],[1.934,48.25],[1.921,48.261],[1.898,48.26],[1.901,48.272],[1.891,48.283],[1.911,48.291],[1.927,48.32],[1.919,48.343],[1.901,48.345],[1.905,48.379],[1.874,48.374],[1.868,48.354],[1.848,48.366],[1.825,48.348],[1.811,48.355],[1.793,48.344],[1.776,48.346],[1.779,48.338],[1.62,48.395],[1.617,48.384],[1.596,48.384],[1.588,48.359],[1.582,48.364],[1.573,48.352],[1.548,48.347],[1.557,48.328],[1.547,48.327],[1.546,48.312],[1.526,48.321],[1.526,48.316],[1.452,48.322],[1.447,48.335],[1.436,48.337],[1.442,48.344],[1.412,48.343],[1.402,48.351],[1.372,48.354],[1.35,48.384],[1.3,48.366],[1.282,48.367],[1.271,48.381],[1.249,48.384],[1.243,48.395],[1.252,48.41],[1.235,48.413],[1.232,48.424],[1.171,48.417],[1.177,48.409],[1.136,48.397],[1.141,48.39],[1.11,48.382],[1.098,48.388],[1.095,48.358],[1.083,48.364],[1.041,48.362],[1.037,48.374],[1.021,48.375],[1.042,48.393],[1.012,48.4],[1.01,48.413],[1.024,48.417],[1.023,48.429],[0.986,48.432],[0.984,48.442],[0.958,48.443],[0.939,48.461],[0.936,48.476],[0.956,48.482],[0.955,48.493],[0.927,48.51],[0.863,48.516],[0.831,48.544],[0.831,48.551],[0.849,48.556],[0.836,48.571],[0.849,48.586],[0.847,48.61],[0.802,48.603],[0.799,48.615],[0.783,48.62],[0.756,48.613],[0.726,48.623],[0.714,48.614],[0.689,48.626],[0.659,48.613],[0.646,48.621],[0.578,48.605],[0.556,48.616],[0.558,48.624],[0.589,48.629],[0.611,48.64],[0.609,48.648],[0.598,48.644],[0.584,48.65],[0.572,48.644],[0.566,48.653],[0.538,48.645],[0.509,48.649],[0.478,48.66],[0.49,48.67],[0.462,48.68],[0.451,48.696],[0.429,48.688],[0.409,48.692],[0.406,48.683],[0.398,48.695],[0.389,48.694],[0.398,48.684],[0.383,48.661],[0.369,48.678],[0.362,48.662],[0.356,48.682],[0.342,48.679],[0.353,48.672],[0.349,48.655],[0.326,48.648],[0.317,48.621],[0.302,48.618],[0.297,48.603],[0.253,48.611],[0.272,48.579],[0.225,48.586],[0.207,48.575],[0.196,48.578],[0.169,48.57],[0.17,48.589],[0.159,48.592],[0.143,48.58],[0.106,48.579],[0.048,48.55],[-0.055,48.556],[-0.077,48.564],[-0.13,48.547],[-0.137,48.556],[-0.154,48.554],[-0.172,48.565],[-0.192,48.552],[-0.202,48.59],[-0.228,48.615],[-0.241,48.611],[-0.258,48.619],[-0.266,48.607],[-0.287,48.602],[-0.332,48.619],[-0.36,48.62],[-0.363,48.629],[-0.424,48.647],[-0.494,48.661],[-0.47,48.694],[-0.482,48.706],[-0.473,48.723],[-0.482,48.735],[-0.544,48.728],[-0.579,48.709],[-0.599,48.719],[-0.614,48.698],[-0.657,48.706],[-0.659,48.683],[-0.703,48.692],[-0.72,48.662],[-0.733,48.671],[-0.735,48.686],[-0.805,48.714],[-0.819,48.731],[-0.808,48.76],[-0.852,48.746],[-0.85,48.731],[-0.827,48.729],[-0.836,48.697],[-0.859,48.674],[-0.859,48.667],[-0.841,48.66],[-0.863,48.646],[-0.828,48.638],[-0.796,48.644],[-0.791,48.61],[-0.803,48.594],[-0.779,48.581],[-0.774,48.563],[-0.814,48.545],[-0.856,48.509],[-0.9,48.529],[-0.911,48.526],[-0.914,48.534],[-0.94,48.529],[-0.945,48.515],[-0.924,48.513],[-0.922,48.503],[-0.896,48.495],[-0.909,48.49],[-0.899,48.483],[-0.913,48.452],[-0.93,48.438],[-0.921,48.416],[-0.934,48.402],[-0.919,48.389],[-0.941,48.354],[-0.956,48.366],[-1.011,48.369],[-1.03,48.379],[-1.108,48.383],[-1.103,48.406],[-1.079,48.419],[-1.09,48.425],[-1.111,48.416],[-1.131,48.419],[-1.149,48.441],[-1.148,48.453],[-1.162,48.448],[-1.186,48.457],[-1.206,48.455],[-1.213,48.438],[-1.226,48.437],[-1.252,48.449],[-1.268,48.445],[-1.282,48.467],[-1.32,48.468],[-1.331,48.493],[-1.322,48.5],[-1.333,48.513],[-1.357,48.52],[-1.365,48.533],[-1.392,48.537],[-1.399,48.55],[-1.428,48.553],[-1.407,48.569],[-1.431,48.599],[-1.424,48.616],[-1.45,48.623],[-1.426,48.644],[-1.375,48.643],[-1.364,48.635],[-1.351,48.631],[-1.347,48.632],[-1.345,48.633],[-1.358,48.636],[-1.364,48.647],[-1.4,48.656],[-1.399,48.663],[-1.387,48.672],[-1.375,48.688],[-1.377,48.691],[-1.374,48.691],[-1.373,48.693],[-1.379,48.69],[-1.376,48.686],[-1.401,48.674],[-1.432,48.666],[-1.439,48.655],[-1.447,48.654],[-1.449,48.67],[-1.478,48.684],[-1.502,48.686],[-1.529,48.73],[-1.553,48.733],[-1.57,48.744],[-1.575,48.822],[-1.594,48.835],[-1.614,48.834],[-1.582,48.853],[-1.565,48.922],[-1.561,48.928],[-1.552,48.936],[-1.557,48.93],[-1.563,48.914],[-1.555,48.894],[-1.548,48.893],[-1.555,48.902],[-1.54,48.932],[-1.563,48.942],[-1.561,49.005],[-1.554,48.986],[-1.549,48.99],[-1.557,49.026],[-1.534,49.034],[-1.509,49.019],[-1.505,49.02],[-1.542,49.041],[-1.56,49.038],[-1.579,49.015],[-1.575,49.001],[-1.58,49.004],[-1.582,49.004],[-1.569,48.996],[-1.578,48.999],[-1.585,49.005],[-1.594,49.023],[-1.607,49.068],[-1.601,49.053],[-1.598,49.074],[-1.608,49.083],[-1.61,49.072],[-1.61,49.099],[-1.592,49.135],[-1.614,49.218],[-1.567,49.221],[-1.588,49.235],[-1.609,49.232],[-1.616,49.24],[-1.626,49.22],[-1.614,49.208],[-1.628,49.211],[-1.679,49.286],[-1.674,49.279],[-1.657,49.282],[-1.686,49.288],[-1.708,49.317],[-1.708,49.327],[-1.699,49.324],[-1.687,49.331],[-1.718,49.346],[-1.716,49.341],[-1.71,49.336],[-1.718,49.331],[-1.701,49.334],[-1.724,49.327],[-1.787,49.375],[-1.764,49.371],[-1.772,49.38],[-1.787,49.377],[-1.79,49.37],[-1.809,49.373],[-1.822,49.398],[-1.824,49.448],[-1.847,49.474],[-1.85,49.507],[-1.882,49.519],[-1.889,49.534],[-1.865,49.553],[-1.858,49.551],[-1.842,49.573],[-1.847,49.625],[-1.872,49.657],[-1.899,49.666],[-1.947,49.675],[-1.936,49.689],[-1.947,49.705],[-1.942,49.726],[-1.906,49.722],[-1.897,49.711],[-1.886,49.706],[-1.853,49.718],[-1.824,49.69],[-1.759,49.678],[-1.718,49.68],[-1.701,49.67],[-1.687,49.674],[-1.672,49.658],[-1.652,49.657],[-1.633,49.66],[-1.616,49.658],[-1.63,49.66],[-1.636,49.654],[-1.628,49.648],[-1.626,49.649],[-1.625,49.647],[-1.622,49.649],[-1.62,49.649],[-1.619,49.648],[-1.62,49.639],[-1.618,49.649],[-1.615,49.643],[-1.614,49.65],[-1.61,49.644],[-1.603,49.646],[-1.607,49.657],[-1.587,49.651],[-1.57,49.657],[-1.534,49.655],[-1.488,49.668],[-1.473,49.697],[-1.453,49.692],[-1.421,49.705],[-1.372,49.707],[-1.293,49.693],[-1.265,49.697],[-1.273,49.679],[-1.24,49.655],[-1.229,49.606],[-1.256,49.613],[-1.266,49.593],[-1.261,49.587],[-1.273,49.571],[-1.271,49.585],[-1.296,49.583],[-1.307,49.541],[-1.293,49.516],[-1.178,49.42],[-1.162,49.392],[-1.18,49.378],[-1.184,49.346],[-1.214,49.332],[-1.225,49.32],[-1.239,49.326],[-1.245,49.326],[-1.226,49.317],[-1.155,49.362],[-1.118,49.345],[-1.114,49.326],[-1.138,49.312],[-1.141,49.309],[-1.113,49.326],[-1.11,49.324],[-1.1,49.32],[-1.112,49.326],[-1.12,49.358],[-1.084,49.385],[-0.989,49.398],[-0.953,49.396],[-0.924,49.392],[-0.849,49.362],[-0.755,49.349],[-0.604,49.34],[-0.518,49.345],[-0.457,49.337],[-0.462,49.334],[-0.396,49.333],[-0.305,49.299],[-0.247,49.291],[-0.25,49.281],[-0.247,49.281],[-0.247,49.282],[-0.247,49.283],[-0.247,49.283],[-0.247,49.285],[-0.246,49.285],[-0.246,49.28],[-0.227,49.276],[-0.246,49.273],[-0.249,49.26],[-0.219,49.271],[-0.226,49.282],[-0.222,49.283],[-0.222,49.284],[-0.22,49.284],[-0.218,49.285],[-0.217,49.285],[-0.228,49.284],[-0.227,49.281],[-0.233,49.287],[-0.166,49.287],[-0.103,49.297],[-0.094,49.299],[-0.09,49.298],[-0.104,49.296],[-0.107,49.289],[-0.112,49.287],[-0.111,49.286],[-0.104,49.29],[-0.102,49.295],[-0.089,49.295],[-0.079,49.304],[-0.004,49.325],[0.071,49.369],[0.077,49.364],[0.086,49.361],[0.076,49.367],[0.131,49.403],[0.223,49.428],[0.337,49.434],[0.339,49.45],[0.273,49.453],[0.272,49.442],[0.265,49.449],[0.152,49.452],[0.114,49.458],[0.113,49.458],[0.106,49.462],[0.105,49.465],[0.106,49.465],[0.151,49.452],[0.174,49.457],[0.109,49.467],[0.112,49.471],[0.09,49.482],[0.089,49.484],[0.123,49.47],[0.175,49.471],[0.106,49.481],[0.116,49.484],[0.111,49.49],[0.108,49.484],[0.093,49.488],[0.097,49.492],[0.091,49.487],[0.089,49.5],[0.066,49.51],[0.072,49.533],[0.153,49.645],[0.151,49.654],[0.146,49.65],[0.153,49.662],[0.142,49.669],[0.118,49.664],[0.137,49.671],[0.142,49.669],[0.154,49.662],[0.157,49.662],[0.164,49.687],[0.206,49.715],[0.287,49.738],[0.323,49.742],[0.365,49.764],[0.376,49.761],[0.367,49.768],[0.487,49.809],[0.581,49.852],[0.709,49.874],[0.787,49.875],[0.928,49.906],[0.96,49.919],[1.022,49.916],[1.083,49.934],[1.085,49.927],[1.084,49.936],[1.106,49.936],[1.202,49.971],[1.205,49.981],[1.228,49.985],[1.329,50.046],[1.369,50.065],[1.372,50.061],[1.377,50.06],[1.37,50.064],[1.421,50.089],[1.432,50.08],[1.444,50.084],[1.506,50.066],[1.508,50.048],[1.525,50.053],[1.57,50.04],[1.578,50.05],[1.635,50.047],[1.654,50.023],[1.688,50.023],[1.703,50.011],[1.724,50.02],[1.729,50.014],[1.74,50.017],[1.75,50.005],[1.741,49.99],[1.757,49.972],[1.736,49.96],[1.744,49.94],[1.735,49.927],[1.696,49.917],[1.708,49.916],[1.712,49.908],[1.726,49.911],[1.721,49.897],[1.764,49.889],[1.799,49.866],[1.814,49.874],[1.827,49.861],[1.862,49.86],[1.854,49.823],[1.821,49.81],[1.841,49.789],[1.901,49.836],[1.923,49.837],[1.932,49.831],[1.911,49.813],[1.921,49.805],[1.88,49.79],[1.886,49.776],[1.872,49.772],[1.876,49.761],[1.86,49.769],[1.82,49.766],[1.81,49.754],[1.821,49.739],[1.796,49.737],[1.799,49.728],[1.771,49.714],[1.793,49.681],[1.809,49.691],[1.818,49.682],[1.854,49.68],[1.84,49.675],[1.843,49.669],[1.854,49.677],[1.878,49.66],[1.914,49.659],[1.927,49.653],[1.927,49.643],[1.959,49.642],[1.978,49.619],[2.013,49.634],[2.029,49.617],[2.066,49.63],[2.072,49.619],[2.062,49.611],[2.068,49.603],[2.058,49.582],[2.068,49.597],[2.136,49.601],[2.147,49.622],[2.164,49.613],[2.154,49.59],[2.176,49.591],[2.174,49.579],[2.188,49.571],[2.205,49.58],[2.224,49.573],[2.234,49.578],[2.233,49.558],[2.246,49.554],[2.26,49.563],[2.252,49.57],[2.273,49.575],[2.302,49.553],[2.314,49.558],[2.349,49.552],[2.356,49.567],[2.369,49.57],[2.364,49.583],[2.372,49.587],[2.415,49.558],[2.437,49.556],[2.44,49.573],[2.46,49.562],[2.493,49.558],[2.516,49.575],[2.532,49.575],[2.544,49.56],[2.535,49.547],[2.559,49.536],[2.578,49.55],[2.606,49.543],[2.612,49.549],[2.602,49.552],[2.613,49.561],[2.605,49.573],[2.614,49.582],[2.628,49.585],[2.649,49.572],[2.665,49.577],[2.674,49.586],[2.668,49.599],[2.688,49.614],[2.689,49.626],[2.721,49.621],[2.739,49.627],[2.787,49.612],[2.808,49.637],[2.826,49.622],[2.82,49.618],[2.835,49.618],[2.877,49.632],[2.882,49.65],[2.901,49.656],[2.917,49.652],[2.954,49.661],[2.939,49.657],[2.942,49.65],[2.971,49.637],[2.996,49.662],[3.011,49.66],[3.019,49.668],[3.011,49.675],[3.034,49.683],[3.042,49.674],[3.057,49.676],[3.066,49.696],[3.078,49.69],[3.1,49.699],[3.108,49.665],[3.117,49.667],[3.121,49.66],[3.144,49.682],[3.203,49.681],[3.215,49.698],[3.209,49.709],[3.225,49.708],[3.226,49.698],[3.253,49.696],[3.275,49.73],[3.295,49.729],[3.31,49.74],[3.303,49.753],[3.282,49.754],[3.282,49.761],[3.299,49.775],[3.312,49.767],[3.331,49.77],[3.334,49.779],[3.348,49.779],[3.356,49.788],[3.329,49.797],[3.329,49.817],[3.379,49.811],[3.38,49.823],[3.392,49.823],[3.392,49.834],[3.417,49.853],[3.45,49.855],[3.447,49.871],[3.465,49.896],[3.488,49.894],[3.515,49.911],[3.517,49.921],[3.533,49.919],[3.543,49.93],[3.5,49.945],[3.507,49.966],[3.519,49.959],[3.542,49.972],[3.555,49.968],[3.56,49.98],[3.572,49.977],[3.574,49.988],[3.585,49.99],[3.583,50.01],[3.605,50.004],[3.626,50.01],[3.623,50.018],[3.668,50.006],[3.686,50.014],[3.688,50.024],[3.751,50.022],[3.763,50.03],[3.762,50.041],[3.794,50.049],[3.816,50.039],[3.811,50.021],[3.853,50.023],[3.876,50.013],[3.869,49.976],[3.896,49.987],[3.96,49.974],[3.972,49.99],[4.005,49.996],[4.012,49.986],[4.084,49.979],[4.085,49.969],[4.14,49.979],[4.173,49.977],[4.197,49.967],[4.197,49.955],[4.309,49.97],[4.351,49.952],[4.382,49.955],[4.405,49.948],[4.4,49.942],[4.378,49.942],[4.392,49.922],[4.39,49.902],[4.38,49.901],[4.373,49.883],[4.365,49.886],[4.335,49.858],[4.356,49.848],[4.356,49.838],[4.388,49.834],[4.414,49.853],[4.412,49.861],[4.422,49.858],[4.411,49.834],[4.425,49.812],[4.406,49.793],[4.374,49.789],[4.359,49.777],[4.366,49.75],[4.337,49.736],[4.361,49.735],[4.38,49.743],[4.402,49.741],[4.41,49.727],[4.41,49.734],[4.438,49.739],[4.448,49.727],[4.463,49.734],[4.454,49.736],[4.45,49.741],[4.471,49.738],[4.473,49.727],[4.449,49.703],[4.461,49.691],[4.464,49.67],[4.497,49.663],[4.525,49.639],[4.537,49.646],[4.561,49.64],[4.558,49.622],[4.531,49.602],[4.546,49.6],[4.59,49.627],[4.636,49.629],[4.647,49.617],[4.639,49.597],[4.63,49.6],[4.623,49.594],[4.638,49.581],[4.652,49.584],[4.654,49.593],[4.689,49.589],[4.669,49.563],[4.677,49.55],[4.682,49.547],[4.691,49.56],[4.724,49.557],[4.732,49.511],[4.746,49.501],[4.748,49.487],[4.777,49.483],[4.776,49.47],[4.814,49.459],[4.803,49.428],[4.823,49.392],[4.852,49.406],[4.868,49.425],[4.922,49.421],[4.959,49.464],[4.963,49.459],[4.976,49.465],[5.031,49.46],[5.019,49.424],[5.047,49.409],[5.017,49.385],[5.028,49.37],[5.06,49.372],[5.026,49.336],[5.027,49.327],[5.038,49.316],[5.087,49.311],[5.057,49.293],[5.064,49.288],[5.156,49.288],[5.152,49.279],[5.17,49.262],[5.143,49.237],[5.153,49.234],[5.14,49.221],[5.175,49.215],[5.18,49.206],[5.155,49.192],[5.152,49.181],[5.177,49.182],[5.189,49.172],[5.184,49.166],[5.233,49.151],[5.246,49.13],[5.202,49.123],[5.197,49.11],[5.213,49.116],[5.232,49.101],[5.301,49.093],[5.262,49.057],[5.276,49.05],[5.31,49.054],[5.361,49.023],[5.343,49.011],[5.256,49.016],[5.249,48.985],[5.266,48.994],[5.288,48.985],[5.305,48.987],[5.341,48.96],[5.358,48.967],[5.35,48.96],[5.352,48.952],[5.356,48.957],[5.369,48.937],[5.384,48.934],[5.376,48.928],[5.407,48.921],[5.401,48.916],[5.41,48.909],[5.4,48.91],[5.387,48.893],[5.396,48.887],[5.37,48.879],[5.413,48.874],[5.4,48.861],[5.422,48.841],[5.397,48.832],[5.398,48.825],[5.417,48.823],[5.426,48.813],[5.415,48.802],[5.422,48.792],[5.45,48.786],[5.444,48.768],[5.454,48.756],[5.445,48.747],[5.469,48.755],[5.472,48.738],[5.485,48.743],[5.472,48.729],[5.487,48.739],[5.508,48.708],[5.498,48.695],[5.522,48.676],[5.512,48.664],[5.538,48.647],[5.524,48.637],[5.526,48.618],[5.509,48.614],[5.516,48.61],[5.508,48.605],[5.512,48.586],[5.508,48.576],[5.497,48.574],[5.504,48.55],[5.531,48.546],[5.582,48.569],[5.591,48.56],[5.623,48.563],[5.599,48.538],[5.606,48.529],[5.587,48.518],[5.574,48.523],[5.565,48.511],[5.595,48.502],[5.575,48.491],[5.579,48.474],[5.561,48.457],[5.561,48.44],[5.516,48.431],[5.512,48.41],[5.47,48.421],[5.447,48.415],[5.42,48.395],[5.394,48.392],[5.407,48.383],[5.443,48.379],[5.419,48.361],[5.426,48.331],[5.481,48.357],[5.527,48.347],[5.534,48.325],[5.458,48.312],[5.452,48.303],[5.465,48.299],[5.456,48.292],[5.513,48.25],[5.531,48.244],[5.549,48.257],[5.559,48.252],[5.517,48.207],[5.484,48.205],[5.49,48.198],[5.479,48.184],[5.502,48.168],[5.496,48.148],[5.504,48.137],[5.458,48.142],[5.448,48.114],[5.471,48.106],[5.489,48.11],[5.496,48.086],[5.468,48.072],[5.467,48.063],[5.444,48.062],[5.467,48.053],[5.472,48.033],[5.487,48.027],[5.473,48.013],[5.447,48.016],[5.455,48.01],[5.442,47.996],[5.465,47.979],[5.474,47.984],[5.477,47.972],[5.491,47.968],[5.498,47.973],[5.5,47.972],[5.497,47.942],[5.508,47.932],[5.502,47.91],[5.472,47.904],[5.482,47.896],[5.474,47.89],[5.479,47.872],[5.463,47.86],[5.463,47.844],[5.439,47.846],[5.391,47.801],[5.364,47.802],[5.344,47.815],[5.33,47.806],[5.318,47.814],[5.299,47.809],[5.288,47.82],[5.291,47.816],[5.229,47.799],[5.22,47.786],[5.203,47.781],[5.192,47.782],[5.194,47.792],[5.16,47.794],[5.158,47.79],[5.179,47.789],[5.189,47.781],[5.159,47.778],[5.172,47.762],[5.148,47.749],[5.138,47.725],[5.105,47.715],[5.091,47.724],[5.057,47.717],[5.039,47.731],[5.029,47.71],[5.005,47.701],[4.996,47.689],[4.967,47.687],[4.927,47.663],[4.91,47.665],[4.912,47.649],[4.907,47.655],[4.887,47.652],[4.897,47.623],[4.878,47.631],[4.878,47.642],[4.862,47.641],[4.854,47.631],[4.859,47.613],[4.876,47.595],[4.864,47.58],[4.855,47.572],[4.807,47.567],[4.814,47.557],[4.801,47.542],[4.744,47.504],[4.721,47.507],[4.725,47.498],[4.712,47.496],[4.723,47.478],[4.744,47.48],[4.768,47.431],[4.749,47.416],[4.795,47.386],[4.776,47.371],[4.799,47.361],[4.743,47.341],[4.718,47.314],[4.726,47.304],[4.7,47.29],[4.701,47.283],[4.692,47.291],[4.666,47.295],[4.635,47.288],[4.637,47.283],[4.622,47.284],[4.602,47.27],[4.584,47.283],[4.558,47.232],[4.579,47.195],[4.547,47.176],[4.529,47.177],[4.542,47.213],[4.531,47.231],[4.509,47.229],[4.498,47.21],[4.458,47.244],[4.43,47.212],[4.412,47.228],[4.392,47.223],[4.348,47.238],[4.308,47.233],[4.291,47.254],[4.263,47.25],[4.243,47.262],[4.227,47.255],[4.203,47.259],[4.187,47.245],[4.177,47.254],[4.127,47.237],[4.117,47.21],[4.124,47.206],[4.103,47.199],[4.122,47.2],[4.124,47.19],[4.174,47.186],[4.183,47.17],[4.193,47.172],[4.194,47.166],[4.207,47.172],[4.21,47.155],[4.197,47.147],[4.185,47.153],[4.145,47.143],[4.115,47.146],[4.117,47.132],[4.107,47.13],[4.114,47.119],[4.095,47.129],[4.091,47.116],[4.06,47.121],[4.049,47.11],[4.054,47.095],[4.039,47.08],[4.074,47.056],[4.057,47.039],[4.062,47.023],[4.056,47.013],[3.996,46.987],[3.994,46.979],[4.01,46.971],[4.039,46.985],[4.056,46.957],[4.041,46.951],[4.048,46.932],[4.035,46.919],[4.012,46.922],[4.017,46.932],[3.985,46.962],[3.99,46.98],[3.974,46.975],[3.956,46.984],[3.945,46.993],[3.945,47.016],[3.9,47.044],[3.915,47.068],[3.907,47.074],[3.924,47.087],[3.915,47.1],[3.921,47.112],[3.903,47.112],[3.895,47.119],[3.877,47.115],[3.877,47.126],[3.876,47.127],[3.845,47.128],[3.84,47.138],[3.828,47.139],[3.823,47.159],[3.803,47.157],[3.806,47.139],[3.775,47.128],[3.76,47.147],[3.716,47.161],[3.706,47.172],[3.694,47.166],[3.678,47.171],[3.652,47.146],[3.638,47.15],[3.636,47.162],[3.613,47.179],[3.615,47.199],[3.602,47.207],[3.564,47.203],[3.545,47.213],[3.534,47.202],[3.52,47.204],[3.511,47.183],[3.482,47.176],[3.474,47.213],[3.458,47.227],[3.412,47.241],[3.399,47.23],[3.384,47.23],[3.395,47.267],[3.367,47.289],[3.368,47.305],[3.355,47.316],[3.307,47.322],[3.299,47.338],[3.249,47.362],[3.256,47.384],[3.287,47.394],[3.302,47.387],[3.315,47.397],[3.296,47.404],[3.282,47.429],[3.284,47.434],[3.308,47.432],[3.324,47.44],[3.317,47.44],[3.327,47.463],[3.353,47.462],[3.338,47.47],[3.34,47.481],[3.307,47.495],[3.296,47.492],[3.285,47.504],[3.297,47.518],[3.271,47.53],[3.254,47.529],[3.241,47.555],[3.229,47.548],[3.22,47.552],[3.207,47.58],[3.172,47.594],[3.173,47.589],[3.123,47.59],[3.12,47.579],[3.101,47.588],[3.072,47.58],[3.038,47.597],[3.047,47.608],[3.034,47.62],[3.02,47.623],[3.01,47.616],[2.989,47.626],[2.985,47.639],[2.963,47.632],[2.963,47.639],[2.918,47.67],[2.926,47.682],[2.879,47.704],[2.879,47.72],[2.861,47.71],[2.849,47.726],[2.811,47.733],[2.799,47.728]],[[4.101,49.904],[4.101,49.904],[4.101,49.904],[4.101,49.904]],[[4.099,49.902],[4.101,49.902],[4.099,49.902],[4.099,49.902]],[[0.684,48.847],[0.684,48.847],[0.685,48.847],[0.684,48.847]]],[[[-1.146,49.499],[-1.144,49.498],[-1.147,49.499],[-1.147,49.497],[-1.147,49.498],[-1.146,49.499]]],[[[-1.146,49.497],[-1.146,49.497],[-1.146,49.498],[-1.146,49.497]]],[[[-1.146,49.497],[-1.147,49.497],[-1.148,49.498],[-1.147,49.497],[-1.146,49.497]]],[[[-1.155,49.494],[-1.155,49.492],[-1.156,49.493],[-1.155,49.494]]],[[[-1.242,49.585],[-1.241,49.584],[-1.242,49.584],[-1.242,49.585]]],[[[-1.243,49.591],[-1.242,49.586],[-1.249,49.59],[-1.243,49.591]]],[[[-1.266,49.682],[-1.266,49.682],[-1.266,49.682],[-1.266,49.682]]],[[[-1.267,49.682],[-1.266,49.682],[-1.267,49.682],[-1.267,49.682]]],[[[-1.267,49.682],[-1.267,49.682],[-1.267,49.682],[-1.267,49.682]]],[[[-1.267,49.685],[-1.267,49.685],[-1.267,49.685],[-1.267,49.685]]],[[[-1.269,49.682],[-1.269,49.682],[-1.269,49.682],[-1.269,49.682]]],[[[-1.269,49.682],[-1.269,49.682],[-1.27,49.682],[-1.269,49.682]]],[[[-1.269,49.682],[-1.269,49.682],[-1.269,49.682],[-1.269,49.682]]],[[[-1.274,49.582],[-1.273,49.582],[-1.274,49.582],[-1.274,49.582]]],[[[-1.585,49.67],[-1.581,49.669],[-1.58,49.669],[-1.585,49.67]]],[[[-1.619,49.674],[-1.599,49.671],[-1.62,49.674],[-1.648,49.674],[-1.619,49.674]]],[[[-1.514,48.661],[-1.512,48.66],[-1.515,48.66],[-1.514,48.661]]],[[[-1.609,49.649],[-1.609,49.649],[-1.609,49.649],[-1.609,49.649]]],[[[-1.61,49.649],[-1.609,49.649],[-1.609,49.649],[-1.61,49.649]]],[[[-1.613,49.65],[-1.614,49.65],[-1.614,49.65],[-1.613,49.65]]],[[[-1.614,49.651],[-1.613,49.651],[-1.613,49.651],[-1.614,49.651]]],[[[-1.613,49.651],[-1.614,49.651],[-1.614,49.651],[-1.613,49.651]]],[[[-1.554,48.931],[-1.555,48.931],[-1.553,48.932],[-1.553,48.931],[-1.554,48.931]]],[[[-1.631,49.657],[-1.63,49.657],[-1.63,49.657],[-1.631,49.657]]],[[[-1.644,49.659],[-1.644,49.659],[-1.644,49.659],[-1.644,49.659]]],[[[-1.687,49.674],[-1.678,49.67],[-1.663,49.672],[-1.663,49.672],[-1.679,49.669],[-1.687,49.674]]],[[[-1.665,49.671],[-1.665,49.67],[-1.666,49.671],[-1.665,49.671]]],[[[-1.712,49.34],[-1.711,49.34],[-1.711,49.339],[-1.712,49.34]]],[[[-1.714,49.341],[-1.714,49.341],[-1.714,49.342],[-1.714,49.341]]],[[[-1.818,49.69],[-1.818,49.69],[-1.818,49.69],[-1.818,49.69]]],[[[-1.824,49.693],[-1.824,49.693],[-1.824,49.693],[-1.824,49.693]]],[[[-1.824,49.693],[-1.824,49.693],[-1.824,49.693],[-1.824,49.693]]],[[[-1.826,49.693],[-1.826,49.693],[-1.826,49.693],[-1.826,49.693]]],[[[-1.836,49.711],[-1.836,49.711],[-1.836,49.711],[-1.836,49.711]]],[[[-1.836,49.713],[-1.836,49.713],[-1.836,49.713],[-1.836,49.713]]],[[[-1.836,49.71],[-1.836,49.71],[-1.836,49.71],[-1.836,49.71]]],[[[-1.841,49.712],[-1.84,49.712],[-1.841,49.712],[-1.841,49.712]]],[[[-1.842,49.714],[-1.842,49.714],[-1.842,49.714],[-1.842,49.714]]],[[[-1.842,49.714],[-1.842,49.714],[-1.842,49.714],[-1.842,49.714]]],[[[-1.842,49.713],[-1.843,49.714],[-1.842,49.714],[-1.842,49.713]]],[[[-1.767,48.875],[-1.766,48.873],[-1.766,48.872],[-1.767,48.875]]],[[[-1.77,48.875],[-1.77,48.875],[-1.77,48.875],[-1.77,48.875]]],[[[-1.77,48.871],[-1.77,48.871],[-1.77,48.871],[-1.77,48.871]]],[[[-1.771,48.873],[-1.77,48.872],[-1.772,48.873],[-1.771,48.873]]],[[[-1.773,48.87],[-1.772,48.87],[-1.773,48.87],[-1.773,48.87]]],[[[-1.779,48.875],[-1.778,48.875],[-1.779,48.875],[-1.779,48.875]]],[[[-1.78,48.892],[-1.78,48.892],[-1.781,48.892],[-1.78,48.892]]],[[[-1.864,49.718],[-1.865,49.718],[-1.864,49.718],[-1.864,49.718]]],[[[-1.793,48.884],[-1.794,48.883],[-1.794,48.883],[-1.793,48.884]]],[[[-1.796,48.877],[-1.797,48.877],[-1.797,48.877],[-1.796,48.877]]],[[[-1.797,48.879],[-1.796,48.877],[-1.798,48.877],[-1.797,48.879]]],[[[-1.799,48.885],[-1.798,48.885],[-1.799,48.884],[-1.799,48.885]]],[[[-1.798,48.88],[-1.798,48.88],[-1.798,48.88],[-1.798,48.88]]],[[[-1.804,48.89],[-1.802,48.89],[-1.804,48.89],[-1.804,48.89]]],[[[-1.802,48.878],[-1.801,48.878],[-1.802,48.878],[-1.802,48.878]]],[[[-1.802,48.889],[-1.802,48.889],[-1.803,48.889],[-1.802,48.889]]],[[[-1.807,48.877],[-1.806,48.877],[-1.805,48.876],[-1.807,48.877],[-1.807,48.877]]],[[[-1.807,48.87],[-1.805,48.87],[-1.805,48.87],[-1.807,48.87]]],[[[-1.807,48.871],[-1.806,48.871],[-1.806,48.871],[-1.807,48.871]]],[[[-1.809,48.873],[-1.807,48.872],[-1.807,48.872],[-1.809,48.873]]],[[[-1.808,48.877],[-1.808,48.876],[-1.808,48.876],[-1.808,48.877]]],[[[-1.809,48.878],[-1.808,48.877],[-1.809,48.878],[-1.809,48.878]]],[[[-1.813,48.894],[-1.812,48.894],[-1.813,48.894],[-1.813,48.894]]],[[[-1.89,49.71],[-1.89,49.71],[-1.89,49.71],[-1.89,49.71]]],[[[-1.89,49.71],[-1.89,49.71],[-1.89,49.71],[-1.89,49.71]]],[[[-1.89,49.71],[-1.89,49.71],[-1.89,49.71],[-1.89,49.71]]],[[[-1.814,48.874],[-1.814,48.873],[-1.814,48.874],[-1.814,48.874]]],[[[-1.894,49.72],[-1.894,49.72],[-1.894,49.72],[-1.894,49.72]]],[[[-1.894,49.719],[-1.894,49.719],[-1.894,49.719],[-1.894,49.719]]],[[[-1.894,49.72],[-1.894,49.72],[-1.894,49.72],[-1.894,49.72]]],[[[-1.894,49.72],[-1.894,49.72],[-1.894,49.72],[-1.894,49.72]]],[[[-1.895,49.718],[-1.894,49.718],[-1.894,49.718],[-1.895,49.718]]],[[[-1.894,49.718],[-1.894,49.718],[-1.894,49.718],[-1.894,49.718]]],[[[-1.894,49.719],[-1.894,49.719],[-1.894,49.719],[-1.894,49.719]]],[[[-1.816,48.878],[-1.815,48.877],[-1.815,48.877],[-1.816,48.878]]],[[[-1.817,48.874],[-1.817,48.874],[-1.817,48.874],[-1.817,48.874]]],[[[-1.819,48.886],[-1.818,48.885],[-1.819,48.886],[-1.819,48.886]]],[[[-1.819,48.879],[-1.818,48.878],[-1.818,48.878],[-1.819,48.879]]],[[[-1.821,48.877],[-1.819,48.877],[-1.819,48.876],[-1.821,48.877]]],[[[-1.825,48.896],[-1.822,48.894],[-1.825,48.896],[-1.825,48.896]]],[[[-1.821,48.879],[-1.821,48.879],[-1.821,48.879],[-1.821,48.879]]],[[[-1.839,48.878],[-1.822,48.869],[-1.832,48.869],[-1.839,48.878]]],[[[-1.824,48.887],[-1.824,48.885],[-1.825,48.886],[-1.824,48.887]]],[[[-1.903,49.721],[-1.903,49.721],[-1.903,49.721],[-1.903,49.721]]],[[[-1.826,48.878],[-1.825,48.877],[-1.825,48.877],[-1.826,48.878]]],[[[-1.904,49.721],[-1.905,49.721],[-1.905,49.721],[-1.904,49.721]]],[[[-1.829,48.879],[-1.828,48.879],[-1.829,48.879],[-1.829,48.879]]],[[[-1.831,48.875],[-1.831,48.875],[-1.831,48.875],[-1.831,48.875]]],[[[-1.832,48.882],[-1.832,48.882],[-1.833,48.882],[-1.832,48.882]]],[[[-1.912,49.724],[-1.912,49.724],[-1.911,49.724],[-1.912,49.724]]],[[[-1.834,48.89],[-1.834,48.889],[-1.835,48.89],[-1.834,48.89]]],[[[-1.836,48.883],[-1.836,48.883],[-1.836,48.883],[-1.836,48.883]]],[[[-1.836,48.883],[-1.836,48.883],[-1.836,48.883],[-1.836,48.883]]],[[[-1.916,49.726],[-1.916,49.727],[-1.916,49.726],[-1.916,49.726]]],[[[-1.837,48.87],[-1.836,48.87],[-1.836,48.87],[-1.837,48.87]]],[[[-1.918,49.73],[-1.918,49.73],[-1.918,49.73],[-1.918,49.73]]],[[[-1.839,48.895],[-1.84,48.895],[-1.84,48.895],[-1.839,48.895]]],[[[-1.84,48.887],[-1.84,48.887],[-1.84,48.887],[-1.84,48.887]]],[[[-1.84,48.872],[-1.839,48.871],[-1.84,48.871],[-1.84,48.872]]],[[[-1.842,48.894],[-1.842,48.893],[-1.842,48.893],[-1.842,48.894]]],[[[-1.841,48.874],[-1.84,48.873],[-1.841,48.873],[-1.841,48.874]]],[[[-1.843,48.879],[-1.841,48.878],[-1.842,48.876],[-1.843,48.879]]],[[[-1.843,48.882],[-1.842,48.882],[-1.843,48.882],[-1.843,48.882]]],[[[-1.92,49.666],[-1.92,49.667],[-1.92,49.666],[-1.92,49.666]]],[[[-1.85,48.898],[-1.85,48.898],[-1.85,48.898],[-1.85,48.898]]],[[[-1.85,48.89],[-1.85,48.89],[-1.85,48.89],[-1.85,48.89]]],[[[-1.924,49.665],[-1.924,49.665],[-1.924,49.664],[-1.924,49.665]]],[[[-1.924,49.666],[-1.924,49.666],[-1.924,49.666],[-1.924,49.666]]],[[[-1.85,48.886],[-1.85,48.886],[-1.85,48.886],[-1.85,48.886]]],[[[-1.852,48.879],[-1.851,48.879],[-1.852,48.879],[-1.852,48.879]]],[[[-1.854,48.879],[-1.853,48.878],[-1.853,48.878],[-1.854,48.879]]],[[[-1.855,48.877],[-1.855,48.877],[-1.855,48.877],[-1.855,48.877]]],[[[-1.855,48.879],[-1.855,48.878],[-1.855,48.879],[-1.855,48.879]]],[[[-1.856,48.878],[-1.855,48.878],[-1.856,48.877],[-1.856,48.878]]],[[[-1.863,48.882],[-1.859,48.88],[-1.862,48.881],[-1.863,48.882]]],[[[-1.942,49.726],[-1.942,49.726],[-1.942,49.726],[-1.942,49.726]]],[[[-1.939,49.671],[-1.939,49.672],[-1.939,49.671],[-1.939,49.671]]],[[[-1.864,48.873],[-1.864,48.873],[-1.864,48.873],[-1.864,48.873]]],[[[-1.94,49.671],[-1.94,49.671],[-1.94,49.671],[-1.94,49.671]]],[[[-1.864,48.873],[-1.864,48.873],[-1.864,48.873],[-1.864,48.873]]],[[[-1.866,48.882],[-1.865,48.882],[-1.866,48.882],[-1.866,48.882]]],[[[-1.941,49.672],[-1.942,49.672],[-1.941,49.672],[-1.941,49.672]]],[[[-1.866,48.885],[-1.867,48.884],[-1.867,48.885],[-1.866,48.885]]],[[[-1.868,48.884],[-1.868,48.884],[-1.868,48.884],[-1.868,48.884]]],[[[-1.944,49.674],[-1.944,49.674],[-1.944,49.674],[-1.944,49.674]]],[[[-1.945,49.68],[-1.945,49.68],[-1.945,49.68],[-1.945,49.68]]],[[[-1.87,48.876],[-1.87,48.876],[-1.87,48.876],[-1.87,48.876]]],[[[-1.946,49.675],[-1.946,49.675],[-1.946,49.675],[-1.946,49.675]]],[[[-1.955,49.705],[-1.955,49.705],[-1.955,49.705],[-1.955,49.705]]]]}},{"type":"Feature","properties":{"nom":"Les fleuves et cours d'eau côtiers de la Guyane","code":"K","surfaceKm2":136104.8},"geometry":{"type":"MultiPolygon","coordinates":[[[[-51.938,4.825],[-51.935,4.825],[-51.936,4.824],[-51.938,4.825]]],[[[-51.641,4.213],[-51.635,4.201],[-51.619,4.201],[-51.635,4.176],[-51.638,4.133],[-51.656,4.054],[-51.676,4.036],[-51.746,4.001],[-51.778,3.975],[-51.782,3.964],[-51.782,3.924],[-51.799,3.887],[-51.821,3.87],[-51.823,3.859],[-51.856,3.833],[-51.873,3.804],[-51.884,3.802],[-51.886,3.794],[-51.903,3.8],[-51.904,3.794],[-51.896,3.785],[-51.921,3.78],[-51.927,3.767],[-51.916,3.746],[-51.923,3.723],[-51.952,3.722],[-51.957,3.714],[-51.973,3.705],[-51.993,3.644],[-51.988,3.628],[-52.02,3.593],[-52.06,3.52],[-52.073,3.516],[-52.071,3.504],[-52.093,3.479],[-52.094,3.463],[-52.109,3.451],[-52.174,3.331],[-52.187,3.32],[-52.193,3.308],[-52.191,3.297],[-52.203,3.288],[-52.234,3.24],[-52.244,3.238],[-52.248,3.25],[-52.26,3.253],[-52.275,3.236],[-52.293,3.226],[-52.303,3.2],[-52.301,3.173],[-52.331,3.171],[-52.333,3.156],[-52.341,3.145],[-52.332,3.137],[-52.348,3.136],[-52.353,3.127],[-52.338,3.12],[-52.345,3.098],[-52.326,3.078],[-52.352,3.023],[-52.362,3.017],[-52.371,2.99],[-52.368,2.982],[-52.383,2.951],[-52.393,2.946],[-52.39,2.94],[-52.395,2.928],[-52.389,2.918],[-52.378,2.921],[-52.377,2.916],[-52.391,2.898],[-52.406,2.901],[-52.41,2.893],[-52.422,2.891],[-52.473,2.794],[-52.478,2.779],[-52.475,2.764],[-52.483,2.758],[-52.479,2.753],[-52.5,2.722],[-52.507,2.698],[-52.52,2.684],[-52.529,2.652],[-52.543,2.654],[-52.556,2.64],[-52.542,2.622],[-52.55,2.611],[-52.532,2.599],[-52.527,2.583],[-52.538,2.567],[-52.537,2.559],[-52.55,2.562],[-52.561,2.55],[-52.555,2.533],[-52.549,2.531],[-52.552,2.52],[-52.565,2.516],[-52.588,2.494],[-52.595,2.476],[-52.619,2.474],[-52.622,2.463],[-52.61,2.452],[-52.631,2.441],[-52.636,2.445],[-52.646,2.433],[-52.644,2.42],[-52.658,2.401],[-52.654,2.395],[-52.661,2.374],[-52.71,2.359],[-52.719,2.35],[-52.717,2.343],[-52.74,2.337],[-52.773,2.315],[-52.779,2.318],[-52.783,2.31],[-52.802,2.3],[-52.842,2.291],[-52.838,2.281],[-52.859,2.281],[-52.851,2.27],[-52.854,2.264],[-52.871,2.26],[-52.875,2.241],[-52.888,2.238],[-52.886,2.22],[-52.892,2.216],[-52.903,2.186],[-52.92,2.193],[-52.93,2.189],[-52.935,2.194],[-52.941,2.179],[-52.984,2.167],[-52.998,2.178],[-53.053,2.19],[-53.074,2.219],[-53.102,2.226],[-53.134,2.225],[-53.147,2.218],[-53.156,2.221],[-53.183,2.211],[-53.207,2.211],[-53.223,2.201],[-53.245,2.211],[-53.263,2.189],[-53.278,2.195],[-53.281,2.188],[-53.283,2.196],[-53.276,2.2],[-53.274,2.21],[-53.279,2.219],[-53.263,2.22],[-53.258,2.226],[-53.26,2.249],[-53.252,2.241],[-53.234,2.256],[-53.227,2.255],[-53.227,2.264],[-53.231,2.269],[-53.257,2.27],[-53.26,2.286],[-53.281,2.305],[-53.301,2.307],[-53.314,2.323],[-53.319,2.345],[-53.321,2.338],[-53.332,2.334],[-53.333,2.346],[-53.34,2.352],[-53.347,2.347],[-53.356,2.348],[-53.362,2.343],[-53.359,2.328],[-53.372,2.313],[-53.38,2.313],[-53.388,2.304],[-53.399,2.305],[-53.411,2.287],[-53.431,2.289],[-53.431,2.282],[-53.446,2.274],[-53.451,2.26],[-53.462,2.253],[-53.479,2.256],[-53.485,2.262],[-53.492,2.257],[-53.52,2.261],[-53.533,2.251],[-53.538,2.257],[-53.549,2.253],[-53.56,2.265],[-53.579,2.27],[-53.587,2.263],[-53.59,2.272],[-53.604,2.281],[-53.611,2.281],[-53.619,2.272],[-53.628,2.28],[-53.634,2.276],[-53.657,2.279],[-53.652,2.296],[-53.661,2.295],[-53.669,2.304],[-53.677,2.296],[-53.684,2.3],[-53.685,2.292],[-53.691,2.307],[-53.699,2.311],[-53.704,2.311],[-53.704,2.305],[-53.722,2.313],[-53.731,2.305],[-53.74,2.306],[-53.747,2.31],[-53.748,2.32],[-53.733,2.322],[-53.738,2.332],[-53.726,2.339],[-53.721,2.351],[-53.729,2.348],[-53.739,2.361],[-53.745,2.355],[-53.751,2.358],[-53.737,2.366],[-53.738,2.374],[-53.744,2.369],[-53.768,2.376],[-53.773,2.369],[-53.785,2.368],[-53.782,2.361],[-53.797,2.361],[-53.8,2.354],[-53.81,2.352],[-53.81,2.341],[-53.835,2.332],[-53.836,2.327],[-53.83,2.324],[-53.815,2.322],[-53.813,2.311],[-53.823,2.313],[-53.839,2.302],[-53.852,2.303],[-53.856,2.313],[-53.865,2.304],[-53.883,2.309],[-53.887,2.297],[-53.883,2.287],[-53.889,2.282],[-53.885,2.274],[-53.891,2.271],[-53.894,2.276],[-53.905,2.261],[-53.915,2.262],[-53.911,2.272],[-53.915,2.278],[-53.924,2.274],[-53.934,2.281],[-53.939,2.275],[-53.934,2.269],[-53.941,2.259],[-53.933,2.236],[-53.941,2.233],[-53.944,2.216],[-53.951,2.221],[-53.963,2.219],[-53.974,2.206],[-53.99,2.209],[-53.999,2.2],[-54.004,2.204],[-54.009,2.189],[-54.023,2.181],[-54.027,2.187],[-54.046,2.186],[-54.056,2.19],[-54.059,2.198],[-54.066,2.197],[-54.072,2.179],[-54.083,2.173],[-54.088,2.154],[-54.084,2.136],[-54.093,2.14],[-54.106,2.121],[-54.101,2.112],[-54.125,2.124],[-54.136,2.122],[-54.142,2.113],[-54.144,2.12],[-54.158,2.122],[-54.158,2.129],[-54.166,2.128],[-54.174,2.137],[-54.173,2.145],[-54.182,2.151],[-54.186,2.165],[-54.184,2.179],[-54.212,2.156],[-54.216,2.159],[-54.234,2.148],[-54.254,2.156],[-54.271,2.145],[-54.319,2.16],[-54.324,2.154],[-54.342,2.152],[-54.344,2.161],[-54.339,2.169],[-54.361,2.175],[-54.365,2.185],[-54.354,2.203],[-54.362,2.212],[-54.376,2.203],[-54.391,2.205],[-54.397,2.197],[-54.416,2.195],[-54.421,2.2],[-54.416,2.208],[-54.42,2.214],[-54.431,2.214],[-54.449,2.204],[-54.477,2.213],[-54.478,2.228],[-54.496,2.233],[-54.499,2.24],[-54.494,2.244],[-54.5,2.252],[-54.523,2.252],[-54.527,2.261],[-54.536,2.26],[-54.549,2.27],[-54.514,2.28],[-54.519,2.289],[-54.534,2.293],[-54.539,2.306],[-54.533,2.317],[-54.539,2.325],[-54.555,2.326],[-54.557,2.33],[-54.588,2.322],[-54.602,2.334],[-54.592,2.342],[-54.59,2.352],[-54.57,2.354],[-54.535,2.341],[-54.534,2.334],[-54.509,2.336],[-54.506,2.342],[-54.511,2.364],[-54.505,2.391],[-54.5,2.402],[-54.486,2.412],[-54.476,2.435],[-54.438,2.43],[-54.431,2.437],[-54.42,2.436],[-54.403,2.456],[-54.399,2.468],[-54.387,2.47],[-54.389,2.481],[-54.384,2.489],[-54.38,2.485],[-54.373,2.491],[-54.371,2.508],[-54.361,2.508],[-54.361,2.521],[-54.355,2.517],[-54.349,2.525],[-54.352,2.529],[-54.344,2.536],[-54.347,2.55],[-54.343,2.554],[-54.348,2.559],[-54.331,2.57],[-54.318,2.608],[-54.322,2.61],[-54.313,2.613],[-54.318,2.631],[-54.313,2.631],[-54.291,2.661],[-54.281,2.663],[-54.274,2.676],[-54.277,2.685],[-54.266,2.687],[-54.273,2.693],[-54.265,2.723],[-54.245,2.733],[-54.236,2.75],[-54.223,2.754],[-54.225,2.763],[-54.217,2.761],[-54.208,2.778],[-54.21,2.792],[-54.198,2.804],[-54.208,2.831],[-54.198,2.835],[-54.195,2.831],[-54.186,2.837],[-54.18,2.858],[-54.181,2.865],[-54.191,2.87],[-54.195,2.885],[-54.186,2.904],[-54.185,2.917],[-54.192,2.925],[-54.18,2.928],[-54.173,2.939],[-54.18,2.948],[-54.172,2.949],[-54.174,2.962],[-54.16,2.968],[-54.181,2.984],[-54.185,3.0],[-54.17,3.006],[-54.17,3.016],[-54.195,3.064],[-54.184,3.073],[-54.174,3.073],[-54.174,3.081],[-54.181,3.088],[-54.174,3.108],[-54.185,3.127],[-54.183,3.135],[-54.195,3.135],[-54.199,3.124],[-54.211,3.128],[-54.214,3.136],[-54.201,3.144],[-54.211,3.143],[-54.214,3.153],[-54.201,3.16],[-54.203,3.175],[-54.189,3.206],[-54.175,3.206],[-54.136,3.266],[-54.122,3.272],[-54.119,3.284],[-54.101,3.3],[-54.087,3.292],[-54.069,3.303],[-54.064,3.314],[-54.067,3.325],[-54.062,3.352],[-54.054,3.363],[-54.059,3.384],[-54.049,3.386],[-54.012,3.426],[-54.02,3.444],[-54.008,3.468],[-54.009,3.504],[-54.0,3.524],[-54.009,3.538],[-54.003,3.565],[-53.985,3.583],[-53.98,3.608],[-53.991,3.617],[-54.007,3.649],[-54.023,3.646],[-54.029,3.631],[-54.049,3.634],[-54.054,3.657],[-54.083,3.674],[-54.087,3.69],[-54.079,3.715],[-54.096,3.733],[-54.127,3.798],[-54.162,3.805],[-54.188,3.8],[-54.199,3.807],[-54.202,3.823],[-54.19,3.837],[-54.192,3.847],[-54.237,3.861],[-54.252,3.892],[-54.249,3.909],[-54.278,3.921],[-54.287,3.931],[-54.318,4.015],[-54.339,4.041],[-54.358,4.049],[-54.345,4.091],[-54.344,4.113],[-54.323,4.135],[-54.323,4.144],[-54.366,4.176],[-54.387,4.179],[-54.394,4.197],[-54.396,4.209],[-54.382,4.263],[-54.392,4.283],[-54.394,4.307],[-54.386,4.353],[-54.395,4.365],[-54.414,4.375],[-54.43,4.368],[-54.434,4.361],[-54.442,4.37],[-54.431,4.412],[-54.442,4.438],[-54.432,4.465],[-54.45,4.526],[-54.425,4.555],[-54.415,4.604],[-54.438,4.64],[-54.435,4.654],[-54.424,4.665],[-54.426,4.683],[-54.433,4.692],[-54.427,4.715],[-54.435,4.725],[-54.457,4.725],[-54.466,4.74],[-54.46,4.781],[-54.468,4.815],[-54.467,4.873],[-54.469,4.89],[-54.479,4.901],[-54.444,4.94],[-54.438,5.017],[-54.419,5.052],[-54.416,5.085],[-54.373,5.11],[-54.37,5.13],[-54.351,5.144],[-54.346,5.162],[-54.308,5.225],[-54.278,5.264],[-54.228,5.299],[-54.209,5.303],[-54.197,5.319],[-54.184,5.323],[-54.174,5.342],[-54.145,5.366],[-54.118,5.417],[-54.093,5.441],[-54.064,5.481],[-54.047,5.492],[-54.038,5.51],[-54.019,5.521],[-54.004,5.576],[-54.014,5.659],[-53.968,5.745],[-53.934,5.747],[-53.895,5.733],[-53.854,5.731],[-53.818,5.718],[-53.78,5.692],[-53.774,5.66],[-53.772,5.684],[-53.779,5.698],[-53.837,5.732],[-53.799,5.724],[-53.723,5.685],[-53.729,5.689],[-53.729,5.691],[-53.594,5.609],[-53.584,5.611],[-53.473,5.566],[-53.403,5.564],[-53.358,5.55],[-53.334,5.545],[-53.336,5.548],[-53.318,5.539],[-53.28,5.543],[-53.266,5.536],[-53.25,5.517],[-53.257,5.532],[-53.27,5.543],[-53.3,5.551],[-53.294,5.56],[-53.275,5.563],[-53.261,5.548],[-53.131,5.508],[-53.119,5.494],[-53.071,5.466],[-53.066,5.468],[-53.066,5.463],[-53.065,5.466],[-53.064,5.463],[-53.061,5.46],[-53.053,5.456],[-53.063,5.466],[-53.017,5.457],[-52.996,5.432],[-52.992,5.436],[-53.003,5.453],[-52.998,5.46],[-52.983,5.453],[-52.969,5.458],[-52.968,5.454],[-52.963,5.446],[-52.962,5.445],[-52.965,5.452],[-52.944,5.438],[-52.938,5.446],[-52.932,5.435],[-52.935,5.446],[-52.923,5.432],[-52.935,5.428],[-52.929,5.427],[-52.928,5.421],[-52.927,5.42],[-52.921,5.412],[-52.928,5.421],[-52.924,5.43],[-52.915,5.418],[-52.921,5.427],[-52.911,5.423],[-52.916,5.425],[-52.909,5.419],[-52.909,5.414],[-52.907,5.411],[-52.903,5.407],[-52.909,5.417],[-52.9,5.414],[-52.907,5.42],[-52.894,5.408],[-52.886,5.392],[-52.894,5.409],[-52.873,5.393],[-52.876,5.391],[-52.874,5.391],[-52.874,5.387],[-52.871,5.387],[-52.869,5.378],[-52.867,5.377],[-52.865,5.375],[-52.863,5.373],[-52.867,5.384],[-52.855,5.378],[-52.85,5.363],[-52.842,5.358],[-52.843,5.354],[-52.842,5.347],[-52.841,5.357],[-52.838,5.354],[-52.832,5.333],[-52.788,5.308],[-52.776,5.287],[-52.747,5.258],[-52.666,5.2],[-52.637,5.166],[-52.626,5.16],[-52.64,5.149],[-52.664,5.152],[-52.672,5.151],[-52.671,5.148],[-52.636,5.147],[-52.629,5.141],[-52.636,5.148],[-52.633,5.15],[-52.607,5.135],[-52.576,5.107],[-52.561,5.104],[-52.557,5.108],[-52.56,5.099],[-52.55,5.101],[-52.547,5.096],[-52.557,5.096],[-52.553,5.088],[-52.542,5.091],[-52.522,5.076],[-52.46,5.012],[-52.425,4.983],[-52.416,4.982],[-52.414,4.972],[-52.402,4.964],[-52.378,4.932],[-52.355,4.917],[-52.371,4.911],[-52.364,4.902],[-52.349,4.905],[-52.342,4.912],[-52.335,4.926],[-52.335,4.935],[-52.34,4.937],[-52.336,4.943],[-52.318,4.944],[-52.304,4.952],[-52.292,4.94],[-52.289,4.94],[-52.285,4.943],[-52.283,4.939],[-52.284,4.936],[-52.283,4.934],[-52.258,4.913],[-52.263,4.9],[-52.246,4.887],[-52.244,4.878],[-52.261,4.854],[-52.281,4.854],[-52.29,4.849],[-52.254,4.84],[-52.239,4.853],[-52.236,4.85],[-52.236,4.85],[-52.235,4.851],[-52.238,4.853],[-52.234,4.858],[-52.21,4.858],[-52.188,4.833],[-52.186,4.822],[-52.175,4.823],[-52.148,4.792],[-52.14,4.79],[-52.139,4.797],[-52.12,4.788],[-52.122,4.781],[-52.119,4.789],[-52.11,4.785],[-52.102,4.776],[-52.105,4.77],[-52.102,4.77],[-52.102,4.764],[-52.101,4.763],[-52.099,4.761],[-52.101,4.772],[-52.087,4.768],[-52.074,4.751],[-52.032,4.728],[-52.024,4.717],[-52.027,4.711],[-52.02,4.71],[-52.024,4.716],[-52.018,4.718],[-52.006,4.703],[-51.995,4.622],[-51.967,4.576],[-51.956,4.534],[-51.956,4.489],[-51.946,4.436],[-51.949,4.411],[-51.933,4.407],[-51.924,4.438],[-51.929,4.536],[-51.927,4.624],[-51.915,4.672],[-51.894,4.678],[-51.862,4.672],[-51.868,4.669],[-51.871,4.663],[-51.879,4.665],[-51.871,4.663],[-51.861,4.663],[-51.856,4.659],[-51.858,4.656],[-51.857,4.655],[-51.857,4.655],[-51.855,4.658],[-51.86,4.663],[-51.866,4.665],[-51.868,4.668],[-51.862,4.67],[-51.841,4.658],[-51.826,4.641],[-51.826,4.635],[-51.831,4.636],[-51.826,4.635],[-51.826,4.635],[-51.825,4.638],[-51.821,4.635],[-51.82,4.625],[-51.814,4.618],[-51.82,4.634],[-51.813,4.634],[-51.812,4.629],[-51.817,4.63],[-51.8,4.615],[-51.785,4.577],[-51.773,4.499],[-51.777,4.49],[-51.77,4.471],[-51.746,4.447],[-51.753,4.436],[-51.752,4.418],[-51.747,4.42],[-51.738,4.405],[-51.712,4.388],[-51.7,4.396],[-51.691,4.393],[-51.692,4.383],[-51.705,4.378],[-51.719,4.354],[-51.71,4.312],[-51.689,4.276],[-51.678,4.267],[-51.676,4.254],[-51.661,4.244],[-51.657,4.233],[-51.661,4.227],[-51.641,4.213]]],[[[-51.969,4.818],[-51.97,4.817],[-51.97,4.817],[-51.969,4.818]]],[[[-52.166,4.89],[-52.164,4.89],[-52.166,4.889],[-52.166,4.89]]],[[[-52.201,4.926],[-52.205,4.928],[-52.206,4.934],[-52.201,4.931],[-52.201,4.926]]],[[[-52.171,4.889],[-52.168,4.888],[-52.17,4.887],[-52.171,4.889]]],[[[-52.189,4.895],[-52.182,4.894],[-52.18,4.891],[-52.185,4.889],[-52.189,4.895]]],[[[-52.253,4.961],[-52.251,4.961],[-52.254,4.959],[-52.253,4.961]]],[[[-52.355,5.043],[-52.354,5.042],[-52.355,5.042],[-52.355,5.043]]],[[[-52.268,4.928],[-52.268,4.928],[-52.268,4.928],[-52.268,4.928]]],[[[-52.283,4.942],[-52.283,4.941],[-52.283,4.942],[-52.283,4.942]]],[[[-52.284,4.942],[-52.284,4.942],[-52.284,4.942],[-52.284,4.942]]],[[[-52.285,4.944],[-52.285,4.944],[-52.285,4.944],[-52.285,4.944]]],[[[-52.283,4.941],[-52.283,4.941],[-52.283,4.941],[-52.283,4.941]]],[[[-52.583,5.296],[-52.585,5.291],[-52.586,5.291],[-52.583,5.296]]],[[[-52.286,4.943],[-52.285,4.943],[-52.286,4.943],[-52.286,4.943]]],[[[-52.297,4.955],[-52.296,4.955],[-52.297,4.954],[-52.297,4.955]]],[[[-52.282,4.937],[-52.282,4.937],[-52.282,4.937],[-52.282,4.937]]],[[[-52.299,4.955],[-52.298,4.955],[-52.298,4.955],[-52.299,4.955]]],[[[-52.3,4.956],[-52.3,4.955],[-52.3,4.956],[-52.3,4.956]]],[[[-52.283,4.936],[-52.283,4.936],[-52.284,4.936],[-52.283,4.936]]],[[[-52.282,4.934],[-52.282,4.934],[-52.282,4.934],[-52.282,4.934]]],[[[-52.297,4.951],[-52.297,4.951],[-52.297,4.951],[-52.297,4.951]]],[[[-52.297,4.95],[-52.297,4.95],[-52.297,4.95],[-52.297,4.95]]],[[[-52.298,4.951],[-52.298,4.951],[-52.298,4.951],[-52.298,4.951]]],[[[-52.299,4.952],[-52.299,4.951],[-52.299,4.952],[-52.299,4.952]]],[[[-52.291,4.942],[-52.291,4.941],[-52.291,4.941],[-52.291,4.942]]],[[[-52.291,4.941],[-52.29,4.941],[-52.291,4.94],[-52.291,4.941]]],[[[-52.579,5.282],[-52.582,5.279],[-52.584,5.28],[-52.584,5.283],[-52.579,5.282]]],[[[-52.3,4.951],[-52.3,4.951],[-52.3,4.951],[-52.3,4.951]]],[[[-52.301,4.951],[-52.301,4.951],[-52.301,4.951],[-52.301,4.951]]],[[[-52.301,4.952],[-52.301,4.951],[-52.301,4.952],[-52.301,4.952]]],[[[-52.3,4.95],[-52.3,4.949],[-52.3,4.949],[-52.3,4.95]]],[[[-52.302,4.952],[-52.302,4.951],[-52.302,4.952],[-52.302,4.952]]],[[[-52.301,4.951],[-52.301,4.951],[-52.301,4.951],[-52.301,4.951]]],[[[-52.3,4.949],[-52.3,4.949],[-52.3,4.949],[-52.3,4.949]]],[[[-52.302,4.952],[-52.302,4.952],[-52.302,4.951],[-52.302,4.952]]],[[[-52.302,4.952],[-52.302,4.952],[-52.302,4.951],[-52.302,4.952]]],[[[-52.302,4.952],[-52.302,4.952],[-52.302,4.952],[-52.302,4.952]]],[[[-52.303,4.952],[-52.303,4.951],[-52.303,4.951],[-52.303,4.952]]],[[[-52.594,5.287],[-52.585,5.285],[-52.587,5.284],[-52.594,5.287]]],[[[-52.306,4.955],[-52.306,4.955],[-52.306,4.954],[-52.306,4.955]]],[[[-52.304,4.952],[-52.304,4.951],[-52.304,4.952],[-52.304,4.952]]],[[[-52.306,4.954],[-52.306,4.954],[-52.306,4.954],[-52.306,4.954]]],[[[-52.307,4.955],[-52.306,4.954],[-52.307,4.954],[-52.307,4.955]]],[[[-52.306,4.954],[-52.307,4.954],[-52.307,4.954],[-52.306,4.954]]],[[[-52.309,4.951],[-52.309,4.951],[-52.309,4.951],[-52.309,4.951]]],[[[-52.31,4.951],[-52.31,4.951],[-52.31,4.951],[-52.31,4.951]]],[[[-52.311,4.95],[-52.311,4.95],[-52.311,4.95],[-52.311,4.95]]],[[[-52.315,4.949],[-52.315,4.948],[-52.315,4.948],[-52.315,4.949]]],[[[-52.315,4.948],[-52.315,4.948],[-52.315,4.948],[-52.315,4.948]]],[[[-51.943,4.503],[-51.943,4.489],[-51.947,4.477],[-51.951,4.491],[-51.948,4.509],[-51.943,4.503]]],[[[-52.32,4.946],[-52.32,4.946],[-52.32,4.946],[-52.32,4.946]]],[[[-52.321,4.946],[-52.321,4.946],[-52.321,4.946],[-52.321,4.946]]],[[[-52.322,4.946],[-52.322,4.946],[-52.322,4.946],[-52.322,4.946]]],[[[-52.322,4.946],[-52.322,4.946],[-52.323,4.946],[-52.322,4.946]]],[[[-52.324,4.948],[-52.324,4.947],[-52.324,4.947],[-52.324,4.948]]],[[[-52.327,4.948],[-52.327,4.948],[-52.327,4.948],[-52.327,4.948]]],[[[-52.327,4.947],[-52.327,4.947],[-52.327,4.947],[-52.327,4.947]]],[[[-52.327,4.947],[-52.327,4.947],[-52.327,4.947],[-52.327,4.947]]],[[[-52.326,4.946],[-52.326,4.946],[-52.327,4.946],[-52.326,4.946]]],[[[-51.941,4.485],[-51.935,4.44],[-51.943,4.41],[-51.939,4.431],[-51.945,4.476],[-51.941,4.485]]],[[[-52.328,4.945],[-52.328,4.944],[-52.328,4.945],[-52.328,4.945]]],[[[-52.33,4.945],[-52.33,4.945],[-52.33,4.945],[-52.33,4.945]]],[[[-52.332,4.946],[-52.332,4.946],[-52.332,4.946],[-52.332,4.946]]],[[[-52.331,4.944],[-52.331,4.944],[-52.331,4.944],[-52.331,4.944]]],[[[-52.343,4.937],[-52.343,4.937],[-52.343,4.937],[-52.343,4.937]]],[[[-52.787,5.312],[-52.785,5.311],[-52.786,5.311],[-52.787,5.312]]],[[[-52.946,5.44],[-52.957,5.45],[-52.956,5.456],[-52.946,5.447],[-52.945,5.452],[-52.941,5.45],[-52.946,5.44]]],[[[-53.016,5.461],[-53.01,5.458],[-53.01,5.457],[-53.016,5.461]]],[[[-53.799,5.71],[-53.796,5.707],[-53.801,5.71],[-53.799,5.71]]],[[[-53.904,5.744],[-53.865,5.743],[-53.856,5.738],[-53.855,5.737],[-53.864,5.741],[-53.886,5.737],[-53.904,5.744]]]]}}]}
