id,numero,date_debut,date_fin,statut,departement_pilote,departements,chemin_fichier,zones_alerte.id,zones_alerte.type,zones_alerte.code,zones_alerte.nom,zones_alerte.id_sandre
30020,Copie de 09_2018_02,0022-07-26,2022-07-22,abroge,,"[""09"",""31"",""11""]",https://regleau.s3.gra.perf.cloud.ovh.net/arrete-cadre/30020/AIP_cadre_Ari%C3%A8ge_Hers_18102018.pdf,"[9921,10074,10070,10075,10069,10068,10072,10077,10073,10071,8463,9922,10076]","[""SUP"",""SUP"",""SUP"",""SUP"",""SUP"",""SUP"",""SUP"",""SUP"",""SUP"",""SUP"",""SUP"",""SUP"",""SUP""]","[""76_31_11"",""76_09_0007"",""76_09_0003"",""76_09_0008"",""76_09_0002"",""76_09_0001"",""76_09_0005"",""76_09_0010"",""76_09_0006"",""76_09_0004"",""76_11_0003"",""76_31_12"",""76_09_0009""]","[""Hers-Vif"",""BV_Ariege"",""BV_Countirou"",""BV_Sios"",""BV_Touyre"",""BV_Hers"",""BV_Malegoude"",""BV_Arnave"",""BV_Bessous"",""BV_Douctouyre"",""Bassin versant de l'Hers Vif (y compris Vixiège)"",""Ariège"",""BV_Arget""]","[1406,null,null,null,null,null,null,null,null,null,null,626,null]"
23387,2002-162-51,2002-05-24,null,publie,,,,,,,,
21289,2004-07-06_Midouze,2004-07-06,null,publie,,,,,,,,
30219,32-2004-07-06-V2,2004-07-06,2023-07-13,abroge,,32,https://regleau.s3.gra.perf.cloud.ovh.net//arrete-cadre/30219/arrete_dsr_midour_douze_2004_signe.pdf,"[10692,10681,10698,10694,10703]","[""SUP"",""SUP"",""SUP"",""SUP"",""SUP""]","[""73_32_25"",""73_32_14"",""73_32_31"",""73_32_27"",""73_32_36""]","[""Rivière Le Midour réalimenté"",""Bassin versant de la Douze non réalimenté"",""Rivière Le Petit Midour réalimenté"",""Rivière La Douze réalimenté"",""Bassin versant du Midour non réalimenté""]",
29931,32-2004-07-06,2004-07-06,2023-06-19,abroge,,32,https://regleau.s3.gra.perf.cloud.ovh.net//arrete-cadre/29931/arrete_dsr_midour_douze_2004_signe.pdf,"[9343,9319,9338,9333,9331]","[""SUP"",""SUP"",""SUP"",""SUP"",""SUP""]","[""73_32_36"",""73_32_14"",""73_32_31"",""73_32_27"",""73_32_25""]","[""Bassin versant du Midour non réalimenté"",""Bassin versant de la Douze non réalimenté"",""Rivière Le Petit Midour réalimenté"",""Rivière La Douze réalimenté"",""Rivière Le Midour réalimenté""]",
30027,09_2004_LEZE_01,2004-10-06,2023-06-23,abroge,,"[""31"",""09""]",https://regleau.s3.gra.perf.cloud.ovh.net//arrete-cadre/30027/02-Arr%C3%AAt%C3%A9%20cadre%20secheresse%20LEZE%2006-10-2004.pdf,"[10153,9920]","[""SUP"",""SUP""]","[""76_09_0011"",""76_31_10""]","[""BV_Lèze"",""Lèze""]",625
30028,09_2005_ARIZE_01,2005-08-29,2023-06-23,abroge,,"[""09"",""31""]",https://regleau.s3.gra.perf.cloud.ovh.net//arrete-cadre/30028/03-Arr%C3%AAt%C3%A9%20secheresse%20ARIZE%2029-08-2005.pdf,"[9923,9920,10154]","[""SUP"",""SUP"",""SUP""]","[""76_31_14"",""76_31_10"",""76_09_0012""]","[""Bassin de l'Arize"",""Lèze"",""BV_Arize""]","[1407,625,null]"
21494,1,2006-04-27,null,publie,,,,,,,,
21313,1,2006-04-27,2012-03-02,abroge,,,,,,,,
21656,2006-0751,2006-07-06,2019-07-02,abroge,,,,,,,,
21802,06-1093,2006-07-20,null,publie,,,,,,,,
21237,04-04-2007,2007-04-05,2012-04-19,abroge,,,,,,,,
22252,2009-191-17 Adour,2009-07-10,null,publie,,,,,,,,
21316,10-2416,2010-04-06,null,publie,,,,,,,,
21240,2010-79,2010-05-17,2013-03-01,abroge,,,,,,,,
21233,A5 09 010,2010-06-09,2012-12-31,abroge,,,,,,,,
22325,2010-169-9,2010-06-18,null,publie,,,,,,,,
21308,273,2010-06-25,null,publie,,,,,,,,
21373,0,2010-06-29,2013-03-01,abroge,,,,,,,,
21186,2010-8987,2010-06-29,2013-06-01,abroge,,,,,,,,
25485,2,2010-07-15,null,publie,,,,,,,,
22292,2010320-0029,2010-11-16,null,publie,,,,,,,,
21258,2011-1426,2011-05-18,2011-09-30,abroge,,,,,,,,
21222,2011-0179,2011-05-27,2017-07-19,abroge,,,,,,,,
21570,2011180-0003,2011-06-01,2011-10-31,abroge,,,,,,,,
21531,2010-03807,2011-06-03,2015-05-27,abroge,,,,,,,,
21454,2011 - n°2,2011-06-06,2021-06-10,abroge,,,,,,,,
21713,2011173-0001,2011-06-22,2011-12-31,abroge,,,,,,,,
22257,2011353-0005,2011-12-26,null,publie,,,,,,,,
25486,3,2012-03-02,null,publie,,,,,,,,
29762,ACI 59/62_mars_2012,2012-03-02,2023-06-01,abroge,,"[""59"",""62""]",https://regleau.s3.gra.perf.cloud.ovh.net//arrete-cadre/29762/AC.pdf,"[3632,3623,3625,3634,4575,3629,3630,3626,3624,3633,3635,3627,3628,3636,4554,3631]","[""SUP"",""SUP"",""SUP"",""SUP"",""SOU"",""SUP"",""SUP"",""SUP"",""SUP"",""SUP"",""SUP"",""SUP"",""SUP"",""SUP"",""SOU"",""SUP""]","[""31_62_000003"",""31_59_000001"",""31_59_000003"",""31_62_000005"",""31_59_01"",""31_59_000007"",""31_62_000001"",""31_59_000004"",""31_59_000002"",""31_62_000004"",""31_62_000006"",""31_59_000005"",""31_59_000006"",""31_62_000007"",""31_62_01"",""31_62_000002""]","[""Marque-Deûle, partie Pas de Calais"",""Delta de l'Aa et Audomarois, partie Nord"",""Marque-Deûle, partie Nord"",""Scarpe amont-Sensée-Escaut, partie Pas de Calais"",""zone non couverte par l'arrêté cadre"",""Yser"",""Delta de l'Aa et Audomarois, partie Pas de Calais"",""Sambre"",""Lys, partie Nord"",""Authie"",""Boulonnais"",""Scarpe amont-Sensée-Escaut, partie Nord"",""Scarpe aval"",""Canche"",""zone non couverte par l'arrêté cadre"",""Lys, partie Pas de Calais""]",
22318,DDT_SEB_234,2012-04-02,2012-09-30,abroge,,,,,,,,
22277,AC2012,2012-04-02,2012-09-30,abroge,,,,,,,,
22339,1,2012-04-13,2015-03-01,abroge,,,,,,,,
22344,20-04-2012,2012-04-20,null,publie,,,,,,,,
29998,DDT02/2021/SENV-01,2012-04-20,2023-02-19,abroge,,02,https://regleau.s3.gra.perf.cloud.ovh.net//arrete-cadre/29998/DDT02-202106-05-D-D-AP_8_JUIN_2021.pdf,"[10100,10097,10102,10092,10093,10098,10095,10094,10096,10099,10101]","[""SUP"",""SUP"",""SUP"",""SUP"",""SUP"",""SUP"",""SUP"",""SUP"",""SUP"",""SUP"",""SUP""]","[""32_02_0009"",""32_02_0006"",""32_02_0011"",""32_02_0001"",""32_02_0002"",""32_02_0007"",""32_02_0004"",""32_02_0003"",""32_02_0005"",""32_02_0008"",""32_02_0010""]","[""bassin de l'Oise Amont et Sambre"",""bassin de l'Oise Moyenne et Ailette"",""bassin de l'Escaut"",""bassin de l'Ourcq"",""bassin du Petit Morin"",""bassin de l'Aisne Vesle Suippe"",""bassin de l'Aisne aval"",""bassin de l'Automne"",""bassin de la Serre"",""bassin de la Marne"",""bassin de la Somme""]",
22347,2012114-0001,2012-04-23,2017-03-01,abroge,,,,,,,,
22651,2012116-0005,2012-04-25,null,publie,,,,,,,,
22364,60-Cadre-2012,2012-05-02,null,publie,,,,,,,,
22416,2012,2012-05-04,null,publie,,,,,,,,
22826,188,2012-05-10,null,publie,,,,,,,,
22429,2012-1-0571,2012-05-16,null,publie,,,,,,,,
22450,2012-421,2012-05-31,2012-09-30,abroge,,,,,,,,
22467,2012191-0004,2012-06-01,2012-10-31,abroge,,,,,,,,
22474,2012153-0012,2012-06-01,2014-10-13,abroge,,,,,,,,
22448,2012-940,2012-06-20,null,publie,,,,,,,,
23869,2350-12-00051,2012-07-02,null,publie,,,,,,,,
29273,2021192-0023,2012-07-10,null,publie,,,,,,,,
22518,2012/2318,2012-07-12,2015-03-01,abroge,,,,,,,,
22519,2012/2317,2012-07-12,2015-03-01,abroge,,,,,,,,
22590,2012202-0015,2012-07-20,2021-07-20,abroge,,,,,,,,
26428,2012,2012-07-26,null,publie,,,,,,,,
29985,26072012_67_68,2012-07-26,2022-07-12,abroge,,"[""68"",""67""]",https://regleau.s3.gra.perf.cloud.ovh.net//arrete-cadre/29985/APcadre.pdf,"[7332,7338,7337,7330,7334,7329,7335,7336,7331,7333]","[""SUP"",""SUP"",""SUP"",""SUP"",""SUP"",""SUP"",""SUP"",""SUP"",""SUP"",""SUP""]","[""44_67_04"",""44_68_07"",""44_68_05"",""44_67_02"",""44_68_02"",""44_67_01"",""44_68_03"",""44_68_04"",""44_67_03"",""44_68_01""]","[""Lauter, Sauer, Moder et Zorn partie du département 67"",""Bruche, Ehn, Andlau, Giessen et Liepvrette partie du département 68"",""Thur"",""Bruche, Ehn, Andlau, Giessen et Liepvrette partie du département 67"",""Ill aval partie du département 68"",""Ill aval partie du département 67"",""Doller amont, Fecht, Weiss et Lauch"",""Doller aval"",""Sarre partie du département 67"",""Ill amont""]",
30004,26072012_68,2012-07-26,2023-06-08,abroge,,68,https://regleau.s3.gra.perf.cloud.ovh.net/ArretesCadres/AC_secheresse_signe_2012_07_26+annexes.pdf,"[7334,7338,7336,7335,7337,7333]","[""SUP"",""SUP"",""SUP"",""SUP"",""SUP"",""SUP""]","[""44_68_02"",""44_68_07"",""44_68_04"",""44_68_03"",""44_68_05"",""44_68_01""]","[""Ill aval partie du département 68"",""Bruche, Ehn, Andlau, Giessen et Liepvrette partie du département 68"",""Doller aval"",""Doller amont, Fecht, Weiss et Lauch"",""Thur"",""Ill amont""]",
21238,2012-219-0002,2012-08-06,2015-07-01,abroge,,,,,,,,
22769,2012-221-0007,2012-08-08,2015-08-08,abroge,,,,,,,,
29883,DDT48_ACtransitoire_001,2012-08-08,2023-07-04,abroge,,48,https://regleau.s3.gra.perf.cloud.ovh.net//arrete-cadre/29883/arr%C3%AAte_secheresse_2012.pdf,"[8411,8404,8403,8410,8406,8408,8409,8402,8407,8405]","[""SUP"",""SUP"",""SUP"",""SUP"",""SUP"",""SUP"",""SUP"",""SUP"",""SUP"",""SUP""]","[""76_48_0010"",""76_48_0003"",""76_48_0002"",""76_48_0009"",""76_48_0005"",""76_48_0007"",""76_48_0008"",""76_48_0001"",""76_48_0006"",""76_48_0004""]","[""Axe Colagne réalimenté"",""Colagne"",""Chassezac  (y compris amont bv Luech)"",""Tarnon"",""Truyère"",""Bramont"",""Tarn"",""Allier"",""Lot"",""Gardons cévenols (partie dpt48)""]",
29929,DDT48_2012-221-0007,2012-08-09,2023-07-04,abroge,,48,https://regleau.s3.gra.perf.cloud.ovh.net//arrete-cadre/29929/arr%C3%AAte_secheresse_2012.pdf,"[8411,8410,8402,8406,8407,8405,8404,8409,8403,8408]","[""SUP"",""SUP"",""SUP"",""SUP"",""SUP"",""SUP"",""SUP"",""SUP"",""SUP"",""SUP""]","[""76_48_0010"",""76_48_0009"",""76_48_0001"",""76_48_0005"",""76_48_0006"",""76_48_0004"",""76_48_0003"",""76_48_0008"",""76_48_0002"",""76_48_0007""]","[""Axe Colagne réalimenté"",""Tarnon"",""Allier"",""Truyère"",""Lot"",""Gardons cévenols (partie dpt48)"",""Colagne"",""Tarn"",""Chassezac  (y compris amont bv Luech)"",""Bramont""]",
23038,2012-3270,2012-11-15,2015-07-01,abroge,,,,,,,,
23388,2012,2012-11-19,null,publie,,,,,,,,
23744,3273/12,2012-12-12,null,publie,,,,,,,,
24643,AP20121218,2012-12-18,null,publie,,,,,,,,
23045,13-643 ter,2013-04-01,2013-09-30,abroge,,,,,,,,
23046,13-643 quater,2013-04-01,2013-09-30,abroge,,,,,,,,
24301,DDTM/SEBF/2013-48,2013-05-07,2016-05-24,abroge,,,,,,,,
23101,2013-147-0004,2013-05-27,2013-12-31,abroge,,,,,,,,
23347,2013189-0029,2013-07-08,2018-07-01,abroge,,,,,,,,
23076,2013-191-0001,2013-07-10,2018-07-08,abroge,,,,,,,,
23377,446,2013-07-11,null,publie,,,,,,,,
22436,2013193-0001,2013-07-12,2013-10-31,abroge,,,,,,,,
23089,13/01490,2013-07-22,2021-03-31,abroge,,,,,,,,
23100,2013-212-0006,2013-07-31,null,publie,,,,,,,,
23389,2013,2013-07-31,null,publie,,,,,,,,
23102,2013217-0001,2013-08-05,null,publie,,,,,,,,
23110,2013218-3,2013-08-06,2015-08-06,abroge,,,,,,,,
23302,2013-318,2013-09-26,2017-07-06,abroge,,,,,,,,
23331,2013-276-0003_Adour,2013-10-03,null,publie,,,,,,,,
30220,2013-276-0003-V2,2013-10-03,2023-07-13,abroge,,32,https://regleau.s3.gra.perf.cloud.ovh.net/arrete-cadre/30220/AP_cadre_Adour32_20131003_sign%C3%A9.pdf,"[10684,10697,10704,10705,10686]","[""SUP"",""SUP"",""SUP"",""SUP"",""SUP""]","[""73_32_17"",""73_32_30"",""73_32_37"",""73_32_38"",""73_32_19""]","[""Bassin versant de l'Arros non réalimenté"",""Rivière Les Lées non réalimenté"",""Bassin versant de l'Adour non réalimenté"",""Rivière Estous Alaric 32 réalimenté"",""Rivière L'Arros réalimenté""]",
29924,2013-276-0003,2013-10-03,2023-06-19,abroge,,32,https://regleau.s3.gra.perf.cloud.ovh.net/arrete-cadre/29924/AP_cadre_Adour32_20131003_sign%C3%A9.pdf,"[9322,9324,9345,9344,9337]","[""SUP"",""SUP"",""SUP"",""SUP"",""SUP""]","[""73_32_17"",""73_32_19"",""73_32_38"",""73_32_37"",""73_32_30""]","[""Bassin versant de l'Arros non réalimenté"",""Rivière L'Arros réalimenté"",""Rivière Estous Alaric 32 réalimenté"",""Bassin versant de l'Adour non réalimenté"",""Rivière Les Lées non réalimenté""]",
23342,2013282-0006_modificatifAdour,2013-10-09,null,publie,,,,,,,,
23780,N°1,2014-03-14,2016-03-31,abroge,,,,,,,,
23542,2014_DDT_SEB_169,2014-03-31,2014-09-29,abroge,,,,,,,,
30244,2014-3405,2014-05-02,2024-12-11,abroge,,974,https://regleau.s3.gra.perf.cloud.ovh.net//arrete-cadre/30244/arr%C3%AAt%C3%A9%20cadre%20s%C3%A9cheresse%202%20mai%202014.pdf,"[12014,12029,12047,12052,12031,12033,12010,12053,12009,12048,12017,12051,12020,12039,12054,12022,12043,12035,12045,12041,12030,12037,12042,12011,12024,12019,12018,12015,12025,12026,12013,12023,12044,12032,12016,12027,12007,12038,12034,12040,12008,12028,12036,12050,12049,12012,12046,12021]","[""SUP"",""SUP"",""SOU"",""SOU"",""SOU"",""SOU"",""SUP"",""SOU"",""SUP"",""SOU"",""SUP"",""SOU"",""SUP"",""SOU"",""SOU"",""SUP"",""SOU"",""SOU"",""SOU"",""SOU"",""SUP"",""SOU"",""SOU"",""SUP"",""SUP"",""SUP"",""SUP"",""SUP"",""SUP"",""SUP"",""SUP"",""SUP"",""SOU"",""SOU"",""SUP"",""SUP"",""SUP"",""SOU"",""SOU"",""SOU"",""SUP"",""SUP"",""SOU"",""SOU"",""SOU"",""SUP"",""SOU"",""SUP""]","[""04_974_08"",""04_974_23"",""04_974_17"",""04_974_22"",""04_974_01"",""04_974_03"",""04_974_04"",""04_974_23"",""04_974_03"",""04_974_18"",""04_974_11"",""04_974_21"",""04_974_14"",""04_974_09"",""04_974_24"",""04_974_16"",""04_974_13"",""04_974_05"",""04_974_15"",""04_974_11"",""04_974_24"",""04_974_07"",""04_974_12"",""04_974_05"",""04_974_18"",""04_974_13"",""04_974_12"",""04_974_09"",""04_974_19"",""04_974_20"",""04_974_07"",""04_974_17"",""04_974_14"",""04_974_02"",""04_974_10"",""04_974_21"",""04_974_01"",""04_974_08"",""04_974_04"",""04_974_10"",""04_974_02"",""04_974_22"",""04_974_06"",""04_974_20"",""04_974_19"",""04_974_06"",""04_974_16"",""04_974_15""]","[""bassin de l'ouest La Possession"",""bassin de l'ouest les Trois Bassins"",""nappe du sud Saint Philippe"",""nappe du sud Le Tampon"",""nappe de l'ouest Les Avirons"",""nappe du sud Entre Deux"",""bassin du sud L'Etang Sale"",""nappe de l'ouest Les Trois Bassins"",""bassin du sud Entre Deux"",""nappe du nord Sainte Marie"",""bassin du nord Saint Denis"",""nappe de l'est Salazie"",""bassin du sud Saint Louis"",""nappe de l'est Saint Andre"",""nappe du sud Cilaos"",""bassin du sud Saint Pierre"",""nappe de l'ouest Saint Leu"",""nappe du sud Petite Ile"",""nappe de l'ouest Saint Paul"",""nappe du nord Saint Denis"",""bassin du sud Cilaos"",""nappe de l'ouest Le Port"",""nappe du sud Saint Joseph"",""bassin du sud Petite Ile"",""bassin du nord Sainte Marie"",""bassin de l'ouest Saint Leu"",""bassin du sud Saint Joseph"",""bassin de l'est Saint Andre"",""bassin de l'est Sainte Rose"",""bassin du nord Sainte Suzanne"",""bassin de l'ouest Le Port"",""bassin du sud Saint Philippe"",""nappe du sud Saint Louis"",""nappe de l'est Bras Panon"",""bassin de l'est Saint Benoit"",""bassin de l'est Salazie"",""bassin de l'ouest Les Avirons"",""nappe de l'ouest La Possession"",""nappe du sud l'Etang Sale"",""nappe de l'est Saint Benoit"",""bassin de l'est Bras-Panon"",""bassin du sud Le Tampon"",""nappe de l'est La Plaine des Palmistes"",""nappe du nord Sainte Suzanne"",""nappe de l'est Sainte Rose"",""bassin de l'est La Plaine des Palmistes"",""nappe du sud Saint Pierre"",""bassin de l'ouest Saint Paul""]","[1826,756,836,842,778,780,1822,843,1821,837,744,841,747,828,844,749,832,782,834,830,757,784,831,1823,751,746,745,1827,752,753,1825,750,833,779,1828,754,1819,785,781,829,1820,755,783,839,838,1824,835,748]"
23400,2014139-0002,2014-05-19,null,publie,,,,,,,,
22860,2014-147-0002,2014-05-27,null,publie,,,,,,,,
23386,2014154-0008,2014-06-03,null,publie,,,,,,,,
23448,60-Cadre-2014,2014-07-18,null,publie,,,,,,,,
23672,DDT-SEF-2014-229,2014-07-28,null,publie,,,,,,,,
23644,2014226-0008,2014-08-14,2016-06-12,abroge,,,,,,,,
23608,2014337-0008,2015-01-08,null,publie,,,,,,,,
23561,2015_DDT_SEB_46,2015-03-30,2015-10-04,abroge,,,,,,,,
23560,2015_DDT_SEB_33,2015-03-30,2015-10-04,abroge,,,,,,,,
23562,2015_DDT_SEB_47,2015-03-30,2015-10-04,abroge,,,,,,,,
23563,2015-DDT_SEB_48,2015-03-30,2015-10-04,abroge,,,,,,,,
23564,2015089-0019,2015-04-01,2015-09-30,abroge,,,,,,,,
23938,20150622,2015-04-01,2015-10-31,abroge,,,,,,,,
23612,2015-05-19-HB,2015-05-19,2015-10-31,abroge,,,,,,,,
23611,2015-05-19-B,2015-05-19,2015-10-31,abroge,,,,,,,,
23591,38-2015-148-DDTSE-06,2015-05-28,2016-04-15,abroge,,,,,,,,
23924,2015/DDT/06-0090,2015-06-25,2016-05-22,abroge,,,,,,,,
22421,DDT-SEN-2015-07-09-01 (2015-B42),2015-07-09,2022-03-31,abroge,,,,,,,,
23679,374,2015-07-10,null,publie,,,,,,,,
23753,DDT-2015-0244,2015-07-10,2018-07-18,abroge,,,,,,,,
30389,2015/DDT/SEPR/137,2015-07-10,2022-06-19,abroge,,77,https://regleau.s3.gra.perf.cloud.ovh.net//arrete-cadre/30389/2015_06_09_arrete77_signe.pdf,"[5641,5635,5628,5645,5629,5638,5646,5630,5643,5640,4329,5639,5642,4331,5636,5631,5644,5634,5627,5633,5632,5637,4330]","[""SUP"",""SUP"",""SUP"",""SUP"",""SUP"",""SUP"",""SUP"",""SUP"",""SUP"",""SUP"",""SOU"",""SUP"",""SUP"",""SOU"",""SUP"",""SUP"",""SUP"",""SUP"",""SUP"",""SUP"",""SUP"",""SUP"",""SOU""]","[""11_77_015"",""11_77_009"",""11_77_002"",""11_77_019"",""11_77_003"",""11_77_012"",""11_77_020"",""11_77_004"",""11_77_017"",""11_77_014"",""11_77_01"",""11_77_013"",""11_77_016"",""11_77_02"",""11_77_010"",""11_77_005"",""11_77_018"",""11_77_008"",""11_77_001"",""11_77_007"",""11_77_006"",""11_77_011"",""11_77_03""]","[""Bassin de la Marne"",""Bassin de la Voulzie"",""Bassin du Réveillon"",""Bassin du Loing"",""Bassin de la Beuvronne"",""Bassin du Lunain"",""Bassin de la Seine"",""Bassin de la Thérouanne"",""Bassin de l'Yerres"",""Bassin du Petit Morin"",""Nappe du Champigny Ouest"",""Bassin de l'Orvanne"",""Bassin de l'Ancoeur"",""Nappe du Champigny Est"",""Bassin de l'Auxence"",""Bassin de l'Ourcq"",""Bassin de l'Ecole"",""Bassin de l'Essonne"",""Bassin du Fusin"",""Bassin du Grand Morin"",""Bassin de la Gondoire"",""Bassin de l'Yonne"",""Nappe de Beauce Centrale""]","[177,168,139,181,161,174,182,140,179,176,152,175,178,154,172,162,180,167,160,166,163,173,153]"
23839,DDT-SGREB-BERS 2015-07/5,2015-07-16,null,publie,,,,,,,,
23818,DDT-SGREB-BERS 2015-07/4,2015-07-16,2017-04-25,abroge,,,,,,,,
23902,2015 - 12523,2015-07-22,2017-06-13,abroge,,,,,,,,
23935,2015-424,2015-07-24,2017-07-27,abroge,,,,,,,,
23999,20150727,2015-07-27,2022-03-01,abroge,,,,,,,,
24023,2015-18031,2015-08-06,2021-06-10,abroge,,,,,,,,
24504,arrête du 10/07/2015,2015-08-07,2016-04-30,abroge,,,,,,,,
24284,38-2015-289-DDTSE03,2015-10-16,2018-05-29,abroge,,,,,,,,
24278,14 décembre 2015,2015-12-14,2019-07-14,abroge,,,,,,,,
24416,arrête interdépartemental,2016-04-01,2016-09-30,abroge,,,,,,,,
24412,arrête interdépartemental,2016-04-01,2016-10-23,abroge,,,,,,,,
24411,2016_DDT_540,2016-04-04,2016-10-03,abroge,,,,,,,,
24408,2016_DDT_541,2016-04-04,2016-10-03,abroge,,,,,,,,
24410,20016_DDT_542,2016-04-04,2016-10-03,abroge,,,,,,,,
24409,2016_DDT_SEB_543,2016-04-04,2016-10-03,abroge,,,,,,,,
24330,DT-16-0463,2016-05-04,2050-12-31,publie,,,,,,,,
24299,DDT-SGREB-BERS 2016-05/03,2016-05-20,null,publie,,,,,,,,
24351,47-2016-05-23-004,2016-05-23,2017-05-31,abroge,,,,,,,,
24300,DDTM/SEBF/2016-68,2016-05-25,2017-06-08,abroge,,,,,,,,
24287,2016-05-24-B,2016-05-26,2016-10-31,abroge,,,,,,,,
24288,2016-05-24-HB,2016-05-26,2016-10-31,abroge,,,,,,,,
25090,01-2016,2016-06-01,null,publie,,,,,,,,
30041,ACI_BV_TARN_160608_V3,2016-06-08,2023-07-03,abroge,,"[""46"",""34"",""82"",""11"",""31"",""48"",""12"",""81""]",https://regleau.s3.gra.perf.cloud.ovh.net/arrete-cadre/30041/160608_AP_cadre_Tarn_signature_tous_Dpt.pdf,"[5805,8053,8051,5801,7626,8474,5814,8409,8052,5838,5836,7625,8047,8152,7628,5799,8050,8397,9917,7629,5823,9919,5808,5798,5812,5835,9918,8049,5832,5818,8046,5829,5837,5811,5807,5802,5821,5834,5800,5813,7632,5803,5810,5822,8473,5804,5817,5809,5806]","[""SUP"",""SUP"",""SUP"",""SUP"",""SUP"",""SUP"",""SUP"",""SUP"",""SUP"",""SOU"",""SOU"",""SUP"",""SUP"",""SUP"",""SUP"",""SUP"",""SUP"",""SUP"",""SUP"",""SUP"",""SOU"",""SUP"",""SUP"",""SUP"",""SUP"",""SOU"",""SUP"",""SUP"",""SOU"",""SUP"",""SUP"",""SOU"",""SOU"",""SUP"",""SUP"",""SUP"",""SOU"",""SOU"",""SUP"",""SUP"",""SUP"",""SUP"",""SUP"",""SOU"",""SUP"",""SUP"",""SUP"",""SUP"",""SUP""]","[""73_81_000008"",""76_82_25"",""76_82_23"",""73_81_000004"",""73_12_09"",""76_11_0016"",""73_81_000017"",""76_48_0008"",""76_82_24"",""73_81_000020"",""73_81_000018"",""73_12_08"",""76_82_18"",""76_46_20"",""73_12_11"",""73_81_000002"",""76_82_22"",""76_34_0012"",""76_31_06"",""73_12_12"",""73_81_000005"",""76_31_09"",""73_81_000011"",""73_81_000001"",""73_81_000015"",""73_81_000017"",""76_31_07"",""76_82_21"",""73_81_000014"",""73_81_000021"",""76_82_17"",""73_81_000011"",""73_81_000019"",""73_81_000014"",""73_81_000010"",""73_81_000005"",""73_81_000003"",""73_81_000016"",""73_81_000003"",""73_81_000016"",""73_12_18"",""73_81_000006"",""73_81_000013"",""73_81_000004"",""76_11_0014"",""73_81_000007"",""73_81_000020"",""73_81_000012"",""73_81_000009""]","[""DADOU hors ASSOU et AGROS"",""Zone 25 - Bassin du Lemboulas aval"",""Zone 23 - Bassin du Tescou non réalimenté"",""TESCOU"",""Bassin du DOURDOU DE CAMARES en amont de la confluence avec la SORGUES et du LEN"",""bassin versant du Sor"",""LE DOURDOU"",""Tarn"",""Zone 24 - Bassin du Lemboulas amont"",""LE VIAUR"",""LE RIEUMET"",""Bassin du RANCE"",""Zone 18 - Bassin du Viaur"",""Lemboulas"",""Bassin du DOURDOU DE CAMARES en amont de la confluence avec la SORGUES et du LEN"",""CEROU"",""Zone 22 - Rivière Tescou réalimentée"",""bv de l'Agout (partie dpt 34)"",""Bassin du Sor"",""Bassin du VIAUR de sa source à la limite départementale hors VIAUR"",""TARN hors RANCE"",""Tescou"",""L'EN GUIBAUD"",""AVEYRON hors CEROU, VERE et VIAUR"",""LE BERNAZOBRE"",""LE DOURDOU"",""Tarn"",""Zone 21 - Rivière Tarn"",""SOR hors BERNAZOBRE"",""LA RANCE"",""Zone 17 - Bassin de la Vère"",""L'EN GUIBAUD"",""LE LAMPY"",""SOR hors BERNAZOBRE"",""AGOUT hors THORE BAGAS DURENQUE ENGUIBAUD"",""TARN hors RANCE"",""VERE"",""LE THORE"",""VERE"",""LE THORE"",""Bassin versant du TARN en Aveyron"",""L'AGROS"",""GIROU"",""TESCOU"",""bassin versant du Thoré"",""L'ASSOU (Le Nandou)"",""LE VIAUR"",""DURENQUE"",""BAGAS""]","[null,768,266,null,null,null,null,null,267,171,169,null,767,null,null,null,265,null,623,null,146,1386,null,null,null,1361,624,264,158,null,766,1359,170,null,null,null,144,165,null,null,null,null,null,145,null,null,null,null,null]"
30022,ACI_BV_TARN_160608_V2,2016-06-08,2023-07-03,abroge,,"[""48"",""82"",""46"",""12"",""31"",""81"",""11"",""34""]",https://regleau.s3.gra.perf.cloud.ovh.net/arrete-cadre/30022/160608_AP_cadre_Tarn_signature_tous_Dpt.pdf,"[5801,5834,8053,5805,5837,5829,9918,9919,5836,5799,5802,8052,8397,5809,8046,8049,8051,5822,5808,8050,8474,5800,5823,5803,7632,5814,9917,5812,8473,8409,5818,5807,5806,5813,5811,5804,5838,7626,7629,5821,5835,8152,8047,7628,7625,5832]","[""SUP"",""SOU"",""SUP"",""SUP"",""SOU"",""SOU"",""SUP"",""SUP"",""SOU"",""SUP"",""SUP"",""SUP"",""SUP"",""SUP"",""SUP"",""SUP"",""SUP"",""SOU"",""SUP"",""SUP"",""SUP"",""SUP"",""SOU"",""SUP"",""SUP"",""SUP"",""SUP"",""SUP"",""SUP"",""SUP"",""SUP"",""SUP"",""SUP"",""SUP"",""SUP"",""SUP"",""SOU"",""SUP"",""SUP"",""SOU"",""SOU"",""SUP"",""SUP"",""SUP"",""SUP"",""SOU""]","[""73_81_000004"",""73_81_000016"",""76_82_25"",""73_81_000008"",""73_81_000019"",""73_81_000011"",""76_31_07"",""76_31_09"",""73_81_000018"",""73_81_000002"",""73_81_000005"",""76_82_24"",""76_34_0012"",""73_81_000012"",""76_82_17"",""76_82_21"",""76_82_23"",""73_81_000004"",""73_81_000011"",""76_82_22"",""76_11_0016"",""73_81_000003"",""73_81_000005"",""73_81_000006"",""73_12_18"",""73_81_000017"",""76_31_06"",""73_81_000015"",""76_11_0014"",""76_48_0008"",""73_81_000021"",""73_81_000010"",""73_81_000009"",""73_81_000016"",""73_81_000014"",""73_81_000007"",""73_81_000020"",""73_12_09"",""73_12_12"",""73_81_000003"",""73_81_000017"",""76_46_20"",""76_82_18"",""73_12_11"",""73_12_08"",""73_81_000014""]","[""TESCOU"",""LE THORE"",""Zone 25 - Bassin du Lemboulas aval"",""DADOU hors ASSOU et AGROS"",""LE LAMPY"",""L'EN GUIBAUD"",""Tarn"",""Tescou"",""LE RIEUMET"",""CEROU"",""TARN hors RANCE"",""Zone 24 - Bassin du Lemboulas amont"",""bv de l'Agout (partie dpt 34)"",""DURENQUE"",""Zone 17 - Bassin de la Vère"",""Zone 21 - Rivière Tarn"",""Zone 23 - Bassin du Tescou non réalimenté"",""TESCOU"",""L'EN GUIBAUD"",""Zone 22 - Rivière Tescou réalimentée"",""bassin versant du Sor"",""VERE"",""TARN hors RANCE"",""L'AGROS"",""Bassin versant du TARN en Aveyron"",""LE DOURDOU"",""Bassin du Sor"",""LE BERNAZOBRE"",""bassin versant du Thoré"",""Tarn"",""LA RANCE"",""AGOUT hors THORE BAGAS DURENQUE ENGUIBAUD"",""BAGAS"",""LE THORE"",""SOR hors BERNAZOBRE"",""L'ASSOU (Le Nandou)"",""LE VIAUR"",""Bassin du DOURDOU DE CAMARES en amont de la confluence avec la SORGUES et du LEN"",""Bassin du VIAUR de sa source à la limite départementale hors VIAUR"",""VERE"",""LE DOURDOU"",""Lemboulas"",""Zone 18 - Bassin du Viaur"",""Bassin du DOURDOU DE CAMARES en amont de la confluence avec la SORGUES et du LEN"",""Bassin du RANCE"",""SOR hors BERNAZOBRE""]","[null,165,768,null,170,1359,624,1386,169,null,null,267,null,null,766,264,266,145,null,265,null,null,146,null,null,null,623,null,null,null,null,null,null,null,null,null,171,null,null,144,1361,null,767,null,null,158]"
29838,ACI_BV_TARN_160608,2016-06-08,2023-07-03,abroge,,"[""12"",""48"",""34"",""31"",""30"",""82"",""11"",""46"",""81""]",https://regleau.s3.gra.perf.cloud.ovh.net/arrete-cadre/29838/160608_AP_cadre_Tarn_signature_tous_Dpt.pdf,"[8050,5813,5803,7625,5832,8473,5801,8046,5805,8049,5836,5821,5838,5834,5804,8397,8047,8051,6952,5822,5799,5812,8474,7626,5802,5800,6953,5823,5829,5814,7628,7632,5818,5806,8152,5835,8053,5808,5811,5837,5807,8409,8052,7629]","[""SUP"",""SUP"",""SUP"",""SUP"",""SOU"",""SUP"",""SUP"",""SUP"",""SUP"",""SUP"",""SOU"",""SOU"",""SOU"",""SOU"",""SUP"",""SUP"",""SUP"",""SUP"",""SUP"",""SOU"",""SUP"",""SUP"",""SUP"",""SUP"",""SUP"",""SUP"",""SUP"",""SOU"",""SOU"",""SUP"",""SUP"",""SUP"",""SUP"",""SUP"",""SUP"",""SOU"",""SUP"",""SUP"",""SUP"",""SOU"",""SUP"",""SUP"",""SUP"",""SUP""]","[""76_82_22"",""73_81_000016"",""73_81_000006"",""73_12_08"",""73_81_000014"",""76_11_0014"",""73_81_000004"",""76_82_17"",""73_81_000008"",""76_82_21"",""73_81_000018"",""73_81_000003"",""73_81_000020"",""73_81_000016"",""73_81_000007"",""76_34_0012"",""76_82_18"",""76_82_23"",""76_31_07"",""73_81_000004"",""73_81_000002"",""73_81_000015"",""76_11_0016"",""73_12_09"",""73_81_000005"",""73_81_000003"",""76_31_09"",""73_81_000005"",""73_81_000011"",""73_81_000017"",""73_12_11"",""73_12_18"",""73_81_000021"",""73_81_000009"",""76_46_20"",""73_81_000017"",""76_82_25"",""73_81_000011"",""73_81_000014"",""73_81_000019"",""73_81_000010"",""76_48_0008"",""76_82_24"",""73_12_12""]","[""Zone 22 - Rivière Tescou réalimentée"",""LE THORE"",""L'AGROS"",""Bassin du RANCE"",""SOR hors BERNAZOBRE"",""bassin versant du Thoré"",""TESCOU"",""Zone 17 - Bassin de la Vère"",""DADOU hors ASSOU et AGROS"",""Zone 21 - Rivière Tarn"",""LE RIEUMET"",""VERE"",""LE VIAUR"",""LE THORE"",""L'ASSOU (Le Nandou)"",""bv de l'Agout (partie dpt 34)"",""Zone 18 - Bassin du Viaur"",""Zone 23 - Bassin du Tescou non réalimenté"",""Tarn"",""TESCOU"",""CEROU"",""LE BERNAZOBRE"",""bassin versant du Sor"",""Bassin du DOURDOU DE CAMARES en amont de la confluence avec la SORGUES et du LEN"",""TARN hors RANCE"",""VERE"",""Tescou"",""TARN hors RANCE"",""L'EN GUIBAUD"",""LE DOURDOU"",""Bassin du DOURDOU DE CAMARES en amont de la confluence avec la SORGUES et du LEN"",""Bassin versant du TARN en Aveyron"",""LA RANCE"",""BAGAS"",""Lemboulas"",""LE DOURDOU"",""Zone 25 - Bassin du Lemboulas aval"",""L'EN GUIBAUD"",""SOR hors BERNAZOBRE"",""LE LAMPY"",""AGOUT hors THORE BAGAS DURENQUE ENGUIBAUD"",""Tarn"",""Zone 24 - Bassin du Lemboulas amont"",""Bassin du VIAUR de sa source à la limite départementale hors VIAUR""]","[265,null,null,null,158,null,null,766,null,264,169,144,171,165,null,null,767,266,null,145,null,null,null,null,null,null,null,146,1359,null,null,null,null,null,null,1361,768,null,null,170,null,null,267,null]"
29789,ACI_BV_TARN_160608,2016-06-08,2016-06-08,abroge,,81,https://regleau.s3.gra.perf.cloud.ovh.net/arrete-cadre/29789/160608_AP_cadre_Tarn_signature_tous_Dpt.pdf,"[5814,5810,5806,5801,5804,5811,5808,5805,5812,5818,5802,5800,5799,5813,5807,5803]","[""SUP"",""SUP"",""SUP"",""SUP"",""SUP"",""SUP"",""SUP"",""SUP"",""SUP"",""SUP"",""SUP"",""SUP"",""SUP"",""SUP"",""SUP"",""SUP""]","[""73_81_000017"",""73_81_000013"",""73_81_000009"",""73_81_000004"",""73_81_000007"",""73_81_000014"",""73_81_000011"",""73_81_000008"",""73_81_000015"",""73_81_000021"",""73_81_000005"",""73_81_000003"",""73_81_000002"",""73_81_000016"",""73_81_000010"",""73_81_000006""]","[""LE DOURDOU"",""GIROU"",""BAGAS"",""TESCOU"",""L'ASSOU (Le Nandou)"",""SOR hors BERNAZOBRE"",""L'EN GUIBAUD"",""DADOU hors ASSOU et AGROS"",""LE BERNAZOBRE"",""LA RANCE"",""TARN hors RANCE"",""VERE"",""CEROU"",""LE THORE"",""AGOUT hors THORE BAGAS DURENQUE ENGUIBAUD"",""L'AGROS""]",
29821,ACI_BV_TARN_160608,2016-06-08,2016-06-08,abroge,,"[""34"",""30"",""12"",""11"",""48"",""81"",""82"",""31"",""46""]",https://regleau.s3.gra.perf.cloud.ovh.net/arrete-cadre/29821/160608_AP_cadre_Tarn_signature_tous_Dpt.pdf,"[5812,5818,5822,5821,5800,5801,5805,5806,5835,5808,5832,5802,5829,5837,5813,5811,5804,5803,5836,5814,5807,5799,5823,5838,5834]","[""SUP"",""SUP"",""SOU"",""SOU"",""SUP"",""SUP"",""SUP"",""SUP"",""SOU"",""SUP"",""SOU"",""SUP"",""SOU"",""SOU"",""SUP"",""SUP"",""SUP"",""SUP"",""SOU"",""SUP"",""SUP"",""SUP"",""SOU"",""SOU"",""SOU""]","[""73_81_000015"",""73_81_000021"",""73_81_000004"",""73_81_000003"",""73_81_000003"",""73_81_000004"",""73_81_000008"",""73_81_000009"",""73_81_000017"",""73_81_000011"",""73_81_000014"",""73_81_000005"",""73_81_000011"",""73_81_000019"",""73_81_000016"",""73_81_000014"",""73_81_000007"",""73_81_000006"",""73_81_000018"",""73_81_000017"",""73_81_000010"",""73_81_000002"",""73_81_000005"",""73_81_000020"",""73_81_000016""]","[""LE BERNAZOBRE"",""LA RANCE"",""TESCOU"",""VERE"",""VERE"",""TESCOU"",""DADOU hors ASSOU et AGROS"",""BAGAS"",""LE DOURDOU"",""L'EN GUIBAUD"",""SOR hors BERNAZOBRE"",""TARN hors RANCE"",""L'EN GUIBAUD"",""LE LAMPY"",""LE THORE"",""SOR hors BERNAZOBRE"",""L'ASSOU (Le Nandou)"",""L'AGROS"",""LE RIEUMET"",""LE DOURDOU"",""AGOUT hors THORE BAGAS DURENQUE ENGUIBAUD"",""CEROU"",""TARN hors RANCE"",""LE VIAUR"",""LE THORE""]","[null,null,145,144,null,null,null,null,1361,null,158,null,1359,170,null,null,null,null,169,null,null,null,146,171,165]"
24319,2016-1306-DDT084,2016-06-13,2018-06-15,abroge,,,,,,,,
24623,58-2016-07-07-003 ,2016-07-07,2022-03-01,abroge,,,,,,,,
24457,2016/0713,2016-07-13,null,publie,,,,,,,,
28523,2016-1094,2016-07-18,null,publie,,,,,,,,
24505,arrêté du 8 août 2016,2016-08-08,null,publie,,,,,,,,
24493,2016-55,2016-08-08,null,publie,,,,,,,,
24923,arrêté interdépartemental,2017-04-01,2017-09-30,abroge,,,,,,,,
24922,2017_ddt_227,2017-04-03,2017-10-02,abroge,,,,,,,,
24920,2017_ddt_223,2017-04-03,2017-10-30,abroge,,,,,,,,
24921,2017_ddt_226,2017-04-03,2017-10-02,abroge,,,,,,,,
24919,2017_ddt_222,2017-04-03,2017-10-30,abroge,,,,,,,,
25409,ACSOMME_20170414,2017-04-14,2020-04-14,abroge,,,,,,,,
29926,AC-Somme-2017,2017-04-14,2022-12-31,abroge,,80,https://regleau.s3.gra.perf.cloud.ovh.net//arrete-cadre/29926/Arrete-cadre_secheresse_2017.pdf,"[7196,8022,7201,7197,7199,7193,8021,7198,8017,8018,8019,7195,8016,7200,8015,8020,7194,8014]","[""SUP"",""SOU"",""SUP"",""SUP"",""SUP"",""SUP"",""SOU"",""SUP"",""SOU"",""SOU"",""SOU"",""SUP"",""SOU"",""SUP"",""SOU"",""SOU"",""SUP"",""SOU""]","[""22_80_4"",""22_80_9"",""22_80_9"",""22_80_5"",""22_80_7"",""22_80_1"",""22_80_8"",""22_80_6"",""22_80_4"",""22_80_5"",""22_80_6"",""22_80_3"",""22_80_3"",""22_80_8"",""22_80_2"",""22_80_7"",""22_80_2"",""22_80_1""]","[""BASSIN DE L ANCRE"",""BASSIN DE LA BRESLE"",""BASSIN DE LA BRESLE"",""BASSIN DE LA  SOMME-AMONT"",""BASSIN DE LA  SELLE"",""BASSIN DE L AUTHIE"",""BASSIN DE LA  SOMME-AVAL"",""BASSIN DE LAVRE"",""BASSIN DE L ANCRE"",""BASSIN DE LA  SOMME-AMONT"",""BASSIN DE LAVRE"",""BASSIN DE LA NIEVRE-HALLUE"",""BASSIN DE LA NIEVRE-HALLUE"",""BASSIN DE LA  SOMME-AVAL"",""BASSIN DE LA MAYE"",""BASSIN DE LA  SELLE"",""BASSIN DE LA MAYE"",""BASSIN DE L AUTHIE""]","[11,229,191,12,16,1,228,15,222,225,226,4,221,20,220,227,2,219]"
24975,DDT-SGREB-BERS-2017-04/03,2017-04-26,2022-03-01,abroge,,,,,,,,
24986,2017-05-09-B,2017-05-09,2017-10-31,abroge,,,,,,,,
24987,2017-05-09-HB,2017-05-09,2017-10-31,abroge,,,,,,,,
29939,AIP_2017_1890,2017-05-16,2022-07-11,abroge,75,"[""94"",""75"",""93"",""92""]",https://regleau.s3.gra.perf.cloud.ovh.net//arrete-cadre/29939/AIP%20CADRE%20SECHERESSE%2015-05-2017.pdf,,,,,
25472,2017-DDT/SEEF/PPE N°3,2017-05-17,null,publie,,,,,,,,
26139,47-2017-06-01-008,2017-06-01,2018-06-03,abroge,,,,,,,,
25305,SE2017000125,2017-06-07,2017-10-31,abroge,,,,,,,,
25107,DDTM/SEBF/2017-137,2017-06-09,2017-07-16,abroge,,,,,,,,
25116,2017-14128,2017-06-14,2022-03-31,abroge,,,,,,,,
29940,PPC_AIP_2017_1890,2017-06-16,2022-07-11,abroge,,"[""92"",""93"",""75"",""94""]",https://regleau.s3.gra.perf.cloud.ovh.net//arrete-cadre/29940/AIP%20CADRE%20SECHERESSE%2015-05-2017.pdf,"[8277,8279,8278,8280,8276,8295]","[""SUP"",""SUP"",""SUP"",""SUP"",""SUP"",""SOU""]","[""11_92_1"",""11_94_1"",""11_93_1"",""11_94_2"",""11_75_1"",""11_94_3""]","[""Zone 1 (92)"",""Zone 1 (94)"",""Zone 1 (93)"",""Zone 2a (94)"",""Zone 1 (75)"",""Zone 2b""]",
25380,AP n°2017-057,2017-06-23,2020-06-17,abroge,,,,,,,,
30778,ACI_BV_Garonne_2017,2017-07-04,null,publie,,11,https://regleau.s3.gra.perf.cloud.ovh.net/arrete-cadre/30778/APC_BV_Garonne_2017.pdf,"[16726,16297]","[""SOU"",""SUP""]",76_11_0004,"[""17. Bassin versant de l''Hers Mort"",""Bassin versant de l''Hers Mort""]","[3959,3576]"
25629,2017-1534,2017-07-07,null,publie,,,,,,,,
30032,Arrêté-cadre 2017-1534,2017-07-07,2023-04-30,abroge,,40,https://regleau.s3.gra.perf.cloud.ovh.net/arrete-cadre/30032/Arr%C3%AAt%C3%A9+d%C3%A9partemental+Adour+propluvia+2022.pdf,"[10322,10328,10317,10323,10315,10319,10318,10331,10316,10330,10320,10333,10332,10321,10326,10314,10325,10324,10327,10329]","[""SUP"",""SUP"",""SUP"",""SUP"",""SUP"",""SUP"",""SUP"",""SUP"",""SUP"",""SUP"",""SUP"",""SUP"",""SUP"",""SUP"",""SUP"",""SUP"",""SUP"",""SUP"",""SUP"",""SUP""]","[""75_40_00162"",""75_40_00168"",""75_40_00157"",""75_40_00163"",""75_40_00155"",""75_40_00159"",""75_40_00158"",""75_40_00171"",""75_40_00156"",""75_40_00170"",""75_40_00160"",""75_40_00173"",""75_40_00172"",""75_40_00161"",""75_40_00166"",""75_40_00154"",""75_40_00165"",""75_40_00164"",""75_40_00167"",""75_40_00169""]","[""Bassin de la Midouze et du Louts (Zone 3D Midouze)"",""Bassin des Luys (Zone 5D)"",""Bassin de l'Adour (Zone 2A)"",""Bassin du Midou et de la Douze (zone 4B Midou)"",""Bassin de l'Adour (Zone 2D)"",""Bassin de la Midouze et du Louts (Zone 3D Louts)"",""Bassin de la Midouze et du Louts (Zone 3C)"",""Bassin des Luys (Zone 5B)"",""Bassin de l'Adour (Zone 2B)"",""Bassin des Luys (Zone 5A)"",""Bassin de la Midouze et du Louts (Zone 3A)"",""Bassin du Midou et de la Douze (Zone 4D)"",""Bassin du Ludon"",""Bassin de la Midouze et du Louts (Zone 3B)"",""Bassin du Midou et de la Douze (Zone 4B)"",""Bassin de l'Adour (Zone 2C)"",""Bassin du Midou et de la Douze (Zone 4A)"",""Bassin du Midou et de la Douze (zone 4D Midou)"",""Bassin du Midou et de la Douze (Zone 4C)"",""Bassin des Luys (Zone 5C)""]",
29887,2017-1534,2017-07-07,2023-04-30,abroge,,40,https://regleau.s3.gra.perf.cloud.ovh.net/arrete-cadre/29887/Arr%C3%AAt%C3%A9+d%C3%A9partemental+Adour+propluvia+2022.pdf,"[5381,5371,5376,5385,5382,5368,5380,5374,5384,5369,5386,5370,5372,5373,5377,5388,5375,5379,5367,5383]","[""SUP"",""SUP"",""SUP"",""SUP"",""SUP"",""SUP"",""SUP"",""SUP"",""SUP"",""SUP"",""SUP"",""SUP"",""SUP"",""SUP"",""SUP"",""SUP"",""SUP"",""SUP"",""SUP"",""SUP""]","[""72_40_3"",""72_40_16"",""72_40_10"",""72_40_20"",""72_40_17"",""72_40_4"",""72_40_12"",""72_40_2"",""72_40_5"",""72_40_7"",""72_40_13"",""72_40_8"",""72_40_1"",""72_40_6"",""72_40_18"",""72_40_15"",""72_40_9"",""72_40_19"",""72_40_14"",""72_40_11""]","[""bassin du Midou et de la Douze zone 4B Midou"",""bassin des luys zone 5A"",""bassin de l'Adour zone 2D"",""bassin du Ludon"",""bassin des luys zone 5B"",""bassin du Midou et de la Douze zone 4D Douze"",""bassin de la Midouze et du louts zone 3B"",""bassin du Midou et de la Douze zone 4A"",""bassin du Midou et de la Douze zone 4D Midou"",""bassin de l'Adour zone 2A"",""bassin de la Midouze et du louts zone 3C"",""bassin de l'Adour zone 2B"",""bassin du Midou et de la Douze zone 4C"",""bassin du Midou et de la Douze zone 4B Douze"",""bassin des luys zone 5C"",""bassin de la Midouze et du louts zone 3D Louts"",""bassin de l'Adour zone 2C"",""bassin des luys zone 5D"",""bassin de la Midouze et du louts zone 3 D Midouze"",""bassin de la Midouze et du louts zone 3A""]",
25453,DDTM/SEBF/2017-165,2017-07-17,2018-05-31,abroge,,,,,,,,
25457,DDT-SEB-BPEMA-2017197-0001,2017-07-17,2020-12-31,abroge,,,,,,,,
25508,2017-5861,2017-07-19,null,publie,,,,,,,,
25539,SE2017000167,2017-07-24,2018-06-21,abroge,,,,,,,,
27293,2017-357,2017-07-28,null,publie,,,,,,,,
29959,Copie de 65-2017-10-05-006,2017-10-05,null,publie,,65,https://regleau.s3.gra.perf.cloud.ovh.net/arrete-cadre/29959/AP_Cadre_plan_de_crise_Adour_HP_2017_consolide_avec_annexes.pdf,"[15914,15918,15927,15915,15929,15916,15930,15917]","[""SUP"",""SUP"",""SUP"",""SUP"",""SUP"",""SUP"",""SUP"",""SUP""]","[""10"",""4"",""5"",""1"",""7"",""9"",""11"",""2""]","[""BV du Bouès"",""BV de l'Arros et de l'Estéous"",""BV du Louet à l'amont confluence canal de Sombrun"",""BV du Gabas"",""BV des Lees"",""BV de l'Echez"",""BV du canal d'Alaric"",""BV de l'Adour""]","[3179,3183,3192,3180,3194,3178,3195,3181]"
26109,2350-18-00011,2018-02-06,null,publie,,,,,,,,
29831,DDT2B_AC_002,2018-05-18,null,publie,,2B,https://regleau.s3.gra.perf.cloud.ovh.net/arrete-cadre/29831/DDTM2B-SEBF-EAU-N%C2%B02B-2018-07-18-001.pdf,"[14714,14715,4605,14713,14716]","[""SUP"",""SUP"",""SOU"",""SUP"",""SUP""]","[""94_2B_0003"",""94_2B_0002"",""94_2B_01"",""94_2B_0001"",""94_2B_0004""]","[""Zone hydrographique Centre Corse"",""Zone hydrographique Cap Corse - Nebbio"",""zone non couverte par l'arrêté cadre"",""Zone hydrographique Balagne"",""Zone hydrographique Plaine Orientale""]","[1944,1943,null,1942,1945]"
30395,DDTM/SER/2018150-0002,2018-05-30,2024-02-09,abroge,,66,https://regleau.s3.gra.perf.cloud.ovh.net//arrete-cadre/30395/2018_05_30_arrete_cadre_secheresse_signe.pdf,"[12072,12066,12061,12067,12069,12060,12070,12062,12068,12064,12065,12063,12071]","[""SOU"",""SUP"",""SUP"",""SOU"",""SOU"",""SUP"",""SOU"",""SUP"",""SOU"",""SUP"",""SUP"",""SUP"",""SOU""]","[""76_66_6"",""76_66_7"",""76_66_2"",""76_66_1"",""76_66_3"",""76_66_1"",""76_66_4"",""76_66_3"",""76_66_2"",""76_66_5"",""76_66_6"",""76_66_4"",""76_66_5""]","[""Nappes Têt"",""Têt aval"",""Agly aval"",""Côte nord"",""Nappes Salanque"",""Agly amont et affluents"",""Nappes Aspres-Réart"",""Aude amont"",""Côte sud"",""Tech - Albères"",""Têt amont"",""Sègre - Carol"",""Nappes Tech""]","[1879,123,118,124,1797,117,1877,119,1796,121,122,120,1878]"
26391,DDTM/SER/2018150-0002,2018-05-30,null,publie,,,,,,,,
26127,38-2018-05-30-006,2018-05-30,null,publie,,,,,,,,
30396,DDTM/SER/2018150-0002,2018-05-30,2026-05-20,abroge,,66,https://regleau.s3.gra.perf.cloud.ovh.net//arrete-cadre/30396/2018_05_30_arrete_cadre_secheresse_signe.pdf,"[12069,12060,12067,12063,12070,12068,12064,12066,12065,12062,12071,12072,12061]","[""SOU"",""SUP"",""SOU"",""SUP"",""SOU"",""SOU"",""SUP"",""SUP"",""SUP"",""SUP"",""SOU"",""SOU"",""SUP""]","[""76_66_3"",""76_66_1"",""76_66_1"",""76_66_4"",""76_66_4"",""76_66_2"",""76_66_5"",""76_66_7"",""76_66_6"",""76_66_3"",""76_66_5"",""76_66_6"",""76_66_2""]","[""Nappes Salanque"",""Agly amont et affluents"",""Côte nord"",""Sègre - Carol"",""Nappes Aspres-Réart"",""Côte sud"",""Tech - Albères"",""Têt aval"",""Têt amont"",""Aude amont"",""Nappes Tech"",""Nappes Têt"",""Agly aval""]","[1797,117,124,120,1877,1796,121,123,122,119,1878,1879,118]"
29915,DDTM66 DDTM/SER/2018150_0002,2018-05-30,2022-07-06,abroge,,66,https://regleau.s3.gra.perf.cloud.ovh.net//arrete-cadre/29915/2018_05_30_arrete_cadre_secheresse_signe.pdf,"[8419,8413,8439,8435,8415,8436,8412,8418,8416,8414,8438,8417,8434,8437]","[""SUP"",""SUP"",""SOU"",""SOU"",""SUP"",""SOU"",""SUP"",""SUP"",""SUP"",""SUP"",""SOU"",""SUP"",""SOU"",""SOU""]","[""76_66_0008"",""76_66_0002"",""76_66_06"",""76_66_02"",""76_66_0004"",""76_66_03"",""76_66_0001"",""76_66_0007"",""76_66_0005"",""76_66_0003"",""76_66_05"",""76_66_0006"",""76_66_01"",""76_66_04""]","[""Segre Carol"",""Agly Aval"",""secteur Tech (nappes Roussillon)"",""secteur Cote nord (nappes Roussillon)"",""Têt Amont Vinça"",""secteur Têt (nappes Roussillon)"",""Agly Amont"",""Tech aval"",""Têt Aval"",""Aude Amont"",""secteur Cote sud (nappes Roussillon)"",""Tech amont"",""secteur Salanque (nappes Roussillon)"",""secteur Aspres (nappes Roussillon)""]",
29879,DDTM/SER/2018150_0002,2018-05-30,2018-05-30,abroge,,66,https://regleau.s3.gra.perf.cloud.ovh.net//arrete-cadre/29879/2018_05_30_arrete_cadre_secheresse_signe.pdf,"[8417,8438,8412,8413,8419,8414,8434,8439,8437,8436,8435,8416,8415,8418]","[""SUP"",""SOU"",""SUP"",""SUP"",""SUP"",""SUP"",""SOU"",""SOU"",""SOU"",""SOU"",""SOU"",""SUP"",""SUP"",""SUP""]","[""76_66_0006"",""76_66_05"",""76_66_0001"",""76_66_0002"",""76_66_0008"",""76_66_0003"",""76_66_01"",""76_66_06"",""76_66_04"",""76_66_03"",""76_66_02"",""76_66_0005"",""76_66_0004"",""76_66_0007""]","[""Tech amont"",""secteur Cote sud (nappes Roussillon)"",""Agly Amont"",""Agly Aval"",""Segre Carol"",""Aude Amont"",""secteur Salanque (nappes Roussillon)"",""secteur Tech (nappes Roussillon)"",""secteur Aspres (nappes Roussillon)"",""secteur Têt (nappes Roussillon)"",""secteur Cote nord (nappes Roussillon)"",""Têt Aval"",""Têt Amont Vinça"",""Tech aval""]",
29992,ACSD 66 - DDTM/SER/2018150_0002,2018-05-30,2023-06-12,abroge,,66,https://regleau.s3.gra.perf.cloud.ovh.net//arrete-cadre/29992/2018_05_30_arrete_cadre_secheresse_signe.pdf,"[8439,8437,8418,8434,8414,8412,8435,8419,8415,8417,8438,8413,8436,8416]","[""SOU"",""SOU"",""SUP"",""SOU"",""SUP"",""SUP"",""SOU"",""SUP"",""SUP"",""SUP"",""SOU"",""SUP"",""SOU"",""SUP""]","[""76_66_06"",""76_66_04"",""76_66_0007"",""76_66_01"",""76_66_0003"",""76_66_0001"",""76_66_02"",""76_66_0008"",""76_66_0004"",""76_66_0006"",""76_66_05"",""76_66_0002"",""76_66_03"",""76_66_0005""]","[""secteur Tech (nappes Roussillon)"",""secteur Aspres (nappes Roussillon)"",""Tech aval"",""secteur Salanque (nappes Roussillon)"",""Aude Amont"",""Agly Amont"",""secteur Cote nord (nappes Roussillon)"",""Segre Carol"",""Têt Amont Vinça"",""Tech amont"",""secteur Cote sud (nappes Roussillon)"",""Agly Aval"",""secteur Têt (nappes Roussillon)"",""Têt Aval""]",
29826,Copie de E-2018-131,2018-05-31,2018-05-31,abroge,,46,https://regleau.s3.gra.perf.cloud.ovh.net//arrete-cadre/29826/APC_dep_LOT_E_2018_131.pdf,"[8135,8152,8159,8156,8155,8148,8144,8163,8146,8162,8158,8166,8151,8153,8134,8165,8167,8139,8147,8161,8140,8136,8154,8164,8157,8137,8142,8150,8141,8149,8133,8138,8160,8143,8168,8145]","[""SUP"",""SUP"",""SUP"",""SUP"",""SUP"",""SUP"",""SUP"",""SUP"",""SUP"",""SUP"",""SUP"",""SUP"",""SUP"",""SUP"",""SUP"",""SUP"",""SUP"",""SUP"",""SUP"",""SUP"",""SUP"",""SUP"",""SUP"",""SUP"",""SUP"",""SUP"",""SUP"",""SUP"",""SUP"",""SUP"",""SUP"",""SUP"",""SUP"",""SUP"",""SUP"",""SUP""]","[""76_46_03"",""76_46_20"",""76_46_27"",""76_46_24"",""76_46_23"",""76_46_16"",""76_46_12"",""76_46_31"",""76_46_14"",""76_46_30"",""76_46_26"",""76_46_34"",""76_46_19"",""76_46_21"",""76_46_02"",""76_46_33"",""76_46_35"",""76_46_07"",""76_46_15"",""76_46_29"",""76_46_08"",""76_46_04"",""76_46_22"",""76_46_32"",""76_46_25"",""76_46_05"",""76_46_10"",""76_46_18"",""76_46_09"",""76_46_17"",""76_46_01"",""76_46_06"",""76_46_28"",""76_46_11"",""76_46_36"",""76_46_13""]","[""Borrèze"",""Lemboulas"",""Vers - Rauze"",""La Sagne"",""Ouysse"",""Bave"",""Bléou"",""Vert aval - Masse"",""Bervezou"",""Thèze"",""Dordogne"",""Lot"",""Tournefeuille"",""Lupte"",""Cère"",""Affluents du Lot"",""Célé"",""Vert Amont"",""Veyre"",""Séoune"",""Lendou"",""Mamoul"",""Aynac"",""Guirande"",""Alzou"",""Sourdoire"",""Ourajoux"",""Melve - Marcillande - Relinquière"",""Petite Barguelonne"",""Tolerme"",""Tourmente"",""Grande Barguelonne"",""Lère"",""Céou"",""Saint Perdoux"",""Drauzou""]",
29854,LOT_APC_E-2018-131,2018-05-31,2023-07-16,abroge,,46,https://regleau.s3.gra.perf.cloud.ovh.net//arrete-cadre/29854/APC_dep_LOT_E_2018_131.pdf,"[11896,11893,11886,11890,11883,11897,11885,11882,11908,11892,11878,11888,11881,11898,11887,11903,11905,11879,11894,11884,11899,11901,11889,11880,11900,11906,11902,11891,11895,11904,11907]","[""SUP"",""SUP"",""SUP"",""SUP"",""SUP"",""SUP"",""SUP"",""SUP"",""SUP"",""SUP"",""SUP"",""SUP"",""SUP"",""SUP"",""SUP"",""SUP"",""SUP"",""SUP"",""SUP"",""SUP"",""SUP"",""SUP"",""SUP"",""SUP"",""SUP"",""SUP"",""SUP"",""SUP"",""SUP"",""SUP"",""SUP""]","[""76_46_30"",""76_46_26"",""76_46_09"",""76_46_19"",""76_46_06"",""76_46_31"",""76_46_08"",""76_46_05"",""76_46_47"",""76_46_21"",""76_46_01"",""76_46_17"",""76_46_04"",""76_46_33"",""76_46_16"",""76_46_42"",""76_46_44"",""76_46_02"",""76_46_28"",""76_46_07"",""76_46_34"",""76_46_40"",""76_46_18"",""76_46_03"",""76_46_35"",""76_46_45"",""76_46_41"",""76_46_20"",""76_46_29"",""76_46_43"",""76_46_46""]","[""La Thèze"",""La rivière Dordogne"",""La Petite Barguelonne"",""Le Tournefeuille"",""La Grande Barguelonne"",""Le Vert Aval - La Masse"",""Le Lendou"",""La Sourdoire"",""L?Alzou ? Le ruisseau d?Aynac ? L?Ouysse"",""La Lupte - Lembous"",""La Tourmente"",""Le Tolerme"",""Le Mamoul"",""Les affluents du Lot"",""La Bave"",""Les affluents du Célé"",""Les affluents de la Dordogne ? Rive Gauche"",""La Cère"",""La Lère"",""Le Vert Amont"",""La rivière Lot"",""La Bonnette"",""La Melve"",""La Borrèze"",""Le Célé"",""La Germaine - La Marcillande - Le Lizabel"",""Le Vers - La Rauze - La Sagne"",""Le Lemboulas"",""La Séoune"",""Les affluents de la Dordogne ? Rive Droite"",""Le Céou ? Le Bléou ? L?Ourajoux""]","[1604,1025,1022,1600,1021,1028,1596,1594,1608,1602,1592,1540,1508,1557,1597,1029,1031,1019,1026,1595,1558,1599,1598,1593,1559,1606,1605,1024,1603,1030,1607]"
29827,E-2018-131,2018-05-31,2018-05-31,abroge,,46,https://regleau.s3.gra.perf.cloud.ovh.net//arrete-cadre/29827/APC_dep_LOT_E_2018_131.pdf,"[8162,8141,8158,8146,8135,8134,8168,8149,8156,8148,8139,8152,8167,8140,8143,8144,8161,8137,8165,8163,8160,8142,8136,8150,8157,8159,8166,8133,8151,8153,8154,8147,8145,8164,8138,8155]","[""SUP"",""SUP"",""SUP"",""SUP"",""SUP"",""SUP"",""SUP"",""SUP"",""SUP"",""SUP"",""SUP"",""SUP"",""SUP"",""SUP"",""SUP"",""SUP"",""SUP"",""SUP"",""SUP"",""SUP"",""SUP"",""SUP"",""SUP"",""SUP"",""SUP"",""SUP"",""SUP"",""SUP"",""SUP"",""SUP"",""SUP"",""SUP"",""SUP"",""SUP"",""SUP"",""SUP""]","[""76_46_30"",""76_46_09"",""76_46_26"",""76_46_14"",""76_46_03"",""76_46_02"",""76_46_36"",""76_46_17"",""76_46_24"",""76_46_16"",""76_46_07"",""76_46_20"",""76_46_35"",""76_46_08"",""76_46_11"",""76_46_12"",""76_46_29"",""76_46_05"",""76_46_33"",""76_46_31"",""76_46_28"",""76_46_10"",""76_46_04"",""76_46_18"",""76_46_25"",""76_46_27"",""76_46_34"",""76_46_01"",""76_46_19"",""76_46_21"",""76_46_22"",""76_46_15"",""76_46_13"",""76_46_32"",""76_46_06"",""76_46_23""]","[""Thèze"",""Petite Barguelonne"",""Dordogne"",""Bervezou"",""Borrèze"",""Cère"",""Saint Perdoux"",""Tolerme"",""La Sagne"",""Bave"",""Vert Amont"",""Lemboulas"",""Célé"",""Lendou"",""Céou"",""Bléou"",""Séoune"",""Sourdoire"",""Affluents du Lot"",""Vert aval - Masse"",""Lère"",""Ourajoux"",""Mamoul"",""Melve - Marcillande - Relinquière"",""Alzou"",""Vers - Rauze"",""Lot"",""Tourmente"",""Tournefeuille"",""Lupte"",""Aynac"",""Veyre"",""Drauzou"",""Guirande"",""Grande Barguelonne"",""Ouysse""]",
29814,E-2018-131,2018-05-31,2018-05-31,abroge,,46,https://regleau.s3.gra.perf.cloud.ovh.net//arrete-cadre/29814/20180528_APcadre_46_E_2018_131.pdf,"[8158,8167,8165,8154,8143,8140,8160,8135,8136,8133,8168,8164,8146,8139,8137,8141,8155,8159,8163,8145,8161,8147,8134,8144,8151,8142,8166,8148,8149,8153,8138,8162,8152,8157,8150,8156]","[""SUP"",""SUP"",""SUP"",""SUP"",""SUP"",""SUP"",""SUP"",""SUP"",""SUP"",""SUP"",""SUP"",""SUP"",""SUP"",""SUP"",""SUP"",""SUP"",""SUP"",""SUP"",""SUP"",""SUP"",""SUP"",""SUP"",""SUP"",""SUP"",""SUP"",""SUP"",""SUP"",""SUP"",""SUP"",""SUP"",""SUP"",""SUP"",""SUP"",""SUP"",""SUP"",""SUP""]","[""76_46_26"",""76_46_35"",""76_46_33"",""76_46_22"",""76_46_11"",""76_46_08"",""76_46_28"",""76_46_03"",""76_46_04"",""76_46_01"",""76_46_36"",""76_46_32"",""76_46_14"",""76_46_07"",""76_46_05"",""76_46_09"",""76_46_23"",""76_46_27"",""76_46_31"",""76_46_13"",""76_46_29"",""76_46_15"",""76_46_02"",""76_46_12"",""76_46_19"",""76_46_10"",""76_46_34"",""76_46_16"",""76_46_17"",""76_46_21"",""76_46_06"",""76_46_30"",""76_46_20"",""76_46_25"",""76_46_18"",""76_46_24""]","[""Dordogne"",""Célé"",""Affluents du Lot"",""Aynac"",""Céou"",""Lendou"",""Lère"",""Borrèze"",""Mamoul"",""Tourmente"",""Saint Perdoux"",""Guirande"",""Bervezou"",""Vert Amont"",""Sourdoire"",""Petite Barguelonne"",""Ouysse"",""Vers - Rauze"",""Vert aval - Masse"",""Drauzou"",""Séoune"",""Veyre"",""Cère"",""Bléou"",""Tournefeuille"",""Ourajoux"",""Lot"",""Bave"",""Tolerme"",""Lupte"",""Grande Barguelonne"",""Thèze"",""Lemboulas"",""Alzou"",""Melve - Marcillande - Relinquière"",""La Sagne""]",
29813,E-2018-131,2018-05-31,2018-05-31,abroge,,46,https://regleau.s3.gra.perf.cloud.ovh.net//arrete-cadre/29813/20180528_APcadre_46_E_2018_131.pdf,,,,,
26126,2018-05-28-HB,2018-06-01,2018-10-31,abroge,,,,,,,,
26257,DDTM/SEBF/2018-099,2018-06-01,2019-06-25,abroge,,,,,,,,
26125,2018-05-28-B,2018-06-01,2018-10-31,abroge,,,,,,,,
26138,47-2018-06-04-003,2018-06-04,null,publie,,,,,,,,
29820,ACI_BV_TARN_160608,2018-06-08,2016-06-08,abroge,,"[""30"",""31"",""82"",""34"",""46"",""81"",""12"",""48"",""11""]",https://regleau.s3.gra.perf.cloud.ovh.net/arrete-cadre/29820/160608_AP_cadre_Tarn_signature_tous_Dpt.pdf,"[5806,5800,5805,5811,5804,5807,5814,5803,5810,5799,5808,5801,5812,5818,5813,5802]","[""SUP"",""SUP"",""SUP"",""SUP"",""SUP"",""SUP"",""SUP"",""SUP"",""SUP"",""SUP"",""SUP"",""SUP"",""SUP"",""SUP"",""SUP"",""SUP""]","[""73_81_000009"",""73_81_000003"",""73_81_000008"",""73_81_000014"",""73_81_000007"",""73_81_000010"",""73_81_000017"",""73_81_000006"",""73_81_000013"",""73_81_000002"",""73_81_000011"",""73_81_000004"",""73_81_000015"",""73_81_000021"",""73_81_000016"",""73_81_000005""]","[""BAGAS"",""VERE"",""DADOU hors ASSOU et AGROS"",""SOR hors BERNAZOBRE"",""L'ASSOU (Le Nandou)"",""AGOUT hors THORE BAGAS DURENQUE ENGUIBAUD"",""LE DOURDOU"",""L'AGROS"",""GIROU"",""CEROU"",""L'EN GUIBAUD"",""TESCOU"",""LE BERNAZOBRE"",""LA RANCE"",""LE THORE"",""TARN hors RANCE""]",
26136,36-2018-06-15-014,2018-06-15,null,publie,,,,,,,,
26976,DDTM34-2018-06-09577,2018-06-18,null,publie,,,,,,,,
29933,DDTM34-2018-06-09577,2018-06-18,2023-04-07,abroge,,34,https://regleau.s3.gra.perf.cloud.ovh.net/arrete-cadre/29933/Arrete_secheresse_cadre_2018.pdf,"[8432,8396,8393,8387,8388,8392,8398,8401,8399,8389,8394,8433,8390,8386,8391,8395,8397,8400]","[""SOU"",""SUP"",""SUP"",""SUP"",""SUP"",""SUP"",""SUP"",""SUP"",""SUP"",""SUP"",""SUP"",""SOU"",""SUP"",""SUP"",""SUP"",""SUP"",""SUP"",""SUP""]","[""76_34_01"",""76_34_0011"",""76_34_0008"",""76_34_0002"",""76_34_0003"",""76_34_0007"",""76_34_0013"",""76_34_0018"",""76_34_0015"",""76_34_0004"",""76_34_0009"",""76_34_02"",""76_34_0005"",""76_34_0001"",""76_34_0006"",""76_34_0010"",""76_34_0012"",""76_34_0016""]","[""Nappe astienne (partie dpt34)"",""bv de l'Orb à l'aval de la confluence avec le Jaur jusqu'à l'embouchure hors axe soutenu"",""BV de l'Orb de sa source jusqu'à l'amont de la confluence avec le Jaur, hors axe soutenu"",""Etang de l'Or"",""bassin versant du Lez, de la Mosson hors axe Lez soutenu"",""BV Hérault aval de la confluence avec la Lergue jusqu'à l'embouchure"",""bv de l'Aude aval - Berre et Rieu (partie dpt 34)"",""canal du Midi (partie dpt34)"",""bv Argent Double et Ognon (partie dpt 34)"",""Axe Lez soutenu, de sa source à son embouchure"",""Axe Orb soutenu à l'aval du barrage des Monts d'Orb"",""Molasses de Castries Sommières / secteur de Castries (partie dpt34)"",""Hérault amont confluence avec la Vis jusqu'à la confluence avec la Lergue (partie dpt34)"",""Vidourle (dpt 34)"",""bassin versant de la Lergue"",""bassin versant du Jaur"",""bv de l'Agout (partie dpt 34)"",""bv Cesse (partie dpt 34)""]",
30075,DDTM34-2018-06-09577,2018-06-18,2023-05-31,abroge,,34,https://regleau.s3.gra.perf.cloud.ovh.net/arrete-cadre/30075/Arrete_secheresse_cadre_2018.pdf,"[10510,10511,10501,10505,10512,10503,10508,10509,10516,10506,10500,10514,10513,10518,10507,10504,10502,10515,10517]","[""SUP"",""SUP"",""SUP"",""SUP"",""SUP"",""SUP"",""SUP"",""SUP"",""SUP"",""SUP"",""SUP"",""SUP"",""SUP"",""SOU"",""SUP"",""SUP"",""SUP"",""SUP"",""SOU""]","[""76_34_0011"",""76_34_0012"",""76_34_0002"",""76_34_0006"",""76_34_0013"",""76_34_0004"",""76_34_0009"",""76_34_0010"",""76_34_0017"",""76_34_0007"",""76_34_0001"",""76_34_0015"",""76_34_0014"",""76_34_0002"",""76_34_0008"",""76_34_0005"",""76_34_0003"",""76_34_0016"",""76_34_0001""]","[""Bassin versant de l'Orb à l’aval de la confluence avec le Jaur jusqu’à l’embouchure hors axe Orb soutenu"",""Bassin versant de l'Agout"",""Bassin versant de la lagune de l'étang de l'Or"",""Bassin versant de la Lergue"",""Bassin versant de l’Aude aval – Berre et Rieu"",""Axe Lez soutenu, de sa source à son embouchure"",""Axe Orb soutenu à l'aval du barrage des Monts d'Orb"",""Bassin versant du Jaur"",""Bassin versant du Thoré amont"",""Bassin versant de l’Hérault aval de la confluence avec la Lergue jusqu’à l’embouchure"",""Bassin versant du Vidourle"",""Bassin versant de la Cesse"",""Bassin versant de l’Argent double et de l’Ognon"",""Molasses miocènes du bassin de Castries"",""Bassin versant de l'Orb de la Source jusqu’à l’amont de la confluence avec le Jaur hors axe Orb soutenu"",""Bassin versant de l'Hérault amont de la confluence avec la Vis jusqu’à la confluence avec la Lergue"",""Bassin versant du Lez et de la Mosson hors axe Lez soutenu"",""Canal du Midi"",""Nappe des sables de l'Astien""]",
27010,SE-2018-000187,2018-06-22,2020-06-14,abroge,,,,,,,,
26148,30-2018-07-02-006,2018-07-02,null,publie,,,,,,,,
30179,Copie de 2A-2018-07-02-017,2018-07-02,2023-07-25,abroge,,2A,https://regleau.s3.gra.perf.cloud.ovh.net//arrete-cadre/30179/20180702_Arr%C3%AAt%C3%A9%20Cadre%20Comit%C3%A9%20Ressource%20en%20Eau_Corse-du-Sud.pdf,"[3238,3237]","[""SUP"",""SUP""]","[""94_2A_2"",""94_2A_1""]","[""Zone nord"",""Zone sud""]","[3,273]"
30336,V2_2A-2018-07-02-017,2018-07-02,2023-12-31,abroge,,2A,https://regleau.s3.gra.perf.cloud.ovh.net//arrete-cadre/30336/20180702_Arre%CC%82te%CC%81%20Cadre%20Comite%CC%81%20Ressource%20en%20Eau_Corse-du-Sud.pdf,"[3237,3238]","[""SUP"",""SUP""]","[""94_2A_1"",""94_2A_2""]","[""Zone sud"",""Zone nord""]","[273,3]"
29823,2A-2018-07-02-017,2018-07-02,2023-07-25,abroge,,2A,https://regleau.s3.gra.perf.cloud.ovh.net//arrete-cadre/29823/20180702_Arr%C3%AAt%C3%A9%20Cadre%20Comit%C3%A9%20Ressource%20en%20Eau_Corse-du-Sud.pdf,"[3238,3237]","[""SUP"",""SUP""]","[""94_2A_2"",""94_2A_1""]","[""Zone nord"",""Zone sud""]","[3,273]"
29880,Copie de 30-2018-07-02-006,2018-07-03,2023-05-24,abroge,,30,https://regleau.s3.gra.perf.cloud.ovh.net//arrete-cadre/29880/ART_20180702_cadre_limite_usage_eau_Gard_num_signe.pdf,"[8431,8425,8385,8384,8383,8422,8423,8380,8377,8426,8428,8429,8382,8378,8427,8424,8379,8381,8430,8376]","[""SOU"",""SOU"",""SUP"",""SUP"",""SUP"",""SOU"",""SOU"",""SUP"",""SUP"",""SOU"",""SOU"",""SOU"",""SUP"",""SUP"",""SOU"",""SOU"",""SUP"",""SUP"",""SOU"",""SUP""]","[""76_30_0190"",""76_30_0130"",""76_30_0190"",""76_30_0180"",""76_30_0170"",""76_30_0100"",""76_30_0110"",""76_30_0140"",""76_30_0110"",""76_30_0140"",""76_30_0160"",""76_30_0170"",""76_30_0160"",""76_30_0120"",""76_30_0150"",""76_30_0120"",""76_30_0130"",""76_30_0150"",""76_30_0180"",""76_30_0100""]","[""Ardeche (dpt30)  ESO correspondant à ZA ESU  même emprise"",""Vistrenque, Costières et Vistre  ESO correspondant à ZA ESU  même emprise"",""Ardeche (dpt30)"",""Ceze_aval (de la confluence avec la Claysse jusqu'au Rhône)"",""Ceze_amont (de sa source à la confluence avec la Claysse incluse)"",""Dourbie et Trevezel  ESO correspondant à ZA ESU même emprise"",""Herault (partie dpt30) ESO correspondant à ZA ESU même emprise"",""Rhône et camargue gardoise"",""Herault (partie dpt30)"",""Rhône et camargue gardoise  ESO correspondant à ZA ESU  même emprise"",""Gardon_amont (des sources à la prise d'eau canal  Boucoiran) ESO correspondant à ZA ESU  même empris"",""Ceze_amont (de sa source à la confluence Claysse incluse) ESO correspondant à ZA ESU  même emprise"",""Gardon_amont (de ses sources à la prise d'eau du canal de Boucoiran)"",""Vidourle (partie dpt30)"",""Gardon_aval (prise d'eau canal Boucoiran jusqu'au Rhône) ESO correspondant à ZA ESU même emprise"",""Vidourle (partie dpt30) ESO correspondant à ZA ESU  même emprise"",""Vistrenque, Costières et Vistre"",""Gardon_aval (de la prise d'eau du canal de Boucoiran jusqu'au Rhône)"",""Ceze_aval (de la confluence avec Claysse jusqu'au Rhône) ESO correspondant à ZA ESU  même emprise"",""Dourbie et Trevezel""]",
29720,30-2018-07-02-006,2018-07-03,2023-05-23,abroge,,30,https://regleau.s3.gra.perf.cloud.ovh.net//arrete-cadre/29720/ART_20180702_cadre_limite_usage_eau_Gard_num_signe.pdf,,,,,
26167,07-2018-07-09-001,2018-07-09,2021-06-16,abroge,,,,,,,,
26164,60-cadre-2018,2018-07-12,null,publie,,,,,,,,
30016,DDT60 - 12/07/2018,2018-07-12,2022-07-28,abroge,,60,https://regleau.s3.gra.perf.cloud.ovh.net//arrete-cadre/30016/arret%C3%A9%20cadre%20du%2012%20juillet%202018.pdf,"[9987,9976,9983,9988,9978,9975,9982,9981,9980,9977,9986,9985,9979,9984]","[""SUP"",""SUP"",""SUP"",""SUP"",""SUP"",""SUP"",""SUP"",""SUP"",""SUP"",""SUP"",""SUP"",""SUP"",""SUP"",""SUP""]","[""32_60_0013"",""32_60_0002"",""32_60_0009"",""32_60_0014"",""32_60_0004"",""32_60_0001"",""32_60_0008"",""32_60_0007"",""32_60_0006"",""32_60_0003"",""32_60_0012"",""32_60_0011"",""32_60_0005"",""32_60_0010""]","[""bassin de l'Ourcq"",""bassin de l'Automne"",""bassin de l'Esches"",""bassin du Thérain"",""bassin de la Brêche"",""bassin de l'Aronde"",""bassin de l'Epte, Troesne et Viosne"",""bassin de la Divette et Verse"",""bassin de la Celle et Evoisson"",""bassin de l'Avre, Noye, Trois-Doms et Haute-Somme"",""bassin Oise-Aisne"",""bassin de la Nonette et Thève"",""bassin de la Brele"",""bassin du Matz""]","[659,650,655,660,651,649,654,653,642,641,658,657,652,656]"
26179,DDT-2018-1287,2018-07-18,null,publie,,,,,,,,
26266,n° 2018-DDT-SE-292,2018-07-31,2018-10-31,abroge,,,,,,,,
29894,12-2018-08-07-001,2018-08-07,2023-07-12,abroge,,12,https://regleau.s3.gra.perf.cloud.ovh.net//arrete-cadre/29894/ARR_CadreGestionSecheresseDptAveyron_07082018.pdf,"[7621,7624,7628,7626,7619,7622,7636,7635,7629,7632,7634,7637,7623,7633,7618,7630,7625,7627,7620,7631]","[""SUP"",""SUP"",""SUP"",""SUP"",""SUP"",""SUP"",""SUP"",""SUP"",""SUP"",""SUP"",""SUP"",""SUP"",""SUP"",""SUP"",""SUP"",""SUP"",""SUP"",""SUP"",""SUP"",""SUP""]","[""73_12_04"",""73_12_07"",""73_12_11"",""73_12_09"",""73_12_02"",""73_12_05"",""91_12_15"",""73_12_21"",""73_12_12"",""73_12_18"",""73_12_20"",""91_12_16"",""73_12_06"",""73_12_19"",""73_12_01"",""73_12_13"",""73_12_08"",""73_12_10"",""73_12_03"",""73_12_14""]","[""Bassin de l'ALZOU"",""Bassin de la Rivière LOT de la limite Est du département jusqu'à la confluence avec la Truyère hors"",""Bassin du DOURDOU DE CAMARES en amont de la confluence avec la SORGUES et du LEN"",""Bassin du DOURDOU DE CAMARES en amont de la confluence avec la SORGUES et du LEN"",""Bassin de l'AVEYRON de la confluence avec la SERRE à la confluence avec le RIOU NEGRE"",""Bassin de la SERENES"",""Bassin versant de l'Orb en Aveyron"",""Rivière LOT de la confluence avec la Truyère à la limite Ouest du département"",""Bassin du VIAUR de sa source à la limite départementale hors VIAUR"",""Bassin versant du TARN en Aveyron"",""Rivière LOT de la limite Est du département jusqu'à la confluence avec la Truyère"",""Bassin versant de l'Hérault en Aveyron"",""Bassin du DOURDOU DE CONQUES"",""Rivière VIAUR de la confluence avec le VIOULOU à la limite du département"",""Bassin de la DIEGE"",""Bassin de la Rivière LOT de la confluence avec la Truyère à la limite Ouest du département hors Lot"",""Bassin du RANCE"",""Bassin du DOURDOU DE CAMARES en aval de la confluence avec la SORGUES et Sorgues  (hors LEN)"",""Bassin de l'AVEYRON de la limite du département à la confluence avec la SERRE"",""Bassin de l'AVEYRON de la confluence avec le RIOU NEGRE à la limite du département""]",
30377,Aveyron_ACD_BV_ORB_HÉRAULT_2023,2018-08-07,2024-06-07,abroge,,12,https://regleau.s3.gra.perf.cloud.ovh.net//arrete-cadre/30377/ACD.pdf,"[12409,12408]","[""SUP"",""SUP""]","[""76_12_0029"",""76_12_0028""]","[""Orb"",""Hérault""]","[1743,1935]"
26503,DDTM 76_DISEN,2018-08-10,2022-03-01,abroge,,,,,,,,
26413,12-2018-08-07-001,2018-08-13,2019-10-31,abroge,,,,,,,,
30019,Copie de 09_2018_01,2018-10-18,2022-07-25,abroge,,"[""11"",""31"",""09""]",https://regleau.s3.gra.perf.cloud.ovh.net/arrete-cadre/30019/AIP_cadre_Ari%C3%A8ge_Hers_18102018.pdf,"[8463,10073,10069,10074,10075,10076,10077,10071,10072,10070,10068]","[""SUP"",""SUP"",""SUP"",""SUP"",""SUP"",""SUP"",""SUP"",""SUP"",""SUP"",""SUP"",""SUP""]","[""76_11_0003"",""76_09_0006"",""76_09_0002"",""76_09_0007"",""76_09_0008"",""76_09_0009"",""76_09_0010"",""76_09_0004"",""76_09_0005"",""76_09_0003"",""76_09_0001""]","[""Bassin versant de l'Hers Vif (y compris Vixiège)"",""BV_Bessous"",""BV_Touyre"",""BV_Ariege"",""BV_Sios"",""BV_Arget"",""BV_Arnave"",""BV_Douctouyre"",""BV_Malegoude"",""BV_Countirou"",""BV_Hers""]",
29908,09_2018_01,2018-10-18,2022-07-22,abroge,,"[""11"",""09"",""31""]",https://regleau.s3.gra.perf.cloud.ovh.net/arrete-cadre/29908/AIP_cadre_Ari%C3%A8ge_Hers_18102018.pdf,"[8463,3955,3954,6956,3952,6955]","[""SUP"",""SUP"",""SUP"",""SUP"",""SUP"",""SUP""]","[""76_11_0003"",""73_09_06"",""73_09_05"",""76_31_12"",""73_09_03"",""76_31_11""]","[""Bassin versant de l'Hers Vif (y compris Vixiège)"",""BV de l'Ariège amont"",""BV de l'Hers Vif"",""Ariège"",""BV de l'Ariège (aval) du confluent du ruisseau l'Arget jusqu'à la limite départementale"",""Hers-Vif""]",
30030,09_2018_ARIEGE/HERS_03,2018-10-18,2023-06-23,abroge,,"[""09"",""31""]",https://regleau.s3.gra.perf.cloud.ovh.net/arrete-cadre/30030/AIP_cadre_Ari%C3%A8ge_Hers_18102018.pdf,"[10143,9921,10148,9922,10150,10152,10147,10151,10146,10149,10144,10154,10145]","[""SUP"",""SUP"",""SUP"",""SUP"",""SUP"",""SUP"",""SUP"",""SUP"",""SUP"",""SUP"",""SUP"",""SUP"",""SUP""]","[""76_09_0001"",""76_31_11"",""76_09_0006"",""76_31_12"",""76_09_0008"",""76_09_0010"",""76_09_0005"",""76_09_0009"",""76_09_0004"",""76_09_0007"",""76_09_0002"",""76_09_0012"",""76_09_0003""]","[""BV_Hers"",""Hers-Vif"",""BV_Bessous"",""Ariège"",""BV_Sios"",""BV_Arnave"",""BV_Malegoude"",""BV_Arget"",""BV_Douctouyre"",""BV_Ariege"",""BV_Touyre"",""BV_Arize"",""BV_Countirou""]","[null,1406,null,626,null,null,null,null,null,null,null,null,null]"
29851,DDT-SGREB-GEMAPRIN 2019-04/1,2019-04-15,2022-06-23,abroge,,28,https://regleau.s3.gra.perf.cloud.ovh.net//arrete-cadre/29851/arrete_cadre_ddt_sgreb_gemaprin_2019_04_1_du_15_avril_2019.pdf,"[5778,5751,5759,5776,5767,5777,5754,5764,5753,5750,5758,5780,5761,5771,5769,5749,5762,5748,5763,5768,5765,5766,5773,5760,5779,5756,5755,5752,5770,5757,5774,5772,5775]","[""SUP"",""SUP"",""SUP"",""SUP"",""SUP"",""SUP"",""SUP"",""SUP"",""SUP"",""SUP"",""SUP"",""SUP"",""SUP"",""SUP"",""SUP"",""SUP"",""SUP"",""SUP"",""SUP"",""SUP"",""SUP"",""SUP"",""SUP"",""SUP"",""SUP"",""SUP"",""SUP"",""SUP"",""SUP"",""SUP"",""SUP"",""SUP"",""SUP""]","[""24_28_7"",""24_28_13"",""24_28_20"",""24_28_5"",""24_28_28"",""24_28_6"",""24_28_16"",""24_28_25"",""24_28_15"",""24_28_12"",""24_28_2"",""24_28_9"",""24_28_22"",""24_28_31"",""24_28_3"",""24_28_11"",""24_28_23"",""24_28_10"",""24_28_24"",""24_28_29"",""24_28_26"",""24_28_27"",""24_28_33"",""24_28_21"",""24_28_8"",""24_28_18"",""24_28_17"",""24_28_14"",""24_28_30"",""24_28_19"",""24_28_34"",""24_28_32"",""24_28_4""]","[""La Conie"",""La foussarde"",""L'Ozanne de l'aval de Brou jusqu'au Loir"",""La Blaise"",""La Voise de la source jusqu'à Oinville sous Auneau inclus"",""La Cloche"",""Le Loir de la source à Saumeray inclus"",""La Vesgre"",""La Rhône"",""L'Eure de l'aval de Jouy à Abondant inclus"",""l'Aigre"",""L'Egvonne"",""La Roguenette"",""L'Eure de l'aval d'Abondant à la sortie du département (Guainville)"",""L'Avre de la source jusqu'à Bérou la Mulotière inclus"",""L'Eure de l'aval de St-Luperce à Jouy inclus"",""La Thironne"",""L'Eure de l'entrée du département (Manou) à St-Luperce inclus"",""Le ruisseau de Vacheresse"",""L'Yerre de la source jusqu'à Arrou inclus"",""La Vinette"",""La Voise de l'aval de Oinville sous Auneau jusqu'à l'Eure"",""Autre bassin1"",""Le ruisseau de la Loupe"",""La Drouette"",""Le Loir de St Maur sur le Loir à la limite de département (Cloyes-sur-le-Loir)"",""Le Loir de l'aval de Saumeray à St Maur sur le Loir inclus"",""L'Huisne"",""L'Yerre de l'aval d'Arrou jusqu'au Loir"",""L'Ozanne de la source jusqu'à Brou inclus"",""Autre bassin2"",""Autre bassin"",""L'Avre de Dampierre sur Avre inclus jusqu'à l'Eure""]",
26896,DDT-SGREB-GEMAPRIN 2019-04/1,2019-04-15,null,publie,,,,,,,,
29850,DDT-SGREB-GEMAPRIN 2019-04/1,2019-04-15,2019-04-15,abroge,,28,https://regleau.s3.gra.perf.cloud.ovh.net//arrete-cadre/29850/arrete_cadre_ddt_sgreb_gemaprin_2019_04_1_du_15_avril_2019.pdf,,,,,
26899,2019,2019-04-16,null,publie,,,,,,,,
26960,19-DDTM85-304,2019-05-10,null,publie,,,,,,,,
22639,2019-0001,2019-05-13,2020-06-04,abroge,,,,,,,,
26934,2019-45-B,2019-05-23,2019-11-30,abroge,,,,,,,,
26935,2019-45-HB,2019-05-23,2019-11-30,abroge,,,,,,,,
27164,31-2019-SEC,2019-06-03,null,publie,,,,,,,,
26480,2019-01,2019-06-19,null,publie,,,,,,,,
26997,DDTM/SEBF/2019-142,2019-06-26,null,publie,,,,,,,,
27232,2019-DDT-SE-227,2019-07-02,2019-10-31,abroge,,,,,,,,
27029,23-2019-07-02-002,2019-07-02,null,publie,,,,,,,,
29780,23-2019-07-02-002,2019-07-02,2022-07-20,abroge,,23,https://regleau.s3.gra.perf.cloud.ovh.net//arrete-cadre/29780/Arrete%20cadre%20secheresse2019.pdf,"[5678,5682,5677,5679,5683,5674,5676,5681,5675,5680,4608]","[""SUP"",""SUP"",""SUP"",""SUP"",""SUP"",""SUP"",""SUP"",""SUP"",""SUP"",""SUP"",""SOU""]","[""74_23_005"",""74_23_009"",""74_23_004"",""74_23_006"",""74_23_010"",""74_23_001"",""74_23_003"",""74_23_008"",""74_23_002"",""74_23_007"",""74_23_01""]","[""La Creuse du ruisseau du Chezalet à sa confluence avec la Petite Creuse"",""La Dordogne"",""La Creuse de sa source au ruisseau du Chezalet"",""La Petite Creuse"",""L'Allier"",""Le Cher"",""La Sedelle"",""La Gartempe et ses affluents"",""La Tardes"",""Le Thaurion, La Maulde et leurs affluents"",""zone non couverte par l'arrêté cadre""]",1231
27255,2019/DDT49-SEEF-MMT/01,2019-07-12,2050-12-31,publie,,,,,,,,
27222,15/07/2019,2019-07-15,null,publie,,,,,,,,
27200,15/07/2019,2019-07-15,2025-11-01,abroge,,,,,,,,
29718,PAS_Var_2019_V2,2019-07-15,2022-06-17,abroge,,83,https://regleau.s3.gra.perf.cloud.ovh.net//arrete-cadre/29718/pas_du_15_7_2019.pdf,"[8362,8345,8348,8342,8344,8341,8343,8347,8363,8346]","[""SOU"",""SUP"",""SUP"",""SUP"",""SUP"",""SUP"",""SUP"",""SUP"",""SOU"",""SUP""]","[""93_83_0006"",""93_83_00042"",""93_83_0005"",""93_83_0002"",""93_83_00041"",""93_83_0001"",""93_83_0003"",""93_83_00044"",""93_83_0007"",""93_83_00043""]","[""nappe alluviale de la basse vallée de l'Argens"",""Zone D2 : Arc (partie dpt Var)"",""Zone E : Siagne (partie dpt Var)"",""Zone B : Verdon (dont Artuby et Jabron)"",""Zone D1 : Huveaune (partie dpt Var)"",""Zone A : Argens et Agay"",""Zone C : fleuves cotiers, dont : Grand Vallat, Reppe, Las, Eygoutier, Gapeau, Maravenne, Batailler, Fenouillet, Bourrian, Giscle, Preconil"",""Zone D4 : affluents Durance"",""nappes alluviales de la Giscle-Môle"",""Zone D3 : Bearn/Real de Jouques (partie dpt Var)""]",
29713,PAS_Var_2019,2019-07-15,2022-05-04,abroge,,83,https://regleau.s3.gra.perf.cloud.ovh.net//arrete-cadre/29713/pas_du_15_7_2019.pdf,"[7640,7641,7644,7642,8363,8362,7646,7645,7647,7643]","[""SUP"",""SUP"",""SUP"",""SUP"",""SOU"",""SOU"",""SUP"",""SUP"",""SUP"",""SUP""]","[""93_83_1"",""93_83_2"",""93_83_5"",""93_83_3"",""93_83_0007"",""93_83_0006"",""93_83_7"",""93_83_6"",""93_83_8"",""93_83_4""]","[""Zone A _ bassin versant de l'Argens et de l'Agay"",""Zone B _ secteur varois du bassin versant du Verdon, Artuby et Jabron"",""Zone D2 _ amont bassin versant de l'arc"",""Zone C _ bassins versants des fleuves côtiers"",""nappes alluviales de la Giscle-Môle"",""nappe alluviale de la basse vallée de l'Argens"",""Zone D4 _ affluents Durance"",""Zone D3 _ amont bassin versant du Béarn (Réal de Jouques)"",""Zone E _ secteur varois du bassin versant de la Siagne"",""Zone D1 _amont bassin versant de l'Huveaune""]",
29768,AP06-2019-2,2019-07-17,2022-06-30,abroge,,06,https://regleau.s3.gra.perf.cloud.ovh.net//arrete-cadre/29768/20190717%20plan%20action%20s%C3%A9cheresse.pdf,"[8318,8324,8320,8327,8321,4584,8322,8325,8319,8326,8323]","[""SUP"",""SUP"",""SUP"",""SUP"",""SUP"",""SOU"",""SUP"",""SUP"",""SUP"",""SUP"",""SUP""]","[""93_06_0001"",""93_06_0007"",""93_06_0003"",""93_06_0010"",""93_06_0004"",""93_06_01"",""93_06_0005"",""93_06_0008"",""93_06_0002"",""93_06_0009"",""93_06_0006""]","[""Zone 1 : Artuby (partie dpt Alpes-Maritimes)"",""Zone 7 : Var amont (partie dpt Alpes-Maritimes)"",""Zone 3 : Siagne aval (partie dpt Alpes-Maritimes)"",""Zone 10 : Roya/Bevera et mentonnais"",""Zone 4 : Loup et Cagne"",""zone non couverte par l'arrêté cadre"",""Zone 5 : la Brague"",""Zone 8 : Var aval"",""Zone 2 : Siagne amont (partie dpt Alpes-Martiimes)"",""Zone 9 : Paillon"",""Zone 6 : Esteron""]",1831
29767,AP06-2019,2019-07-17,2022-06-30,abroge,,06,https://regleau.s3.gra.perf.cloud.ovh.net//arrete-cadre/29767/20190717_DDTM-SEAFEN-AP-N%C2%B02019-103_plan%20s%C3%A9cheresse.pdf,,,,,
29742,AP2019-103,2019-07-17,2022-05-31,abroge,,06,https://regleau.s3.gra.perf.cloud.ovh.net//arrete-cadre/29742/20190717%20plan%20action%20s%C3%A9cheresse.pdf,"[8323,8325,8318,8327,8324,8320,4584,8322,8319,8326,8321]","[""SUP"",""SUP"",""SUP"",""SUP"",""SUP"",""SUP"",""SOU"",""SUP"",""SUP"",""SUP"",""SUP""]","[""93_06_0006"",""93_06_0008"",""93_06_0001"",""93_06_0010"",""93_06_0007"",""93_06_0003"",""93_06_01"",""93_06_0005"",""93_06_0002"",""93_06_0009"",""93_06_0004""]","[""Zone 6 : Esteron"",""Zone 8 : Var aval"",""Zone 1 : Artuby (partie dpt Alpes-Maritimes)"",""Zone 10 : Roya/Bevera et mentonnais"",""Zone 7 : Var amont (partie dpt Alpes-Maritimes)"",""Zone 3 : Siagne aval (partie dpt Alpes-Maritimes)"",""zone non couverte par l'arrêté cadre"",""Zone 5 : la Brague"",""Zone 2 : Siagne amont (partie dpt Alpes-Martiimes)"",""Zone 9 : Paillon"",""Zone 4 : Loup et Cagne""]",1831
30003,05-2019-07-17-009_fictif,2019-07-17,2023-06-12,abroge,,05,https://regleau.s3.gra.perf.cloud.ovh.net//arrete-cadre/30003/201907SEC_AP_PAS_05-2019-07-17-009.pdf,"[8927,8926,8925,8924,8921,8922,8920,8923]","[""SUP"",""SUP"",""SUP"",""SUP"",""SUP"",""SUP"",""SUP"",""SUP""]","[""93_05_0008"",""93_05_0007"",""93_05_0006"",""93_05_0005"",""93_05_0002"",""93_05_0003"",""93_05_0001"",""93_05_0004""]","[""Bassin Haute-Romanche"",""Bassin Souloise-Séveraisse"",""Bassin de la Haute-Durance"",""Bassin Moyenne Durance Amont partie 05"",""Bassin du Buëch partie du 05"",""Bassin Méouge partie 05"",""Bassin du Drac-Gapençais"",""Bassin E(A)ygues partie 05""]","[383,382,381,380,377,378,376,379]"
27292,2019-103,2019-07-22,null,publie,,,,,,,,
27300,2019-127,2019-07-23,null,publie,,,,,,,,
30017,DDT60 - 26/07/2019 modifiant l'annexe 1 et 6 ,2019-07-26,2022-07-28,abroge,,60,https://regleau.s3.gra.perf.cloud.ovh.net//arrete-cadre/30017/190726_Arr%C3%AAt%C3%A9%20cadre%20modificatif_s%C3%A9cheresse.pdf,"[9985,9976,9977,9981,9975,9987,9983,9980,9988,9986,9979,9978,9982,9984]","[""SUP"",""SUP"",""SUP"",""SUP"",""SUP"",""SUP"",""SUP"",""SUP"",""SUP"",""SUP"",""SUP"",""SUP"",""SUP"",""SUP""]","[""32_60_0011"",""32_60_0002"",""32_60_0003"",""32_60_0007"",""32_60_0001"",""32_60_0013"",""32_60_0009"",""32_60_0006"",""32_60_0014"",""32_60_0012"",""32_60_0005"",""32_60_0004"",""32_60_0008"",""32_60_0010""]","[""bassin de la Nonette et Thève"",""bassin de l'Automne"",""bassin de l'Avre, Noye, Trois-Doms et Haute-Somme"",""bassin de la Divette et Verse"",""bassin de l'Aronde"",""bassin de l'Ourcq"",""bassin de l'Esches"",""bassin de la Celle et Evoisson"",""bassin du Thérain"",""bassin Oise-Aisne"",""bassin de la Brele"",""bassin de la Brêche"",""bassin de l'Epte, Troesne et Viosne"",""bassin du Matz""]","[657,650,641,653,649,659,655,642,660,658,652,651,654,656]"
29759,2019-214-009,2019-08-02,2022-06-20,abroge,,04,https://regleau.s3.gra.perf.cloud.ovh.net//arrete-cadre/29759/AP%20approbation%20PAS%20ao%C3%BBt2019.pdf,"[8300,8303,8313,8310,8299,8306,8302,8304,8298,8296,8308,4582,8311,8312,8309,8307,8305,8301,8297]","[""SUP"",""SUP"",""SUP"",""SUP"",""SUP"",""SUP"",""SUP"",""SUP"",""SUP"",""SUP"",""SUP"",""SOU"",""SUP"",""SUP"",""SUP"",""SUP"",""SUP"",""SUP"",""SUP""]","[""93_04_0005"",""93_04_0008"",""93_04_0018"",""93_04_0015"",""93_04_0004"",""93_04_0011"",""93_04_0007"",""93_04_0009"",""93_04_0003"",""93_04_0001"",""93_04_0013"",""93_04_01"",""93_04_0016"",""93_04_0017"",""93_04_0014"",""93_04_0012"",""93_04_0010"",""93_04_0006"",""93_04_0002""]","[""Bassin versant du Largue"",""Bassin versant du Vancon"",""Bassin versant de la Durance"",""Bassin versant du Buech (partie dpt Alpes-de-Haute-Provence)"",""Bassin versant du Jabron"",""Bassin versant du Var (partie dpt Alpes-de-Haute-Provence)"",""Bassin versant du Sasse"",""Bassin versant de l'Ubaye"",""Bassin versant du Colostre"",""Bassin versant de l'Asse"",""Bassin versant du Calavon (partie dpt Alpes-de-Haute-Provence)"",""zone non couverte par l'arrêté cadre"",""Bassin versant de l'Artuby (partie dpt Alpes-de-Haute-Provence)"",""Bassin versant du Verdon aval"",""Bassin versant de la Nesque (partie dpt Alpes-de-Haute-Provence)"",""Bassin versant de la Blanche"",""Bassin versant du Verdon amont"",""Bassin versant du Lauzon"",""Bassin versant de la Bleone""]",1830
27449,2019-214-009,2019-08-02,null,publie,,,,,,,,
28020,ACMP-2020,2020-04-16,2020-12-31,abroge,,,,,,,,
28146,64.2020.04.27.008,2020-04-27,null,publie,,,,,,,,
28150,64-2020-04-27-011,2020-04-27,null,publie,,,,,,,,
28153,64-2020-04-27-012,2020-04-27,null,publie,,,,,,,,
28151,64-2020-04-27-007,2020-04-27,null,publie,,,,,,,,
28152,64-2020-04-27-013,2020-04-27,null,publie,,,,,,,,
28144,64-2020-04-27-006,2020-04-27,null,publie,,,,,,,,
28149,64-2020-04-27-010,2020-04-27,null,publie,,,,,,,,
28154,64-2020-04-27-009,2020-04-27,null,publie,,,,,,,,
28101,2020-DDT/SABE/EAU-N°74,2020-05-13,2024-03-01,abroge,,,,,,,,
28076,2020-45-HB,2020-05-27,2020-11-30,abroge,,,,,,,,
28077,2020-45-B,2020-05-27,2020-11-30,abroge,,,,,,,,
29722,2020/SEE/0274,2020-05-29,2023-06-08,abroge,,44,https://regleau.s3.gra.perf.cloud.ovh.net//arrete-cadre/29722/20200529_ACS_signe.pdf,"[8481,8479,8489,8488,8478,5624,8477,5623,8475,8480,8476,5625,8490,8483,8482]","[""SUP"",""SUP"",""SUP"",""SUP"",""SUP"",""SOU"",""SUP"",""SOU"",""SUP"",""SUP"",""SUP"",""SOU"",""SUP"",""SUP"",""SUP""]","[""52_44_3d"",""52_44_3b"",""52_44_6a"",""52_44_5r"",""52_44_3a"",""52_44_02"",""52_44_05"",""52_44_01"",""52_44_01"",""52_44_3c"",""52_44_02"",""52_44_03"",""52_44_6b"",""52_44_3f"",""52_44_3e""]","[""Bassin Affluents Sud Loire"",""Bassin de l'Erdre Aval"",""Bassin de la Logne, Boulogne, Ognon, Grand-lieu"",""Bassin côtiers bretons réalimenté par la Loire"",""Bassin de l'Erdre Amont"",""bassin d'alimentation des captages de Nort-sur-Erdre"",""Bassin côtiers bretons"",""bassin d'alimentation des captages de Machecoul"",""Bassin de la Vilaine"",""Bassin Affluents Nord Loire"",""Bassin de l'Oudon"",""nappe en relation avec le lac de Grand-Lieu (St Philbert et Chevrolière)"",""Bassin du Lac de Grand-Lieu"",""Bassin de la Brière"",""Bassin de la Loire""]",
30009,87_ac_2020,2020-06-05,2023-06-23,abroge,,87,https://regleau.s3.gra.perf.cloud.ovh.net/arrete-cadre/30009/2020.06.05_Arrete_cadre_Secheresse_SIGNE.pdf,"[9947,9951,9945,9948,9940,9952,9944,9950,9942,9943,9949,9946,9941,9953]","[""SOU"",""SOU"",""SUP"",""SOU"",""SUP"",""SOU"",""SUP"",""SOU"",""SUP"",""SUP"",""SOU"",""SOU"",""SUP"",""SOU""]","[""74_87_0002"",""74_87_0006"",""74_87_0006"",""74_87_0003"",""74_87_0001"",""74_87_0007"",""74_87_0005"",""74_87_0005"",""74_87_0003"",""74_87_0004"",""74_87_0004"",""74_87_0001"",""74_87_0002"",""74_87_0008""]","[""Bassin versant de la Vienne"",""Socle des bassins versants de l'Isle et de la Dronne"",""Bassin de La Vézère de sa source au confluent de la Corrèze"",""Calcaires et marnes de l'Infra-Toarcien au nord du seuil du Poitou majoritairement captifs"",""Bassin de la Gartempe & ses affluents"",""Socle aval des bassins versants de la Vézère et de la Corrèze"",""Bassin de L'Isle de sa source au confluent de la Dronne"",""Socle des bassins versants du Bandiat, de la Tardoire et de la Bonnieure"",""Bassin de la La Charente de sa source au confluent de la Tardoire"",""Bassin de La Dronne"",""Socle du bassin versant de la Charente amont"",""Bassin versant de la Gartempe"",""Bassin de lla vienne de la goire au clain"",""Sables, calcaires et argiles des bassins tertiaires du Poitou, Brenne et Berry libres""]",
30209,87_ac_2020_2023,2020-06-05,2023-06-23,abroge,,87,https://regleau.s3.gra.perf.cloud.ovh.net/arrete-cadre/30209/2020.06.05_Arrete_cadre_Secheresse_SIGNE.pdf,"[11829,11818,11821,11819,11812,11822,11826,11827,11820,11813,11828,11817]","[""SOU"",""SUP"",""SOU"",""SUP"",""SUP"",""SOU"",""SOU"",""SOU"",""SUP"",""SUP"",""SOU"",""SUP""]","[""75_87_0009"",""75_87_0007"",""75_87_0001"",""75_87_0008"",""75_87_0001"",""75_87_0002"",""75_87_0006"",""75_87_0007"",""75_87_0009"",""75_87_0002"",""75_87_0008"",""75_87_0006""]","[""Bassin Vézère"",""Bassin Isle amont"",""Bassin Vienne amont"",""Bassin Auvézère"",""Bassin Vienne amont"",""Bassin Gartempe et Vienne aval"",""Bassin Dronne amont"",""Bassin Isle amont"",""Bassin Vézère"",""Bassin Gartempe et Vienne aval"",""Bassin Auvézère"",""Bassin Dronne amont""]","[985,1497,983,1498,980,984,1502,1503,982,981,1504,1496]"
29775,87_ac_001,2020-06-05,2022-07-17,abroge,,87,https://regleau.s3.gra.perf.cloud.ovh.net/arrete-cadre/29775/2020.06.05_Arrete_cadre_Secheresse_SIGNE.pdf,"[4065,4066,4068,4623,4067]","[""SUP"",""SUP"",""SUP"",""SOU"",""SUP""]","[""74_87_1"",""74_87_3"",""74_87_2"",""74_87_01"",""74_87_4""]","[""Bassin_GARTEMPE_CREUSE"",""Bassin_VIENNE_AVAL"",""Bassin_VIENNE_AMONT"",""zone non couverte par l'arrêté cadre"",""Bassin_CHARENTE_ISLE_DRONNE""]",
28071,2020-01,2020-06-05,null,publie,,,,,,,,
28087,78-2020-06-15-005,2020-06-15,null,publie,,,,,,,,
28105,DDT-EEB-2020-039,2020-06-18,null,publie,,,,,,,,
28097,2020-995,2020-06-24,null,publie,,,,,,,,
29102,72-2020-06-30-002,2020-06-30,null,publie,,,,,,,,
29761,ACS_DDT72_30062020,2020-06-30,2024-01-08,abroge,,72,https://regleau.s3.gra.perf.cloud.ovh.net//arrete-cadre/29761/arr%C3%AAt%C3%A9_cadre_sign%C3%A9_30062020.pdf,"[8093,8079,8082,8081,8078,8094,8090,8083,8084,8085,8092,8087,8089,4619,8080,8086,8091,8095,8088]","[""SUP"",""SUP"",""SUP"",""SUP"",""SUP"",""SUP"",""SUP"",""SUP"",""SUP"",""SUP"",""SUP"",""SUP"",""SUP"",""SOU"",""SUP"",""SUP"",""SUP"",""SUP"",""SUP""]","[""52_72_7"",""52_72_10"",""52_72_13"",""52_72_12"",""52_72_1"",""52_72_8"",""52_72_4"",""52_72_14"",""52_72_15"",""52_72_16"",""52_72_6"",""52_72_18"",""52_72_3"",""52_72_01"",""52_72_11"",""52_72_17"",""52_72_5"",""52_72_9"",""52_72_2""]","[""Bassin Affluents de la Sarthe Médiane*"",""Bassin de la Vaige-Taude-Erve"",""bassin du Due-Narais"",""bassin Vive-Parence"",""bassin sarthe amont"",""Bassin du Deux-Fonts et de la Voutonne**"",""Bassin de la Bienne"",""Bassin du Loir"",""Bassin de la Braye"",""Bassin de l Anille-Veuve-Tusson"",""Bassin de la Vègre"",""Bassin de l Argance"",""Bassin de Vaudelle-Merdereau-Orthe"",""zone non couverte par l'arrêté cadre"",""bassin de l Huisne"",""Bassin de l Aune"",""Bassin de la Sarthe aval"",""Bassin de la Gee"",""Bassin de l Orne Saosnoise""]","[1200,1195,296,295,1194,1201,1197,297,298,299,1199,301,1196,1232,294,300,1198,1202,302]"
30303,82-2020-06-30-004_APC_DEP_V2,2020-06-30,2024-06-30,abroge,,82,https://regleau.s3.gra.perf.cloud.ovh.net//arrete-cadre/30303/ap_20200630_sdpe82_2020-06-30-004-p-001-032.pdf,"[8046,8064,8063,8071,8047,8053,8049,8040,8051,8060,8070,8061,8068,8052,8058,8072,8059,8050,8056,8057,8044,8067,8073,8062,8065,8066,8041,8069,8042,8055,8054,8045,8048,8043]","[""SUP"",""SUP"",""SUP"",""SUP"",""SUP"",""SUP"",""SUP"",""SUP"",""SUP"",""SUP"",""SUP"",""SUP"",""SUP"",""SUP"",""SUP"",""SUP"",""SUP"",""SUP"",""SUP"",""SUP"",""SUP"",""SUP"",""SUP"",""SUP"",""SUP"",""SUP"",""SUP"",""SUP"",""SUP"",""SUP"",""SUP"",""SUP"",""SUP"",""SUP""]","[""76_82_17"",""76_82_45"",""76_82_44"",""76_82_62"",""76_82_18"",""76_82_25"",""76_82_21"",""76_82_11"",""76_82_23"",""76_82_41"",""76_82_61"",""76_82_42"",""76_82_49"",""76_82_24"",""76_82_33"",""76_82_63"",""76_82_34"",""76_82_22"",""76_82_31"",""76_82_32"",""76_82_15"",""76_82_48"",""76_82_64"",""76_82_43"",""76_82_46"",""76_82_47"",""76_82_12"",""76_82_51"",""76_82_13"",""76_82_27"",""76_82_26"",""76_82_16"",""76_82_19"",""76_82_14""]","[""Zone 17 - Bassin de la Vère"",""Zone 45 - Bassin du Lendou"",""Zone 44 - Bassin de la Barguelonne aval"",""Zone 62 - Arrats affluents"",""Zone 18 - Bassin du Viaur"",""Zone 25 - Bassin du Lemboulas aval"",""Zone 21 - Rivière Tarn"",""Zone 11 - Rivère Aveyron"",""Zone 23 - Bassin du Tescou non réalimenté"",""Zone 41 - Bassin de la Sère"",""Zone 61 - Rivière Arrats"",""Zone 42 - Bassin du Lambon"",""Zone 49 - Garonne affluents"",""Zone 24 - Bassin du Lemboulas amont"",""Zone 33 - Fleuve Garonne aval"",""Zone 63 - Rivière Gimone"",""Zone 34 - Canal latéral + Montech + cours d'eau réalimentés"",""Zone 22 - Rivière Tescou réalimentée"",""Zone 31 - Fleuve Garonne amont"",""Zone 32 - Fleuve Garonne médiane"",""Zone 15 - Bassin de la Lère non réalimentée"",""Zone 48 - Bassin de l'Auroue"",""Zone 64 - Gimone affluents"",""Zone 43 - Barguelonne amont"",""Zone 46 - Bassin de la Petite Barguelonne"",""Zone 47 - Bassin de la Séoune"",""Zone 12 - Bassin de la Baye"",""Zone 51 - Bassin du Boudouyssou (Tancanne)"",""Zone 13 - Bassin de la Seye"",""Zone 27 - Tarn affluents"",""Zone 26 - Bassin Lupte-Lembous"",""Zone 16 - Lère réalimentée"",""Zone 19 - Aveyron affluents"",""Zone 14 - Bassin de la Bonnette""]","[766,1366,849,1373,767,768,264,223,266,279,1372,280,1370,267,848,1374,278,265,1365,275,233,1369,1375,281,1367,1368,224,1371,1363,774,773,1364,263,232]"
29858,82-2020-06-30-004_APC_DEP,2020-06-30,2023-07-12,abroge,,82,https://regleau.s3.gra.perf.cloud.ovh.net//arrete-cadre/29858/ap_20200630_sdpe82_arrete-cadre-secheresse-2020-06-30-004-p-001-032.pdf,"[8046,8041,8040,8068,8063,8059,8057,8050,8067,8065,8073,8069,8052,8044,8060,8064,8047,8048,8051,8055,8058,8056,8061,8070,8072,8071,8054,8066,8045,8042,8043,8049,8053,8062]","[""SUP"",""SUP"",""SUP"",""SUP"",""SUP"",""SUP"",""SUP"",""SUP"",""SUP"",""SUP"",""SUP"",""SUP"",""SUP"",""SUP"",""SUP"",""SUP"",""SUP"",""SUP"",""SUP"",""SUP"",""SUP"",""SUP"",""SUP"",""SUP"",""SUP"",""SUP"",""SUP"",""SUP"",""SUP"",""SUP"",""SUP"",""SUP"",""SUP"",""SUP""]","[""76_82_17"",""76_82_12"",""76_82_11"",""76_82_49"",""76_82_44"",""76_82_34"",""76_82_32"",""76_82_22"",""76_82_48"",""76_82_46"",""76_82_64"",""76_82_51"",""76_82_24"",""76_82_15"",""76_82_41"",""76_82_45"",""76_82_18"",""76_82_19"",""76_82_23"",""76_82_27"",""76_82_33"",""76_82_31"",""76_82_42"",""76_82_61"",""76_82_63"",""76_82_62"",""76_82_26"",""76_82_47"",""76_82_16"",""76_82_13"",""76_82_14"",""76_82_21"",""76_82_25"",""76_82_43""]","[""Zone 17 - Bassin de la Vère"",""Zone 12 - Bassin de la Baye"",""Zone 11 - Rivère Aveyron"",""Zone 49 - Garonne affluents"",""Zone 44 - Bassin de la Barguelonne aval"",""Zone 34 - Canal latéral + Montech + cours d'eau réalimentés"",""Zone 32 - Fleuve Garonne médiane"",""Zone 22 - Rivière Tescou réalimentée"",""Zone 48 - Bassin de l'Auroue"",""Zone 46 - Bassin de la Petite Barguelonne"",""Zone 64 - Gimone affluents"",""Zone 51 - Bassin du Boudouyssou (Tancanne)"",""Zone 24 - Bassin du Lemboulas amont"",""Zone 15 - Bassin de la Lère non réalimentée"",""Zone 41 - Bassin de la Sère"",""Zone 45 - Bassin du Lendou"",""Zone 18 - Bassin du Viaur"",""Zone 19 - Aveyron affluents"",""Zone 23 - Bassin du Tescou non réalimenté"",""Zone 27 - Tarn affluents"",""Zone 33 - Fleuve Garonne aval"",""Zone 31 - Fleuve Garonne amont"",""Zone 42 - Bassin du Lambon"",""Zone 61 - Rivière Arrats"",""Zone 63 - Rivière Gimone"",""Zone 62 - Arrats affluents"",""Zone 26 - Bassin Lupte-Lembous"",""Zone 47 - Bassin de la Séoune"",""Zone 16 - Lère réalimentée"",""Zone 13 - Bassin de la Seye"",""Zone 14 - Bassin de la Bonnette"",""Zone 21 - Rivière Tarn"",""Zone 25 - Bassin du Lemboulas aval"",""Zone 43 - Barguelonne amont""]","[766,224,223,1370,849,278,275,265,1369,1367,1375,1371,267,233,279,1366,767,263,266,774,848,1365,280,1372,1374,1373,773,1368,1364,1363,232,264,768,281]"
28118,2020-DDT-SE-173,2020-07-03,2021-07-08,abroge,,,,,,,,
29855,2020-07-16-arrêté-cadre-etiage,2020-07-16,2023-06-25,abroge,,49,https://regleau.s3.gra.perf.cloud.ovh.net//arrete-cadre/29855/2020-07-16_Arrete_cadre_etiage_SIGNE.pdf,"[9695,9712,9692,9690,9714,9696,9697,9705,9691,9715,9693,9699,9716,9687,9694,9703,9683,9708,9689,9681,9706,9713,9682,9707,9698,9685,9704,9688,9717,9711,9679,9702]","[""SUP"",""SOU"",""SUP"",""SUP"",""SOU"",""SUP"",""SUP"",""SOU"",""SUP"",""SOU"",""SUP"",""SUP"",""SOU"",""SUP"",""SUP"",""SOU"",""SUP"",""SOU"",""SUP"",""SUP"",""SOU"",""SOU"",""SUP"",""SOU"",""SUP"",""SUP"",""SOU"",""SUP"",""SOU"",""SOU"",""SUP"",""SOU""]","[""52_49_3"",""52_49_3"",""52_49_21"",""52_49_2"",""52_49_5"",""52_49_4"",""52_49_5"",""52_49_12"",""52_49_20"",""52_49_6"",""52_49_22"",""52_49_7"",""52_49_7"",""52_49_17"",""52_49_23"",""52_49_8"",""52_49_13"",""52_49_15"",""52_49_19"",""52_49_11"",""52_49_13"",""52_49_4"",""52_49_12"",""52_49_14"",""52_49_6"",""52_49_15"",""52_49_14"",""52_49_18"",""52_49_8"",""52_49_2"",""52_49_1"",""52_49_1""]","[""SARTHE"",""Loir-Sarthe aval"",""ROMME"",""MAYENNE"",""Authion moyen"",""LOIR"",""AUTHION"",""Divatte"",""LOIRE"",""Authion superieur"",""ERDRE"",""LATHAN"",""Sud-Loire"",""EVRE"",""BRIONNEAU"",""Layon"",""AUBANCE"",""Aubance"",""DIVATTE"",""LAYON"",""Romme Brionneau"",""Authion alluvions"",""HYROME"",""Erdre"",""COUASNON"",""MOINE"",""Erdre"",""THAU"",""Layon"",""Mayenne"",""OUDON"",""Oudon""]","[600,413,1301,1299,415,601,602,406,1300,416,598,604,417,1296,599,418,1292,409,1298,1290,407,414,1291,408,603,1294,408,1297,418,412,1288,403]"
29727,DDT-SEEB-PPE-2020,2020-07-17,2023-06-27,abroge,,49,https://regleau.s3.gra.perf.cloud.ovh.net//arrete-cadre/29727/2020-07-16_Arrete_cadre_etiage_SIGNE.pdf,,,,,
30068,AIP_Neste_32-2021-01-27-010,2021-01-27,2023-03-23,abroge,,"[""40"",""47"",""32"",""65"",""82"",""31""]",https://regleau.s3.gra.perf.cloud.ovh.net//arrete-cadre/30068/AIP_PASech_NRG_Signe_20210127.pdf,"[4001,10693,7794,10867,7810,8071,10682,10690,10679,7782,10677,4002,10680,10712,10674,10699,10702,10700,10711,7811,10709,10710,8072,10687,7804,10708,10685,10673,10671,10668,10688,7780,10839,10713,10683,7781,10675,10678,8067,10707,10701,10706,10691,10676,10696,10669,7784,7795,10689,10672,8070,7783,10822,10695,7801,8073,10670,9934]","[""SUP"",""SUP"",""SUP"",""SUP"",""SUP"",""SUP"",""SUP"",""SUP"",""SUP"",""SUP"",""SUP"",""SUP"",""SUP"",""SUP"",""SUP"",""SUP"",""SUP"",""SUP"",""SUP"",""SUP"",""SUP"",""SUP"",""SUP"",""SUP"",""SUP"",""SUP"",""SUP"",""SUP"",""SUP"",""SUP"",""SUP"",""SUP"",""SUP"",""SUP"",""SUP"",""SUP"",""SUP"",""SUP"",""SUP"",""SUP"",""SUP"",""SUP"",""SUP"",""SUP"",""SUP"",""SUP"",""SUP"",""SUP"",""SUP"",""SUP"",""SUP"",""SUP"",""SUP"",""SUP"",""SUP"",""SUP"",""SUP"",""SUP""]","[""73_65_05"",""73_32_26"",""72_47_26"",""75_40_04326"",""72_47_41"",""76_82_62"",""73_32_15"",""73_32_23"",""73_32_12"",""72_47_15"",""73_32_10"",""73_65_06"",""73_32_13"",""73_32_45"",""73_32_07"",""73_32_32"",""73_32_35"",""73_32_33"",""73_32_44"",""72_47_42"",""73_32_42"",""73_32_43"",""76_82_63"",""73_32_20"",""72_47_35"",""73_32_41"",""73_32_18"",""73_32_06"",""73_32_04"",""73_32_01"",""73_32_21"",""72_47_13"",""75_40_04219"",""73_32_46"",""73_32_16"",""72_47_14"",""73_32_08"",""73_32_11"",""76_82_48"",""73_32_40"",""73_32_34"",""73_32_39"",""73_32_24"",""73_32_09"",""73_32_29"",""73_32_02"",""72_47_17"",""72_47_27"",""73_32_22"",""73_32_05"",""76_82_61"",""72_47_16"",""75_40_04149"",""73_32_28"",""72_47_32"",""76_82_64"",""73_32_03"",""76_31_26""]","[""BV du Bouès"",""Rivière la Save - Gesse réalimenté"",""Unité Gers"",""La Gélise du confluent des Garrinquets au confluent du Tréou (inclus)"",""Unité Auvignon"",""Zone 62 - Arrats affluents"",""Bassin versant du Boues non réalimenté"",""Rivière la Baise réalimenté"",""Bassin versant de l'Auzoue non réalimenté"",""L'Auzoue réalimenté"",""Bassin versant de la Baïse non réalimenté"",""BV du système alimenté par le canal de la Neste"",""Bassin versant de la Gélise non réalimenté"",""Bassin versant de Garonne de l'Aussonnelle à la Barguelonne non réalimenté"",""Bassin versant du Gers non réalimenté"",""Rivière Guiroue aval baradee réalimenté"",""Rivière L'Aussoue réalimenté"",""Rivière L'Auloue réalimenté"",""Bassin versant Ayroux - Sère non réalimenté"",""Unité Gélise"",""Bassin versant du Touch non réalimenté"",""Bassin versant de l'Aussonnelle non réalimenté"",""Zone 63 - Rivière Gimone"",""Rivière du Garaillon Auvignon réalimenté"",""Unité Baïse"",""Bassin versant Touch non réalimenté"",""Rivière La Gélise réalimenté"",""Bassin versant de l'Arrats non réalimenté"",""Bassin versant de la Marcaoue non réalimenté"",""Bassin versant de l'Auroue non réalimenté"",""Rivière Le Gers réalimenté"",""Le Gers réalimenté"",""La Gélise du confluent du Tréou au confluent de l'Izaute"",""Bassin versant de Garonne de la Barguelonne au Dropt non réalimenté"",""Bassin versant de l'Osse non réalimenté"",""L'Osse réalimenté"",""Bassin versant des Auvignons non réalimenté"",""Bassin versant de la Guiroue non réalimenté"",""Zone 48 - Bassin de l'Auroue"",""Rivière de l'Osse aval Lizet réalimenté"",""Rivière La Marcaoue réalimenté"",""Rivière de l'Osse amont Lizet réalimenté"",""Rivière La Gimone réalimenté"",""Bassin versant de l'Auloue non réalimenté"",""Rivière Le Bouès réalimenté"",""Bassin versant de l'Aussoue non réalimenté"",""L'Auvignon réalimenté"",""Unité Osse"",""Rivière L'Auzoue réalimenté"",""Bassin versant de la Gimone non réalimenté"",""Zone 61 - Rivière Arrats"",""La Baïse réalimentée"",""La Gélise du confluent de l'Izaute au confluent de l'Auzoue"",""Rivière L'Arrats réalimenté"",""Unité Auroue"",""Zone 64 - Gimone affluents"",""Bassin versant de la Save non réalimenté"",""Système Neste""]","[null,null,null,null,null,1373,null,null,null,null,null,null,null,null,null,null,null,null,null,null,null,null,1374,null,null,null,null,null,null,null,null,null,null,null,null,null,null,null,1369,null,null,null,null,null,null,null,null,null,null,null,1372,null,null,null,null,1375,null,637]"
29955,Copie de 32-2021-01-27-010,2021-01-27,2023-04-21,abroge,,"[""32"",""65""]",https://regleau.s3.gra.perf.cloud.ovh.net//arrete-cadre/29955/AIP_PASech_NRG_Signe_20210127.pdf,"[9347,9316,9352,9342,9327,9317,4562,9314,9315,9320,9334,9310,9318,4002,9350,9309,9311,9339,9332,9323,9307,9349,9312,9330,9329,9322,9328,9341,9325,9335,9340,9324,9353,9321,9326,9351,9346,9336,9348,9308]","[""SUP"",""SUP"",""SUP"",""SUP"",""SUP"",""SUP"",""SOU"",""SUP"",""SUP"",""SUP"",""SUP"",""SUP"",""SUP"",""SUP"",""SUP"",""SUP"",""SUP"",""SUP"",""SUP"",""SUP"",""SUP"",""SUP"",""SUP"",""SUP"",""SUP"",""SUP"",""SUP"",""SUP"",""SUP"",""SUP"",""SUP"",""SUP"",""SUP"",""SUP"",""SUP"",""SUP"",""SUP"",""SUP"",""SUP"",""SUP""]","[""73_32_4"",""73_32_11"",""73_32_8"",""73_32_35"",""73_32_21"",""73_32_12"",""73_32_01"",""73_32_1"",""73_32_10"",""73_32_15"",""73_32_28"",""73_32_004"",""73_32_13"",""73_65_06"",""73_32_6"",""73_32_003"",""73_32_005"",""73_32_32"",""73_32_26"",""73_32_18"",""73_32_001"",""73_32_5"",""73_32_006"",""73_32_24"",""73_32_23"",""73_32_17"",""73_32_22"",""73_32_34"",""73_32_2"",""73_32_29"",""73_32_33"",""73_32_19"",""73_32_9"",""73_32_16"",""73_32_20"",""73_32_7"",""73_32_39"",""73_32_3"",""73_32_40"",""73_32_002""]","[""Bassin versant de la Marcaoue non réalimenté"",""Bassin versant de la Guiroue non réalimenté"",""Bassin versant des Auvignons non réalimenté"",""Rivière L'Aussoue réalimenté"",""Rivière Le Gers réalimenté"",""Bassin versant de l'Auzoue non réalimenté"",""zone non couverte par l'arrêté cadre"",""Bassin versant de l'Auroue non réalimenté"",""Bassin versant de la Baïse non réalimenté"",""Bassin versant du Boues non réalimenté"",""Rivière L'Arrats réalimenté"",""Bassin versant Ayroux - Sère non réalimenté"",""Bassin versant de la Gélise non réalimenté"",""BV du système alimenté par le canal de la Neste"",""Bassin versant de l'Arrats non réalimenté"",""Bassin versant de l'Aussonnelle non réalimenté"",""Bassin versant de Garonne de l'Aussonnelle à la Barguelonne non réalimenté"",""Rivière Guiroue aval baradee réalimenté"",""Rivière la Save - Gesse réalimenté"",""Rivière La Gélise réalimenté"",""Bassin versant Touch non réalimenté"",""Bassin versant de la Gimone non réalimenté"",""Bassin versant de Garonne de la Barguelonne au Dropt non réalimenté"",""Rivière La Gimone réalimenté"",""Rivière la Baise réalimenté"",""Bassin versant de l'Arros non réalimenté"",""Rivière L'Auzoue réalimenté"",""Rivière La Marcaoue réalimenté"",""Bassin versant de l'Aussoue non réalimenté"",""Rivière Le Bouès réalimenté"",""Rivière L'Auloue réalimenté"",""Rivière L'Arros réalimenté"",""Bassin versant de l'Auloue non réalimenté"",""Bassin versant de l'Osse non réalimenté"",""Rivière du Garaillon Auvignon réalimenté"",""Bassin versant du Gers non réalimenté"",""Rivière de l'Osse amont Lizet réalimenté"",""Bassin versant de la Save non réalimenté"",""Rivière de l'Osse aval Lizet réalimenté"",""Bassin versant du Touch non réalimenté""]",14
29865,32-2021-01-27-010,2021-01-27,2022-06-27,abroge,,"[""32"",""65""]",https://regleau.s3.gra.perf.cloud.ovh.net//arrete-cadre/29865/AIP_PASech_NRG_Signe_20210127.pdf,"[4562,4002]","[""SOU"",""SUP""]","[""73_32_01"",""73_65_06""]","[""zone non couverte par l'arrêté cadre"",""BV du système alimenté par le canal de la Neste""]",14
29746,63-20210587,2021-03-31,2023-07-12,abroge,,63,https://regleau.s3.gra.perf.cloud.ovh.net//arrete-cadre/29746/ARRETE_Cadre_secheresse_63_20210587.pdf,"[4588,8182,8177,8185,8184,8183,8176,8179,8175,8180,8186,8178,8181]","[""SOU"",""SUP"",""SUP"",""SUP"",""SUP"",""SUP"",""SUP"",""SUP"",""SUP"",""SUP"",""SUP"",""SUP"",""SUP""]","[""83_63_01"",""84_63_5"",""84_63_11"",""84_63_8"",""84_63_7"",""84_63_6"",""84_63_10"",""84_63_2"",""84_63_1"",""84_63_3"",""84_63_9"",""84_63_12"",""84_63_4""]","[""zone non couverte par l'arrêté cadre"",""Allier rive gauche amont"",""Ance"",""Dore"",""Sioule"",""Allier rive droite"",""Dordogne amont"",""Allier aval"",""Axe Allier"",""Morge"",""Cher amont"",""Alagnon"",""Allier rive gauche moyen""]",
29819,DDT63_ACtransitoire_001,2021-03-31,2023-07-12,abroge,,63,https://regleau.s3.gra.perf.cloud.ovh.net//arrete-cadre/29819/ARRETE_Cadre_secheresse_63_20210587.pdf,"[8186,8182,8176,8184,8179,8185,8177,8175,8180,8183,8181,8178,4588]","[""SUP"",""SUP"",""SUP"",""SUP"",""SUP"",""SUP"",""SUP"",""SUP"",""SUP"",""SUP"",""SUP"",""SUP"",""SOU""]","[""84_63_9"",""84_63_5"",""84_63_10"",""84_63_7"",""84_63_2"",""84_63_8"",""84_63_11"",""84_63_1"",""84_63_3"",""84_63_6"",""84_63_4"",""84_63_12"",""83_63_01""]","[""Cher amont"",""Allier rive gauche amont"",""Dordogne amont"",""Sioule"",""Allier aval"",""Dore"",""Ance"",""Axe Allier"",""Morge"",""Allier rive droite"",""Allier rive gauche moyen"",""Alagnon"",""zone non couverte par l'arrêté cadre""]",
29906,2022_DDT79_APC_SEVRE_NANTAISE,2021-04-01,2022-07-05,abroge,,79,https://regleau.s3.gra.perf.cloud.ovh.net//arrete-cadre/29906/AC_SNa_complet_20210617_signe.pdf,"[9439,9416]","[""SOU"",""SUP""]","[""75_79_SNaSou"",""75_79_SNaSup""]","[""Sèvre Nantaise - eaux souterraines"",""Sèvre Nantaise - eaux superficielles""]","[1271,1258]"
29073,20210587,2021-04-01,null,publie,,,,,,,,
29047,AC-IsleDronne-AP-1620200324017,2021-04-01,2021-10-31,abroge,,,,,,,,
29272,26-2021-04-20-00004,2021-04-20,null,publie,,,,,,,,
29957,26-2021-04-20-00004*,2021-04-20,2023-04-06,abroge,,26,https://regleau.s3.gra.perf.cloud.ovh.net//arrete-cadre/29957/AC%20Secheresse_Drome_2021.pdf,"[9585,9577,9568,9580,9567,9581,9565,9578,9579,9569,9566,9574,9573,9586]","[""SOU"",""SOU"",""SUP"",""SOU"",""SUP"",""SOU"",""SUP"",""SOU"",""SOU"",""SUP"",""SUP"",""SUP"",""SUP"",""SOU""]","[""84_26_0011"",""84_26_0003"",""84_26_0006"",""84_26_0006"",""84_26_0005"",""84_26_0007"",""84_26_0003"",""84_26_0004"",""84_26_0005"",""84_26_0007"",""84_26_0004"",""84_26_0012"",""84_26_0011"",""84_26_0012""]","[""MEOUGE"",""PLAINE DE VALENCE"",""ROUBION - JABRON"",""ROUBION - JABRON"",""DROME"",""BERRE"",""PLAINE DE - VALENCE"",""ROYANS-VERCORS"",""DROME"",""BERRE"",""ROYANS-VERCORS"",""PLAINE AVAL - DU RHONE"",""MEOUGE"",""PLAINE AVAL DU RHONE""]",
30060,Copie de 26-2021-04-20-00004,2021-04-20,2023-04-06,abroge,,26,https://regleau.s3.gra.perf.cloud.ovh.net//arrete-cadre/30060/AC%20Secheresse_Drome_2021_et_annexes.pdf,"[9568,9581,9577,9566,9573,9580,9585,9565,9586,9574,9579,9569,9578,9567]","[""SUP"",""SOU"",""SOU"",""SUP"",""SUP"",""SOU"",""SOU"",""SUP"",""SOU"",""SUP"",""SOU"",""SUP"",""SOU"",""SUP""]","[""84_26_0006"",""84_26_0007"",""84_26_0003"",""84_26_0004"",""84_26_0011"",""84_26_0006"",""84_26_0011"",""84_26_0003"",""84_26_0012"",""84_26_0012"",""84_26_0005"",""84_26_0007"",""84_26_0004"",""84_26_0005""]","[""ROUBION - JABRON"",""BERRE"",""PLAINE DE VALENCE"",""ROYANS-VERCORS"",""MEOUGE"",""ROUBION - JABRON"",""MEOUGE"",""PLAINE DE - VALENCE"",""PLAINE AVAL DU RHONE"",""PLAINE AVAL - DU RHONE"",""DROME"",""BERRE"",""ROYANS-VERCORS"",""DROME""]",
30072,26-2021-04-20-00004**,2021-04-20,2023-04-30,abroge,,26,https://regleau.s3.gra.perf.cloud.ovh.net//arrete-cadre/30072/AC%20Secheresse_Drome_2021_et_annexes.pdf,"[10467,10465,10436,10464,10463,10439,10471,10437,10466,10444,10440,10438]","[""SOU"",""SOU"",""SUP"",""SOU"",""SOU"",""SUP"",""SOU"",""SUP"",""SOU"",""SUP"",""SUP"",""SUP""]","[""84_26_0018"",""84_26_0016"",""84_26_0003"",""84_26_0015"",""84_26_0014"",""84_26_0006"",""84_26_0022"",""84_26_0004"",""84_26_0017"",""84_26_0011"",""84_26_0007"",""84_26_0005""]","[""Berre"",""Bassin de la Drôme"",""Plaine de Valence"",""Royans-Vercors"",""Plaine de Valence"",""Roubion-Jabron"",""Méouge"",""Royans-Vercors"",""Roubion-Jabron"",""Méouge"",""Berre"",""Bassin de la Drôme""]","[1873,78,1780,1872,1787,77,1875,1854,79,1855,395,677]"
29723,26-2021-04-20-00004,2021-04-20,2023-04-06,abroge,,26,https://regleau.s3.gra.perf.cloud.ovh.net//arrete-cadre/29723/AC%20Secheresse_Drome_2021.pdf,"[9389,9396,9376,9385,9390,9377,9378,9380,9391,9379,9384,9397,9388]","[""SOU"",""SOU"",""SUP"",""SUP"",""SOU"",""SUP"",""SUP"",""SUP"",""SOU"",""SUP"",""SUP"",""SOU"",""SOU""]","[""84_26_0004"",""84_26_0011"",""84_26_0003"",""84_26_0012"",""84_26_0005"",""84_26_0004"",""84_26_0005"",""84_26_0007"",""84_26_0006"",""84_26_0006"",""84_26_0011"",""84_26_0012"",""84_26_0003""]","[""ROYANS-VERCORS"",""MEOUGE"",""PLAINE DE - VALENCE"",""PLAINE AVAL - DU RHONE"",""DROME"",""ROYANS-VERCORS"",""DROME"",""BERRE"",""ROUBION - JABRON"",""ROUBION - JABRON"",""MEOUGE"",""PLAINE AVAL DU RHONE"",""PLAINE DE VALENCE""]",
29274,26-2021-05-05-00003,2021-05-05,null,publie,,,,,,,,
29120,64-2021-05-17-00023,2021-05-17,null,publie,,,,,,,,
29123,64-2021-05-17-00026,2021-05-17,null,publie,,,,,,,,
29119,64-2021-05-17-00022,2021-05-17,null,publie,,,,,,,,
29121,64-2021-05-17-00024,2021-05-17,null,publie,,,,,,,,
29117,2021-05-124,2021-05-17,null,publie,,,,,,,,
29122,64-2021-05-17-00025,2021-05-17,null,publie,,,,,,,,
29125,64-2021-05-17-00028,2021-05-17,null,publie,,,,,,,,
29124,64-2021-05-17-00027,2021-05-17,null,publie,,,,,,,,
29717,26-2021-05-05-0003 et 38-2021-05-18-00006,2021-05-18,2023-04-06,abroge,,"[""38"",""26""]",https://regleau.s3.gra.perf.cloud.ovh.net/arrete-cadre/29717/AP_26-05-05-00003_38-2021-05-18-0006_S%C3%A9cheresse_GalaureDrromeCollines_et-annexes-sign%C3%A9.pdf,"[9500,9564,9487,9576]","[""SOU"",""SUP"",""SUP"",""SOU""]","[""84_38_0002"",""84_26_0002"",""84_38_0002"",""84_26_0002""]","[""Nappes de Galaure et Drôme des Collines"",""GALAURE - DROME DES COLLINES"",""Galaure et Drôme des Collines"",""GALAURE - DROME DES COLLINES""]",
30073,26-2021-05-05-0003 et 38-2021-05-18-00006**,2021-05-18,2023-04-30,abroge,,"[""38"",""26""]",https://regleau.s3.gra.perf.cloud.ovh.net/arrete-cadre/30073/AP_26-05-05-00003_38-2021-05-18-0006_S%C3%A9cheresse_GalaureDrromeCollines_et-annexes-sign%C3%A9.pdf,"[9487,10435,10462,9500]","[""SUP"",""SUP"",""SOU"",""SOU""]","[""84_38_0002"",""84_26_0002"",""84_26_0013"",""84_38_0002""]","[""Galaure et Drôme des Collines"",""Galaure - Drôme des Collines"",""Galaure - Drôme des Collines"",""Nappes de Galaure et Drôme des Collines""]","[null,1779,1786,null]"
29779,47-2021-05-20-00004,2021-05-20,2023-05-31,abroge,,47,https://regleau.s3.gra.perf.cloud.ovh.net//arrete-cadre/29779/AP_210521_cadre_secheresse_47-num.pdf,"[7782,7785,7792,7787,7823,7820,7781,7796,7788,7776,7800,7777,7816,7783,7789,7784,7806,7813,7791,7797,7824,7778,7804,7809,7798,7803,7814,7802,7811,7801,7808,7793,7817,7794,7807,7815,7779,7818,7822,7805,7790,7812,7795,7780,7819,7821,7799,7786,7810]","[""SUP"",""SUP"",""SUP"",""SUP"",""SUP"",""SUP"",""SUP"",""SUP"",""SUP"",""SUP"",""SUP"",""SUP"",""SUP"",""SUP"",""SUP"",""SUP"",""SUP"",""SUP"",""SUP"",""SUP"",""SUP"",""SUP"",""SUP"",""SUP"",""SUP"",""SUP"",""SUP"",""SUP"",""SUP"",""SUP"",""SUP"",""SUP"",""SUP"",""SUP"",""SUP"",""SUP"",""SUP"",""SUP"",""SUP"",""SUP"",""SUP"",""SUP"",""SUP"",""SUP"",""SUP"",""SUP"",""SUP"",""SUP"",""SUP""]","[""72_47_15"",""72_47_18"",""72_47_24"",""72_47_2"",""72_47_8"",""72_47_50"",""72_47_14"",""72_47_28"",""72_47_20"",""72_47_1"",""72_47_31"",""72_47_10"",""72_47_47"",""72_47_16"",""72_47_21"",""72_47_17"",""72_47_38"",""72_47_44"",""72_47_23"",""72_47_29"",""72_47_9"",""72_47_11"",""72_47_35"",""72_47_40"",""72_47_3"",""72_47_34"",""72_47_45"",""72_47_33"",""72_47_42"",""72_47_32"",""72_47_4"",""72_47_25"",""72_47_48"",""72_47_26"",""72_47_39"",""72_47_46"",""72_47_12"",""72_47_49"",""72_47_7"",""72_47_36"",""72_47_22"",""72_47_43"",""72_47_27"",""72_47_13"",""72_47_5"",""72_47_6"",""72_47_30"",""72_47_19"",""72_47_41""]","[""L'Auzoue réalimenté"",""Le Lot"",""Unité Dropt"",""canal latéral à la Garonne"",""Le Boudouyssou réalimenté"",""Unité Auzoue"",""L'Osse réalimenté"",""Unité Boudouyssou Tancanne"",""Dropt amont du Lescourrou"",""Unité Dordogne"",""Unité Tareyre"",""Le Bourbon réalimenté"",""Unité Garonne amont"",""La Baïse réalimentée"",""La Dourdenne"",""L'Auvignon réalimenté"",""Unité Gupie"",""Unité Garonne aval"",""Garonne en aval de la confluence avec Le Lot"",""Unité Lémance"",""Le Roubillou réalimenté"",""La Masse d'Agen réalimentée"",""Unité Baïse"",""Unité Masse d'Agen"",""La Lède réalimentée"",""Unité Bourbon"",""Unité Lot"",""Unité Tolzac"",""Unité Gélise"",""Unité Auroue"",""La Lémance réalimentée"",""Unité Masse de Prayssas"",""Unité Avance"",""Unité Gers"",""Unité Lède"",""Unité Ourbise"",""La Séoune réalimentée"",""Unité Ciron"",""La Masse de Pujols réalimentée"",""Unité Thèze"",""Garonne en amont de la confluence avec Le Lot"",""Unité Séoune"",""Unité Osse"",""Le Gers réalimenté"",""Le Tolzac réalimenté"",""Le Salabert réalimenté"",""Unité Lisos"",""Dropt aval du Lescourrou"",""Unité Auvignon""]",
30169,Yonne DDT/SEE/2021/0030,2021-05-27,2021-05-27,abroge,,89,https://regleau.s3.gra.perf.cloud.ovh.net/arrete-cadre/30169/AP_plan_secheresse_Yonne_2021.pdf,"[11877,11875,11867,11863,11869,11872,11871,11874,11866,11868,11876,11865,11873,11870,11864]","[""SUP"",""SUP"",""SUP"",""SUP"",""SUP"",""SUP"",""SUP"",""SUP"",""SUP"",""SUP"",""SUP"",""SUP"",""SUP"",""SUP"",""SUP""]","[""27_89_0015"",""27_89_0013"",""27_89_0005"",""27_89_0001"",""27_89_0007"",""27_89_0010"",""27_89_0009"",""27_89_0012"",""27_89_0004"",""27_89_0006"",""27_89_0014"",""27_89_0003"",""27_89_0011"",""27_89_0008"",""27_89_0002""]","[""Bassin du Loing"",""Bassin de l' Aval Armançon"",""Bassin de l' Amont Armançon"",""Bassin du Cousin"",""Bassin Yonne Moyenne"",""Loire"",""Bassin de la Cure"",""Seine"",""Bassin du Serein"",""Bassin Yonne Aval"",""Bassin des petits cours d'eau Nord"",""Seine Est"",""Bassin de l'Ouanne"",""Bassin du Tholon-Ravillon-Vrin-Ocques"",""Bassin de la Vanne""]","[1018,1016,1009,1005,1011,1003,1013,1015,1008,1010,1017,1007,1014,1012,1006]"
29807,DDT/SEE/2021/0030,2021-05-27,2023-06-16,abroge,,89,https://regleau.s3.gra.perf.cloud.ovh.net/arrete-cadre/29807/AP_plan_secheresse_Yonne_2021.pdf,"[8289,8291,8286,8283,8284,8288,8285,8287,8294,8281,8290,8282,8293,8292]","[""SUP"",""SUP"",""SUP"",""SUP"",""SUP"",""SUP"",""SUP"",""SUP"",""SUP"",""SUP"",""SUP"",""SUP"",""SUP"",""SUP""]","[""26_89_0009"",""26_89_0011"",""26_89_0006"",""26_89_0003"",""26_89_0004"",""26_89_0008"",""26_89_0005"",""26_89_0007"",""26_89_0014"",""26_89_0001"",""26_89_0010"",""26_89_0002"",""26_89_0013"",""26_89_0012""]","[""Bassin de la Cure"",""Bassin du Loing-Ouanne"",""Bassin Yonne Aval"",""Seine Est"",""Bassin du Serein"",""Bassin du Tholon-Ravillon-Vrin-Ocques"",""Bassin de l' Amont Armançon"",""Bassin Yonne Amont"",""Bassin des petits cours d'eau Nord"",""Bassin du Cousin"",""Loire"",""Bassin de la Vanne"",""Bassin de l' Aval Armançon"",""Seine""]",
30440,Yonne DDT/SEE/2021/0030,2021-05-27,2025-04-16,abroge,,89,https://regleau.s3.gra.perf.cloud.ovh.net/arrete-cadre/30440/AP_plan_secheresse_Yonne_2021_compresse.pdf,"[15542,15544,15538,15536,15531,15537,15534,15530,15539,15533,15540,15543,15541,15535,15532]","[""SUP"",""SUP"",""SUP"",""SUP"",""SUP"",""SUP"",""SUP"",""SUP"",""SUP"",""SUP"",""SUP"",""SUP"",""SUP"",""SUP"",""SUP""]","[""26_89_0008"",""26_89_0007"",""26_89_0006"",""26_89_0005"",""26_89_0004"",""26_89_0003"",""26_89_0002"","""",""26_89_0014"",""26_89_0001"",""26_89_0013"",""26_89_0015"",""26_89_0012"",""26_89_0011"",""26_89_0009""]","[""Zone de gestion Tholon-Ravillon-Vrin-d''''Ocques"",""Zone de gestion Yonne Moyenne"",""Zone de gestion Yonne Aval"",""Zone de gestion Armançon Amont"",""Zone de gestion Serein"",""Zone de gestion Seine Est"",""Zone de gestion Vanne"",""Zone de gestion Loire"",""Zone de gestion Nord Yonne"",""Zone de gestion Cousin"",""Zone de gestion Armançon Aval"",""Zone de gestion Loing"",""Zone de gestion Seine"",""Zone de gestion Ouanne"",""Zone de gestion Cure""]","[2806,2808,2802,2800,2795,2801,2798,2794,2803,2797,2804,2807,2805,2799,2796]"
29771,DDT02/ENV/PPE/2022/002,2021-06-08,2022-07-31,abroge,,02,https://regleau.s3.gra.perf.cloud.ovh.net//arrete-cadre/29771/DDT02-202106-05-D-D-AP_8_JUIN_2021%281%29.pdf,"[10099,10092,10097,10095,10094,10101,10093,10102,10096,10098,10100]","[""SUP"",""SUP"",""SUP"",""SUP"",""SUP"",""SUP"",""SUP"",""SUP"",""SUP"",""SUP"",""SUP""]","[""32_02_0008"",""32_02_0001"",""32_02_0006"",""32_02_0004"",""32_02_0003"",""32_02_0010"",""32_02_0002"",""32_02_0011"",""32_02_0005"",""32_02_0007"",""32_02_0009""]","[""bassin de la Marne"",""bassin de l'Ourcq"",""bassin de l'Oise Moyenne et Ailette"",""bassin de l'Aisne aval"",""bassin de l'Automne"",""bassin de la Somme"",""bassin du Petit Morin"",""bassin de l'Escaut"",""bassin de la Serre"",""bassin de l'Aisne Vesle Suippe"",""bassin de l'Oise Amont et Sambre""]",
30015,2022_03,2021-06-10,2023-06-27,abroge,,14,https://regleau.s3.gra.perf.cloud.ovh.net//arrete-cadre/30015/2021_06_10%20AP%20s%C3%A9cheresse.pdf,"[9963,10053,10049,9964,10050,9962,10048,9965,9966,10051,10052]","[""SOU"",""SUP"",""SUP"",""SOU"",""SUP"",""SOU"",""SUP"",""SOU"",""SOU"",""SUP"",""SUP""]","[""28_14_0102"",""28_14_0006"",""28_14_0002"",""28_14_0103"",""28_14_0003"",""28_14_0101"",""28_14_0001"",""28_14_0104"",""28_14_0105"",""28_14_0004"",""28_14_0005""]","[""NAPPE DU TRIAS"",""TOUQUES"",""VIRE AMONT"",""NAPPE DU CÉNOMANIEN"",""SEULLES"",""NAPPE DU BAJOCIEN ET BATHONIEN"",""AURE"",""NAPPE DU SOCLE"",""NAPPE DU BATHONIEN"",""ORNE"",""DIVES""]",
30006,2022_02,2021-06-10,2023-06-27,abroge,,14,https://regleau.s3.gra.perf.cloud.ovh.net//arrete-cadre/30006/2021_06_10%20AP%20s%C3%A9cheresse.pdf,"[9777,9772,9775,9773,9966,9774,9965,9776,9962,9963,9964]","[""SUP"",""SUP"",""SUP"",""SUP"",""SOU"",""SUP"",""SOU"",""SUP"",""SOU"",""SOU"",""SOU""]","[""28_14_0006"",""28_14_0001"",""28_14_0004"",""28_14_0002"",""28_14_0105"",""28_14_0003"",""28_14_0104"",""28_14_0005"",""28_14_0101"",""28_14_0102"",""28_14_0103""]","[""TOUQUES"",""AURE"",""ORNE"",""VIRE AMONT"",""NAPPE DU BATHONIEN"",""SEULLES"",""NAPPE DU SOCLE"",""DIVES"",""NAPPE DU BAJOCIEN ET BATHONIEN"",""NAPPE DU TRIAS"",""NAPPE DU CÉNOMANIEN""]",
29714,Calvados,2021-06-10,2023-06-27,abroge,,14,https://regleau.s3.gra.perf.cloud.ovh.net//arrete-cadre/29714/2021_06_10%20AP%20s%C3%A9cheresse.pdf,"[5784,4556,5785,5782,5781,5783,5786]","[""SUP"",""SOU"",""SUP"",""SUP"",""SUP"",""SUP"",""SUP""]","[""25_14_04"",""25_14_01"",""25_14_05"",""25_14_02"",""25_14_01"",""25_14_03"",""25_14_06""]","[""Orne"",""zone non couverte par l'arrêté cadre"",""Dives"",""Vire Amont"",""Aure"",""Seulles"",""Touques""]",
29351,35-2021-06-11-00012,2021-06-11,null,publie,,,,,,,,
29736,35-2021-06-11-00013,2021-06-11,2023-07-17,abroge,,35,https://regleau.s3.gra.perf.cloud.ovh.net/arrete-cadre/29736/Arrete-cadre-secheresse-35_20210611_RAA35-2021-101_signe.pdf,"[8497,8494,8492,8493,8496,8491,8495]","[""SUP"",""SUP"",""SUP"",""SUP"",""SUP"",""SUP"",""SUP""]","[""53_35_7"",""53_35_4"",""53_35_2"",""53_35_3"",""53_35_6"",""53_35_1"",""53_35_5""]","[""Secteur milieux aquatiques 7 - Bassin de la Chère"",""Secteur milieux aquatiques 4 - Bassin de la Vilaine en amont de Rennes"",""Secteur milieux aquatiques 2 - Bassin du Couesnon"",""Secteur milieux aquatiques 3 - Bassin de la Vilaine Nord-Meu"",""Secteur milieux aquatiques 6 - Bassin de l'Aff"",""Secteur milieux aquatiques 1 - Bassin Côtier"",""Secteur milieux aquatiques 5 - Bassin de la rive gauche de la Vilaine""]",
29817,Ille-et-Vilaine 35-2021-06-11-00013,2021-06-11,2023-07-27,abroge,,35,https://regleau.s3.gra.perf.cloud.ovh.net/arrete-cadre/29817/Arrete-cadre-secheresse-35_20210611_RAA35-2021-101_signe.pdf,"[8495,8493,8496,8494,8497,8492,8491]","[""SUP"",""SUP"",""SUP"",""SUP"",""SUP"",""SUP"",""SUP""]","[""53_35_5"",""53_35_3"",""53_35_6"",""53_35_4"",""53_35_7"",""53_35_2"",""53_35_1""]","[""Secteur milieux aquatiques 5 - Bassin de la rive gauche de la Vilaine"",""Secteur milieux aquatiques 3 - Bassin de la Vilaine Nord-Meu"",""Secteur milieux aquatiques 6 - Bassin de l'Aff"",""Secteur milieux aquatiques 4 - Bassin de la Vilaine en amont de Rennes"",""Secteur milieux aquatiques 7 - Bassin de la Chère"",""Secteur milieux aquatiques 2 - Bassin du Couesnon"",""Secteur milieux aquatiques 1 - Bassin Côtier""]",
30001,Copie de 19_2021_06_14_00003,2021-06-14,2023-06-23,abroge,,19,https://regleau.s3.gra.perf.cloud.ovh.net//arrete-cadre/30001/Arrete_cadre_secheresse_2021_06_14.pdf,"[16689,16708,9485,9472,9476,16690,16688,9481,9471,9480,16686,16709,16702,16706,16685,16703]","[""SUP"",""SUP"",""SOU"",""SUP"",""SUP"",""SUP"",""SOU"",""SOU"",""SUP"",""SOU"",""SOU"",""SOU"",""SUP"",""SUP"",""SOU"",""SOU""]","[""75_19_000001"",""75_19_000003"",""75_19_000009"",""75_19_000005"",""75_19_000009"","""","""",""75_19_000005"",""75_19_000004"",""75_19_000004"",""75_19_000007"",""75_19_000003"",""75_19_000007"",""75_19_000002"",""75_19_000002"",""75_19_000001""]","[""zone Auvézère (19)"",""zone Corrèze aval"",""zone Xaintrie"",""zone Dordogne aval"",""zone Xaintrie"",""zone Vienne amont (19)"",""zone Vienne amont (19)"",""zone Dordogne aval"",""zone Dordogne amont"",""zone Dordogne amont"",""zone Vézère cristalline amont (19)"",""zone Corrèze aval"",""zone Vézère cristalline amont (19)"",""zone Corrèze amont"",""zone Corrèze amont"",""zone Auvézère (19)""]","[3911,3930,null,null,null,3914,3913,null,null,null,3908,3931,3925,3928,3912,3904]"
29724,19_2021_06_14_00003,2021-06-14,2023-07-12,abroge,,19,https://regleau.s3.gra.perf.cloud.ovh.net//arrete-cadre/29724/Arrete_cadre_secheresse_2021_06_14.pdf,"[7873,4603,7866,7872,7869,7871,7870,7867,7865,7868]","[""SUP"",""SOU"",""SUP"",""SUP"",""SUP"",""SUP"",""SUP"",""SUP"",""SUP"",""SUP""]","[""75_19_000009"",""74_19_01"",""75_19_000002"",""75_19_000008"",""75_19_000005"",""75_19_000007"",""75_19_000006"",""75_19_000003"",""75_19_000001"",""75_19_000004""]","[""zone Vienne"",""zone non couverte par l'arrêté cadre"",""zone Corrèze amont"",""zone Vézère aval"",""zone Dordogne aval"",""zone Vézère amont"",""zone Dordogne aval rive gauche (Xaintrie)"",""zone Corrèze aval"",""zone Auvézère"",""zone Dordogne amont""]",
29836,58-2021-06-15-00011,2021-06-15,2021-12-15,abroge,,58,https://regleau.s3.gra.perf.cloud.ovh.net//arrete-cadre/29836/APcadresecheresse21.pdf,,,,,
29958,DDT_ 58-2021-06-15-00011,2021-06-15,2022-08-03,abroge,,58,https://regleau.s3.gra.perf.cloud.ovh.net//arrete-cadre/29958/APcadresecheresse21.pdf,"[6083,6073,6074,6081,6072,6077,6080,6071,6076,6069,4574,6082,6084,6078,6075,6070,6079]","[""SUP"",""SUP"",""SUP"",""SUP"",""SUP"",""SUP"",""SUP"",""SUP"",""SUP"",""SUP"",""SOU"",""SUP"",""SUP"",""SUP"",""SUP"",""SUP"",""SUP""]","[""26_58_260"",""26_58_037"",""26_58_058"",""26_58_225"",""26_58_015"",""26_58_065"",""26_58_145"",""26_58_014"",""26_58_063"",""26_58_012"",""26_58_01"",""26_58_238"",""26_58_291"",""26_58_109"",""26_58_059"",""26_58_013"",""26_58_131""]","[""bassin de l'ACOLIN_COLATRE"",""bassin du CHALAUX_CURE"",""bassin du SAUZAY"",""bassin de l'ALLIER"",""bassin du BEUVRON"",""bassin de l'ARON vallée"",""bassin de l'YONNE aval"",""bassin de la DRAGNE"",""bassin de l'YONNE amont"",""bassin de la VRILLE"",""zone non couverte par l'arrêté cadre"",""bassin de la LOIRE amont"",""bassin del' IXEURE_CANNE"",""bassin du NOHAIN_MAZOU"",""bassin de la  LOIRE aval"",""bassin de l'ALENE_CRESSONNE"",""bassin de la NIEVRE""]","[185,187,188,1137,186,1121,190,1119,189,1115,894,1140,1148,1124,1120,1116,1136]"
30039,58-2021-06-15-00011,2021-06-15,2023-05-29,abroge,,58,https://regleau.s3.gra.perf.cloud.ovh.net//arrete-cadre/30039/APcadresecheresse21.pdf,"[4574,6072,6071,6078,6079,6069,6075,6073,6070,6084,6081,6082,6074,6080,6083,6076,6077]","[""SOU"",""SUP"",""SUP"",""SUP"",""SUP"",""SUP"",""SUP"",""SUP"",""SUP"",""SUP"",""SUP"",""SUP"",""SUP"",""SUP"",""SUP"",""SUP"",""SUP""]","[""26_58_01"",""26_58_015"",""26_58_014"",""26_58_109"",""26_58_131"",""26_58_012"",""26_58_059"",""26_58_037"",""26_58_013"",""26_58_291"",""26_58_225"",""26_58_238"",""26_58_058"",""26_58_145"",""26_58_260"",""26_58_063"",""26_58_065""]","[""zone non couverte par l'arrêté cadre"",""bassin du BEUVRON"",""bassin de la DRAGNE"",""bassin du NOHAIN_MAZOU"",""bassin de la NIEVRE"",""bassin de la VRILLE"",""bassin de la  LOIRE aval"",""bassin du CHALAUX_CURE"",""bassin de l'ALENE_CRESSONNE"",""bassin del' IXEURE_CANNE"",""bassin de l'ALLIER"",""bassin de la LOIRE amont"",""bassin du SAUZAY"",""bassin de l'YONNE aval"",""bassin de l'ACOLIN_COLATRE"",""bassin de l'YONNE amont"",""bassin de l'ARON vallée""]","[894,186,1119,1124,1136,1115,1120,187,1116,1148,1137,1140,188,190,185,189,1121]"
29190,07-2021-06-17-00007,2021-06-17,null,publie,,,,,,,,
29776,AC_SNa_ 17 juin 2021,2021-06-17,2023-06-19,abroge,,44,https://regleau.s3.gra.perf.cloud.ovh.net//arrete-cadre/29776/AC_SNa_signe_20210617.pdf,"[8485,8487,8486,8484]","[""SUP"",""SUP"",""SUP"",""SUP""]","[""52_44_4b"",""52_44_4d"",""52_44_4c"",""52_44_4a""]","[""Bassin de la Moine"",""Bassin de la Maine"",""Bassin de la Sanguèze"",""Bassin de la Sèvre Nantaise""]",
30145,Copie de 85_AP_ACIS_SEVRE_NANTAISE,2021-06-17,2023-08-21,abroge,,85,https://regleau.s3.gra.perf.cloud.ovh.net//arrete-cadre/30145/AC_SevreNantaise_2021.pdf,"[10569,10570,10589]","[""SUP"",""SUP"",""SOU""]","[""52_85_000001"",""52_85_000002"",""52_85_0006""]","[""Sèvre Nantaise"",""Maines"",""Nappe de la Sèvre Nantaise""]","[441,442,474]"
30000,07-AC3_transitoire_2021-06-17-00007,2021-06-17,2023-06-05,abroge,,07,https://regleau.s3.gra.perf.cloud.ovh.net//arrete-cadre/30000/20210617_AP_cadre_def_sign_manu.pdf,"[9446,9452,9447,9449,9444,9448,9445,9451,9450]","[""SUP"",""SUP"",""SUP"",""SUP"",""SUP"",""SUP"",""SUP"",""SUP"",""SUP""]","[""85_07_3"",""85_07_9"",""85_07_4"",""85_07_6"",""85_07_1"",""85_07_5"",""85_07_2"",""85_07_8"",""85_07_7""]","[""Beaume-Chassezac"",""Ouvèze"",""Cance"",""Doux"",""Allier"",""Cèze"",""Ardèche"",""Loire"",""Eyrieux""]","[1838,1843,1839,1841,1276,1840,1837,1277,1842]"
29990,DDT79_APC_SEVRE_NANTAISE,2021-06-17,2022-04-01,abroge,,79,https://regleau.s3.gra.perf.cloud.ovh.net//arrete-cadre/29990/AC_SNa_complet_20210617_signe.pdf,"[9439,9416,9408]","[""SOU"",""SUP"",""SUP""]","[""75_79_SNaSou"",""75_79_SNaSup"",""75_79_MoiSup""]","[""Sèvre Nantaise - eaux souterraines"",""Sèvre Nantaise - eaux superficielles"",""Moine - eaux superficielles""]","[1271,1258,519]"
29928,85_AP_ACIS_SEVRE_NANTAISE,2021-06-17,2023-06-19,abroge,,85,https://regleau.s3.gra.perf.cloud.ovh.net//arrete-cadre/29928/AC_SevreNantaise_2021.pdf,"[7648,7649]","[""SUP"",""SUP""]","[""52_85_000001"",""52_85_000002""]","[""Sèvre Nantaise"",""Maines""]",
29999,07-AC2_transitoire_2021-06-17-00007,2021-06-17,2023-06-06,abroge,,07,https://regleau.s3.gra.perf.cloud.ovh.net//arrete-cadre/29999/20210617_AP_cadre_def_sign_manu.pdf,4585,SOU,82_07_01,zone non couverte par l'arrêté cadre,1832
29721,07-2021-06-17-00007,2021-06-18,2023-06-06,abroge,,07,https://regleau.s3.gra.perf.cloud.ovh.net//arrete-cadre/29721/20210617_AP_cadre_def_sign_manu.pdf,,,,,
29226,AP_2015-137_2017-233,2021-07-06,null,publie,,,,,,,,
29241,2021-DDT-SE-278,2021-07-09,null,publie,,,,,,,,
29793,2021-0501,2021-07-12,2022-06-01,abroge,,73,https://regleau.s3.gra.perf.cloud.ovh.net//arrete-cadre/29793/APC73_secheresse_vf_signe_12-07-21.pdf,"[7729,7724,7725,7726,7727,7730,4620,7728]","[""SUP"",""SUP"",""SUP"",""SUP"",""SUP"",""SUP"",""SOU"",""SUP""]","[""82_73_000006"",""82_73_000001"",""82_73_000002"",""82_73_000003"",""82_73_000004"",""82_73_000007"",""82_73_01"",""82_73_000005""]","[""Maurienne"",""Lac du Bourget - Albanais"",""Gelon-Combe de savoie"",""Avant-Pays savoyard"",""Beaufortain / Val d'Arly"",""Chéran"",""zone non couverte par l'arrêté cadre"",""Tarentaise""]",
29994,DDTM-SEMA-2021-0067_1,2021-07-19,2023-07-03,abroge,,11,https://regleau.s3.gra.perf.cloud.ovh.net//arrete-cadre/29994/ap_cadre_2021_190721.pdf,"[8421,8464,8461,8462,8467,8470,8473,8472,8468,8465,8474,8463,8420,8466,8471,8469]","[""SOU"",""SUP"",""SUP"",""SUP"",""SUP"",""SUP"",""SUP"",""SUP"",""SUP"",""SUP"",""SUP"",""SUP"",""SOU"",""SUP"",""SUP"",""SUP""]","[""76_11_02"",""76_11_0004"",""76_11_0001"",""76_11_0002"",""76_11_0007"",""76_11_0011"",""76_11_0014"",""76_11_0013"",""76_11_0009"",""76_11_0005"",""76_11_0016"",""76_11_0003"",""76_11_01"",""76_11_0006"",""76_11_0012"",""76_11_0010""]","[""Nappes plioquaternaires de la plaine du roussillon (partie dpt11)"",""Bassin versant de l'Hers Mort"",""Aude amont hors axe réalimenté"",""Bassin versant de l'Agly (partie dpt11)"",""Secteur Orbieu et affluents rive droite de l’Aude sur ce secteur"",""Axe réalimenté Aude amont"",""bassin versant du Thoré"",""Bassin versant du Fresquel"",""Secteur Orbiel et affluents rive gauche de l’Aude sur ce secteur"",""Aude aval -  Berre et Rieu - hors axe réalimenté et canaux VNF"",""bassin versant du Sor"",""Bassin versant de l'Hers Vif (y compris Vixiège)"",""Nappe astienne (partie dpt11)"",""Secteur Argent-Double/Ognon (partie dpt 11) et affluents rive gauche de l’Aude sur ce secteur"",""Axe réalimenté Aude médiane et aval et canaux VNF"",""Cesse (partie dpt 11) et affluents rive gauche de l’Aude sur ce secteur""]",
29313,DDTM-SEMA-2021-0067,2021-07-19,null,publie,,,,,,,,
29343,DDTM-SE-2021-136,2021-07-26,null,publie,,,,,,,,
29743,DDTM-SE-2021-136,2021-07-26,2022-08-19,abroge,,50,https://regleau.s3.gra.perf.cloud.ovh.net//arrete-cadre/29743/ACS2021.pdf,"[9835,9831,9832,9830,9829,9833,9834]","[""SOU"",""SUP"",""SUP"",""SUP"",""SUP"",""SUP"",""SUP""]","[""28_50_0007"",""28_50_0003"",""28_50_0004"",""28_50_0002"",""28_50_0001"",""28_50_0005"",""28_50_0006""]","[""MANCHE"",""VIRE"",""SIENNE - SOULLES"",""DOUVE - TAUTE - COTIERS NORD-EST"",""NORD COTENTIN"",""SEE - COTIERS GRANVILLAIS"",""SELUNE""]",
30045,DDTM-SE-2021-136,2021-07-26,2023-06-15,abroge,,50,https://regleau.s3.gra.perf.cloud.ovh.net//arrete-cadre/30045/Arrete_cadre_secheresse_2021.pdf,"[9829,9834,9830,10369,9833,10370,9831,10372,9832,10371,10373,10374]","[""SUP"",""SUP"",""SUP"",""SOU"",""SUP"",""SOU"",""SUP"",""SOU"",""SUP"",""SOU"",""SOU"",""SOU""]","[""28_50_0001"",""28_50_0006"",""28_50_0002"",""28_50_001"",""28_50_0005"",""28_50_002"",""28_50_0003"",""28_50_004"",""28_50_0004"",""28_50_003"",""28_50_005"",""28_50_006""]","[""NORD COTENTIN"",""SELUNE"",""DOUVE - TAUTE - COTIERS NORD-EST"",""I - Nord Cotentin"",""SEE - COTIERS GRANVILLAIS"",""II - Douve - Taute - côtiers nord-est"",""VIRE"",""IV - Sienne - Soulles"",""SIENNE - SOULLES"",""III - Vire"",""V - Sée - côtiers granvillais"",""VI - Sélune""]",
30059,AC_Siagne,2022-02-20,2023-06-27,abroge,,83,https://regleau.s3.gra.perf.cloud.ovh.net//arrete-cadre/30059/Siagne.pdf,9786,SUP,93_83_8,Zone Siagne,
30228,12-2022-SEC_V2,2022-02-23,2024-08-01,abroge,,51,https://regleau.s3.gra.perf.cloud.ovh.net/arrete-cadre/30228/12-2022-SEC_AP_s%C3%A9cheresse.pdf,"[11936,11927,11937,11934,11926,11932,11935,11939,11929,11938,11925,11928,11930,11931,11933]","[""SUP"",""SUP"",""SOU"",""SUP"",""SUP"",""SUP"",""SUP"",""SOU"",""SUP"",""SOU"",""SUP"",""SUP"",""SUP"",""SUP"",""SUP""]","[""44_51_12 - SUP"",""44_51_03 - SUP"",""44_51_13 - SOU"",""44_51_10 - SUP"",""44_51_02 - SUP"",""44_51_08 - SUP"",""44_51_11 - SUP"",""44_51_15 - SOU"",""44_51_05 - SUP"",""44_51_14 - SOU"",""44_51_01 - SUP"",""44_51_04 - SUP"",""44_51_06 - SUP"",""44_51_07 - SUP"",""44_51_09 - SUP""]","[""Surmelin - SUP"",""Aube Amont - SUP"",""Craie de Champagne Nord - SOU"",""Saulx et Omain - SUP"",""Aisne Amont - SUP"",""Marne Corridor Perthois - SUP"",""Seine Corridor - SUP"",""Craie de Champagne Sud et Centre - SOU"",""Blaise - SUP"",""Calcaires de Brie et de Champigny - SOU"",""Affluents Crayeux Marne et Aisne Aval - SUP"",""Aube Corridor - SUP"",""Brie et Tardenois - SUP"",""Grand Morin - SUP"",""Petit Morin - SUP""]","[1055,1046,1056,1053,1045,1051,1054,1058,1048,1057,1044,1047,1049,1050,1052]"
29907,12-2022-SEC,2022-02-23,2023-06-21,abroge,,51,https://regleau.s3.gra.perf.cloud.ovh.net/arrete-cadre/29907/12-2022-SEC_AP_s%C3%A9cheresse.pdf,"[9522,9514,9505,9509,9519,9504,9524,9520,9506,9518,9517,9512,9523,9516,9507,9515,9521,9513,9508,9510,9511]","[""SOU"",""SUP"",""SUP"",""SUP"",""SUP"",""SUP"",""SOU"",""SUP"",""SUP"",""SUP"",""SUP"",""SUP"",""SOU"",""SUP"",""SUP"",""SUP"",""SUP"",""SUP"",""SUP"",""SUP"",""SUP""]","[""44_51_19"",""44_51_11"",""44_51_02"",""44_51_06"",""44_51_16"",""44_51_01"",""44_51_21"",""44_51_17"",""44_51_03"",""44_51_15"",""44_51_14"",""44_51_09"",""44_51_20"",""44_51_13"",""44_51_04"",""44_51_12"",""44_51_18"",""44_51_10"",""44_51_05"",""44_51_07"",""44_51_08""]","[""Craie de Champagne Nord"",""Brie et Tardenois_zone_4"",""Affluent crayeux Marne et Aisne-Aval_zone_2"",""Aube Amont"",""Saulx-Ornain_zone_4"",""Affluent crayeux Aube et Seine_zone_2"",""Craie de Champagne Sud et Centre"",""Seine Corridor"",""Affluent crayeux Marne et Aisne-Aval_zone_4"",""Saulx-Ornain_zone_2"",""Petit Morin_zone_2"",""Blaise_zone_4"",""Calcaires de Brie et de Champigny"",""Marne Corridor_Perthois"",""Aisne amont_zone_2"",""Grand Morin_zone_2"",""Surmelin_zone_2"",""Brie et Tardenois_zone_2"",""Aisne amont_zone_4"",""Aube Corridor"",""Blaise_zone_2""]",
29747,56-ACS-01,2022-03-03,2022-03-17,abroge,,56,https://regleau.s3.gra.perf.cloud.ovh.net//arrete-cadre/29747/2022-03-18-ACS-signe.pdf,"[8628,8639,8640,8632,8638,8637,8642,8630,8646,8629,8641,8635,8645,8644,8649,8648,8636,8643,8634,8633,8647,8631]","[""SUP"",""SOU"",""SOU"",""SUP"",""SUP"",""SUP"",""SOU"",""SUP"",""SOU"",""SUP"",""SOU"",""SUP"",""SOU"",""SOU"",""SOU"",""SOU"",""SUP"",""SOU"",""SUP"",""SUP"",""SOU"",""SUP""]","[""53_56_01"",""53_56_01"",""53_56_02"",""53_56_05"",""53_56_11"",""53_56_10"",""53_56_04"",""53_56_03"",""53_56_08"",""53_56_02"",""53_56_03"",""53_56_08"",""53_56_07"",""53_56_06"",""53_56_11"",""53_56_10"",""53_56_09"",""53_56_05"",""53_56_07"",""53_56_06"",""53_56_09"",""53_56_04""]","[""Aff"",""Aff"",""Blavet"",""Les Iles"",""Yvel et Ninian"",""Vilaine aval"",""Evel"",""Ellé"",""Oust Amont"",""Blavet"",""Ellé"",""Oust Amont"",""Oust"",""Littoral"",""Yvel et Ninian"",""Vilaine aval"",""Scorff"",""Les Iles"",""Oust"",""Littoral"",""Scorff"",""Evel""]",
29844,56-ACS-02,2022-03-18,2022-03-18,abroge,,56,https://regleau.s3.gra.perf.cloud.ovh.net//arrete-cadre/29844/2022-03-18-ACS-signe.pdf,"[8950,8932,8933,8939,8931,8930,8940,8937,8948,8929,8942,8951,8947,8944,8936,8938,8941,8949,8934,8935,8953,8954,8945,8955,8928,8946,8943,8952]","[""SOU"",""SUP"",""SUP"",""SUP"",""SUP"",""SUP"",""SUP"",""SUP"",""SOU"",""SUP"",""SOU"",""SOU"",""SOU"",""SOU"",""SUP"",""SUP"",""SUP"",""SOU"",""SUP"",""SUP"",""SOU"",""SOU"",""SOU"",""SOU"",""SUP"",""SOU"",""SOU"",""SOU""]","[""53_56_09"",""53_56_05"",""53_56_06"",""53_56_12"",""53_56_04"",""53_56_03"",""53_56_13"",""53_56_10"",""53_56_07"",""53_56_02"",""53_56_01"",""53_56_10"",""53_56_06"",""53_56_03"",""53_56_09"",""53_56_11"",""53_56_14"",""53_56_08"",""53_56_07"",""53_56_08"",""53_56_12"",""53_56_13"",""53_56_04"",""53_56_14"",""53_56_01"",""53_56_05"",""53_56_02"",""53_56_11""]","[""Scorff"",""Groix"",""Littoral"",""Belle_ile"",""Evel"",""Elle"",""Houat"",""Vilaine aval"",""Oust"",""Blavet"",""Aff"",""Vilaine aval"",""Littoral"",""Elle"",""Scorff"",""Yvel et Ninian"",""Hoedic"",""Oust Amont"",""Oust"",""Oust Amont"",""Belle_ile"",""Houat"",""Evel"",""Hoedic"",""Aff"",""Groix"",""Blavet"",""Yvel et Ninian""]",
29885,56-ACS-03,2022-03-18,2022-03-18,abroge,,56,https://regleau.s3.gra.perf.cloud.ovh.net//arrete-cadre/29885/2022-03-18-ACS-signe.pdf,"[9291,9283,9279,9295,9294,9302,9306,9304,9293,9300,9280,9288,9305,9296,9297,9303,9299,9285,9298,9282,9281,9301,9286,9292,9289,9284,9287,9290]","[""SUP"",""SUP"",""SUP"",""SOU"",""SOU"",""SOU"",""SOU"",""SOU"",""SOU"",""SOU"",""SUP"",""SUP"",""SOU"",""SOU"",""SOU"",""SOU"",""SOU"",""SUP"",""SOU"",""SUP"",""SUP"",""SOU"",""SUP"",""SUP"",""SUP"",""SUP"",""SUP"",""SUP""]","[""13"",""5"",""1"",""3"",""2"",""10"",""14"",""12"",""1"",""8"",""2"",""10"",""13"",""4"",""5"",""11"",""7"",""7"",""6"",""4"",""3"",""9"",""8"",""14"",""11"",""6"",""9"",""12""]","[""Vilaine aval"",""Yvel et Ninian"",""Oust Amont"",""Oust"",""Evel"",""Hoedic"",""Littoral"",""Groix"",""Oust Amont"",""Aff"",""Evel"",""Hoedic"",""Vilaine aval"",""Scorff"",""Yvel et Ninian"",""Belle_ile"",""Elle"",""Elle"",""Blavet"",""Scorff"",""Oust"",""Houat"",""Aff"",""Littoral"",""Belle_ile"",""Blavet"",""Houat"",""Groix""]",
29889,56-ACS-04,2022-03-18,2023-07-19,abroge,,56,https://regleau.s3.gra.perf.cloud.ovh.net//arrete-cadre/29889/2022-03-18-ACS-signe.pdf,"[9303,9296,9305,9293,9297,9291,9295,9279,9288,9285,9304,9283,9289,9301,9298,9281,9294,9280,9284,9306,9282,9290,9299,9287,9292,9286,9302,9300]","[""SOU"",""SOU"",""SOU"",""SOU"",""SOU"",""SUP"",""SOU"",""SUP"",""SUP"",""SUP"",""SOU"",""SUP"",""SUP"",""SOU"",""SOU"",""SUP"",""SOU"",""SUP"",""SUP"",""SOU"",""SUP"",""SUP"",""SOU"",""SUP"",""SUP"",""SUP"",""SOU"",""SOU""]","[""11"",""4"",""13"",""1"",""5"",""13"",""3"",""1"",""10"",""7"",""12"",""5"",""11"",""9"",""6"",""3"",""2"",""2"",""6"",""14"",""4"",""12"",""7"",""9"",""14"",""8"",""10"",""8""]","[""Belle_ile"",""Scorff"",""Vilaine aval"",""Oust Amont"",""Yvel et Ninian"",""Vilaine aval"",""Oust"",""Oust Amont"",""Hoedic"",""Elle"",""Groix"",""Yvel et Ninian"",""Belle_ile"",""Houat"",""Blavet"",""Oust"",""Evel"",""Evel"",""Blavet"",""Littoral"",""Scorff"",""Groix"",""Elle"",""Houat"",""Littoral"",""Aff"",""Hoedic"",""Aff""]",
29845,20220329,2022-03-29,2023-07-12,abroge,,01,https://regleau.s3.gra.perf.cloud.ovh.net//arrete-cadre/29845/20220329ACSdRaaAvecAnnexes.pdf,"[8788,9371,8792,9369,8791,9370,9372,9373,8790,8789,9368]","[""SUP"",""SOU"",""SUP"",""SOU"",""SUP"",""SOU"",""SOU"",""SOU"",""SUP"",""SUP"",""SOU""]","[""84_01_1"",""84_01_4"",""84_01_5"",""84_01_2"",""84_01_4"",""84_01_3"",""84_01_5"",""84_01_6"",""84_01_3"",""84_01_2"",""84_01_1""]","[""Saône Aval"",""Dombes - Certines - Nord"",""Rivières du Haut-Rhône"",""Null"",""Rivières de Dombes"",""Plaine de l'Ain"",""Dombes - Sud"",""Pays de Gex"",""Rivières du Bugey"",""Rivières de Bresse"",""Saône Aval""]","[1777,70,375,68,374,69,1835,1836,373,372,67]"
29653,2022,2022-03-29,null,publie,,,,,,,,
30136,Bassin_CLAIN_DDT86_n°156_2022,2022-03-30,2022-04-01,abroge,,"[""86"",""79"",""16""]",https://regleau.s3.gra.perf.cloud.ovh.net//arrete-cadre/30136/ACI_N_156_Bassin_Clain_2022.pdf,"[8733,8734,8754,8765,8736,8735,8732,8781,8760,8782,8753,8737,8761,8763,8764,8762]","[""SOU"",""SOU"",""SOU"",""SUP"",""SOU"",""SOU"",""SOU"",""SUP"",""SUP"",""SUP"",""SOU"",""SOU"",""SUP"",""SUP"",""SUP"",""SUP""]","[""75_86_0010"",""75_86_0011"",""75_86_0031"",""75_86_0014"",""75_86_0013"",""75_86_0012"",""75_86_0009"",""75_86_0030"",""75_86_0009"",""75_86_0031"",""75_86_0030"",""75_86_0014"",""75_86_0010"",""75_86_0012"",""75_86_0013"",""75_86_0011""]","[""Bassin du Clain - sous bassin de la Clouère"",""Bassin du Clain - sous bassin de la Pallu"",""Bassin du Clain - sous bassin du Clain Amont"",""Bassin du Clain - sous bassin de la Dive du Sud et de la Bouleure"",""Bassin du Clain - sous bassin de la Boivre"",""Bassin du Clain - sous bassin de la Vonne"",""Bassin du Clain - sous bassin de l'Auxance"",""Bassin du Clain - sous bassin du Clain Aval"",""Bassin du Clain - sous bassin de l'Auxance"",""Bassin du Clain - sous bassin du Clain Amont"",""Bassin du Clain - sous bassin du Clain Aval"",""Bassin du Clain - sous bassin de la Dive du Sud et de la Bouleure"",""Bassin du Clain - sous bassin de la Clouère"",""Bassin du Clain - sous bassin de la Vonne"",""Bassin du Clain - sous bassin de la Boivre"",""Bassin du Clain - sous bassin de la Pallu""]","[321,322,1235,460,324,323,320,1243,351,1244,1234,325,1240,458,459,457]"
30259,Bassin_Vienne_Aval_DDT86-16_ACI_n°155_2022_V2,2022-03-30,2024-07-08,abroge,86,"[""16"",""86""]",https://regleau.s3.gra.perf.cloud.ovh.net//arrete-cadre/30259/ARRE%CC%82TE%CC%81%20CADRE%20INTERDE%CC%81PARTEMENTAL%20Vienne%20Aval.pdf,"[8746,8772,8773,8741,8744,8770,9168,8743,8747,9166,8769,9167,8742,8775,8774,8745,8771]","[""SOU"",""SUP"",""SUP"",""SOU"",""SOU"",""SUP"",""SUP"",""SOU"",""SOU"",""SUP"",""SUP"",""SUP"",""SOU"",""SUP"",""SUP"",""SOU"",""SUP""]","[""75_86_0023"",""75_86_0021"",""75_86_0022"",""75_86_0018"",""75_86_0021"",""75_86_0019"",""75_16_0035"",""75_86_0020"",""75_86_0024"",""75_16_0032"",""75_86_0018"",""75_16_0033"",""75_86_0019"",""75_86_0024"",""75_86_0023"",""75_86_0022"",""75_86_0020""]","[""Bassin de la Vienne - sous-bassin Issoire - Blourde"",""Bassin de la Vienne - sous-bassin Talbat - Clain"",""Bassin de la Vienne - sous-bassin Blourde-Talbat"",""Bassin de la Vienne - sous-bassin de l'Envigne"",""Bassin de la Vienne - sous-bassin Talbat - Clain"",""Bassin de la Vienne - sous-bassin Clain - Creuse"",""BV Vienne /  Zone d'alerte : Issoire-Blourde"",""Bassin de la Vienne - sous-bassin de l'Ozon"",""Bassin de la Vienne - sous-bassin des Blourdes"",""BV Vienne /  Zone d'alerte : Vienne-Amont"",""Bassin de la Vienne - sous-bassin de l'Envigne"",""BV Vienne /  Zone d'alerte : Goire"",""Bassin de la Vienne - sous-bassin Clain - Creuse"",""Bassin de la Vienne - sous-bassin des Blourdes"",""Bassin de la Vienne - sous-bassin Issoire - Blourde"",""Bassin de la Vienne - sous-bassin Blourde-Talbat"",""Bassin de la Vienne - sous-bassin de l'Ozon""]","[204,572,573,345,348,570,392,347,205,390,569,391,346,575,574,349,571]"
29988,AP_DDT_SEN20220330_B36v,2022-03-31,2023-06-21,abroge,,"[""38"",""69""]",https://regleau.s3.gra.perf.cloud.ovh.net//arrete-cadre/29988/20220331_ACI_vvv.pdf,"[9911,9913,9906,9905,9486,9907,9912,9910,9904,9499]","[""SOU"",""SOU"",""SUP"",""SUP"",""SUP"",""SUP"",""SOU"",""SOU"",""SUP"",""SOU""]","[""84_69_0008"",""84_69_0010"",""84_69_0009"",""84_69_0008"",""84_38_0001"",""84_69_0010"",""84_69_0009"",""84_69_0007"",""84_69_0007"",""84_38_0001""]","[""ZONE 8"",""ZONE 9"",""ZONE 8"",""ZONE 8"",""Est Lyonnais"",""ZONE 9"",""ZONE 8"",""ZONE 7"",""ZONE 7"",""Nappes de l'Est Lyonnais""]",
29835,AP_DDT_SEN20220330_B36,2022-03-31,2022-03-30,abroge,,"[""38"",""69""]",https://regleau.s3.gra.perf.cloud.ovh.net/arrete-cadre/29835/20220331_ACI_EL_vRAA.pdf,"[7522,7521,7721,7523,7723,7698,7508,7514,7704,7722]","[""SOU"",""SOU"",""SUP"",""SOU"",""SUP"",""SUP"",""SOU"",""SOU"",""SUP"",""SUP""]","[""82_69_000008"",""82_69_000007"",""82_69_000007"",""82_69_000009"",""82_69_000009"",""82_38_000008"",""82_38_000008"",""82_38_000014"",""82_38_000014"",""82_69_000008""]","[""ZONE 8"",""ZONE 7"",""ZONE 7"",""ZONE 9"",""ZONE 9"",""Nappe est lyonnais"",""Nappe est lyonnais"",""Nappe est lyonnais"",""Nappe est lyonnais"",""ZONE 8""]",
29728,AP_DDT_SEN20220330_B35,2022-03-31,2022-05-20,abroge,,69,https://regleau.s3.gra.perf.cloud.ovh.net//arrete-cadre/29728/20220331_APC_dpmt_vvv.pdf,"[7519,7718,7717,7520,7518,7720,7515,7516,7716,7517,7715,7719]","[""SOU"",""SUP"",""SUP"",""SOU"",""SOU"",""SUP"",""SOU"",""SOU"",""SUP"",""SOU"",""SUP"",""SUP""]","[""82_69_000005"",""82_69_000004"",""82_69_000003"",""82_69_000006"",""82_69_000004"",""82_69_000006"",""82_69_000001"",""82_69_000002"",""82_69_000002"",""82_69_000003"",""82_69_000001"",""82_69_000005""]","[""ZONE 5"",""ZONE 4"",""ZONE 3"",""ZONE 6"",""ZONE 4"",""ZONE 6"",""ZONE 1"",""ZONE 2"",""ZONE 2"",""ZONE 3"",""ZONE 1"",""ZONE 5""]",
29945,Copie de AP_DDT_SEN20220330_B36,2022-03-31,2022-03-31,abroge,,38,https://regleau.s3.gra.perf.cloud.ovh.net//arrete-cadre/29945/20220331_ACI_vvv.pdf,"[9486,9499]","[""SUP"",""SOU""]","[""84_38_0001"",""84_38_0001""]","[""Est Lyonnais"",""Nappes de l'Est Lyonnais""]",
29834,Copie de AP_DDT_SEN20220330_B36,2022-03-31,2022-03-31,abroge,,"[""38"",""69""]",https://regleau.s3.gra.perf.cloud.ovh.net/arrete-cadre/29834/20220331_ACI_EL_vRAA.pdf,"[7704,7522,7722,7508,7514,7721,7723,7521,7698,7523]","[""SUP"",""SOU"",""SUP"",""SOU"",""SOU"",""SUP"",""SUP"",""SOU"",""SUP"",""SOU""]","[""82_38_000014"",""82_69_000008"",""82_69_000008"",""82_38_000008"",""82_38_000014"",""82_69_000007"",""82_69_000009"",""82_69_000007"",""82_38_000008"",""82_69_000009""]","[""Nappe est lyonnais"",""ZONE 8"",""ZONE 8"",""Nappe est lyonnais"",""Nappe est lyonnais"",""ZONE 7"",""ZONE 9"",""ZONE 7"",""Nappe est lyonnais"",""ZONE 9""]",
30048,ACi-BV Cogesteau 17 etiage 2022,2022-04-01,2023-04-01,abroge,,"[""16"",""86"",""79"",""17""]",https://regleau.s3.gra.perf.cloud.ovh.net//arrete-cadre/30048/ACi2022-Cogesteau-AiP-20220316.pdf,"[9181,9175,8756,9428,9179,10042,9173,9427,9182,10026,9406,9171,8728,9187,9176,9172,9180,9177,9178,9174]","[""SUP"",""SUP"",""SUP"",""SOU"",""SUP"",""SUP"",""SUP"",""SOU"",""SUP"",""SUP"",""SUP"",""SUP"",""SOU"",""SOU"",""SUP"",""SUP"",""SUP"",""SUP"",""SUP"",""SUP""]","[""75_16_0053"",""75_16_0047"",""75_86_0002"",""75_79_6b"",""75_16_0051"",""75_17_7"",""75_16_0045"",""75_79_6a"",""75_16_0054"",""75_17_10"",""75_79_7"",""75_16_0043"",""75_86_0002"",""75_16_0004"",""75_16_0048"",""75_16_0044"",""75_16_0052"",""75_16_0049"",""75_16_0050"",""75_16_0046""]","[""OUGC Cogesteau /  Zone d'alerte : Son-Sonnette"",""OUGC Cogesteau /  Zone d'alerte : Bief"",""Bassin de la Charente - secteur Charente Amont"",""Charente Péruse - eaux souterraines"",""OUGC Cogesteau /  Zone d'alerte : Nouère"",""Bassin de l'Aume-Couture"",""OUGC Cogesteau /  Zone d'alerte : Auge"",""Charente - eaux souterraines"",""OUGC Cogesteau /  Zone d'alerte : Sud-Angoumois"",""Bassin du Né"",""Aume Couture - eaux superficielles"",""OUGC Cogesteau /  Zone d'alerte : Argence"",""Bassin de la Charente - secteur Charente Amont"",""ESO_COGESTEAU"",""OUGC Cogesteau /  Zone d'alerte : Charente-Amont"",""OUGC Cogesteau /  Zone d'alerte : Argent-Or_Lizonne"",""OUGC Cogesteau /  Zone d'alerte : Péruse"",""OUGC Cogesteau /  Zone d'alerte : Charente-Moyenne"",""OUGC Cogesteau /  Zone d'alerte : Né"",""OUGC Cogesteau /  Zone d'alerte : Aume-Couture""]","[1387,1383,1376,1399,1384,null,1381,1397,1388,null,522,59,326,1393,81,1380,1385,82,83,1382]"
29769,Bassin_Dive_Du_Nord_DDT86-79-49_ACI n°163_2022,2022-04-01,2022-03-30,abroge,,"[""49"",""79"",""86""]",https://regleau.s3.gra.perf.cloud.ovh.net//arrete-cadre/29769/ACI_N_163_Dive_du_Nord_2022.pdf,"[8751,8768,8780,8778,8749,8739,6923,8752,8740,8779,8777,8767,8776,8750,8748]","[""SOU"",""SUP"",""SUP"",""SUP"",""SOU"",""SOU"",""SOU"",""SOU"",""SOU"",""SUP"",""SUP"",""SUP"",""SUP"",""SOU"",""SOU""]","[""75_86_0028"",""75_86_0017"",""75_86_0029"",""75_86_0027"",""75_86_0026"",""75_86_0016"",""54_79_4"",""75_86_0029"",""75_86_0017"",""75_86_0028"",""75_86_0026"",""75_86_0016"",""75_86_0025"",""75_86_0027"",""75_86_0025""]","[""Bassin de la Dive du Nord - secteur de la Briande"",""Bassin de la Dive du Nord - secteur du Prepson"",""Bassin de la Dive du Nord - secteur du Marais de la Dive"",""Bassin de la Dive du Nord - secteur des sources de la Dive"",""Bassin de la Dive du Nord - secteur de  la Dive canalisée"",""Bassin de la Dive du Nord - secteur de La Grimaudière"",""Dive du Nord"",""Bassin de la Dive du Nord - secteur du Marais de la Dive"",""Bassin de la Dive du Nord - secteur du Prepson"",""Bassin de la Dive du Nord - secteur de la Briande"",""Bassin de la Dive du Nord - secteur de  la Dive canalisée"",""Bassin de la Dive du Nord - secteur de La Grimaudière"",""Bassin de la Dive du Nord - secteur de la Petite Maine"",""Bassin de la Dive du Nord - secteur des sources de la Dive"",""Bassin de la Dive du Nord - secteur de la Petite Maine""]","[350,568,1242,1241,207,343,null,1233,344,352,577,567,576,455,206]"
29886,AP CADRE DDT 37_01 04 2022,2022-04-01,2023-03-29,abroge,,37,https://regleau.s3.gra.perf.cloud.ovh.net//arrete-cadre/29886/20220401%20AC%20pr%C3%A9fectoral%20DDT37%20-%20IDE.pdf,"[8852,8832,8873,8839,8876,8867,8829,8843,8822,8837,8847,8866,8861,8850,8834,8862,8853,8833,8877,8831,8823,8821,8865,8857,8872,8851,8878,8846,8875,8859,8856,8844,8840,8849,8825,8854,8836,8819,8858,8869,8827,8868,8842,8870,8824,8835,8871,8841,8838,8848,8845,8860,8820,8855,8826,8828,8830,8874,8864,8863]","[""SUP"",""SUP"",""SUP"",""SUP"",""SUP"",""SUP"",""SUP"",""SUP"",""SUP"",""SUP"",""SUP"",""SUP"",""SUP"",""SUP"",""SUP"",""SUP"",""SUP"",""SUP"",""SUP"",""SUP"",""SUP"",""SUP"",""SUP"",""SUP"",""SUP"",""SUP"",""SUP"",""SUP"",""SUP"",""SUP"",""SUP"",""SUP"",""SUP"",""SUP"",""SUP"",""SUP"",""SUP"",""SUP"",""SUP"",""SUP"",""SUP"",""SUP"",""SUP"",""SUP"",""SUP"",""SUP"",""SUP"",""SUP"",""SUP"",""SUP"",""SUP"",""SUP"",""SUP"",""SUP"",""SUP"",""SUP"",""SUP"",""SUP"",""SUP"",""SUP""]","[""24_37_0034"",""24_37_0014"",""24_37_0055"",""24_37_0021"",""24_37_0058"",""24_37_0049"",""24_37_0011"",""24_37_0025"",""24_37_0004"",""24_37_0019"",""24_37_0029"",""24_37_0048"",""24_37_0043"",""24_37_0032"",""24_37_0016"",""24_37_0044"",""24_37_0035"",""24_37_0015"",""24_37_0059"",""24_37_0013"",""24_37_0005"",""24_37_0003"",""24_37_0047"",""24_37_0039"",""24_37_0054"",""24_37_0033"",""24_37_0060"",""24_37_0028"",""24_37_0057"",""24_37_0041"",""24_37_0038"",""24_37_0026"",""24_37_0022"",""24_37_0031"",""24_37_0007"",""24_37_0036"",""24_37_0018"",""24_37_0001"",""24_37_0040"",""24_37_0051"",""24_37_0009"",""24_37_0050"",""24_37_0024"",""24_37_0052"",""24_37_0006"",""24_37_0017"",""24_37_0053"",""24_37_0023"",""24_37_0020"",""24_37_0030"",""24_37_0027"",""24_37_0042"",""24_37_0002"",""24_37_0037"",""24_37_0008"",""24_37_0010"",""24_37_0012"",""24_37_0056"",""24_37_0046"",""24_37_0045""]","[""Bassin du Changeon"",""Bassin de l'Esves"",""Bassin du ruisseau de Verneuil"",""Bassin de la Claise"",""Bassin du ruisseau du Doigt"",""Bassin du ruisseau de Montison"",""Bassin de l'Ardillere"",""Bassin de la Manse"",""Bassin du Cher (Ch1)"",""Bassin de la Choisille"",""Bassin de la Roumer"",""Bassin du ruisseau de la Coulee"",""Bassin du ruisseau de Boutineau"",""Bassin de la Veude De Poncay"",""Bassin de la Bourouse"",""Bassin du ruisseau de Chantereine"",""Bassin du Douai ou de la Riasse"",""Bassin de l'Indrois"",""Bassin du ruisseau Sennevieres"",""Bassin de l'Escotais"",""Bassin de l'Indre (In1)"",""Bassin du Loir (Lr1)"",""Bassin du ruisseau de Gaudeberts"",""Bassin du Negron"",""Bassin du ruisseau de Rochette"",""Bassin du Brignon"",""Bassin du Vieux Cher"",""Bassin de la Muanne"",""Bassin du ruisseau des Vallees"",""Bassin du ruisseau d'Azay"",""Bassin du Long"",""Bassin de la Masse"",""Bassin de la Deme"",""Bassin de la Veude"",""Bassin de la Creuse (Cr)"",""Bassin du Lane"",""Bassin de la Bresme"",""Bassin de la Loire (Lre1)"",""Bassin du ruisseau d'Aubigny"",""Bassin du ruisseau de Parcay"",""Bassin de la Gartempe"",""Bassin du ruisseau de Panzoult"",""Bassin de la Fontaine Menard"",""Bassin du ruisseau de Rigny"",""Bassin de l'Indre (In2)"",""Bassin de la Brenne"",""Bassin du ruisseau de Roche"",""Bassin de la Fare"",""Bassin de la Cisse"",""Bassin de la Tourmente"",""Bassin de la Maulne"",""Bassin du ruisseau d'Olivet"",""Bassin de la Loire (Lre2)"",""Bassin du Lathan"",""Bassin de la Vienne (Vn1)"",""Bassin de l'Aigronne"",""Bassin de l'Echandon"",""Bassin du ruisseau de Vitray"",""Bassin du ruisseau de Cleret"",""Bassin du ruisseau de Chezelles""]",
29916,ACi-BV Charente-Karst-AiP-162022031600008,2022-04-01,2022-10-31,abroge,,"[""87"",""16"",""24""]",https://regleau.s3.gra.perf.cloud.ovh.net//arrete-cadre/29916/ACi-Karst-AiP-162022031600008.pdf,"[5599,9163,5598,9159,9162,9161,9186,9164,9160]","[""SUP"",""SUP"",""SUP"",""SUP"",""SUP"",""SUP"",""SOU"",""SUP"",""SUP""]","[""72_24_0201"",""75_16_0021"",""72_24_0101"",""75_16_0017"",""75_16_0020"",""75_16_0019"",""75_16_0003"",""75_16_0022"",""75_16_0018""]","[""Bandiat"",""OUGC Karst /  Zone d'alerte : Tardoire"",""Tardoire"",""OUGC Karst /  Zone d'alerte : Bandiat"",""OUGC Karst /  Zone d'alerte : Échelle-Lèche"",""OUGC Karst /  Zone d'alerte : Bonnieure_Aval"",""ESO_Karst"",""OUGC Karst /  Zone d'alerte : Touvre"",""OUGC Karst /  Zone d'alerte : Bonnieure""]","[null,1211,null,388,1210,1027,1392,1317,389]"
30205,2023_Bassin_CLAIN_DDT86-16-79_ACI_n°156_2022,2022-04-01,2023-06-27,abroge,,"[""86"",""16"",""79""]",https://regleau.s3.gra.perf.cloud.ovh.net//arrete-cadre/30205/ACI_N_156_Bassin_Clain_2022.pdf,"[8753,8782,9400,9169,8737,8761,9425,9401,9423,9424,8762,8754,9170,9403,9426,8733,8764,8736,8763,8760,8732,9402,8735,8781,8765,8734]","[""SOU"",""SUP"",""SUP"",""SUP"",""SOU"",""SUP"",""SOU"",""SUP"",""SOU"",""SOU"",""SUP"",""SOU"",""SUP"",""SUP"",""SOU"",""SOU"",""SUP"",""SOU"",""SUP"",""SUP"",""SOU"",""SUP"",""SOU"",""SUP"",""SUP"",""SOU""]","[""75_86_0030"",""75_86_0031"",""75_79_5a1"",""75_16_0041"",""75_86_0014"",""75_86_0010"",""75_79_5a3"",""75_79_5a2"",""75_79_5a1"",""75_79_5a2"",""75_86_0011"",""75_86_0031"",""75_16_0042"",""75_79_5b"",""75_79_5b"",""75_86_0010"",""75_86_0013"",""75_86_0013"",""75_86_0012"",""75_86_0009"",""75_86_0009"",""75_79_5a3"",""75_86_0012"",""75_86_0030"",""75_86_0014"",""75_86_0011""]","[""Bassin du Clain - sous bassin du Clain Aval"",""Bassin du Clain - sous bassin du Clain Amont"",""Auxance - eaux superficielles"",""OUGC Clain /  Zone d'alerte : Clain-Amont"",""Bassin du Clain - sous bassin de la Dive du Sud et de la Bouleure"",""Bassin du Clain - sous bassin de la Clouère"",""Vonne - eaux souterraines"",""Boivre - eaux superficielles"",""Auxance  - eaux souterraines"",""Boivre  - eaux souterraines"",""Bassin du Clain - sous bassin de la Pallu"",""Bassin du Clain - sous bassin du Clain Amont"",""OUGC Clain /  Zone d'alerte : Clouère"",""Dive du Sud - eaux superficielles"",""Dive du Sud - eaux souterraines"",""Bassin du Clain - sous bassin de la Clouère"",""Bassin du Clain - sous bassin de la Boivre"",""Bassin du Clain - sous bassin de la Boivre"",""Bassin du Clain - sous bassin de la Vonne"",""Bassin du Clain - sous bassin de l'Auxance"",""Bassin du Clain - sous bassin de l'Auxance"",""Vonne - eaux superficielles"",""Bassin du Clain - sous bassin de la Vonne"",""Bassin du Clain - sous bassin du Clain Aval"",""Bassin du Clain - sous bassin de la Dive du Sud et de la Bouleure"",""Bassin du Clain - sous bassin de la Pallu""]","[1234,1244,467,393,325,1240,525,196,1265,396,457,1235,1252,480,526,321,459,324,458,351,320,479,323,1243,460,322]"
29751,AP CADRE DDT 37_01042022,2022-04-01,2022-04-01,abroge,,37,https://regleau.s3.gra.perf.cloud.ovh.net//arrete-cadre/29751/20220401%20AC%20pr%C3%A9fectoral%20DDT37%20-%20IDE.pdf,"[8876,8864,8839,8826,8858,8873,8874,8856,8830,8819,8821,8823,8867,8870,8846,8843,8820,8871,8837,8861,8877,8822,8865,8851,8831,8853,8855,8866,8868,8827,8860,8852,8857,8850,8841,8838,8878,8833,8849,8863,8848,8836,8845,8875,8844,8854,8832,8842,8834,8840,8829,8847,8835,8825,8869,8824,8828,8872,8859,8862]","[""SUP"",""SUP"",""SUP"",""SUP"",""SUP"",""SUP"",""SUP"",""SUP"",""SUP"",""SUP"",""SUP"",""SUP"",""SUP"",""SUP"",""SUP"",""SUP"",""SUP"",""SUP"",""SUP"",""SUP"",""SUP"",""SUP"",""SUP"",""SUP"",""SUP"",""SUP"",""SUP"",""SUP"",""SUP"",""SUP"",""SUP"",""SUP"",""SUP"",""SUP"",""SUP"",""SUP"",""SUP"",""SUP"",""SUP"",""SUP"",""SUP"",""SUP"",""SUP"",""SUP"",""SUP"",""SUP"",""SUP"",""SUP"",""SUP"",""SUP"",""SUP"",""SUP"",""SUP"",""SUP"",""SUP"",""SUP"",""SUP"",""SUP"",""SUP"",""SUP""]","[""24_37_0058"",""24_37_0046"",""24_37_0021"",""24_37_0008"",""24_37_0040"",""24_37_0055"",""24_37_0056"",""24_37_0038"",""24_37_0012"",""24_37_0001"",""24_37_0003"",""24_37_0005"",""24_37_0049"",""24_37_0052"",""24_37_0028"",""24_37_0025"",""24_37_0002"",""24_37_0053"",""24_37_0019"",""24_37_0043"",""24_37_0059"",""24_37_0004"",""24_37_0047"",""24_37_0033"",""24_37_0013"",""24_37_0035"",""24_37_0037"",""24_37_0048"",""24_37_0050"",""24_37_0009"",""24_37_0042"",""24_37_0034"",""24_37_0039"",""24_37_0032"",""24_37_0023"",""24_37_0020"",""24_37_0060"",""24_37_0015"",""24_37_0031"",""24_37_0045"",""24_37_0030"",""24_37_0018"",""24_37_0027"",""24_37_0057"",""24_37_0026"",""24_37_0036"",""24_37_0014"",""24_37_0024"",""24_37_0016"",""24_37_0022"",""24_37_0011"",""24_37_0029"",""24_37_0017"",""24_37_0007"",""24_37_0051"",""24_37_0006"",""24_37_0010"",""24_37_0054"",""24_37_0041"",""24_37_0044""]","[""Bassin du ruisseau du Doigt"",""Bassin du ruisseau de Cleret"",""Bassin de la Claise"",""Bassin de la Vienne (Vn1)"",""Bassin du ruisseau d'Aubigny"",""Bassin du ruisseau de Verneuil"",""Bassin du ruisseau de Vitray"",""Bassin du Long"",""Bassin de l'Echandon"",""Bassin de la Loire (Lre1)"",""Bassin du Loir (Lr1)"",""Bassin de l'Indre (In1)"",""Bassin du ruisseau de Montison"",""Bassin du ruisseau de Rigny"",""Bassin de la Muanne"",""Bassin de la Manse"",""Bassin de la Loire (Lre2)"",""Bassin du ruisseau de Roche"",""Bassin de la Choisille"",""Bassin du ruisseau de Boutineau"",""Bassin du ruisseau Sennevieres"",""Bassin du Cher (Ch1)"",""Bassin du ruisseau de Gaudeberts"",""Bassin du Brignon"",""Bassin de l'Escotais"",""Bassin du Douai ou de la Riasse"",""Bassin du Lathan"",""Bassin du ruisseau de la Coulee"",""Bassin du ruisseau de Panzoult"",""Bassin de la Gartempe"",""Bassin du ruisseau d'Olivet"",""Bassin du Changeon"",""Bassin du Negron"",""Bassin de la Veude De Poncay"",""Bassin de la Fare"",""Bassin de la Cisse"",""Bassin du Vieux Cher"",""Bassin de l'Indrois"",""Bassin de la Veude"",""Bassin du ruisseau de Chezelles"",""Bassin de la Tourmente"",""Bassin de la Bresme"",""Bassin de la Maulne"",""Bassin du ruisseau des Vallees"",""Bassin de la Masse"",""Bassin du Lane"",""Bassin de l'Esves"",""Bassin de la Fontaine Menard"",""Bassin de la Bourouse"",""Bassin de la Deme"",""Bassin de l'Ardillere"",""Bassin de la Roumer"",""Bassin de la Brenne"",""Bassin de la Creuse (Cr)"",""Bassin du ruisseau de Parcay"",""Bassin de l'Indre (In2)"",""Bassin de l'Aigronne"",""Bassin du ruisseau de Rochette"",""Bassin du ruisseau d'Azay"",""Bassin du ruisseau de Chantereine""]",
29770,ACI_CLAIN_DDT86-16_n°156_2022,2022-04-01,2022-03-20,abroge,,"[""86"",""79"",""16""]",https://regleau.s3.gra.perf.cloud.ovh.net//arrete-cadre/29770/ACI_N_156_Bassin_Clain_2022.pdf,"[6357,6320,6940,6354,6286,6337,6927,6343,6924,6333,6341,6334,6355,6359,6319,6340,6332,6335,6338,6317,6358,6339,6925,6318,6356,6360,6336]","[""SUP"",""SOU"",""SUP"",""SUP"",""SUP"",""SOU"",""SOU"",""SUP"",""SOU"",""SOU"",""SOU"",""SOU"",""SUP"",""SUP"",""SOU"",""SOU"",""SOU"",""SOU"",""SOU"",""SOU"",""SUP"",""SOU"",""SOU"",""SOU"",""SUP"",""SUP"",""SOU""]","[""54_86_6"",""54_86_13"",""54_79_5b"",""54_86_3"",""54_16_28"",""54_86_5"",""54_79_5c"",""54_86_10"",""54_79_5a1"",""54_86_25"",""54_86_9"",""54_86_26"",""54_86_4"",""54_86_8"",""54_86_12"",""54_86_8"",""54_86_24"",""54_86_3"",""54_86_6"",""54_86_10"",""54_86_7"",""54_86_7"",""54_79_5a2"",""54_86_11"",""54_86_5"",""54_86_9"",""54_86_4""]","[""Bassin_Clain_Boivre_RIBALIERE"",""Bassin_Clain_VILLIERS_Supra"",""Dive du Sud supra"",""Bassin_Clain_Amont_PETIT_ALLIER"",""Bassin du Clain"",""Bassin_Clain_CHARPRAIE_Supra"",""Dive du Sud Infra-toarcien"",""Bassin_Clain_Vonne_PONT_DE_CLOUE"",""Auxance"",""ESOM Bassin_Clain_PETIT_CHEZ_DAUFFARD_Supra_&_FONTJOISE_Infra"",""Bassin_Clain_RAUDIERE_Infra"",""ESOM Bassin_Clain_RENARDIERES_&_BE_DE_SOMMIERES_Supra_&_SAIZINES_Infra"",""Bassin_Clain_Auxances_ROCHECOURBE"",""Bassin_Clain_Dive_du_Sud_NEUIL"",""Bassin_Clain_VALLEE_MOREAU_Supra"",""Bassin_Clain_PREILLE_Infra"",""ESOM Bassin_Clain_BREJEUILLE_Supra_&_Infra"",""Bassin_Clain_CAGNOCHE_Supra"",""Bassin_Clain_CHOUE_Infra"",""Bassin_Clain_ROUILLE_Infra"",""Bassin_Clain_Clouere_ROZEAU"",""Bassin_Clain_LOURDINES_Supra"",""Boivre"",""Bassin_Clain_SARZEC_Supra"",""Bassin_Clain_Aval_PONT_SAINT_CYPRIEN"",""Bassin_Clain_Pallu_PONT_SAINT_CYPRIEN"",""Bassin_Clain_CHABOURNAY_PUZE_Supra""]",
30025,17 ACI Saintonge provisoire 2022 07 27,2022-04-01,2023-08-07,abroge,,17,https://regleau.s3.gra.perf.cloud.ovh.net//arrete-cadre/30025/ACi2022%20Saintonge%20.pdf,"[10142,10135,10042,10043,10137,10041,10039,10038,10037,10128,10028,10040,10027,10131,10138,10031,10127,10141,10035,10136,10044,10139,10133]","[""SOU"",""SOU"",""SUP"",""SUP"",""SOU"",""SUP"",""SUP"",""SUP"",""SUP"",""SOU"",""SUP"",""SUP"",""SUP"",""SOU"",""SOU"",""SUP"",""SOU"",""SOU"",""SUP"",""SOU"",""SUP"",""SOU"",""SOU""]","[""75_17_9"",""75_17_4"",""75_17_7"",""75_17_8"",""75_17_61"",""75_17_63"",""75_17_61"",""75_17_5"",""75_17_4"",""75_17_12"",""75_17_12"",""75_17_62"",""75_17_11"",""75_17_15"",""75_17_62"",""75_17_15"",""75_17_11"",""75_17_8"",""75_17_2"",""75_17_5"",""75_17_9"",""75_17_63"",""75_17_2""]","[""Bassin de la Seugne"",""Bassin de la Boutonne aval et moyenne"",""Bassin de l'Aume-Couture"",""Bassin de Charente-aval"",""Bassin de la Seudre aval"",""Bassin de la Seudre amont"",""Bassin de la Seudre aval"",""Bassin de l'Antenne-Rouzille"",""Bassin de la Boutonne aval et moyenne"",""Bassin des Fleuves côtiers de Gironde"",""Bassin des Fleuves côtiers de Gironde"",""Bassin de la Seudre moyenne"",""Bassin de l'Arnoult"",""Bassin du Bruant"",""Bassin de la Seudre moyenne"",""Bassin du Bruant"",""Bassin de l'Arnoult"",""Bassin de Charente-aval"",""Bassin de la Géres-Devise"",""Bassin de l'Antenne-Rouzille"",""Bassin de la Seugne"",""Bassin de la Seudre amont"",""Bassin de la Géres-Devise""]",
29763,ACI_VienneAval_DDT86-16_n°155_2022,2022-04-01,2023-06-20,abroge,,"[""86"",""16""]",https://regleau.s3.gra.perf.cloud.ovh.net//arrete-cadre/29763/ACI_N_155_Bassin_Vienne_VF_Publication.pdf,"[6331,6284,6351,6352,6330,6349,6328,6329,6350]","[""SOU"",""SUP"",""SUP"",""SUP"",""SOU"",""SUP"",""SOU"",""SOU"",""SUP""]","[""54_86_23"",""54_16_26"",""54_86_18"",""54_86_19"",""54_86_22"",""54_86_16"",""54_86_20"",""54_86_21"",""54_86_17""]","[""Bassin_Vienne_Ozon_MOULIN_DES_HALLES"",""Bassin de la Vienne"",""Bassin_Vienne_Envigne_PONT_DE_BESSE"",""Bassin_Vienne_Ozon_MOULIN_DES_HALLES"",""Bassin_Vienne_Envigne_PONT_DE_BESSE"",""Bassin_Vienne_Amont_LUSSAC"",""Bassin_Vienne_Amont_LUSSAC"",""Bassin_Vienne_Aval_INGRANDES"",""Bassin_Vienne_Aval_INGRANDES""]",
29760,AC_DDT86-SEB_159_2022_HorsOUGC,2022-04-01,2023-06-27,abroge,,86,https://regleau.s3.gra.perf.cloud.ovh.net//arrete-cadre/29760/AC_N_159_2022_Hors_Ougc_VF_Publication.pdf,"[6316,6342,6324,6348,6321,6326,6346,6344]","[""SOU"",""SUP"",""SOU"",""SUP"",""SOU"",""SOU"",""SUP"",""SUP""]","[""54_86_1"",""54_86_1"",""54_86_17"",""54_86_15"",""54_86_14"",""54_86_19"",""54_86_13"",""54_86_11""]","[""Bassin_Anglin_MOULIN_DE_REMERLE"",""Bassin_Anglin_MOULIN_DE_REMERLE"",""Bassin_Gartempe_MONTMORILLON"",""Bassin_Veude_Negron_LEMERE"",""Bassin_Creuse_LEUGNY"",""Bassin_Veude_Negron_LEMERE"",""Bassin_Gartempe_MONTMORILLON"",""Bassin_Creuse_LEUGNY""]",
30051,2350-22-00052_modif20220809,2022-04-01,2023-04-13,abroge,,61,https://regleau.s3.gra.perf.cloud.ovh.net//arrete-cadre/30051/2350-22-00052_modif20220809.pdf,"[9848,9847,9850,9851,9853,9855,9852,9845,9846,9849,9854]","[""SUP"",""SUP"",""SUP"",""SUP"",""SUP"",""SUP"",""SUP"",""SUP"",""SUP"",""SUP"",""SUP""]","[""28_61_0004"",""28_61_0003"",""28_61_0006"",""28_61_0007"",""28_61_0009"",""28_61_0011"",""28_61_0008"",""28_61_0001"",""28_61_0002"",""28_61_0005"",""28_61_0010""]","[""ITON"",""HUISNE"",""ORNE AMONT"",""ORNE MOYENNE"",""SARTHE"",""AVRE"",""RISLE - CHARENTONNE - GUIEL"",""DIVES - VIE"",""EGRENNE - VARENNE"",""MAYENNE AMONT"",""TOUQUES""]","[613,609,614,615,432,618,616,612,608,610,617]"
30005,Bassin_CLAIN_DDT86_n°156_2022,2022-04-01,2022-12-31,abroge,,86,https://regleau.s3.gra.perf.cloud.ovh.net//arrete-cadre/30005/ACI_N_156_Bassin_Clain_2022.pdf,"[8782,8736,8754,8760,8763,8753,8781,8733,8735,8737,8732,8734,8765,8764,8762,8761]","[""SUP"",""SOU"",""SOU"",""SUP"",""SUP"",""SOU"",""SUP"",""SOU"",""SOU"",""SOU"",""SOU"",""SOU"",""SUP"",""SUP"",""SUP"",""SUP""]","[""75_86_0031"",""75_86_0013"",""75_86_0031"",""75_86_0009"",""75_86_0012"",""75_86_0030"",""75_86_0030"",""75_86_0010"",""75_86_0012"",""75_86_0014"",""75_86_0009"",""75_86_0011"",""75_86_0014"",""75_86_0013"",""75_86_0011"",""75_86_0010""]","[""Bassin du Clain - sous bassin du Clain Amont"",""Bassin du Clain - sous bassin de la Boivre"",""Bassin du Clain - sous bassin du Clain Amont"",""Bassin du Clain - sous bassin de l'Auxance"",""Bassin du Clain - sous bassin de la Vonne"",""Bassin du Clain - sous bassin du Clain Aval"",""Bassin du Clain - sous bassin du Clain Aval"",""Bassin du Clain - sous bassin de la Clouère"",""Bassin du Clain - sous bassin de la Vonne"",""Bassin du Clain - sous bassin de la Dive du Sud et de la Bouleure"",""Bassin du Clain - sous bassin de l'Auxance"",""Bassin du Clain - sous bassin de la Pallu"",""Bassin du Clain - sous bassin de la Dive du Sud et de la Bouleure"",""Bassin du Clain - sous bassin de la Boivre"",""Bassin du Clain - sous bassin de la Pallu"",""Bassin du Clain - sous bassin de la Clouère""]","[1244,324,1235,351,458,1234,1243,321,323,325,320,322,460,459,457,1240]"
30176,2350-22-00052_MTE2023,2022-04-01,2022-04-01,abroge,,61,https://regleau.s3.gra.perf.cloud.ovh.net//arrete-cadre/30176/20220401_ACS61.pdf,"[9849,9848,9847,9845,9855,9851,9846,9854,9852,9853,9850]","[""SUP"",""SUP"",""SUP"",""SUP"",""SUP"",""SUP"",""SUP"",""SUP"",""SUP"",""SUP"",""SUP""]","[""28_61_0005"",""28_61_0004"",""28_61_0003"",""28_61_0001"",""28_61_0011"",""28_61_0007"",""28_61_0002"",""28_61_0010"",""28_61_0008"",""28_61_0009"",""28_61_0006""]","[""MAYENNE AMONT"",""ITON"",""HUISNE"",""DIVES - VIE"",""AVRE"",""ORNE MOYENNE"",""EGRENNE - VARENNE"",""TOUQUES"",""RISLE - CHARENTONNE - GUIEL"",""SARTHE"",""ORNE AMONT""]","[610,613,609,612,618,615,608,617,616,432,614]"
29731,ACi Saintonge 17-2022-03-24-00011,2022-04-01,2023-04-24,abroge,,"[""17"",""16"",""79""]",https://regleau.s3.gra.perf.cloud.ovh.net//arrete-cadre/29731/ACi%20Saintonge%202022%20RAA%2017-2022-03-24-00011.pdf,"[6266,4601,6278,6931,6906,4558,6915,6941,6914,6919,6916,6913,6920,6911,6917,6907,6910]","[""SUP"",""SOU"",""SUP"",""SOU"",""SUP"",""SOU"",""SUP"",""SUP"",""SUP"",""SUP"",""SUP"",""SUP"",""SUP"",""SUP"",""SUP"",""SUP"",""SUP""]","[""54_16_1"",""54_17_01"",""54_16_20"",""54_79_8b"",""75_17_11"",""54_16_01"",""75_17_61"",""54_79_8a"",""75_17_5"",""75_17_8"",""75_17_62"",""75_17_4"",""75_17_9"",""75_17_2"",""75_17_63"",""75_17_12"",""75_17_15""]","[""Bassin de l'Antenne-Soloire"",""zone non couverte par l'arrêté cadre"",""Bassin de la Seugne"",""Boutonne Infra-toarcien"",""Bassin de l'Arnoult"",""zone non couverte par l'arrêté cadre"",""Bassin de la Seudre aval"",""Boutonne supra"",""Bassin de l'Antenne-Rouzille"",""Bassin de Charente-aval"",""Bassin de la Seudre moyenne"",""Bassin de la Boutonne aval et moyenne"",""Bassin de la Seugne"",""Bassin de la Gères-Devise"",""Bassin de la Seudre amont"",""Bassin des Fleuves côtiers de Gironde"",""Bassin du Bruant""]",
29917,ACi-BV Charente-Cogesteau-AiP-162022031600006,2022-04-01,2023-04-24,abroge,,"[""87"",""17"",""79"",""86"",""16""]",https://regleau.s3.gra.perf.cloud.ovh.net//arrete-cadre/29917/ACi-Cogesteau-AiP-162022031600006.pdf,"[6918,9187,9180,9179,9171,9427,8728,9177,9178,8756,9174,9181,6905,9173,9182,9172,9406,9176,9428,9175]","[""SUP"",""SOU"",""SUP"",""SUP"",""SUP"",""SOU"",""SOU"",""SUP"",""SUP"",""SUP"",""SUP"",""SUP"",""SUP"",""SUP"",""SUP"",""SUP"",""SUP"",""SUP"",""SOU"",""SUP""]","[""75_17_7"",""75_16_0004"",""75_16_0052"",""75_16_0051"",""75_16_0043"",""75_79_6a"",""75_86_0002"",""75_16_0049"",""75_16_0050"",""75_86_0002"",""75_16_0046"",""75_16_0053"",""75_17_10"",""75_16_0045"",""75_16_0054"",""75_16_0044"",""75_79_7"",""75_16_0048"",""75_79_6b"",""75_16_0047""]","[""Bassin de l'Aume-Couture"",""ESO_COGESTEAU"",""OUGC Cogesteau /  Zone d'alerte : Péruse"",""OUGC Cogesteau /  Zone d'alerte : Nouère"",""OUGC Cogesteau /  Zone d'alerte : Argence"",""Charente - eaux souterraines"",""Bassin de la Charente - secteur Charente Amont"",""OUGC Cogesteau /  Zone d'alerte : Charente-Moyenne"",""OUGC Cogesteau /  Zone d'alerte : Né"",""Bassin de la Charente - secteur Charente Amont"",""OUGC Cogesteau /  Zone d'alerte : Aume-Couture"",""OUGC Cogesteau /  Zone d'alerte : Son-Sonnette"",""Bassin du Né"",""OUGC Cogesteau /  Zone d'alerte : Auge"",""OUGC Cogesteau /  Zone d'alerte : Sud-Angoumois"",""OUGC Cogesteau /  Zone d'alerte : Argent-Or_Lizonne"",""Aume Couture - eaux superficielles"",""OUGC Cogesteau /  Zone d'alerte : Charente-Amont"",""Charente Péruse - eaux souterraines"",""OUGC Cogesteau /  Zone d'alerte : Bief""]","[null,1393,1385,1384,59,1397,326,82,83,1376,1382,1387,null,1381,1388,1380,522,81,1399,1383]"
30206,2023_Bassin_Dive_Du_Nord_86-79-49_ACI_n°163_2022,2022-04-01,2023-06-27,abroge,,"[""86"",""79"",""49""]",https://regleau.s3.gra.perf.cloud.ovh.net//arrete-cadre/30206/ACI_N_163_Dive_du_Nord_2022.pdf,"[8778,8739,8752,8776,8779,8767,8780,8768,8777,8749,8751,9422,8740,9680,9399,9709,8750,8748]","[""SUP"",""SOU"",""SOU"",""SUP"",""SUP"",""SUP"",""SUP"",""SUP"",""SUP"",""SOU"",""SOU"",""SOU"",""SOU"",""SUP"",""SUP"",""SOU"",""SOU"",""SOU""]","[""75_86_0027"",""75_86_0016"",""75_86_0029"",""75_86_0025"",""75_86_0028"",""75_86_0016"",""75_86_0029"",""75_86_0017"",""75_86_0026"",""75_86_0026"",""75_86_0028"",""75_79_4"",""75_86_0017"",""52_49_10"",""75_79_4"",""52_49_16"",""75_86_0027"",""75_86_0025""]","[""Bassin de la Dive du Nord - secteur des sources de la Dive"",""Bassin de la Dive du Nord - secteur de La Grimaudière"",""Bassin de la Dive du Nord - secteur du Marais de la Dive"",""Bassin de la Dive du Nord - secteur de la Petite Maine"",""Bassin de la Dive du Nord - secteur de la Briande"",""Bassin de la Dive du Nord - secteur de La Grimaudière"",""Bassin de la Dive du Nord - secteur du Marais de la Dive"",""Bassin de la Dive du Nord - secteur du Prepson"",""Bassin de la Dive du Nord - secteur de  la Dive canalisée"",""Bassin de la Dive du Nord - secteur de  la Dive canalisée"",""Bassin de la Dive du Nord - secteur de la Briande"",""Dive du Nord - eaux souterraines"",""Bassin de la Dive du Nord - secteur du Prepson"",""DIVE DU NORD"",""Dive du Nord - eaux superficielles"",""Dive du Nord"",""Bassin de la Dive du Nord - secteur des sources de la Dive"",""Bassin de la Dive du Nord - secteur de la Petite Maine""]","[1241,343,1233,576,352,567,1242,568,577,207,350,1264,344,1289,466,410,455,206]"
30054,2022_DDT79_APC_TTA_Maine_et_Loire,2022-04-01,2023-06-27,abroge,,"[""49"",""79""]",https://regleau.s3.gra.perf.cloud.ovh.net//arrete-cadre/30054/AP_cadre_TTA_signe.pdf,"[9442,9443,9418,9701,9420,9700,9419,9440,9417,9441]","[""SOU"",""SOU"",""SUP"",""SUP"",""SUP"",""SUP"",""SUP"",""SOU"",""SUP"",""SOU""]","[""75_79_TTA2c"",""75_79_TTA3"",""75_79_TTA2a"",""52_49_9"",""75_79_TTA3"",""52_49_8"",""75_79_TTA2c"",""75_79_TTA1"",""75_79_TTA1"",""75_79_TTA2a""]","[""Thouet Aval - eaux souterraines"",""Thouaret - eaux souterraines"",""Thouet Amont - eaux superficielles"",""ARGENTON"",""Thouaret - eaux superficielles"",""THOUET"",""Thouet Aval - eaux superficielles"",""Argenton - eaux souterraines"",""Argenton - eaux superficielles"",""Thouet Amont - eaux souterraines""]","[1274,1275,1260,402,1262,401,1261,1272,1259,1273]"
29791,Bassin_CLAIN_DDT86-16-79_ACI n°156_2022,2022-04-01,2022-03-30,abroge,,"[""16"",""79"",""86""]",https://regleau.s3.gra.perf.cloud.ovh.net//arrete-cadre/29791/ACI_N_156_Bassin_Clain_2022.pdf,"[6940,8782,6927,8781,8765,6286,8761,8763,6924,6925,8733,8736,8732,8753,8760,8737,8734,8764,8735,8754,8762]","[""SUP"",""SUP"",""SOU"",""SUP"",""SUP"",""SUP"",""SUP"",""SUP"",""SOU"",""SOU"",""SOU"",""SOU"",""SOU"",""SOU"",""SUP"",""SOU"",""SOU"",""SUP"",""SOU"",""SOU"",""SUP""]","[""54_79_5b"",""75_86_0031"",""54_79_5c"",""75_86_0030"",""75_86_0014"",""54_16_28"",""75_86_0010"",""75_86_0012"",""54_79_5a1"",""54_79_5a2"",""75_86_0010"",""75_86_0013"",""75_86_0009"",""75_86_0030"",""75_86_0009"",""75_86_0014"",""75_86_0011"",""75_86_0013"",""75_86_0012"",""75_86_0031"",""75_86_0011""]","[""Dive du Sud supra"",""Bassin du Clain - sous bassin du Clain Amont"",""Dive du Sud Infra-toarcien"",""Bassin du Clain - sous bassin du Clain Aval"",""Bassin du Clain - sous bassin de la Dive du Sud et de la Bouleure"",""Bassin du Clain"",""Bassin du Clain - sous bassin de la Clouère"",""Bassin du Clain - sous bassin de la Vonne"",""Auxance"",""Boivre"",""Bassin du Clain - sous bassin de la Clouère"",""Bassin du Clain - sous bassin de la Boivre"",""Bassin du Clain - sous bassin de l'Auxance"",""Bassin du Clain - sous bassin du Clain Aval"",""Bassin du Clain - sous bassin de l'Auxance"",""Bassin du Clain - sous bassin de la Dive du Sud et de la Bouleure"",""Bassin du Clain - sous bassin de la Pallu"",""Bassin du Clain - sous bassin de la Boivre"",""Bassin du Clain - sous bassin de la Vonne"",""Bassin du Clain - sous bassin du Clain Amont"",""Bassin du Clain - sous bassin de la Pallu""]","[null,1244,null,1243,460,null,1240,458,null,null,321,324,320,1234,351,325,322,459,323,1235,457]"
29799,Bassin_Vienne_Aval_DDT86-16_ACI_n°155_2022,2022-04-01,2023-06-27,abroge,,"[""16"",""86""]",https://regleau.s3.gra.perf.cloud.ovh.net//arrete-cadre/29799/ACI_N_155_Bassin_Vienne_VF_Publication.pdf,"[8773,8770,8769,8741,8744,8746,6284,8772,8742,8747,8775,8745,8743,8771,8774]","[""SUP"",""SUP"",""SUP"",""SOU"",""SOU"",""SOU"",""SUP"",""SUP"",""SOU"",""SOU"",""SUP"",""SOU"",""SOU"",""SUP"",""SUP""]","[""75_86_0022"",""75_86_0019"",""75_86_0018"",""75_86_0018"",""75_86_0021"",""75_86_0023"",""54_16_26"",""75_86_0021"",""75_86_0019"",""75_86_0024"",""75_86_0024"",""75_86_0022"",""75_86_0020"",""75_86_0020"",""75_86_0023""]","[""Bassin de la Vienne - sous-bassin Blourde-Talbat"",""Bassin de la Vienne - sous-bassin Clain - Creuse"",""Bassin de la Vienne - sous-bassin de l'Envigne"",""Bassin de la Vienne - sous-bassin de l'Envigne"",""Bassin de la Vienne - sous-bassin Talbat - Clain"",""Bassin de la Vienne - sous-bassin Issoire - Blourde"",""Bassin de la Vienne"",""Bassin de la Vienne - sous-bassin Talbat - Clain"",""Bassin de la Vienne - sous-bassin Clain - Creuse"",""Bassin de la Vienne - sous-bassin des Blourdes"",""Bassin de la Vienne - sous-bassin des Blourdes"",""Bassin de la Vienne - sous-bassin Blourde-Talbat"",""Bassin de la Vienne - sous-bassin de l'Ozon"",""Bassin de la Vienne - sous-bassin de l'Ozon"",""Bassin de la Vienne - sous-bassin Issoire - Blourde""]","[573,570,569,345,348,204,null,572,346,205,575,349,347,571,574]"
29726,ACi-Karst-AiP-162022031600008,2022-04-01,2022-06-01,abroge,,"[""16"",""24"",""87""]",https://regleau.s3.gra.perf.cloud.ovh.net//arrete-cadre/29726/ACi-Karst-AiP-162022031600008.pdf,"[5598,6282,5599,6270,6291,6281,6293]","[""SUP"",""SUP"",""SUP"",""SUP"",""SUP"",""SUP"",""SUP""]","[""72_24_0101"",""54_16_24"",""72_24_0201"",""54_16_13"",""54_16_7"",""54_16_23"",""54_16_9""]","[""Tardoire"",""Bassin de la Touvre"",""Bandiat"",""Bassin de l'Echelle"",""Bassin du Bandiat"",""Bassin de la Tardoire"",""Bassin de la Bonnieure""]",
29861,Copie de 2350_22-0052,2022-04-01,2022-05-31,abroge,,61,https://regleau.s3.gra.perf.cloud.ovh.net//arrete-cadre/29861/20220401_ACS61.pdf,"[8910,8913,8914,8915,8917,8918,8909,8911,8916,8912]","[""SUP"",""SUP"",""SUP"",""SUP"",""SUP"",""SUP"",""SUP"",""SUP"",""SUP"",""SUP""]","[""28_61_0001"",""28_61_0004"",""28_61_0005"",""28_61_0006"",""28_61_0008"",""28_61_0009"",""28_61_0000"",""28_61_0002"",""28_61_0007"",""28_61_0003""]","[""Zone d'alerte EGRENNE, VARENNE"",""Zone d'alerte HUISNE"",""Zone d'alerte ORNE AMONT"",""Zone d'alerte DIVES, VIE"",""Zone d'alerte SARTHE AMONT"",""Zone d'alerte ITON"",""Zone d'alerte MAYENNE AMONT"",""Zone d'alerte TOUQUES"",""Zone d'alerte RISLE, CHARENTONNE, GUIEL"",""Zone d'alerte ORNE MOYENNE""]",
29862,2350-22-0052,2022-04-01,2022-05-23,abroge,,61,https://regleau.s3.gra.perf.cloud.ovh.net//arrete-cadre/29862/20220401_ACS61.pdf,"[8917,8914,8913,8909,8918,8910,8911,8916,8915,8912]","[""SUP"",""SUP"",""SUP"",""SUP"",""SUP"",""SUP"",""SUP"",""SUP"",""SUP"",""SUP""]","[""28_61_0008"",""28_61_0005"",""28_61_0004"",""28_61_0000"",""28_61_0009"",""28_61_0001"",""28_61_0002"",""28_61_0007"",""28_61_0006"",""28_61_0003""]","[""Zone d'alerte SARTHE AMONT"",""Zone d'alerte ORNE AMONT"",""Zone d'alerte HUISNE"",""Zone d'alerte MAYENNE AMONT"",""Zone d'alerte ITON"",""Zone d'alerte EGRENNE, VARENNE"",""Zone d'alerte TOUQUES"",""Zone d'alerte RISLE, CHARENTONNE, GUIEL"",""Zone d'alerte DIVES, VIE"",""Zone d'alerte ORNE MOYENNE""]",
29822,DDT86-ACi-Cogesteau-AiP-162022031600006,2022-04-01,2023-06-27,abroge,,86,https://regleau.s3.gra.perf.cloud.ovh.net//arrete-cadre/29822/ACi2022-Cogesteau-AiP-20220316.pdf,"[8756,8728]","[""SUP"",""SOU""]","[""75_86_0002"",""75_86_0002""]","[""Bassin de la Charente - secteur Charente Amont"",""Bassin de la Charente - secteur Charente Amont""]","[1376,326]"
30366,2022-0360-V4,2022-04-01,2025-08-21,abroge,,18,https://regleau.s3.gra.perf.cloud.ovh.net//arrete-cadre/30366/2022-arrete-cadre-secheresse.pdf,"[9464,9465,9467,9454,9459,9466,9455,9461,9456,9453,9463,9458,9462,9460,9457]","[""SUP"",""SUP"",""SUP"",""SUP"",""SUP"",""SUP"",""SUP"",""SUP"",""SUP"",""SUP"",""SUP"",""SUP"",""SUP"",""SUP"",""SUP""]","[""24_18_0012"",""24_18_0013"",""24_18_0015"",""24_18_0002"",""24_18_0007"",""24_18_0014"",""24_18_0003"",""24_18_0009"",""24_18_0004"",""24_18_0001"",""24_18_0011"",""24_18_0006"",""24_18_0010"",""24_18_0008"",""24_18_0005""]","[""Bassin de la Théols"",""Bassin de la Vauvise"",""Bassin de l'Yèvre aval"",""Bassin de l'Arnon aval"",""Bassin du Fouzon"",""Bassin de l'Yèvre amont"",""Bassin de l'Aubois"",""Bassin de l'Indre amont"",""Bassin de l'Auron, de l'Airain et des Rampennes"",""Bassin de l'Arnon amont"",""Bassin de la Petite Sauldre et de la Rère"",""Bassin du Colin, de l'Ouatier et du Langis"",""Bassin de la Loire et de ses affluents"",""Bassin de la Grande Sauldre et du Beuvron"",""Bassin du Cher""]","[1284,1285,1287,1279,1280,1286,397,1281,398,1278,1283,400,1282,578,399]"
29808,DDT2B_AC_001,2022-04-01,null,publie,,2B,https://regleau.s3.gra.perf.cloud.ovh.net/arrete-cadre/29808/DDTM2B-SEBF-EAU-N%C2%B02B-2018-07-18-001.pdf,"[14713,4605,14714,14715,14716]","[""SUP"",""SOU"",""SUP"",""SUP"",""SUP""]","[""94_2B_0001"",""94_2B_01"",""94_2B_0003"",""94_2B_0002"",""94_2B_0004""]","[""Zone hydrographique Balagne"",""zone non couverte par l'arrêté cadre"",""Zone hydrographique Centre Corse"",""Zone hydrographique Cap Corse - Nebbio"",""Zone hydrographique Plaine Orientale""]","[1942,null,1944,1943,1945]"
29898,2022_DDT79_APC_Boutonne,2022-04-01,2023-04-24,abroge,,79,https://regleau.s3.gra.perf.cloud.ovh.net//arrete-cadre/29898/ACi2022%20Saintonge_signe.pdf,"[9430,9407]","[""SOU"",""SUP""]","[""75_79_8a"",""75_79_8a""]","[""Boutonne - eaux souterraines"",""Boutonne - eaux superficielles""]","[540,523]"
30146,Bassin_DIVE_DU_NORD_DDT86_n°163_2022,2022-04-01,2022-04-01,abroge,,"[""86"",""49"",""79""]",https://regleau.s3.gra.perf.cloud.ovh.net//arrete-cadre/30146/ACI_N_163_Dive_du_Nord_2022.pdf,"[8752,8777,8751,8779,8740,8768,8780,8767,8750,8748,8778,9399,8749,8739,9680,8776]","[""SOU"",""SUP"",""SOU"",""SUP"",""SOU"",""SUP"",""SUP"",""SUP"",""SOU"",""SOU"",""SUP"",""SUP"",""SOU"",""SOU"",""SUP"",""SUP""]","[""75_86_0029"",""75_86_0026"",""75_86_0028"",""75_86_0028"",""75_86_0017"",""75_86_0017"",""75_86_0029"",""75_86_0016"",""75_86_0027"",""75_86_0025"",""75_86_0027"",""75_79_4"",""75_86_0026"",""75_86_0016"",""52_49_10"",""75_86_0025""]","[""Bassin de la Dive du Nord - secteur du Marais de la Dive"",""Bassin de la Dive du Nord - secteur de  la Dive canalisée"",""Bassin de la Dive du Nord - secteur de la Briande"",""Bassin de la Dive du Nord - secteur de la Briande"",""Bassin de la Dive du Nord - secteur du Prepson"",""Bassin de la Dive du Nord - secteur du Prepson"",""Bassin de la Dive du Nord - secteur du Marais de la Dive"",""Bassin de la Dive du Nord - secteur de La Grimaudière"",""Bassin de la Dive du Nord - secteur des sources de la Dive"",""Bassin de la Dive du Nord - secteur de la Petite Maine"",""Bassin de la Dive du Nord - secteur des sources de la Dive"",""Dive du Nord - eaux superficielles"",""Bassin de la Dive du Nord - secteur de  la Dive canalisée"",""Bassin de la Dive du Nord - secteur de La Grimaudière"",""DIVE DU NORD"",""Bassin de la Dive du Nord - secteur de la Petite Maine""]","[1233,577,350,352,344,568,1242,567,455,206,1241,466,207,343,1289,576]"
29725,ACi-Cogesteau-AiP-162022031600006,2022-04-01,2022-06-01,abroge,,"[""79"",""17"",""86"",""16""]",https://regleau.s3.gra.perf.cloud.ovh.net//arrete-cadre/29725/ACi-Cogesteau-AiP-162022031600006.pdf,"[6289,6287,6273,6929,6353,6928,6930,6327,6288,6279,6918,6292,6267,6277,6905,6268,6275,6274,6280]","[""SUP"",""SUP"",""SUP"",""SOU"",""SUP"",""SOU"",""SOU"",""SOU"",""SUP"",""SUP"",""SUP"",""SUP"",""SUP"",""SUP"",""SUP"",""SUP"",""SUP"",""SUP"",""SUP""]","[""54_16_5"",""54_16_3"",""54_16_16"",""54_79_6b"",""54_86_2"",""54_79_6a"",""54_79_7"",""54_86_2"",""54_16_4"",""54_16_21"",""75_17_7"",""54_16_8"",""54_16_10"",""54_16_2"",""75_17_10"",""54_16_11"",""54_16_18"",""54_16_17"",""54_16_22""]","[""Bassin de l'Aume-Couture"",""Bassin de l'Argentor-Izonne"",""Bassin du Né"",""Charente Péruse"",""Bassin_Charente_VINDELLE"",""Charente"",""Aume Couture"",""Bassin_Charente_BONNARDELIERE"",""Bassin de l'Auge"",""Bassin du Son-Sonnette"",""Bassin de l'Aume-Couture"",""Bassin du Bief"",""Bassin de Charente-Amont"",""Bassin de l'Argence"",""Bassin du Né"",""Bassin de Charente-Aval"",""Bassin de la Péruse"",""Bassin de la Nouère"",""Bassin du Sud-Angoumois""]",
29832,DDT42_ACtransitoire_001,2022-04-01,2023-04-17,abroge,,42,https://regleau.s3.gra.perf.cloud.ovh.net//arrete-cadre/29832/AP_CADRE_SIGNE_ET_ANNEXES.pdf,"[7706,7711,7708,4622,7707,7712,7713,7710,7714,7705,7709]","[""SUP"",""SUP"",""SUP"",""SOU"",""SUP"",""SUP"",""SUP"",""SUP"",""SUP"",""SUP"",""SUP""]","[""82_42_000LB2"",""82_42_000LB7"",""82_42_000LB4"",""82_42_01"",""82_42_000LB3"",""82_42_000RM1"",""82_42_000RM2"",""82_42_000LB6"",""82_42_00LB2b"",""82_42_000LB1"",""82_42_000LB5""]","[""Affluents de la Loire à l'amont de la confluence Furan : Dunière, l'Andrable, Semène, Ondaine, Furan"",""Affluents rive droite de la Loire à l'aval du barrage de Villerest"",""Affluents rive gauche de la Loire jusqu'au barrage de Villerest"",""zone non couverte par l'arrêté cadre"",""Fleuve Loire et sa nappe d'accompagnement à l'aval de la queue de retenue de Villerest"",""Affluents du Rhône hors Gier, bassins versants Limony Cance hors Rhône et sa nappe d'accompagnement"",""Bassin versant du Gier dans le département"",""Affluents rive gauche de la Loire à l'aval du barrage de Villerest; Besbre, Malgoutte, Arcon, Urbise"",""Affluents de la Loire à l'amont de la confluence Furan : Dunière, l'Andrable, Semène, Ondaine, Furan"",""Fleuve Loire et sa nappe d'accompagnement à l'amont de la queue de retenue de Villerest"",""Affluents rive droite de la Loire de la confluence avec le Furan jusqu'au barrage de Villerest""]",51
30191,2350-22-00052_MTE-2023,2022-04-01,2023-07-11,abroge,,61,https://regleau.s3.gra.perf.cloud.ovh.net//arrete-cadre/30191/20220401_ACS61.pdf,"[9845,9849,9854,9855,9847,9846,9848,9851,9850,9853,9852]","[""SUP"",""SUP"",""SUP"",""SUP"",""SUP"",""SUP"",""SUP"",""SUP"",""SUP"",""SUP"",""SUP""]","[""28_61_0001"",""28_61_0005"",""28_61_0010"",""28_61_0011"",""28_61_0003"",""28_61_0002"",""28_61_0004"",""28_61_0007"",""28_61_0006"",""28_61_0009"",""28_61_0008""]","[""DIVES - VIE"",""MAYENNE AMONT"",""TOUQUES"",""AVRE"",""HUISNE"",""EGRENNE - VARENNE"",""ITON"",""ORNE MOYENNE"",""ORNE AMONT"",""SARTHE"",""RISLE - CHARENTONNE - GUIEL""]","[612,610,617,618,609,608,613,615,614,432,616]"
30050,ACi2022-Vienne-amont : AiP-162022033000006,2022-04-01,2022-10-31,abroge,,"[""16"",""86""]",https://regleau.s3.gra.perf.cloud.ovh.net//arrete-cadre/30050/ACi2022-Vienne-AiP-162022033000006.pdf,"[9166,9168,9167]","[""SUP"",""SUP"",""SUP""]","[""75_16_0032"",""75_16_0035"",""75_16_0033""]","[""BV Vienne /  Zone d'alerte : Vienne-Amont"",""BV Vienne /  Zone d'alerte : Issoire-Blourde"",""BV Vienne /  Zone d'alerte : Goire""]","[390,392,391]"
29967,ACi-BV Clain-AiP-162022033000007,2022-04-01,2022-10-31,abroge,,16,https://regleau.s3.gra.perf.cloud.ovh.net//arrete-cadre/29967/ACi-Clain-AiP-162022033000007.pdf,9169,SUP,75_16_0041,OUGC Clain /  Zone d'alerte : Clain-Amont,393
30055,DDT79_APC_SEVRE_NANTAISE_Maine_et_Loire,2022-04-01,2023-06-27,abroge,,"[""49"",""79""]",https://regleau.s3.gra.perf.cloud.ovh.net//arrete-cadre/30055/AC_SNa_complet_20210617_signe.pdf,"[9710,9439,9416,9686,9685,9684,9408]","[""SOU"",""SOU"",""SUP"",""SUP"",""SUP"",""SUP"",""SUP""]","[""52_49_17"",""75_79_SNaSou"",""75_79_SNaSup"",""52_49_16"",""52_49_15"",""52_49_14"",""75_79_MoiSup""]","[""Sevre-Nantaise"",""Sèvre Nantaise - eaux souterraines"",""Sèvre Nantaise - eaux superficielles"",""SANGUEZE"",""MOINE"",""SEVRE NANTAISE"",""Moine - eaux superficielles""]","[411,1271,1258,1295,1294,1293,519]"
29905,2022_DDT79_APC_TTA,2022-04-01,2022-04-01,abroge,,79,https://regleau.s3.gra.perf.cloud.ovh.net//arrete-cadre/29905/AP_cadre_TTA_signe.pdf,"[9420,9440,9419,9441,9442,9443,9417,9418]","[""SUP"",""SOU"",""SUP"",""SOU"",""SOU"",""SOU"",""SUP"",""SUP""]","[""75_79_TTA3"",""75_79_TTA1"",""75_79_TTA2c"",""75_79_TTA2a"",""75_79_TTA2c"",""75_79_TTA3"",""75_79_TTA1"",""75_79_TTA2a""]","[""Thouaret - eaux superficielles"",""Argenton - eaux souterraines"",""Thouet Aval - eaux superficielles"",""Thouet Amont - eaux souterraines"",""Thouet Aval - eaux souterraines"",""Thouaret - eaux souterraines"",""Argenton - eaux superficielles"",""Thouet Amont - eaux superficielles""]","[1262,1272,1261,1273,1274,1275,1259,1260]"
29901,Copie de 2022_DDT79_APC_CHARENTE,2022-04-01,2022-06-09,abroge,,79,https://regleau.s3.gra.perf.cloud.ovh.net//arrete-cadre/29901/ACi2022-Cogesteau-AiP-20220316_signe.pdf,"[9428,9427,9405,9429,9406,9404]","[""SOU"",""SOU"",""SUP"",""SOU"",""SUP"",""SUP""]","[""75_79_6b"",""75_79_6a"",""75_79_6b"",""75_79_7"",""75_79_7"",""75_79_6a""]","[""Charente Péruse - eaux souterraines"",""Charente - eaux souterraines"",""Charente Péruse - eaux superficielles"",""Aume Couture - eaux souterraines"",""Aume Couture - eaux superficielles"",""Charente - eaux superficielles""]","[1399,1397,1396,539,522,1394]"
29902,2022_DDT79_APC_CHARENTE,2022-04-01,2023-04-24,abroge,,79,https://regleau.s3.gra.perf.cloud.ovh.net//arrete-cadre/29902/ACi2022-Cogesteau-AiP-20220316_signe.pdf,"[9405,9428,9429,9406,9427,9404]","[""SUP"",""SOU"",""SOU"",""SUP"",""SOU"",""SUP""]","[""75_79_6b"",""75_79_6b"",""75_79_7"",""75_79_7"",""75_79_6a"",""75_79_6a""]","[""Charente Péruse - eaux superficielles"",""Charente Péruse - eaux souterraines"",""Aume Couture - eaux souterraines"",""Aume Couture - eaux superficielles"",""Charente - eaux souterraines"",""Charente - eaux superficielles""]","[1396,1399,539,522,1397,1394]"
30036,17 ACi transitoire EPMP 01 20220729,2022-04-01,2022-10-31,abroge,,17,https://regleau.s3.gra.perf.cloud.ovh.net/arrete-cadre/30036/ACI_MP2022_20220503.pdf,"[10025,10134,10036,10032,10033,10125,10034,10132]","[""SUP"",""SOU"",""SUP"",""SUP"",""SUP"",""SOU"",""SUP"",""SOU""]","[""75_17_1"",""75_17_3"",""75_17_3"",""75_17_16"",""75_17_17"",""75_17_1"",""75_17_18"",""75_17_17""]","[""Bassin du Curé - Sèvre Niortaise"",""Bassin Le Mignon"",""Bassin Le Mignon"",""Marais Nord Aunis"",""Marais Sèvre Niortaise"",""Bassin du Curé - Sèvre Niortaise"",""Marais Vendée"",""Marais Sèvre Niortaise""]",
30035,17 AP application prov 22EB331 Dordogne 20220729,2022-04-01,2022-10-31,abroge,,17,https://regleau.s3.gra.perf.cloud.ovh.net//arrete-cadre/30035/AP%2022EB331%20Application%20conjoncturel%2024%20avec%20annexes.pdf,"[10030,10029]","[""SUP"",""SUP""]","[""75_17_14"",""75_17_13""]","[""Bassin de la Dronne aval"",""Bassin d'Isle bassin aval (Lary-Palais)""]",
29904,2022_DDT79_APC_DIVE_DU_NORD,2022-04-01,2023-05-26,abroge,,79,https://regleau.s3.gra.perf.cloud.ovh.net//arrete-cadre/29904/ACI_N_163_Dive_du_Nord_2022.pdf,"[9399,9422]","[""SUP"",""SOU""]","[""75_79_4"",""75_79_4""]","[""Dive du Nord - eaux superficielles"",""Dive du Nord - eaux souterraines""]","[466,1264]"
29965,ACi-BV Charente-Saintonge-AiP-162022032400001,2022-04-01,2022-10-31,abroge,,16,https://regleau.s3.gra.perf.cloud.ovh.net//arrete-cadre/29965/ACi-Saintonge-AiP-162022032400001.pdf,"[9165,9183,9185]","[""SUP"",""SUP"",""SOU""]","[""75_16_0028"",""75_16_0055"",""75_16_0002""]","[""OUGC Saintonge /  Zone d'alerte : L'Antenne"",""OUGC Saintonge /  Zone d'alerte : Seugne"",""ESO_Saintonge""]","[1318,1389,1391]"
29800,Bassin CreuseGartempeAnglinVeudeNegron_AC_159_2022,2022-04-01,2023-06-27,abroge,,86,https://regleau.s3.gra.perf.cloud.ovh.net//arrete-cadre/29800/AC_N_159_2022_Hors_Ougc_VF_Publication.pdf,"[8727,8730,8757,8729,8731,8755,8758,8759]","[""SOU"",""SOU"",""SUP"",""SOU"",""SOU"",""SUP"",""SUP"",""SUP""]","[""75_86_0001"",""75_86_0006"",""75_86_0003"",""75_86_0003"",""75_86_0008"",""75_86_0001"",""75_86_0006"",""75_86_0008""]","[""Bassin de la Gartempe - sous bassin de l'Anglin"",""Bassin de la Gartempe"",""Bassin de la Creuse"",""Bassin de la Creuse"",""Bassin de la Vienne Tourangelle - sous bassin de la Veude et du Négron"",""Bassin de la Gartempe - sous bassin de l'Anglin"",""Bassin de la Gartempe"",""Bassin de la Vienne Tourangelle - sous bassin de la Veude et du Négron""]","[316,318,1237,317,319,1236,1238,1239]"
29732,17 AP application 22EB331 sous-bassins Dordogne,2022-04-01,2022-10-31,abroge,,17,https://regleau.s3.gra.perf.cloud.ovh.net//arrete-cadre/29732/17%20AP%2022EB331%20Application%20Dordogne.pdf,"[6909,6908]","[""SUP"",""SUP""]","[""75_17_14"",""75_17_13""]","[""Bassin de la Dronne aval"",""Bassin de Lary-Palais""]",
29900,2022_DDT79_APC_Charente,2022-04-01,2022-06-09,abroge,,79,https://regleau.s3.gra.perf.cloud.ovh.net//arrete-cadre/29900/ACi2022-Cogesteau-AiP-20220316_signe.pdf,"[9404,9428,9405,9427]","[""SUP"",""SOU"",""SUP"",""SOU""]","[""75_79_6a"",""75_79_6b"",""75_79_6b"",""75_79_6a""]","[""Charente - eaux superficielles"",""Charente Péruse - eaux souterraines"",""Charente Péruse - eaux superficielles"",""Charente - eaux souterraines""]","[1394,1399,1396,1397]"
29903,2022_DDT79_APC_CLAIN,2022-04-01,2023-06-09,abroge,,79,https://regleau.s3.gra.perf.cloud.ovh.net//arrete-cadre/29903/ACI_N_156_Bassin_Clain_2022.pdf,"[9423,9424,9426,9402,9401,9403,9400,9425]","[""SOU"",""SOU"",""SOU"",""SUP"",""SUP"",""SUP"",""SUP"",""SOU""]","[""75_79_5a1"",""75_79_5a2"",""75_79_5b"",""75_79_5a3"",""75_79_5a2"",""75_79_5b"",""75_79_5a1"",""75_79_5a3""]","[""Auxance  - eaux souterraines"",""Boivre  - eaux souterraines"",""Dive du Sud - eaux souterraines"",""Vonne - eaux superficielles"",""Boivre - eaux superficielles"",""Dive du Sud - eaux superficielles"",""Auxance - eaux superficielles"",""Vonne - eaux souterraines""]","[1265,396,526,479,196,480,467,525]"
29733,2022 - 79 - Layon - test,2022-04-01,2022-06-09,abroge,,79,https://regleau.s3.gra.perf.cloud.ovh.net//arrete-cadre/29733/arrete_layon_signe.pdf,6939,SUP,54_79_1b,Layon,
29737,17 ACi transitoire EPMP 01,2022-04-01,2022-10-31,abroge,,17,https://regleau.s3.gra.perf.cloud.ovh.net//arrete-cadre/29737/AC_MP_2021.pdf,"[6904,6912]","[""SUP"",""SUP""]","[""75_17_1"",""75_17_3""]","[""Bassin du Curé - Sèvre Niortaise"",""Bassin Le Mignon""]",
29899,2022_DDT79_APC_Layon,2022-04-01,2023-06-08,abroge,,79,https://regleau.s3.gra.perf.cloud.ovh.net//arrete-cadre/29899/arrete_layon_signe.pdf,"[9421,9398]","[""SOU"",""SUP""]","[""75_79_1b"",""75_79_1b""]","[""Layon - eaux souterraines"",""Layon - eaux superficielles""]","[1263,465]"
30026,17 AP application provisoire 22EB331 Dordogne,2022-04-01,2023-10-31,abroge,,17,https://regleau.s3.gra.perf.cloud.ovh.net//arrete-cadre/30026/AP%2022EB331%20Application%20conjoncturel%2024%20avec%20annexes.pdf,,,,,
29046,ACi-Karst-AiP-162022031600008,2022-04-01,2023-03-31,abroge,,,,,,,,
29706,ACi2022-Clain-AiP-162022033000007,2022-04-01,2022-10-31,abroge,,,,,,,,
29055,ACi-Saintonge-AiP-162022032400001,2022-04-01,2023-03-31,abroge,,,,,,,,
29687,56-2022-03-18-00002,2022-04-01,2022-11-30,abroge,,,,,,,,
29707,ACi2022-Vienne-AiP-162022033000006,2022-04-01,2022-10-31,abroge,,,,,,,,
29716,2350_22-0052,2022-04-01,2022-06-01,abroge,,61,https://regleau.s3.gra.perf.cloud.ovh.net//arrete-cadre/29716/20220401_ACS61-compressed.pdf,,,,,
29670,DDT_SEN20220330_B35,2022-04-01,null,publie,,,,,,,,
29671,DDT_SEN20220330_B36,2022-04-01,null,publie,,,,,,,,
29045,ACi2022-Cogesteau-AiP-162022031600006,2022-04-01,2023-03-31,abroge,,,,,,,,
30390,71-2022-05-25-00001 (axe loire),2022-04-04,2024-08-02,abroge,,71,https://regleau.s3.gra.perf.cloud.ovh.net//arrete-cadre/30390/AP_cadre_2022_signe_prefet_avec_annexes.pdf,9968,SUP,2,VALLÉE DE LA LOIRE,434
29970,DDT53_ACD_2022,2022-04-05,2023-04-19,abroge,,53,https://regleau.s3.gra.perf.cloud.ovh.net//arrete-cadre/29970/Arrete_cadre_secheresse_53_20220405.pdf,"[9730,9729,9725,9721,9726,9719,9727,9720,9723,9728,9722,9724]","[""SOU"",""SOU"",""SOU"",""SUP"",""SOU"",""SUP"",""SOU"",""SUP"",""SUP"",""SOU"",""SUP"",""SUP""]","[""52_53_9"",""52_53_8"",""52_53_1"",""52_53_6"",""52_53_3"",""52_53_1"",""52_53_6"",""52_53_3"",""52_53_8"",""52_53_7"",""52_53_7"",""52_53_9""]","[""bassin Sarthe aval"",""bassin Sarthe amont"",""bassin Mayenne médiane et aval"",""bassin Mayenne amont est"",""bassin Oudon"",""bassin Mayenne médiane et aval"",""bassin Mayenne amont est"",""bassin Oudon"",""bassin Sarthe amont"",""bassin Mayenne amont ouest"",""bassin Mayenne amont ouest"",""bassin Sarthe aval""]","[431,430,426,422,427,420,428,421,424,429,423,425]"
29676,53-2022-04-05-00003,2022-04-05,null,publie,,,,,,,,
29830,45-2022-04-06-BEAUCE,2022-04-06,2023-06-01,abroge,,45,https://regleau.s3.gra.perf.cloud.ovh.net//arrete-cadre/29830/AP_cadre_Beauce_2022-2024_sign%C3%A9.pdf,"[8619,7739,8618,8626,8621,8623,8599,7740,8605,8620,8627,8616,7741]","[""SUP"",""SOU"",""SUP"",""SUP"",""SUP"",""SUP"",""SUP"",""SOU"",""SUP"",""SUP"",""SUP"",""SUP"",""SOU""]","[""24_45_26"",""24_45_001"",""24_45_25"",""24_45_33"",""24_45_28"",""24_45_30"",""24_45_05"",""24_45_002"",""24_45_11"",""24_45_27"",""24_45_34"",""24_45_23"",""24_45_003""]","[""Bassin_du_Puiseaux"",""Calcaires de Beauce (Beauce Centrale 45)"",""Bassin_de_la_Bonnee"",""Bassin de la Conie (45)"",""Bassin_du_Vernisson"",""Bassin des Mauves (45)"",""Beauce Centrale (45)"",""Calcaires de Beauce (Fusin 45)"",""Fusin (45)"",""Bassin_du_Solin"",""Bassin Juine-Essonne (45)"",""Bassin_de la_Bezonde"",""Calcaires de Beauce (Montargois)""]",
30061,ACI-05-26-84 Lez-Aygues-Ouveze,2022-04-07,2023-06-22,abroge,,"[""05"",""84"",""26""]",https://regleau.s3.gra.perf.cloud.ovh.net//arrete-cadre/30061/ACI-LAO-Vfinale.pdf,"[9584,8956,9572,9571,9582,8966,9570,9583,8967,8923]","[""SOU"",""SUP"",""SUP"",""SUP"",""SOU"",""SUP"",""SUP"",""SOU"",""SUP"",""SUP""]","[""84_26_0010"",""93_84_0001"",""84_26_0010"",""84_26_0009"",""84_26_0008"",""93_84_0011"",""84_26_0008"",""84_26_0009"",""93_84_0012"",""93_05_0004""]","[""OUVEZE PROVENCALE"",""Bassin  de l''Æygues"",""OUVEZE - PROVENCALE"",""AEYGUES"",""LEZ PROVENCAL - LAUZON"",""Bassin de l''Ouvèze provençale"",""LEZ PROVENCAL - LAUZON"",""AEYGUES"",""Bassin du Lez provençal-Lauzon"",""Bassin E(A)ygues partie 05""]","[null,384,null,null,null,54,null,null,55,379]"
30074,Copie de ACI-05-26-84 Lez-Aygues-Ouveze,2022-04-07,2023-06-18,abroge,,"[""05"",""26"",""84""]",https://regleau.s3.gra.perf.cloud.ovh.net//arrete-cadre/30074/ACI-LAO-Vfinale.pdf,"[10442,10469,10470,10443,8923,8967,8966,10441,8956,10468]","[""SUP"",""SOU"",""SOU"",""SUP"",""SUP"",""SUP"",""SUP"",""SUP"",""SUP"",""SOU""]","[""84_26_0009"",""84_26_0020"",""84_26_0021"",""84_26_0010"",""93_05_0004"",""93_84_0012"",""93_84_0011"",""84_26_0008"",""93_84_0001"",""84_26_0019""]","[""E(A)ygues"",""E(A)ygues"",""Ouvèze provençale"",""Ouvèze provençale"",""Bassin E(A)ygues partie 05"",""Bassin du Lez provençal-Lauzon"",""Bassin de l''Ouvèze provençale"",""Lez provençal -Lauzon"",""Bassin  de l''Æygues"",""Lez provençal -Lauzon""]","[1782,1789,1790,1783,379,55,54,1781,384,1788]"
29740,45-2022-04-06-ACS-LOIRET,2022-04-07,2023-03-09,abroge,,45,https://regleau.s3.gra.perf.cloud.ovh.net//arrete-cadre/29740/AP_cadre_Loiret_2022_2024_sign%C3%A9.pdf,"[8608,8614,8611,8609,8598,8596,8607,8600,8615,8613,8602,8601,8604,8617,8612,8606,8610,8597,8595,8603]","[""SUP"",""SUP"",""SUP"",""SUP"",""SUP"",""SUP"",""SUP"",""SUP"",""SUP"",""SUP"",""SUP"",""SUP"",""SUP"",""SUP"",""SUP"",""SUP"",""SUP"",""SUP"",""SUP"",""SUP""]","[""24_45_14"",""24_45_21"",""24_45_17"",""24_45_15"",""24_45_04"",""24_45_02"",""24_45_13"",""24_45_06"",""24_45_22"",""24_45_20"",""24_45_08"",""24_45_07"",""24_45_10"",""24_45_24"",""24_45_19"",""24_45_12"",""24_45_16"",""24_45_03"",""24_45_01"",""24_45_09""]","[""Loire a Gien (45)"",""Bassin du ru de Pont Chevron"",""Bassin du Milleron (45)"",""Loire a Onzain (45)"",""Bassin de l'Aveyron (45)"",""Bassin de l'Ardoux (45)"",""Bassin du Loing aval (45)"",""Bassin du Bec d'Able"",""Bassin de la Sange"",""Bassin de l'Ouanne (45)"",""Bassin du Beuvron (45)"",""Bassin du Betz (45)"",""Bassin du Cosson (45)"",""Bassins Trezee-Ousson (45)"",""Bassins Notreure-Ocre (45)"",""Bassin du Loing amont (45)"",""Bassins Loiret-Dhuy"",""Bassins Avenelle-Ethelin (45)"",""Bassin de l'Aquiaulne (45)"",""Bassin de la Clery (45)""]",
29881,ACI-05-26-84: Lez-Aygues-Ouveze-7 avril 2022,2022-04-07,2023-06-15,abroge,,"[""05"",""84"",""26""]",https://regleau.s3.gra.perf.cloud.ovh.net//arrete-cadre/29881/ACI-LAO-7-AVRIL-2022.pdf,"[9381,9393,9395,8966,8967,8923,9383,9382,8956,9394]","[""SUP"",""SOU"",""SOU"",""SUP"",""SUP"",""SUP"",""SUP"",""SUP"",""SUP"",""SOU""]","[""84_26_0008"",""84_26_0008"",""84_26_0010"",""93_84_0011"",""93_84_0012"",""93_05_0004"",""84_26_0010"",""84_26_0009"",""93_84_0001"",""84_26_0009""]","[""LEZ PROVENCAL - LAUZON"",""LEZ PROVENCAL - LAUZON"",""OUVEZE PROVENCALE"",""Bassin de l''Ouvèze provençale"",""Bassin du Lez provençal-Lauzon"",""Bassin E(A)ygues partie 05"",""OUVEZE - PROVENCALE"",""AEYGUES"",""Bassin  de l''Æygues"",""AEYGUES""]","[null,null,null,54,55,379,null,null,384,null]"
29852,84-ACD-7-AVRIL-2022,2022-04-07,2023-06-28,abroge,,84,https://regleau.s3.gra.perf.cloud.ovh.net//arrete-cadre/29852/ACD84-07042022-SIGNE.pdf,"[8960,8959,8961,8964,8965,8962,8957,8963,8958]","[""SUP"",""SUP"",""SUP"",""SUP"",""SUP"",""SUP"",""SUP"",""SUP"",""SUP""]","[""93_84_0005"",""93_84_0004"",""93_84_0006"",""93_84_0009"",""93_84_0010"",""93_84_0007"",""93_84_0002"",""93_84_0008"",""93_84_0003""]","[""Durance nappe d’accompagnement"",""Bassin du Calavon Amont"",""Bassin du Rhône"",""Bassin du sud-ouest du Mont Ventoux"",""Bassin versant des Sorgues"",""Bassin du Sud Luberon"",""Bassin du Calavon Median"",""Bassin de la Nesque"",""Bassin de la Meyne""]","[1778,394,678,52,53,679,385,680,386]"
29738,Copie de 45-2022-04-06-LO,2022-04-07,2022-05-04,abroge,,45,https://regleau.s3.gra.perf.cloud.ovh.net//arrete-cadre/29738/AP_cadre_Loiret_2022_2024_sign%C3%A9.pdf,"[8615,8607,8600,8610,8612,8613,8614,8602,8597,8595,8606,8596,8608,8609,8603,8604,8617,8598,8611,8601]","[""SUP"",""SUP"",""SUP"",""SUP"",""SUP"",""SUP"",""SUP"",""SUP"",""SUP"",""SUP"",""SUP"",""SUP"",""SUP"",""SUP"",""SUP"",""SUP"",""SUP"",""SUP"",""SUP"",""SUP""]","[""24_45_22"",""24_45_13"",""24_45_06"",""24_45_16"",""24_45_19"",""24_45_20"",""24_45_21"",""24_45_08"",""24_45_03"",""24_45_01"",""24_45_12"",""24_45_02"",""24_45_14"",""24_45_15"",""24_45_09"",""24_45_10"",""24_45_24"",""24_45_04"",""24_45_17"",""24_45_07""]","[""Bassin de la Sange"",""Bassin du Loing aval (45)"",""Bassin du Bec d'Able"",""Bassins Loiret-Dhuy"",""Bassins Notreure-Ocre (45)"",""Bassin de l'Ouanne (45)"",""Bassin du ru de Pont Chevron"",""Bassin du Beuvron (45)"",""Bassins Avenelle-Ethelin (45)"",""Bassin de l'Aquiaulne (45)"",""Bassin du Loing amont (45)"",""Bassin de l'Ardoux (45)"",""Loire a Gien (45)"",""Loire a Onzain (45)"",""Bassin de la Clery (45)"",""Bassin du Cosson (45)"",""Bassins Trezee-Ousson (45)"",""Bassin de l'Aveyron (45)"",""Bassin du Milleron (45)"",""Bassin du Betz (45)""]",
29735,45-2022-04-06-LO,2022-04-07,2022-05-04,abroge,,45,https://regleau.s3.gra.perf.cloud.ovh.net//arrete-cadre/29735/AP_cadre_Loiret_2022_2024_sign%C3%A9.pdf,"[7743,7744,7746,7747,7748,7742,7745]","[""SOU"",""SOU"",""SOU"",""SOU"",""SOU"",""SOU"",""SOU""]","[""24_45_005"",""24_45_006"",""24_45_008"",""24_45_009"",""24_45_010"",""24_45_004"",""24_45_007""]","[""Craie (Betz 45)"",""Craie (Clery 45)"",""Craie (Loing aval 45)"",""Craie (Milleron 45)"",""Craie (Ouanne 45)"",""Craie (Aveyron 45)"",""Craie (Loing amont 45)""]",
29734,45-2022-04-06-BE,2022-04-07,2022-05-25,abroge,,45,https://regleau.s3.gra.perf.cloud.ovh.net//arrete-cadre/29734/AP_cadre_Beauce_2022-2024_sign%C3%A9.pdf,"[7740,7739,7741]","[""SOU"",""SOU"",""SOU""]","[""24_45_002"",""24_45_001"",""24_45_003""]","[""Calcaires de Beauce (Fusin 45)"",""Calcaires de Beauce (Beauce Centrale 45)"",""Calcaires de Beauce (Montargois)""]",
30475,ACI-05-26-84 Lez-Aygues-Ouveze,2022-04-07,null,publie,84,"[""26"",""84"",""05""]",https://regleau.s3.gra.perf.cloud.ovh.net/arrete-cadre/30475/ACI-LAO-Vfinale.pdf,"[8966,10469,10442,8967,10470,15068,10441,15064,8956,10056,10066,10067,10443,10468]","[""SUP"",""SOU"",""SUP"",""SUP"",""SOU"",""SUP"",""SUP"",""SOU"",""SUP"",""SOU"",""SOU"",""SOU"",""SUP"",""SOU""]","[""93_84_0011"",""84_26_0020"",""84_26_0009"",""93_84_0012"",""84_26_0021"",""93_05_0004"",""84_26_0008"",""93_05_0004"",""93_84_0001"",""93_84_0001"",""93_84_0011"",""93_84_0012"",""84_26_0010"",""84_26_0019""]","[""Bassin de l''Ouvèze provençale"",""E(A)ygues"",""E(A)ygues"",""Bassin du Lez provençal-Lauzon"",""Ouvèze provençale"",""Bassin A(E)ygues partie 05"",""Lez provençal -Lauzon"",""Bassin A(E)ygues partie 05"",""Bassin  de l''Æygues"",""Bassin  de l''Æygues"",""Bassin de l''Ouvèze provençale"",""Bassin du Lez provençal-Lauzon"",""Ouvèze provençale"",""Lez provençal -Lauzon""]","[54,1789,1782,55,1790,2316,1781,2327,384,1848,75,76,1783,1788]"
29680,2022-45-B,2022-04-07,2022-11-30,abroge,,,,,,,,
29681,2022-45-L,2022-04-07,2022-11-30,abroge,,,,,,,,
29947,2022-0360,2022-04-11,2023-03-31,abroge,,18,https://regleau.s3.gra.perf.cloud.ovh.net//arrete-cadre/29947/2022-arrete-cadre-secheresse.pdf,"[9466,9453,9460,9464,9459,9457,9462,9461,9454,9458,9456,9455,9465,9467,9463]","[""SUP"",""SUP"",""SUP"",""SUP"",""SUP"",""SUP"",""SUP"",""SUP"",""SUP"",""SUP"",""SUP"",""SUP"",""SUP"",""SUP"",""SUP""]","[""24_18_0014"",""24_18_0001"",""24_18_0008"",""24_18_0012"",""24_18_0007"",""24_18_0005"",""24_18_0010"",""24_18_0009"",""24_18_0002"",""24_18_0006"",""24_18_0004"",""24_18_0003"",""24_18_0013"",""24_18_0015"",""24_18_0011""]","[""Bassin de l'Yèvre amont"",""Bassin de l'Arnon amont"",""Bassin de la Grande Sauldre et du Beuvron"",""Bassin de la Théols"",""Bassin du Fouzon"",""Bassin du Cher"",""Bassin de la Loire et de ses affluents"",""Bassin de l'Indre amont"",""Bassin de l'Arnon aval"",""Bassin du Colin, de l'Ouatier et du Langis"",""Bassin de l'Auron, de l'Airain et des Rampennes"",""Bassin de l'Aubois"",""Bassin de la Vauvise"",""Bassin de l'Yèvre aval"",""Bassin de la Petite Sauldre et de la Rère""]","[1286,1278,578,1284,1280,399,1282,1281,1279,400,398,397,1285,1287,1283]"
29777,0360,2022-04-11,2022-04-11,abroge,,18,https://regleau.s3.gra.perf.cloud.ovh.net//arrete-cadre/29777/2022-arrete-cadre-secheresse.pdf,"[3387,3432,3385,3389,3383,3382,3433,4602,3381,3379,3386,3388,3390,3380,3384]","[""SUP"",""SUP"",""SUP"",""SUP"",""SUP"",""SUP"",""SUP"",""SOU"",""SUP"",""SUP"",""SUP"",""SUP"",""SUP"",""SUP"",""SUP""]","[""24_18_0011"",""24_18_0008"",""24_18_0007"",""24_18_0013"",""24_18_0005"",""24_18_0004"",""24_18_0009"",""24_18_01"",""24_18_0003"",""24_18_0001"",""24_18_0010"",""24_18_0012"",""24_18_0014"",""24_18_0002"",""24_18_0006""]","[""bassin du  Colin, de  l'Ouatier et du Langis"",""bassin de la Grande Sauldre et du Beuvron"",""bassin de la Petite Sauldre et de la Rère"",""bassin de l'Arnon Aval"",""bassin de l'Auron"",""bassin de la Vauvise"",""bassin de la Loire"",""zone non couverte par l'arrêté cadre"",""bassin de l'Indre"",""bassin du Fouzon"",""bassin de l'Yèvre aval"",""bassin de l'Arnon Amont"",""bassin de l'Yèvre amont"",""bassin du Cher"",""bassin de l'Aubois""]",1230
29895,2022_DDT79_APC_SNMP,2022-04-19,2022-10-31,abroge,,79,https://regleau.s3.gra.perf.cloud.ovh.net/arrete-cadre/29895/ACIS_MP2022_20220503-signe.pdf,"[9411,9434,9435,9412,9415,9436,9409,9438,9432,9413,9437,9414,9410,9433]","[""SUP"",""SOU"",""SOU"",""SUP"",""SUP"",""SOU"",""SUP"",""SOU"",""SOU"",""SUP"",""SOU"",""SUP"",""SUP"",""SOU""]","[""75_79_MP3"",""75_79_MP3"",""75_79_MP5-3"",""75_79_MP5-3"",""75_79_MP9"",""75_79_MP7"",""75_79_MP1"",""75_79_MP9"",""75_79_MP1"",""75_79_MP7"",""75_79_MP8"",""75_79_MP8"",""75_79_MP2"",""75_79_MP2""]","[""Lambon - eaux superficielles"",""Lambon - eaux souterraines"",""Marais Mouillé Sèvre Niortaise - eaux souterraines"",""Marais Mouillé Sèvre Niortaise - eaux superficielles"",""Vendée - eaux superficielles"",""Mignon Courance - eaux souterraines"",""Sèvre Niortaise Amont - eaux superficielles"",""Vendée - eaux souterraines"",""Sèvre Niortaise Amont - eaux souterraines"",""Mignon Courance - eaux superficielles"",""Autize - eaux souterraines"",""Autize - eaux superficielles"",""Sèvre Niortaise Moyenne - eaux superficielles"",""Sèvre Niortaise Moyenne - eaux souterraines""]","[1254,1266,1267,524,1257,1268,520,1270,537,1255,1269,1256,521,538]"
29951,DDT54-ERC-2022-038-AP-CADRE,2022-04-20,2023-04-26,abroge,,54,https://regleau.s3.gra.perf.cloud.ovh.net//arrete-cadre/29951/AP-DDT-ERC-2022-038_cadre_limitation_suspension_usage_de_l_eau.pdf,"[7318,7319,7317,4571]","[""SUP"",""SUP"",""SUP"",""SOU""]","[""44_54_02"",""44_54_03"",""44_54_01"",""41_54_01""]","[""Meuse aval et Chiers partie du département 54"",""Moselle aval, Orne, Nied et Seille partie du département 54"",""Moselle amont et Meurthe partie du département 54"",""zone non couverte par l'arrêté cadre""]",
29860,DDT-ERC-2022-038-AP-CADRE,2022-04-20,2022-06-22,abroge,,54,https://regleau.s3.gra.perf.cloud.ovh.net//arrete-cadre/29860/AP-DDT-ERC-2022-038_cadre_limitation_suspension_usage_de_l_eau.pdf,"[7318,7319,7317,4571]","[""SUP"",""SUP"",""SUP"",""SOU""]","[""44_54_02"",""44_54_03"",""44_54_01"",""41_54_01""]","[""Meuse aval et Chiers partie du département 54"",""Moselle aval, Orne, Nied et Seille partie du département 54"",""Moselle amont et Meurthe partie du département 54"",""zone non couverte par l'arrêté cadre""]",
29859,DDT-ERC-2022-038,2022-04-20,2022-04-21,abroge,,54,https://regleau.s3.gra.perf.cloud.ovh.net//arrete-cadre/29859/AP-DDT-ERC-2022-038_cadre_limitation_suspension_usage_de_l_eau.pdf,,,,,
29765,41 2022 04 21 00007 Loir-et-Cher,2022-04-21,2022-05-30,abroge,,41,https://regleau.s3.gra.perf.cloud.ovh.net//arrete-cadre/29765/20220421_APCS_n%C2%B041-2022-04-21-00007_Dat%C3%A9Sign%C3%A9.pdf,"[6041,6046,6040,6049,6044,6042,6039,6043,6048,6050,6047,6045]","[""SUP"",""SUP"",""SOU"",""SUP"",""SUP"",""SUP"",""SOU"",""SUP"",""SUP"",""SUP"",""SUP"",""SUP""]","[""24_41_01"",""24_41_06"",""24_41_2"",""24_41_09"",""24_41_04"",""24_41_02"",""24_41_1"",""24_41_03"",""24_41_08"",""24_41_10"",""24_41_07"",""24_41_05""]","[""Bassin versant de la Braye"",""Bassins versants du Beuvron et de la Masse"",""nappe de Beauce blésoise"",""Bassin versant des exutoires de la nappe de Beauce blésoise"",""Bassin versant de la Cisse"",""Bassin versant du Loir"",""nappe de Beauce centrale"",""Bassin versant de la Brenne"",""Rivière le Cher"",""Bassin versant des exutoires de la nappe de Beauce centrale"",""Bassin versant des affluents du Cher"",""Bassin versant des affluents de la Loire""]",
29840,41-2022-04-21-00007,2022-04-21,2023-05-09,abroge,,41,https://regleau.s3.gra.perf.cloud.ovh.net//arrete-cadre/29840/20220421_APCS_n%C2%B041-2022-04-21-00007_Dat%C3%A9Sign%C3%A9.pdf,"[8997,8998,8985,8982,8983,8976,8978,8981,8989,8996,8995,8993,8984,8974,8980,8990,8994,9001,9002,8992,8988,9003,8986,8999,8987,8991,8975,9000,8977,8979]","[""SOU"",""SOU"",""SUP"",""SUP"",""SUP"",""SUP"",""SUP"",""SUP"",""SOU"",""SOU"",""SOU"",""SOU"",""SUP"",""SUP"",""SUP"",""SOU"",""SOU"",""SOU"",""SOU"",""SOU"",""SUP"",""SOU"",""SUP"",""SOU"",""SUP"",""SOU"",""SUP"",""SOU"",""SUP"",""SUP""]","[""24_41_0009"",""24_41_0010"",""24_41_0012"",""24_41_0009"",""24_41_0010"",""24_41_0003"",""24_41_0005"",""24_41_0008"",""24_41_0001"",""24_41_0008"",""24_41_0007"",""24_41_0005"",""24_41_0011"",""24_41_0001"",""24_41_0007"",""24_41_0002"",""24_41_0006"",""24_41_0013"",""24_41_0014"",""24_41_0004"",""24_41_0015"",""24_41_0015"",""24_41_0013"",""24_41_0011"",""24_41_0014"",""24_41_0003"",""24_41_0002"",""24_41_0012"",""24_41_0004"",""24_41_0006""]","[""Bassin du Fouzon"",""Bassin de La Braye"",""Bassin du Loir aval"",""Bassin du Fouzon"",""Bassin de La Braye"",""Bassin  de l'Aigre"",""Bassin de la Brenne"",""Bassin du Cosson"",""Affluents Loire amont"",""Bassin du Cosson"",""Bassin de la Cisse"",""Bassin de la Brenne"",""Bassin du Loir amont"",""Affluents Loire amont"",""Bassin de la Cisse"",""Aflluents Loire aval"",""Bassin du Cher"",""Bassin de la Masse"",""Bassin des Mauves"",""Bassin du Beuvron"",""Bassin de la Sauldre"",""Bassin de la Sauldre"",""Bassin de la Masse"",""Bassin du Loir amont"",""Bassin des Mauves"",""Bassin  de l'Aigre"",""Aflluents Loire aval"",""Bassin du Loir aval"",""Bassin du Beuvron"",""Bassin du Cher""]","[638,639,622,619,620,592,594,597,359,636,635,363,621,590,596,360,634,1251,696,362,358,369,1250,640,633,361,591,676,593,595]"
30023,2022-583 (modif),2022-04-26,2022-07-27,abroge,,15,https://regleau.s3.gra.perf.cloud.ovh.net//arrete-cadre/30023/2022-04-26_Arrete_cadre_signe_AvecAnnexes.pdf,,,,,
29810,2022-583,2022-04-26,2022-07-27,abroge,,15,https://regleau.s3.gra.perf.cloud.ovh.net//arrete-cadre/29810/2022-04-26_Arrete_cadre_signe_AvecAnnexes.pdf,"[8711,8709,8713,8716,8708,8714,8712,8715,8710,8707]","[""SUP"",""SUP"",""SUP"",""SUP"",""SUP"",""SUP"",""SUP"",""SUP"",""SUP"",""SUP""]","[""84_015_0005"",""84_015_0003"",""84_015_0007"",""84_015_0010"",""84_015_0002"",""84_015_0008"",""84_015_0006"",""84_015_0009"",""84_015_0004"",""84_015_0001""]","[""Sumène"",""Cère"",""Haut-Allier"",""Célé"",""Aubrac"",""Alagnon"",""Truyère_aval"",""Rhue"",""Maronne"",""Ander-Margeride""]",
30024,2022-583_,2022-04-26,2023-06-28,abroge,,15,https://regleau.s3.gra.perf.cloud.ovh.net//arrete-cadre/30024/2022-04-26_Arrete_cadre_signe_AvecAnnexes.pdf,"[10123,10119,10120,10124,10122,10116,10117,10114,10115,10118,10121]","[""SUP"",""SUP"",""SUP"",""SUP"",""SUP"",""SUP"",""SUP"",""SUP"",""SUP"",""SUP"",""SUP""]","[""84_015_0010"",""84_015_0006"",""84_015_0007"",""84_015_0011"",""84_015_0009"",""84_015_0003"",""84_015_0004"",""84_015_0001"",""84_015_0002"",""84_015_0005"",""84_015_0008""]","[""Célé"",""Truyère_aval"",""Haut-Allier"",""Veyre"",""Rhue"",""Cère"",""Maronne"",""Ander-Margeride"",""Aubrac"",""Sumène"",""Alagnon""]",
29857,25-2022-04-28-00001,2022-04-28,2023-06-12,abroge,,25,https://regleau.s3.gra.perf.cloud.ovh.net//arrete-cadre/29857/220428Arr%C3%AAt%C3%A9_Cadre_Doubs_sign%C3%A9.pdf,"[3653,3650,4577,3652,3658]","[""SUP"",""SUP"",""SOU"",""SUP"",""SUP""]","[""43_25_0005"",""43_25_0004"",""43_25_01"",""43_25_0007"",""43_25_0006""]","[""Plateaux calcaires jurassiens_dpt 25"",""Haute Chaine_dpt 25"",""zone non couverte par l'arrêté cadre"",""bassin versant de l'Allan_dpt 25"",""Moyennes vallées du Doubs et de l'Ognon et plaine jurassienne_dpt 25""]",19
29856,25-2022-04-28-00001,2022-04-28,2022-06-01,abroge,,25,https://regleau.s3.gra.perf.cloud.ovh.net//arrete-cadre/29856/220428Arr%C3%AAt%C3%A9_Cadre_Doubs_sign%C3%A9.pdf,,,,,
29792,64-2022-04-29-00013 Bidouze Aval,2022-04-29,2022-04-29,abroge,,64,https://regleau.s3.gra.perf.cloud.ovh.net//arrete-cadre/29792/AP%2064-2022-04-29-00013%20Bidouze%20Joyeuse.pdf,5485,SUP,75_64_000008,Bassin de la Bidouze du Moulin de Came à la confluence avec l'Adour,
29973,64-2022-04-29-00013 Bidouze Aval,2022-04-29,2022-10-31,abroge,,64,https://regleau.s3.gra.perf.cloud.ovh.net//arrete-cadre/29973/AP%2064-2022-04-29-00013%20Bidouze%20Joyeuse.pdf,9738,SUP,75_64_000008,Bassin de la Bidouze du Moulin de Came à la confluence avec l'Adour,
29784,64-2022-04-29-00012 Lausset,2022-04-29,2022-04-29,abroge,,64,https://regleau.s3.gra.perf.cloud.ovh.net//arrete-cadre/29784/AP%2064-2022-04-29-00012%20Lausset.pdf,5420,SUP,75_64_000004,Bassin du Lausset,
29982,64-2022-04-29-00008 Saleys Amont,2022-04-29,2022-10-31,abroge,,64,https://regleau.s3.gra.perf.cloud.ovh.net//arrete-cadre/29982/AP%2064-2022-04-29-00008%20Saleys.pdf,9731,SUP,75_64_000001,Bassin du Saleys de sa source à Salies,
29783,64-2022-04-29-00009 Saison,2022-04-29,2022-04-29,abroge,,64,https://regleau.s3.gra.perf.cloud.ovh.net//arrete-cadre/29783/AP%2064-2022-04-29-00009%20Saison.pdf,5483,SUP,75_64_000010,Bassin du Saison,
29787,64-2022-04-29-00008 Saleys Amont,2022-04-29,2022-04-29,abroge,,64,https://regleau.s3.gra.perf.cloud.ovh.net//arrete-cadre/29787/AP%2064-2022-04-29-00008%20Saleys.pdf,5461,SUP,75_64_000001,Bassin du Saleys de sa source à Salies,
29979,64-2022-04-29-00009 Saison,2022-04-29,2022-10-31,abroge,,64,https://regleau.s3.gra.perf.cloud.ovh.net//arrete-cadre/29979/AP%2064-2022-04-29-00009%20Saison.pdf,9740,SUP,75_64_000010,Bassin du Saison,
29980,64-2022-04-29-00011 Ousse,2022-04-29,2022-10-31,abroge,,64,https://regleau.s3.gra.perf.cloud.ovh.net//arrete-cadre/29980/AP%2064-2022-04-29-00011%20Ousse.pdf,9739,SUP,75_64_000009,"Bassin de l'Ousse et ses affluents, l'Arriou Merdé et l'Oussère",
29788,64-2022-04-29-00013 Joyeuse,2022-04-29,2022-04-29,abroge,,64,https://regleau.s3.gra.perf.cloud.ovh.net//arrete-cadre/29788/AP%2064-2022-04-29-00013%20Bidouze%20Joyeuse.pdf,5499,SUP,75_64_000006,Bassin de la Joyeuse,
29790,64-2022-04-29-00013 Bidouze Amont,2022-04-29,2022-04-29,abroge,,64,https://regleau.s3.gra.perf.cloud.ovh.net//arrete-cadre/29790/AP%2064-2022-04-29-00013%20Bidouze%20Joyeuse.pdf,5501,SUP,75_64_000007,Bassin de la Bidouze de sa source au Moulin de Came,
29975,64-2022-04-29-00013 Joyeuse,2022-04-29,2022-10-31,abroge,,64,https://regleau.s3.gra.perf.cloud.ovh.net//arrete-cadre/29975/AP%2064-2022-04-29-00013%20Bidouze%20Joyeuse.pdf,9736,SUP,75_64_000006,Bassin de la Joyeuse,
29974,64-2022-04-29-00013 Bidouze Amont,2022-04-29,2022-10-31,abroge,,64,https://regleau.s3.gra.perf.cloud.ovh.net//arrete-cadre/29974/AP%2064-2022-04-29-00013%20Bidouze%20Joyeuse.pdf,9737,SUP,75_64_000007,Bassin de la Bidouze de sa source au Moulin de Came,
29981,64-2022-04-29-00010 Ousse des Bois,2022-04-29,2022-10-31,abroge,,64,https://regleau.s3.gra.perf.cloud.ovh.net//arrete-cadre/29981/AP%2064-2022-04-29-00010%20Ousse%20des%20Bois.pdf,9733,SUP,75_64_000003,"Bassin de l'Ousse des Bois et de son affluent, l'Oussère",
29782,64-2022-04-29-00011 Ousse,2022-04-29,2022-04-29,abroge,,64,https://regleau.s3.gra.perf.cloud.ovh.net//arrete-cadre/29782/AP%2064-2022-04-29-00011%20Ousse.pdf,5487,SUP,75_64_000009,"Bassin de l'Ousse et ses affluents, l'Arriou Merdé et l'Oussère",
29786,64-2022-04-29-00008 Saleys Aval,2022-04-29,2022-04-29,abroge,,64,https://regleau.s3.gra.perf.cloud.ovh.net//arrete-cadre/29786/AP%2064-2022-04-29-00008%20Saleys.pdf,5486,SUP,75_64_000002,Bassin du Saleys de Salies à la confluence avec l'Adour,
29978,64-2022-04-29-00012 Lausset,2022-04-29,2022-10-31,abroge,,64,https://regleau.s3.gra.perf.cloud.ovh.net//arrete-cadre/29978/AP%2064-2022-04-29-00012%20Lausset.pdf,9734,SUP,75_64_000004,Bassin du Lausset,
29983,64-2022-04-29-00008 Saleys Aval,2022-04-29,2022-10-31,abroge,,64,https://regleau.s3.gra.perf.cloud.ovh.net//arrete-cadre/29983/AP%2064-2022-04-29-00008%20Saleys.pdf,9732,SUP,75_64_000002,Bassin du Saleys de Salies à la confluence avec l'Adour,
29781,64-2022-04-29-00010 Ousse des Bois,2022-04-29,2022-04-29,abroge,,64,https://regleau.s3.gra.perf.cloud.ovh.net//arrete-cadre/29781/AP%2064-2022-04-29-00010%20Ousse%20des%20Bois.pdf,5500,SUP,75_64_000003,"Bassin de l'Ousse des Bois et de son affluent, l'Oussère",
29977,64-2022-04-29-00014 Baise,2022-04-29,2022-09-30,abroge,,64,https://regleau.s3.gra.perf.cloud.ovh.net//arrete-cadre/29977/AP%2064-2022-04-29-00014%20Ba%C3%AFse.pdf,9735,SUP,75_64_000005,Bassin de la Bayse et son affluent la Baysere,
29785,64-2022-04-29-00014 Baise,2022-04-29,2022-04-29,abroge,,64,https://regleau.s3.gra.perf.cloud.ovh.net//arrete-cadre/29785/AP%2064-2022-04-29-00014%20Ba%C3%AFse.pdf,5484,SUP,75_64_000005,Bassin de la Bayse et son affluent la Baysere,
29828,07-AC_transitoire_2021-06-17-00007,2022-05-01,2023-06-06,abroge,,07,https://regleau.s3.gra.perf.cloud.ovh.net//arrete-cadre/29828/20210617_AP_cadre_def_sign_manu.pdf,"[8504,8500,8499,8502,8505,8501,8498,8506,8503,4585]","[""SUP"",""SUP"",""SUP"",""SUP"",""SUP"",""SUP"",""SUP"",""SUP"",""SUP"",""SOU""]","[""85_07_7"",""85_07_3"",""85_07_2"",""85_07_5"",""85_07_8"",""85_07_4"",""85_07_1"",""85_07_9"",""85_07_6"",""82_07_01""]","[""Eyrieux"",""Beaume-Chassezac"",""Ardèche"",""Cèze"",""Loire"",""Cance"",""Allier"",""Ouvèze"",""Doux"",""zone non couverte par l'arrêté cadre""]",1832
30033,Gestion hors zone réglementée étiage 2022,2022-05-01,2022-10-31,abroge,,40,https://regleau.s3.gra.perf.cloud.ovh.net//arrete-cadre/30033/Gestion%20hors%20zone%20r%C3%A9glement%C3%A9e%20%C3%A9tiage%202022.pdf,"[10307,10164,10166,10298,10289,10277,10242,10312,10214,10167,10202,10217,10191,10209,10299,10233,10230,10234,10206,10219,10306,10195,10247,10292,10288,10276,10253,10165,10177,10201,10204,10175,10199,10245,10240,10162,10218,10193,10249,10216,10205,10190,10244,10208,10241,10226,10170,10194,10266,10222,10198,10223,10196,10171,10224,10248,10231,10163,10232,10189,10210,10161,10251,10173,10311,10235,10197,10300,10228,10267,10265,10225,10254,10169,10313,10168,10192,10221,10172,10200]","[""SUP"",""SUP"",""SUP"",""SUP"",""SUP"",""SUP"",""SUP"",""SUP"",""SUP"",""SUP"",""SUP"",""SUP"",""SUP"",""SUP"",""SUP"",""SUP"",""SUP"",""SUP"",""SUP"",""SUP"",""SUP"",""SUP"",""SUP"",""SUP"",""SUP"",""SUP"",""SUP"",""SUP"",""SUP"",""SUP"",""SUP"",""SUP"",""SUP"",""SUP"",""SUP"",""SUP"",""SUP"",""SUP"",""SUP"",""SUP"",""SUP"",""SUP"",""SUP"",""SUP"",""SUP"",""SUP"",""SUP"",""SUP"",""SUP"",""SUP"",""SUP"",""SUP"",""SUP"",""SUP"",""SUP"",""SUP"",""SUP"",""SUP"",""SUP"",""SUP"",""SUP"",""SUP"",""SUP"",""SUP"",""SUP"",""SUP"",""SUP"",""SUP"",""SUP"",""SUP"",""SUP"",""SUP"",""SUP"",""SUP"",""SUP"",""SUP"",""SUP"",""SUP"",""SUP"",""SUP""]","[""75_40_00147"",""75_40_00004"",""75_40_00006"",""75_40_00138"",""75_40_00129"",""75_40_00117"",""75_40_00082"",""75_40_00152"",""75_40_00054"",""75_40_00007"",""75_40_00042"",""75_40_00057"",""75_40_00031"",""75_40_00049"",""75_40_00139"",""75_40_00073"",""75_40_00070"",""75_40_00074"",""75_40_00046"",""75_40_00059"",""75_40_00146"",""75_40_00035"",""75_40_00087"",""75_40_00132"",""75_40_00128"",""75_40_00116"",""75_40_00093"",""75_40_00005"",""75_40_00017"",""75_40_00041"",""75_40_00044"",""75_40_00015"",""75_40_00039"",""75_40_00085"",""75_40_00080"",""75_40_00002"",""75_40_00058"",""75_40_00033"",""75_40_00089"",""75_40_00056"",""75_40_00045"",""75_40_00030"",""75_40_00084"",""75_40_00048"",""75_40_00081"",""75_40_00066"",""75_40_00010"",""75_40_00034"",""75_40_00106"",""75_40_00062"",""75_40_00038"",""75_40_00063"",""75_40_00036"",""75_40_00011"",""75_40_00064"",""75_40_00088"",""75_40_00071"",""75_40_00003"",""75_40_00072"",""75_40_00029"",""75_40_00050"",""75_40_00001"",""75_40_00091"",""75_40_00013"",""75_40_00151"",""75_40_00075"",""75_40_00037"",""75_40_00140"",""75_40_00068"",""75_40_00107"",""75_40_00105"",""75_40_00065"",""75_40_00094"",""75_40_00009"",""75_40_00153"",""75_40_00008"",""75_40_00032"",""75_40_00061"",""75_40_00012"",""75_40_00040""]","[""Le Baniou"",""La Bidouze du confluent du Pagolla Uraitza au confluent de l'Adour"",""Le Luy du confluent du Luy de Béarn au confluent de l'Adour"",""Le Baillon"",""Ruisseau de Cabanes"",""Craste de Toulouse"",""La Losse"",""Estuaire Adour Amont"",""Le courant de Contis du confluent de l'Onesse et du Vignacq à l'océan"",""Le ruisseau de Magescq du confluent du Saunus à l'étang de Soustons"",""Craste de Mouquet"",""Le Bès d'Arengosse"",""Lac d'Hossegor"",""La Leyre de sa source au confluent de la petite Leyre"",""L'Escourre"",""La Gourgue"",""Courant d'Huchet de l'étang de Léon à l'océan"",""Canal de l'arreillet"",""La Palue du confluent des Forges à l'étang de Léon"",""Le Bouret du confluent du Guilhem à l'ocean"",""Courant de Messanges"",""Marais d'Orx"",""Canal du Moura-Blanc"",""Ruisseau de Barrot"",""L'Ouzente"",""Canal du Taston"",""Craste de Mouliot"",""Le Gave de Pau du confluent du Clamondé (inclus) au confluent du Gave d'Oloron"",""Canal de Moussehouns"",""Le Luzou"",""Le boudigau"",""Ruisseau de Bouyic"",""Étang d'Aureilhan"",""Le Bès"",""Le Rimbez"",""Étang Blanc"",""Ruisseau de Bibic"",""Étang de Cazaux-Sanguinet"",""L'Anguillère"",""Barade de Ligautenx (Moulin de l'Esleys)"",""Le Gave d'Oloron du confluent du Saison au confluent du Gave de Pau"",""Côte Landaise"",""La Gouaneyre"",""Le Ruisseau des Forges de sa source à Étang de Parentis"",""La Gueyze"",""L'Escource de sa source à l'étang d'Aureilhan"",""L'Adour du confluent de la Midouze au confluent du Luy"",""Étang de Léon"",""Ruisseau de Bertranon"",""La Palue de sa source au confluent des Forges (inclus)"",""Étang de Soustons"",""Le Vignacq de sa source au confluent de l'Onesse"",""Étang de Parentis-Biscarrosse"",""Le Ciron de sa source au confluent de la Garonne"",""La Grave (Hure)"",""Ruisseau de Calesèque"",""Les Gaves Réunis (de Pau) du confluent du Gave d'Oloron au confluent de l'Adour"",""La Gélise du barrage de Candau au confluent de la Baïse"",""Ruisseau de Bezincam"",""Arcachon amont"",""La Leyre du confluent de la petite Leyre au confluent du lacanau (océan)"",""Panache de l'Adour"",""Arriou de Peyré"",""Ruisseau de Binaou"",""Canal du Moulin de Biaudos"",""Courant de Sainte-Eulalie"",""Petit étang de Biscarrosse"",""Ruisseau d'Allons"",""Le courant de Soustons de l'étang de Soustons à l'océan"",""Le Naou"",""Le Peyronnet"",""Courant de Mimizan de l'étang d'Aureilhan à l'océan"",""Ruisseau de Bassecq"",""La petite Leyre"",""Estuaire Adour Aval"",""L'Onesse"",""Étang d'Yrieu"",""Le ruisseau de Magescq de sa source au confluent du Saunus (inclus)"",""Le Bouret de sa source au confluent du Guilhem"",""Le Retjons""]",
29866,90-2022-05-02-00001,2022-05-02,2022-06-01,abroge,,90,https://regleau.s3.gra.perf.cloud.ovh.net//arrete-cadre/29866/2022_05_02_ACI%20sous-bassin%20de%20l%27Allan%20%2825-90%29%20.pdf,"[3651,4550]","[""SUP"",""SOU""]","[""43_90_0012"",""43_90_01""]","[""bassin versant de l'Allan_dpt 90"",""zone non couverte par l'arrêté cadre""]","[1776,197]"
29748,ACIS_MP_2022,2022-05-03,2022-05-20,abroge,,85,https://regleau.s3.gra.perf.cloud.ovh.net/arrete-cadre/29748/ACIS_MP2022_20220503.pdf,"[7659,6485,6484,7657,7658,7656,6487,6486,7661,7654,6489,7660,7655]","[""SUP"",""SOU"",""SOU"",""SUP"",""SUP"",""SUP"",""SOU"",""SOU"",""SUP"",""SUP"",""SOU"",""SUP"",""SUP""]","[""52_85_000012"",""MP 12.2"",""MP 12.1"",""52_85_000010"",""52_85_000011"",""52_85_000009"",""MP 13.2"",""MP 13.1"",""52_85_000014"",""52_85_000007"",""MP 14"",""52_85_000013"",""52_85_000008""]","[""Autizes superficiel"",""Nappe du Lay Est"",""Nappe du Lay Ouest"",""Vendée"",""Marais Vendée"",""Lay réalimenté"",""Nappe de la Vendée Centre"",""Nappe de la Vendée Ouest"",""Marais Sèvre Niortaise"",""Lay"",""Nappe des Autises"",""Sèvre Niortaise et affluents Sud"",""Marais Lay""]",
29803,AP_ACIS_MP_2022,2022-05-03,2023-06-19,abroge,,85,https://regleau.s3.gra.perf.cloud.ovh.net/arrete-cadre/29803/ACIS_MP2022_20220503.pdf,"[6489,6490,6486,7659,7661,7656,7657,6485,6488,7654,7655,6487,7660,6484,7658]","[""SOU"",""SOU"",""SOU"",""SUP"",""SUP"",""SUP"",""SUP"",""SOU"",""SOU"",""SUP"",""SUP"",""SOU"",""SUP"",""SOU"",""SUP""]","[""MP 14"",""SOUT 1"",""MP 13.1"",""52_85_000012"",""52_85_000014"",""52_85_000009"",""52_85_000010"",""MP 12.2"",""MP 13.3"",""52_85_000007"",""52_85_000008"",""MP 13.2"",""52_85_000013"",""MP 12.1"",""52_85_000011""]","[""Nappe des Autises"",""Autres nappes d'eau douce"",""Nappe de la Vendée Ouest"",""Autizes superficiel"",""Marais Sèvre Niortaise"",""Lay réalimenté"",""Vendée"",""Nappe du Lay Est"",""Nappe de la Vendée Est"",""Lay"",""Marais Lay"",""Nappe de la Vendée Centre"",""Sèvre Niortaise et affluents Sud"",""Nappe du Lay Ouest"",""Marais Vendée""]",
29745,22-DDTM85-300,2022-05-03,2022-05-09,abroge,,85,https://regleau.s3.gra.perf.cloud.ovh.net//arrete-cadre/29745/AP_22_DDTM85_300_SIGNE_03_05_2022.pdf,"[6490,7653,7651,7650,7652]","[""SOU"",""SUP"",""SUP"",""SUP"",""SUP""]","[""SOUT 1"",""52_85_000006"",""52_85_000004"",""52_85_000003"",""52_85_000005""]","[""Autres nappes d'eau douce"",""Côtiers Vendéens"",""Marais Breton"",""Boulogne"",""Vie et Jaunay""]",
29749,22-DDTM85-300,2022-05-03,2023-06-19,abroge,,85,https://regleau.s3.gra.perf.cloud.ovh.net//arrete-cadre/29749/AP_22_DDTM85_300_SIGNE_03_05_2022.pdf,"[7653,7651,6490,7652,7650]","[""SUP"",""SUP"",""SOU"",""SUP"",""SUP""]","[""52_85_000006"",""52_85_000004"",""SOUT 1"",""52_85_000005"",""52_85_000003""]","[""Côtiers Vendéens"",""Marais Breton"",""Autres nappes d'eau douce"",""Vie et Jaunay"",""Boulogne""]",
29934,N°52_2022_05_000_23,2022-05-04,2023-05-31,abroge,,52,https://regleau.s3.gra.perf.cloud.ovh.net/arrete-cadre/29934/AP_Cadre_Secheresse.pdf,"[4612,9084,9091,9087,9085,9089,9088,9086,9090]","[""SOU"",""SUP"",""SUP"",""SUP"",""SUP"",""SUP"",""SUP"",""SUP"",""SUP""]","[""21_52_01"",""1"",""8"",""4"",""2"",""6"",""5"",""3"",""7""]","[""zone non couverte par l'arrêté cadre"",""MARNE AMONT"",""SAONE AMONT"",""AUBE AMONT"",""SAULX ORNAIN"",""SEINE AMONT"",""BLAISE"",""MEUSE AMONT"",""TILLE VINGEANNE""]","[47,365,700,367,366,371,368,364,699]"
30580,Allier 1058/2022,2022-05-16,null,publie,,03,https://regleau.s3.gra.perf.cloud.ovh.net/arrete-cadre/30580/ACS_allier_16_05_2022.pdf,"[8795,16586,16589,8797,16596,8796,16595,16594,8802,16590,8803,16591,16592,16587,8793,16593,8799,8798,16588,8800,8794,8801]","[""SUP"",""SOU"",""SOU"",""SUP"",""SOU"",""SUP"",""SOU"",""SOU"",""SUP"",""SOU"",""SUP"",""SOU"",""SOU"",""SOU"",""SUP"",""SOU"",""SUP"",""SUP"",""SOU"",""SUP"",""SUP"",""SUP""]","[""84_03_0003"","""","""",""84_03_0005"","""",""84_03_0004"","""","""",""84_03_0010"","""",""84_03_0011"","""","""","""",""84_03_0001"","""",""84_03_0007"",""84_03_0006"","""",""84_03_0008"",""84_03_0002"",""84_03_0009""]","[""Bassin de l'Andelot"",""Bassin de la Sioule"",""Bassin de la Loire"",""Bassin de la Besbre"",""Bassin de la Bouble et du Boublon"",""Bassin de l'Oeil et de l'Aumance"",""Bassin de l''Oeil et de l''Aumance"",""Bassin de la Besbre"",""Bassin du Sichon"",""Bassin du Cher (en amont de Chambonchard)"",""Bassin de la Sioule"",""Bassin du Cher"",""Bassin de l''Allier"",""Bassin du Sichon"",""Bassin de l'Acolin"",""Bassin de l''Andelot"",""Bassin du Cher"",""Bassin de la Bouble et du Boublon"",""Bassin de l''Acolin"",""Bassin du Cher (en amont de Chambonchard)"",""Bassin de l'Allier"",""Bassin de la Loire""]","[354,3824,3825,356,3823,355,3821,3822,1249,3829,589,3828,3819,3826,1245,3820,1246,357,3827,1247,353,1248]"
29923,DDTM27/SEBF/2022-58,2022-05-17,2023-06-12,abroge,,27,https://regleau.s3.gra.perf.cloud.ovh.net//arrete-cadre/29923/Arr%C3%AAt%C3%A9%20n%C2%B0DDTM-SEBF-2022-58_160522.pdf,"[9813,9819,9805,9807,9801,9827,9809,9808,9825,9804,9826,9806,9810,9800,9828,9824,9818,9816,9817,9803,9822,9820,9802,9823,9815,9811,9814,9812,9821]","[""SUP"",""SOU"",""SUP"",""SUP"",""SUP"",""SOU"",""SUP"",""SUP"",""SOU"",""SUP"",""SOU"",""SUP"",""SUP"",""SUP"",""SOU"",""SOU"",""SOU"",""SOU"",""SOU"",""SUP"",""SOU"",""SOU"",""SUP"",""SOU"",""SOU"",""SUP"",""SUP"",""SUP"",""SOU""]","[""28_27_0014"",""28_27_0105"",""28_27_0006"",""28_27_0008"",""28_27_0002"",""28_27_0113"",""28_27_0010"",""28_27_0009"",""28_27_0111"",""28_27_0005"",""28_27_0112"",""28_27_0007"",""28_27_0011"",""28_27_0001"",""28_27_0114"",""28_27_0110"",""28_27_0104"",""28_27_0102"",""28_27_0103"",""28_27_0004"",""28_27_0108"",""28_27_0106"",""28_27_0003"",""28_27_0109"",""28_27_0101"",""28_27_0012"",""28_27_0015"",""28_27_0013"",""28_27_0107""]","[""EURE AVAL"",""EPTE"",""ITON AVAL"",""CALONNE"",""AVRE AMONT"",""EURE MOYENNE"",""RISLE AMONT"",""CHARENTONNE"",""RISLE AVAL"",""EPTE"",""ITON AMONT"",""OISON"",""RISLE AVAL"",""ANDELLE"",""EURE AVAL"",""RISLE AMONT"",""AVRE MOYEN"",""AVRE AMONT"",""AVRE AVAL"",""AVRE MOYEN"",""CALONNE"",""ITON AVAL"",""AVRE AVAL"",""CHARENTONNE"",""ANDELLE"",""ITON AMONT"",""MARAIS VERNIER"",""EURE MOYENNE"",""OISON""]",
29809,DDTM/SEBF/2022-58,2022-05-17,2022-06-29,abroge,,27,https://regleau.s3.gra.perf.cloud.ovh.net/arrete-cadre/29809/APC27_complet_160522.pdf,"[7945,7946,7966,7961,7958,7939,7940,7969,7944,7943,7937,7967,7947,7960,7935,7963,7934,7957,7970,7941,7938,7965,7942,7959,7964,7962,7936,7968]","[""SOU"",""SOU"",""SUP"",""SUP"",""SUP"",""SOU"",""SOU"",""SUP"",""SOU"",""SOU"",""SOU"",""SUP"",""SOU"",""SUP"",""SOU"",""SUP"",""SOU"",""SUP"",""SUP"",""SOU"",""SOU"",""SUP"",""SOU"",""SUP"",""SUP"",""SUP"",""SOU"",""SUP""]","[""23_27_000112"",""23_27_000113"",""23_27_000010"",""23_27_000005"",""23_27_000002"",""23_27_000106"",""23_27_000107"",""23_27_000013"",""23_27_000111"",""23_27_000110"",""23_27_000104"",""23_27_000011"",""23_27_000114"",""23_27_000004"",""23_27_000102"",""23_27_000007"",""23_27_000101"",""23_27_000001"",""23_27_000014"",""23_27_000108"",""23_27_000105"",""23_27_000009"",""23_27_000109"",""23_27_000003"",""23_27_000008"",""23_27_000006"",""23_27_000103"",""23_27_000012""]","[""bassin de l'Iton amont"",""bassins de l'Eure moyenne à la  Seine amont rive gauche"",""bassin de la Risle amont"",""bassins de l'Epte  à la Seine amont rive doite"",""bassin de l'Avre amont"",""bassin de l'Iton aval"",""bassin de l'Oison"",""bassins de l'Eure moyenne à la  Seine amont rive gauche"",""bassins de la Risle à la Seine aval"",""bassin de la Risle amont"",""bassin de l'Avre moyen"",""bassins de la Risle à la Seine aval"",""bassin de l'Eure aval"",""bassin de l'Avre moyen"",""bassin de l'Avre amont"",""bassin de l'Oison"",""bassin de l'Andelle"",""bassin de l'Andelle"",""bassin de l'Eure aval"",""bassin de la Calonne"",""bassins de l'Epte  à la Seine amont rive doite"",""bassin de la Charentonne"",""bassin de la Charentonne"",""bassin de l'Avre aval"",""bassin de la Calonne"",""bassin de l'Iton aval"",""bassin de l'Avre aval"",""bassin de l'Iton amont""]",
30167,Allier 1058_2022,2022-05-17,2026-07-07,abroge,,03,https://regleau.s3.gra.perf.cloud.ovh.net//arrete-cadre/30167/ACS_allier_2022.pdf,"[4581,8799,8797,8794,8795,8800,8793,8802,8803,8796,8798,8801]","[""SOU"",""SUP"",""SUP"",""SUP"",""SUP"",""SUP"",""SUP"",""SUP"",""SUP"",""SUP"",""SUP"",""SUP""]","[""83_03_01"",""84_03_0007"",""84_03_0005"",""84_03_0002"",""84_03_0003"",""84_03_0008"",""84_03_0001"",""84_03_0010"",""84_03_0011"",""84_03_0004"",""84_03_0006"",""84_03_0009""]","[""zone non couverte par l'arrêté cadre"",""Bassin du Cher"",""Bassin de la Besbre"",""Bassin de l'Allier"",""Bassin de l'Andelot"",""Bassin du Cher (en amont de Chambonchard)"",""Bassin de l'Acolin"",""Bassin du Sichon"",""Bassin de la Sioule"",""Bassin de l'Oeil et de l'Aumance"",""Bassin de la Bouble et du Boublon"",""Bassin de la Loire""]","[1229,1246,356,353,354,1247,1245,1249,589,355,357,1248]"
29853,1058_2022,2022-05-17,2022-05-17,abroge,,03,https://regleau.s3.gra.perf.cloud.ovh.net//arrete-cadre/29853/ACS_allier_16_05_2022.pdf,"[8801,4581,8794,8798,8797,8793,8795,8799,8802,8803,8800,8796]","[""SUP"",""SOU"",""SUP"",""SUP"",""SUP"",""SUP"",""SUP"",""SUP"",""SUP"",""SUP"",""SUP"",""SUP""]","[""84_03_0009"",""83_03_01"",""84_03_0002"",""84_03_0006"",""84_03_0005"",""84_03_0001"",""84_03_0003"",""84_03_0007"",""84_03_0010"",""84_03_0011"",""84_03_0008"",""84_03_0004""]","[""Bassin de la Loire"",""zone non couverte par l'arrêté cadre"",""Bassin de l'Allier"",""Bassin de la Bouble et du Boublon"",""Bassin de la Besbre"",""Bassin de l'Acolin"",""Bassin de l'Andelot"",""Bassin du Cher"",""Bassin du Sichon"",""Bassin de la Sioule"",""Bassin du Cher (en amont de Chambonchard)"",""Bassin de l'Oeil et de l'Aumance""]","[1248,1229,353,357,356,1245,354,1246,1249,589,1247,355]"
30235,16907-V2,2022-05-17,2023-07-06,abroge,,95,https://regleau.s3.gra.perf.cloud.ovh.net//arrete-cadre/30235/AP%20cadre%20secheresse%202022.pdf,"[5664,5662,5663]","[""SUP"",""SUP"",""SUP""]","[""11_95_03"",""11_95_01"",""11_95_02""]","[""BASSIN VERSANT DE L'OISE"",""BASSIN VERSANT DU VEXIN"",""BASSIN VERSANT DE LA PLAINE DE FRANCE ET DU PARISIS""]","[184,183,147]"
29976,16907,2022-05-17,2023-06-20,abroge,,95,https://regleau.s3.gra.perf.cloud.ovh.net//arrete-cadre/29976/AP%20cadre%20secheresse%202022.pdf,"[5662,5664,5663]","[""SUP"",""SUP"",""SUP""]","[""11_95_01"",""11_95_03"",""11_95_02""]","[""BASSIN VERSANT DU VEXIN"",""BASSIN VERSANT DE L'OISE"",""BASSIN VERSANT DE LA PLAINE DE FRANCE ET DU PARISIS""]","[183,184,147]"
29773,DDT-2022-0710,2022-05-17,2022-06-17,abroge,,74,https://regleau.s3.gra.perf.cloud.ovh.net/arrete-cadre/29773/ARP_cadre_2022_0710_avecAnnexes-bd.pdf,"[8655,8653,8650,8651,8656,8654,8657,8652,8658]","[""SUP"",""SUP"",""SUP"",""SUP"",""SUP"",""SUP"",""SUP"",""SUP"",""SUP""]","[""82_74_0006"",""82_74_0004"",""82_74_0001"",""82_74_0002"",""82_74_0007"",""82_74_0005"",""82_74_0008"",""82_74_0003"",""82_74_0009""]","[""bassin de l Arve médian"",""bassin du Genevois"",""bassin du Chéran"",""bassin du Fier"",""bassin du l Arve amont"",""bassin de l Arve aval"",""bassin du Sud-Ouest Lémanique"",""bassin des Usses"",""bassin des Dranses""]","[332,330,327,328,333,331,334,329,335]"
30056,17 AP2 cadre tous usages transitoire,2022-05-18,2023-10-31,abroge,,17,https://regleau.s3.gra.perf.cloud.ovh.net//arrete-cadre/30056/6-AP%2022EB881%20tous%20usages.pdf,"[10127,10132,10037,10027,10024,10126,10136,10141,10038,10139,10028,10043,10134,10031,10030,10138,10041,10035,10140,10034,10137,10125,10040,10033,10042,10135,10029,10133,10128,10032,10039,10142,10026,10025,10036,10044,10131,10130,10129]","[""SOU"",""SOU"",""SUP"",""SUP"",""SUP"",""SOU"",""SOU"",""SOU"",""SUP"",""SOU"",""SUP"",""SUP"",""SOU"",""SUP"",""SUP"",""SOU"",""SUP"",""SUP"",""SOU"",""SUP"",""SOU"",""SOU"",""SUP"",""SUP"",""SUP"",""SOU"",""SUP"",""SOU"",""SOU"",""SUP"",""SUP"",""SOU"",""SUP"",""SUP"",""SUP"",""SUP"",""SOU"",""SOU"",""SOU""]","[""75_17_11"",""75_17_17"",""75_17_4"",""75_17_11"",""75_17_0"",""75_17_10"",""75_17_5"",""75_17_8"",""75_17_5"",""75_17_63"",""75_17_12"",""75_17_8"",""75_17_3"",""75_17_15"",""75_17_14"",""75_17_62"",""75_17_63"",""75_17_2"",""75_17_7"",""75_17_18"",""75_17_61"",""75_17_1"",""75_17_62"",""75_17_17"",""75_17_7"",""75_17_4"",""75_17_13"",""75_17_2"",""75_17_12"",""75_17_16"",""75_17_61"",""75_17_9"",""75_17_10"",""75_17_1"",""75_17_3"",""75_17_9"",""75_17_15"",""75_17_14"",""75_17_13""]","[""Bassin de l'Arnoult"",""Marais Sèvre Niortaise"",""Bassin de la Boutonne aval et moyenne"",""Bassin de l'Arnoult"",""Hors ZRE"",""Bassin du Né"",""Bassin de l'Antenne-Rouzille"",""Bassin de Charente-aval"",""Bassin de l'Antenne-Rouzille"",""Bassin de la Seudre amont"",""Bassin des Fleuves côtiers de Gironde"",""Bassin de Charente-aval"",""Bassin Le Mignon"",""Bassin du Bruant"",""Bassin de la Dronne aval"",""Bassin de la Seudre moyenne"",""Bassin de la Seudre amont"",""Bassin de la Géres-Devise"",""Bassin de l'Aume-Couture"",""Marais Vendée"",""Bassin de la Seudre aval"",""Bassin du Curé - Sèvre Niortaise"",""Bassin de la Seudre moyenne"",""Marais Sèvre Niortaise"",""Bassin de l'Aume-Couture"",""Bassin de la Boutonne aval et moyenne"",""Bassin d'Isle bassin aval (Lary-Palais)"",""Bassin de la Géres-Devise"",""Bassin des Fleuves côtiers de Gironde"",""Marais Nord Aunis"",""Bassin de la Seudre aval"",""Bassin de la Seugne"",""Bassin du Né"",""Bassin du Curé - Sèvre Niortaise"",""Bassin Le Mignon"",""Bassin de la Seugne"",""Bassin du Bruant"",""Bassin de la Dronne aval"",""Bassin d'Isle bassin aval (Lary-Palais)""]",
30133,Copie de 38-2022-05-18-00002 ,2022-05-18,2023-08-01,abroge,,38,https://regleau.s3.gra.perf.cloud.ovh.net//arrete-cadre/30133/AP_38-2022-05-18-00002_Arr%C3%AAt%C3%A9CadreS%C3%A9cheresseIs%C3%A8re%20%281%29.pdf,"[11542,11545,11536,11557,11554,11541,11539,11552,11544,11540,11537,11549,11543,11551,11558,11556,11553,11550,11548,11538,11555]","[""SUP"",""SUP"",""SUP"",""SOU"",""SOU"",""SUP"",""SUP"",""SOU"",""SUP"",""SUP"",""SUP"",""SOU"",""SUP"",""SOU"",""SOU"",""SOU"",""SOU"",""SOU"",""SOU"",""SUP"",""SOU""]","[""84_38_0010"",""84_38_0013"",""84_38_0004"",""84_38_0025"",""84_38_0022"",""84_38_0009"",""84_38_0007"",""84_38_0020"",""84_38_0012"",""84_38_0008"",""84_38_0005"",""84_38_0017"",""84_38_0011"",""84_38_0019"",""84_38_0026"",""84_38_0024"",""84_38_0021"",""84_38_0018"",""84_38_0016"",""84_38_0006"",""84_38_0023""]","[""Chartreuse et Guiers"",""Isle Crémieu"",""Sanne, Varèze et 4 Vallées"",""Isle Crémieu - sout."",""Chartreuse et Guiers - sout."",""Belledonne"",""Trièves et Matheysine"",""Oisans et Bonne - sout."",""Bourbre"",""Oisans et Bonne"",""Chambaran"",""Nappes du Bas Dauphiné Chambaran et des terrasses de l'Isère"",""Paladru et Fure"",""Trièves et Matheysine - sout."",""Sanne, Varèze et 4 Vallées - sout."",""Bourbre - sout."",""Belledonne - sout."",""Vercors - sout."",""Nappes des 4 Vallées, de la Sanne et de la Varèze"",""Vercors"",""Paladru et Fure - sout.""]",
29884,38-2022-05-18-00002,2022-05-18,2023-06-01,abroge,,38,https://regleau.s3.gra.perf.cloud.ovh.net//arrete-cadre/29884/AP_38-2022-05-18-00002_Arr%C3%AAt%C3%A9CadreS%C3%A9cheresseIs%C3%A8re.pdf,"[9503,9497,9494,9493,9498,9496,9491,9492,9502,9490,9495,9489]","[""SOU"",""SUP"",""SUP"",""SUP"",""SUP"",""SUP"",""SUP"",""SUP"",""SOU"",""SUP"",""SUP"",""SUP""]","[""84_38_0005"",""84_38_0012"",""84_38_0009"",""84_38_0008"",""84_38_0013"",""84_38_0011"",""84_38_0006"",""84_38_0007"",""84_38_0004"",""84_38_0005"",""84_38_0010"",""84_38_0004""]","[""Nappes du Bas Dauphiné Chambaran et des terrasses de l'Isère"",""Bourbre"",""Belledonne"",""Oisans et Bonne"",""Isle Crémieu"",""Paladru et Fure"",""Vercors"",""Trièves et Matheysine"",""Nappes des 4Vallées, de la Sanneet de la Varèze"",""Chambaran"",""Chartreuse et Guiers"",""Sanne, Varèze et 4 Vallées""]",
29774,17 AP cadre tous usages transitoire,2022-05-18,2023-10-31,abroge,,17,https://regleau.s3.gra.perf.cloud.ovh.net//arrete-cadre/29774/AP%2022EB615%20Arr%C3%AAt%C3%A9%20limitation%20provisoire%2017.pdf,"[6910,6909,6913,6908,6907,6916,6919,6914,6912,6920,6917,6906,6918,6905,6915,6903,6904,6911]","[""SUP"",""SUP"",""SUP"",""SUP"",""SUP"",""SUP"",""SUP"",""SUP"",""SUP"",""SUP"",""SUP"",""SUP"",""SUP"",""SUP"",""SUP"",""SUP"",""SUP"",""SUP""]","[""75_17_15"",""75_17_14"",""75_17_4"",""75_17_13"",""75_17_12"",""75_17_62"",""75_17_8"",""75_17_5"",""75_17_3"",""75_17_9"",""75_17_63"",""75_17_11"",""75_17_7"",""75_17_10"",""75_17_61"",""75_17_0"",""75_17_1"",""75_17_2""]","[""Bassin du Bruant"",""Bassin de la Dronne aval"",""Bassin de la Boutonne aval et moyenne"",""Bassin de Lary-Palais"",""Bassin des Fleuves côtiers de Gironde"",""Bassin de la Seudre moyenne"",""Bassin de Charente-aval"",""Bassin de l'Antenne-Rouzille"",""Bassin Le Mignon"",""Bassin de la Seugne"",""Bassin de la Seudre amont"",""Bassin de l'Arnoult"",""Bassin de l'Aume-Couture"",""Bassin du Né"",""Bassin de la Seudre aval"",""Hors ZRE"",""Bassin du Curé - Sèvre Niortaise"",""Bassin de la Gères-Devise""]",
30160,38-2022-05-18-00002v2,2022-05-18,2023-08-01,abroge,,38,https://regleau.s3.gra.perf.cloud.ovh.net//arrete-cadre/30160/AP_38-2022-05-18-00002_Arre%CC%82te%CC%81CadreSe%CC%81cheresseIse%CC%80re%20%281%29.pdf,"[11545,11543,11553,11556,11540,11544,11554,11557,11550,11549,11552,11537,11555,11539,11536,11538,11558,11542,11551,11548,11541]","[""SUP"",""SUP"",""SOU"",""SOU"",""SUP"",""SUP"",""SOU"",""SOU"",""SOU"",""SOU"",""SOU"",""SUP"",""SOU"",""SUP"",""SUP"",""SUP"",""SOU"",""SUP"",""SOU"",""SOU"",""SUP""]","[""84_38_0013"",""84_38_0011"",""84_38_0021"",""84_38_0024"",""84_38_0008"",""84_38_0012"",""84_38_0022"",""84_38_0025"",""84_38_0018"",""84_38_0017"",""84_38_0020"",""84_38_0005"",""84_38_0023"",""84_38_0007"",""84_38_0004"",""84_38_0006"",""84_38_0026"",""84_38_0010"",""84_38_0019"",""84_38_0016"",""84_38_0009""]","[""Isle Crémieu"",""Paladru et Fure"",""Belledonne - sout."",""Bourbre - sout."",""Oisans et Bonne"",""Bourbre"",""Chartreuse et Guiers - sout."",""Isle Crémieu - sout."",""Vercors - sout."",""Nappes du Bas Dauphiné Chambaran et des terrasses de l'Isère"",""Oisans et Bonne - sout."",""Chambaran"",""Paladru et Fure - sout."",""Trièves et Matheysine"",""Sanne, Varèze et 4 Vallées"",""Vercors"",""Sanne, Varèze et 4 Vallées - sout."",""Chartreuse et Guiers"",""Trièves et Matheysine - sout."",""Nappes des 4 Vallées, de la Sanne et de la Varèze"",""Belledonne""]",
29818,82-2022,2022-05-19,2023-05-28,abroge,,13,https://regleau.s3.gra.perf.cloud.ovh.net/ArretesCadres/AP Cadre N° 82-2022 version RAA.pdf,"[8334,8335,8333,8336,8330,8339,8331,8329,8328,8332,8338,8340,8337]","[""SUP"",""SUP"",""SUP"",""SUP"",""SUP"",""SUP"",""SUP"",""SUP"",""SUP"",""SUP"",""SUP"",""SUP"",""SUP""]","[""93_13_0004B"",""93_13_0005A"",""93_13_0004A"",""93_13_0005B"",""93_13_0002B"",""93_13_0007A"",""93_13_0003"",""93_13_0002A"",""93_13_0001"",""93_13_0003A"",""93_13_0006B"",""93_13_0007B"",""93_13_0006A""]","[""Secteur SG4b : Littoral Est Marseille (y compris le polje de Cuges les Pins)"",""Secteur SG5a : Touloubre amont"",""Secteur SG4a : Littoral Ouest Marseille (y compris Cadiere et Aygalades)"",""Secteur SG5b : Touloubre aval (y compris la Durancole)"",""Secteur SG2b : Real de Jouques (partie dpt Bouches-du-Rhone)"",""Secteur SG7a : Huveaune amont (partie dpt Bouches-du-Rhone)"",""Secteur SG3 : Crau"",""Secteur SG2a : Durance (elargi aux bassins versants ouest et nord Alpilles)"",""Secteur SG1 : Rhone Camargue"",""Secteur SG3a : Crau Alpilles"",""Secteur SG6b : Arc aval"",""Secteur SG7b : Huveaune aval"",""Secteur SG6a : Arc amont (partie dpt Bouches-du-Rhone)""]","[290,291,289,292,286,338,287,285,284,288,337,339,336]"
30110,Copie de 82-2022,2022-05-19,2024-05-23,abroge,,13,https://regleau.s3.gra.perf.cloud.ovh.net//arrete-cadre/30110/13_AC_2022.pdf,"[8332,8336,8333,8340,8330,8331,8328,8339,8337,8338,8335,8329,8334]","[""SUP"",""SUP"",""SUP"",""SUP"",""SUP"",""SUP"",""SUP"",""SUP"",""SUP"",""SUP"",""SUP"",""SUP"",""SUP""]","[""93_13_0003A"",""93_13_0005B"",""93_13_0004A"",""93_13_0007B"",""93_13_0002B"",""93_13_0003"",""93_13_0001"",""93_13_0007A"",""93_13_0006A"",""93_13_0006B"",""93_13_0005A"",""93_13_0002A"",""93_13_0004B""]","[""Secteur SG3a : Crau Alpilles"",""Secteur SG5b : Touloubre aval (y compris la Durancole)"",""Secteur SG4a : Littoral Ouest Marseille (y compris Cadiere et Aygalades)"",""Secteur SG7b : Huveaune aval"",""Secteur SG2b : Real de Jouques (partie dpt Bouches-du-Rhone)"",""Secteur SG3 : Crau"",""Secteur SG1 : Rhone Camargue"",""Secteur SG7a : Huveaune amont (partie dpt Bouches-du-Rhone)"",""Secteur SG6a : Arc amont (partie dpt Bouches-du-Rhone)"",""Secteur SG6b : Arc aval"",""Secteur SG5a : Touloubre amont"",""Secteur SG2a : Durance (elargi aux bassins versants ouest et nord Alpilles)"",""Secteur SG4b : Littoral Est Marseille (y compris le polje de Cuges les Pins)""]","[288,292,289,339,286,287,284,338,336,337,291,285,290]"
29927,AP_DDT_SEN20220520_B66,2022-05-21,2023-06-21,abroge,,69,https://regleau.s3.gra.perf.cloud.ovh.net/arrete-cadre/29927/APC_DDTSEN_20220520_B66_vRAA.pdf,"[9901,9903,9909,9900,9898,9902]","[""SUP"",""SUP"",""SOU"",""SUP"",""SUP"",""SUP""]","[""84_69_0004"",""84_69_0006"",""84_69_0005"",""84_69_0003"",""84_69_0001"",""84_69_0005""]","[""ZONE 4"",""ZONE 6"",""ZONE 5"",""ZONE 3"",""ZONE 1"",""ZONE 5""]",
30012,Copie de 2350-22-0083,2022-05-23,2022-08-09,abroge,,61,https://regleau.s3.gra.perf.cloud.ovh.net//arrete-cadre/30012/20220523_AP_modif-Avre.pdf,"[9851,9852,9847,9850,9845,9854,9853,9855,9846,9849,9848]","[""SUP"",""SUP"",""SUP"",""SUP"",""SUP"",""SUP"",""SUP"",""SUP"",""SUP"",""SUP"",""SUP""]","[""28_61_0007"",""28_61_0008"",""28_61_0003"",""28_61_0006"",""28_61_0001"",""28_61_0010"",""28_61_0009"",""28_61_0011"",""28_61_0002"",""28_61_0005"",""28_61_0004""]","[""ORNE MOYENNE"",""RISLE - CHARENTONNE - GUIEL"",""HUISNE"",""ORNE AMONT"",""DIVES - VIE"",""TOUQUES"",""SARTHE"",""AVRE"",""EGRENNE - VARENNE"",""MAYENNE AMONT"",""ITON""]","[615,616,609,614,612,617,432,618,608,610,613]"
29772,2022-9046,2022-05-23,2023-07-12,abroge,,55,https://regleau.s3.gra.perf.cloud.ovh.net//arrete-cadre/29772/2022_9046_ap_cadre_secheresse.pdf,"[7322,7321,7320,7323,7324]","[""SUP"",""SUP"",""SUP"",""SUP"",""SUP""]","[""44_55_03"",""44_55_02"",""44_55_01"",""44_55_04"",""44_55_05""]","[""Bassin de l'Aisne partie du département 55"",""Bassin Saulx-Ornain partie du département 55"",""Meuse amont et médiane partie du département 55"",""Moselle aval, Orne, Nied et Seille partie du département 55"",""Meuse aval et Chiers partie du département 55""]","[215,212,42,44,45]"
29863,2350-22-0083,2022-05-23,2022-07-21,abroge,,61,https://regleau.s3.gra.perf.cloud.ovh.net//arrete-cadre/29863/20220523_AP_modif-Avre.pdf,8919,SUP,28_61_0010,Zone d'alerte interdépartementale AVRE,
29816,DDTM-SEMA-2021-0067,2022-05-24,2022-07-08,abroge,,11,https://regleau.s3.gra.perf.cloud.ovh.net//arrete-cadre/29816/ap_cadre_2021_190721.pdf,"[8466,8474,8471,8420,8462,8473,8465,8472,8463,8464,8461,8421,8469,8468,8467,8470]","[""SUP"",""SUP"",""SUP"",""SOU"",""SUP"",""SUP"",""SUP"",""SUP"",""SUP"",""SUP"",""SUP"",""SOU"",""SUP"",""SUP"",""SUP"",""SUP""]","[""76_11_0006"",""76_11_0016"",""76_11_0012"",""76_11_01"",""76_11_0002"",""76_11_0014"",""76_11_0005"",""76_11_0013"",""76_11_0003"",""76_11_0004"",""76_11_0001"",""76_11_02"",""76_11_0010"",""76_11_0009"",""76_11_0007"",""76_11_0011""]","[""Secteur Argent-Double/Ognon (partie dpt 11) et affluents rive gauche de l’Aude sur ce secteur"",""bassin versant du Sor"",""Axe réalimenté Aude médiane et aval et canaux VNF"",""Nappe astienne (partie dpt11)"",""Bassin versant de l'Agly (partie dpt11)"",""bassin versant du Thoré"",""Aude aval -  Berre et Rieu - hors axe réalimenté et canaux VNF"",""Bassin versant du Fresquel"",""Bassin versant de l'Hers Vif (y compris Vixiège)"",""Bassin versant de l'Hers Mort"",""Aude amont hors axe réalimenté"",""Nappes plioquaternaires de la plaine du roussillon (partie dpt11)"",""Cesse (partie dpt 11) et affluents rive gauche de l’Aude sur ce secteur"",""Secteur Orbiel et affluents rive gauche de l’Aude sur ce secteur"",""Secteur Orbieu et affluents rive droite de l’Aude sur ce secteur"",""Axe réalimenté Aude amont""]",
29946,24DDT/SEER/2021-007,2022-05-24,2023-07-06,abroge,,24,https://regleau.s3.gra.perf.cloud.ovh.net//arrete-cadre/29946/ARR_gestion_crise_Dordogne_20210614.pdf,"[9630,9612,9588,9587,9618,9634,9604,9633,9628,9622,9627,9632,9635,9624,9603,9593,9591,9601,9636,9598,9625,9594,9610,9620,9589,9616,9595,9611,9617,9607,9626,9605,9619,9621,9590,9600,9608,9623,9614,9592,9629,9599,9606,9613,9596,9631,9615,9602,9609,9597]","[""SUP"",""SUP"",""SUP"",""SUP"",""SUP"",""SUP"",""SUP"",""SUP"",""SUP"",""SUP"",""SUP"",""SUP"",""SUP"",""SUP"",""SUP"",""SUP"",""SUP"",""SUP"",""SUP"",""SUP"",""SUP"",""SUP"",""SUP"",""SUP"",""SUP"",""SUP"",""SUP"",""SUP"",""SUP"",""SUP"",""SUP"",""SUP"",""SUP"",""SUP"",""SUP"",""SUP"",""SUP"",""SUP"",""SUP"",""SUP"",""SUP"",""SUP"",""SUP"",""SUP"",""SUP"",""SUP"",""SUP"",""SUP"",""SUP"",""SUP""]","[""75_24_0046"",""75_24_0027"",""75_24_0002"",""75_24_0001"",""75_24_0033"",""75_24_0050"",""75_24_0018"",""75_24_0049"",""75_24_0044"",""75_24_0037"",""75_24_0042"",""75_24_0048"",""75_24_0076"",""75_24_0039"",""75_24_0017"",""75_24_0007"",""75_24_0005"",""75_24_0015"",""75_24_0095"",""75_24_0012"",""75_24_0040"",""75_24_0008"",""75_24_0025"",""75_24_0035"",""75_24_0003"",""75_24_0031"",""75_24_0009"",""75_24_0026"",""75_24_0032"",""75_24_0022"",""75_24_0041"",""75_24_0020"",""75_24_0034"",""75_24_0036"",""75_24_0004"",""75_24_0014"",""75_24_0023"",""75_24_0038"",""75_24_0029"",""75_24_0006"",""75_24_0045"",""75_24_0013"",""75_24_0021"",""75_24_0028"",""75_24_0010"",""75_24_0047"",""75_24_0030"",""75_24_0016"",""75_24_0024"",""75_24_0011""]","[""Dordogne aval"",""Vézère - Cern"",""Lizonne - Belle"",""Dropt - Bournègue"",""Charente amont - Tardoire"",""Dronne - Dronne Moyenne"",""Isle amont - Blâme"",""Dronne - Dronne amont"",""Dordogne amont - Céou aval"",""Dordogne aval - Gardonnette"",""Dordogne amont - Énéa"",""Dordogne amont - Tournefeuille"",""Vézère"",""Isle aval - Beauronne de Chancelade"",""Dordogne amont - Nauze"",""Lizonne"",""Vézère - Beune"",""Lizonne - Sauvanie"",""Dropt - Escourou"",""Dordogne aval - Couze-Couzeau"",""Dronne - Dronne aval"",""Isle amont"",""Dordogne amont"",""Vézère - Chironde - Coly"",""Dordogne aval - Lidoire"",""Dordogne aval - Louyre"",""Lizonne - Pude"",""Dropt - Banège"",""Isle aval - Beauronne de St-Vincent"",""Isle aval - Vern"",""Charente amont - Bandiat"",""Isle amont - Auvézère"",""Dordogne aval - Caudeau"",""Isle aval - Beauronne des Lèches"",""Isle aval - Isle"",""Dordogne aval - Eyraud"",""Dronne - Boulou"",""Isle aval - Manoire"",""Dronne - Euche"",""Dropt - Dropt aval"",""Dordogne amont - Céou amont"",""Dropt - Dropt amont"",""Lémance"",""Isle aval - Crempse"",""Dordogne aval - Estrop"",""Dordogne amont - Germaine"",""Dordogne aval - Conne"",""Isle amont - Loue"",""Dordogne aval - Seignal"",""Dordogne amont - Borrèze""]",
29824,DDT/SEER/2021-007,2022-05-24,2022-06-23,abroge,,24,https://regleau.s3.gra.perf.cloud.ovh.net//arrete-cadre/29824/ARR_gestion_crise_Dordogne_20210614.pdf,"[5570,5571,5421,5619,5621,5419,5482,5456,5611,5615,5605,5598,5617,5609,5613,5417,5603,5477,5480,5620,5608,5622,5455,5612,5416,5610,5378,5453,5607,5418,5481,5454,5452,5602,5600,5599,5616,5478,5614,5604,5606,5618,5601,5479,5462,5457]","[""SUP"",""SUP"",""SUP"",""SUP"",""SUP"",""SUP"",""SUP"",""SUP"",""SUP"",""SUP"",""SUP"",""SUP"",""SUP"",""SUP"",""SUP"",""SUP"",""SUP"",""SUP"",""SUP"",""SUP"",""SUP"",""SUP"",""SUP"",""SUP"",""SUP"",""SUP"",""SUP"",""SUP"",""SUP"",""SUP"",""SUP"",""SUP"",""SUP"",""SUP"",""SUP"",""SUP"",""SUP"",""SUP"",""SUP"",""SUP"",""SUP"",""SUP"",""SUP"",""SUP"",""SUP"",""SUP""]","[""72_24_0803"",""72_24_0804"",""72_24_0805"",""72_24_0603"",""72_24_0702"",""72_24_0809"",""72_24_1101"",""72_24_0904"",""72_24_0501"",""72_24_0505"",""72_24_0401"",""72_24_0101"",""72_24_0601"",""72_24_0405"",""72_24_0503"",""72_24_0807"",""72_24_0304"",""72_24_0906"",""72_24_1003"",""72_24_0701"",""72_24_0404"",""72_24_0703"",""72_24_0903"",""72_24_0502"",""72_24_0806"",""72_24_0406"",""72_24_0802"",""72_24_0901"",""72_24_0403"",""72_24_0808"",""72_24_1004"",""72_24_0902"",""72_24_0810"",""72_24_0303"",""72_24_0301"",""72_24_0201"",""72_24_0506"",""72_24_1001"",""72_24_0504"",""72_24_0305"",""72_24_0402"",""72_24_0602"",""72_24_0302"",""72_24_1002"",""72_24_0801"",""72_24_0905""]","[""Caudeau"",""Louyre"",""Estrop"",""Blâme"",""Coly Chironde"",""Couzeau"",""Lemance"",""Nauze"",""Beauronne de Chancelade"",""Crempse"",""Dronne amont"",""Tardoire"",""Isle amont"",""Dronne - Ribérac"",""Manoire"",""Gardonnette"",""Pude"",""Céou amont"",""Bournègue"",""Vézère"",""St Méard de Dronne"",""Beune"",""Dordogne amont"",""Isle"",""Dordogne aval"",""Dronne aval"",""Eyraud"",""Borrèze"",""Euche"",""Conne"",""Dropt amont"",""Enéa"",""Couze"",""Lizonne"",""Nizonne"",""Bandiat"",""Beauronne des Lêches"",""Dropt aval"",""Vern"",""Sauvanie"",""Boulou"",""Auvézère"",""Belle"",""Banège"",""Lidoire"",""Céou aval""]",
29920,Copie de 71-2022-05-25-00001,2022-05-25,2022-06-14,abroge,,71,https://regleau.s3.gra.perf.cloud.ovh.net/arrete-cadre/29920/RAA_APcadre+71+25052022.pdf,"[6086,6085,6090,6088,6087,6089,6092]","[""SUP"",""SUP"",""SUP"",""SUP"",""SUP"",""SUP"",""SUP""]","[""26_71_02"",""26_71_01"",""26_71_06"",""26_71_04"",""26_71_03"",""26_71_05"",""26_71_08""]","[""bassin de l'Arroux Morvan"",""bassin de la Vallée de la Loire"",""bassin de la Grosne"",""bassin de l'Arconce et Sornin"",""bassin de la Bourbince"",""bassin de la Dheune"",""bassin Seille et Guyotte""]",
30245,71-2022-05-25-00001 (ajustements 2023),2022-05-25,2024-08-02,abroge,,71,https://regleau.s3.gra.perf.cloud.ovh.net//arrete-cadre/30245/AP_cadre_2022_signe_prefet_avec_annexes.pdf,"[9967,9968,9971,9969,9973,9972,9970]","[""SUP"",""SUP"",""SUP"",""SUP"",""SUP"",""SUP"",""SUP""]","[""1"",""2"",""5"",""3"",""7"",""6"",""4""]","[""ARROUX MORVAN"",""VALLÉE DE LA LOIRE"",""DHEUNE"",""ARCONCE ET SORNIN"",""GROSNE"",""BOURBINCE"",""SEILLE ET GUYOTTE""]","[433,434,1845,435,1846,436,1844]"
29921,71-2022-05-25-00001,2022-05-25,2022-07-18,abroge,,71,https://regleau.s3.gra.perf.cloud.ovh.net/arrete-cadre/29921/RAA_APcadre+71+25052022.pdf,"[6087,6092,6089,6085,6088,6086,6090]","[""SUP"",""SUP"",""SUP"",""SUP"",""SUP"",""SUP"",""SUP""]","[""26_71_03"",""26_71_08"",""26_71_05"",""26_71_01"",""26_71_04"",""26_71_02"",""26_71_06""]","[""bassin de la Bourbince"",""bassin Seille et Guyotte"",""bassin de la Dheune"",""bassin de la Vallée de la Loire"",""bassin de l'Arconce et Sornin"",""bassin de l'Arroux Morvan"",""bassin de la Grosne""]",
30215,71-2022-05-25-00001 (copie 2023-2),2022-05-25,2024-08-02,abroge,,71,https://regleau.s3.gra.perf.cloud.ovh.net//arrete-cadre/30215/ap_cadre_2022_signe_prefet_avec_annexes_1%20%281%29.pdf,"[9970,9967,9969,9971,9972,9973,9968]","[""SUP"",""SUP"",""SUP"",""SUP"",""SUP"",""SUP"",""SUP""]","[""4"",""1"",""3"",""5"",""6"",""7"",""2""]","[""SEILLE ET GUYOTTE"",""ARROUX MORVAN"",""ARCONCE ET SORNIN"",""DHEUNE"",""BOURBINCE"",""GROSNE"",""VALLÉE DE LA LOIRE""]","[1844,433,435,1845,436,1846,434]"
30008,71-2022-05-25-00001,2022-05-25,2023-05-30,abroge,,71,https://regleau.s3.gra.perf.cloud.ovh.net//arrete-cadre/30008/AP_cadre_2022_signe_prefet_avec_annexes.pdf,"[9973,9970,9972,9969,9968,9967,9971]","[""SUP"",""SUP"",""SUP"",""SUP"",""SUP"",""SUP"",""SUP""]","[""7"",""4"",""6"",""3"",""2"",""1"",""5""]","[""GROSNE"",""SEILLE ET GUYOTTE"",""BOURBINCE"",""ARCONCE ET SORNIN"",""VALLÉE DE LA LOIRE"",""ARROUX MORVAN"",""DHEUNE""]","[1846,1844,436,435,434,433,1845]"
29918,71-2022-05-25-00001,2022-05-25,2022-06-14,abroge,,71,https://regleau.s3.gra.perf.cloud.ovh.net/arrete-cadre/29918/RAA_APcadre+71+25052022.pdf,"[6085,6088,6090,6092,6087,6086,6089]","[""SUP"",""SUP"",""SUP"",""SUP"",""SUP"",""SUP"",""SUP""]","[""26_71_01"",""26_71_04"",""26_71_06"",""26_71_08"",""26_71_03"",""26_71_02"",""26_71_05""]","[""bassin de la Vallée de la Loire"",""bassin de l'Arconce et Sornin"",""bassin de la Grosne"",""bassin Seille et Guyotte"",""bassin de la Bourbince"",""bassin de l'Arroux Morvan"",""bassin de la Dheune""]",
29841,ACD_39_RAA 39-2022-05-25-00004,2022-05-25,2023-06-28,abroge,,39,https://regleau.s3.gra.perf.cloud.ovh.net//arrete-cadre/29841/Arr%C3%AAt%C3%A9%20Cadre%20S%C3%A9cheresse%20Jura_2022.pdf,"[8970,8968,8969,8972,8973,8971]","[""SUP"",""SUP"",""SUP"",""SOU"",""SOU"",""SUP""]","[""27_39_0003"",""27_39_0001"",""27_39_0002"",""27_39_0001"",""27_39_0002"",""27_39_0004""]","[""Nord Jura"",""Seille et affluents de la Loue"",""Plateau calcaire"",""Forêt de chaux et alluvions Doubs Loue"",""Formations bressannes"",""Haute chaîne""]",
30289,71-2022-05-25-00001 (ajustements 23-08-2023),2022-05-25,2024-08-02,abroge,,71,https://regleau.s3.gra.perf.cloud.ovh.net//arrete-cadre/30289/AP_cadre_2022_signe_prefet_avec_annexes.pdf,"[9972,9969,9967,9970,9971,9973,9968]","[""SUP"",""SUP"",""SUP"",""SUP"",""SUP"",""SUP"",""SUP""]","[""6"",""3"",""1"",""4"",""5"",""7"",""2""]","[""BOURBINCE"",""ARCONCE ET SORNIN"",""ARROUX MORVAN"",""SEILLE ET GUYOTTE"",""DHEUNE"",""GROSNE"",""VALLÉE DE LA LOIRE""]","[436,435,433,1844,1845,1846,434]"
29919,71-2022-05-25-00001,2022-05-25,2022-06-14,abroge,,71,https://regleau.s3.gra.perf.cloud.ovh.net/arrete-cadre/29919/AP+restrictions+sign%C3%A9+02062022.pdf,"[6092,6086,6088,6090,6087,6085,6089]","[""SUP"",""SUP"",""SUP"",""SUP"",""SUP"",""SUP"",""SUP""]","[""26_71_08"",""26_71_02"",""26_71_04"",""26_71_06"",""26_71_03"",""26_71_01"",""26_71_05""]","[""bassin Seille et Guyotte"",""bassin de l'Arroux Morvan"",""bassin de l'Arconce et Sornin"",""bassin de la Grosne"",""bassin de la Bourbince"",""bassin de la Vallée de la Loire"",""bassin de la Dheune""]",
29914,71-2022-05-25-00001,2022-05-25,2022-06-14,abroge,,71,https://regleau.s3.gra.perf.cloud.ovh.net/arrete-cadre/29914/RAA_APcadre+71+25052022.pdf,"[6087,6089,6090,6092,6086,6088,6085]","[""SUP"",""SUP"",""SUP"",""SUP"",""SUP"",""SUP"",""SUP""]","[""26_71_03"",""26_71_05"",""26_71_06"",""26_71_08"",""26_71_02"",""26_71_04"",""26_71_01""]","[""bassin de la Bourbince"",""bassin de la Dheune"",""bassin de la Grosne"",""bassin Seille et Guyotte"",""bassin de l'Arroux Morvan"",""bassin de l'Arconce et Sornin"",""bassin de la Vallée de la Loire""]",
30113,71-2022-05-25-00001 (copie 2023),2022-05-25,2023-06-16,abroge,,71,https://regleau.s3.gra.perf.cloud.ovh.net//arrete-cadre/30113/ap_cadre_2022_signe_prefet_avec_annexes_1.pdf,"[9972,9969,9968,9973,9970,9971,9967]","[""SUP"",""SUP"",""SUP"",""SUP"",""SUP"",""SUP"",""SUP""]","[""6"",""3"",""2"",""7"",""4"",""5"",""1""]","[""BOURBINCE"",""ARCONCE ET SORNIN"",""VALLÉE DE LA LOIRE"",""GROSNE"",""SEILLE ET GUYOTTE"",""DHEUNE"",""ARROUX MORVAN""]","[436,435,434,1846,1844,1845,433]"
29971,38-2022-05-30-00018 et 26-2022-05-20-00002,2022-05-30,2022-05-30,abroge,,"[""26"",""38""]",https://regleau.s3.gra.perf.cloud.ovh.net//arrete-cadre/29971/AP%20Cadre%20BLV_38-2022-05-30-00018_26-2022-05-20-00002.pdf,"[9563,9501,9488,9575]","[""SUP"",""SOU"",""SUP"",""SOU""]","[""84_26_0001"",""84_38_0003"",""84_38_0003"",""84_26_0001""]","[""VALLOIRE"",""Nappes de Bièvre-Liers-Valloire"",""Bièvre-Liers-Valloire"",""VALLOIRE""]",
30161,V4-BLV-38-2022-05-30-00018 et 26-2022-05-20-00002,2022-05-30,2023-06-27,abroge,,"[""26"",""38""]",https://regleau.s3.gra.perf.cloud.ovh.net//arrete-cadre/30161/AP%20Cadre%20BLV.pdf,"[11547,10434,10461,11535]","[""SOU"",""SUP"",""SOU"",""SUP""]","[""84_38_0015"",""84_26_0001"",""84_26_0012"",""84_38_0003""]","[""Nappes de Bièvre-Liers-Valloire"",""Valloire"",""Valloire"",""Bièvre-Liers-Valloire""]","[null,893,1870,null]"
30241,2022-DDT-SE-199_v3,2022-05-30,2023-06-08,abroge,,91,https://regleau.s3.gra.perf.cloud.ovh.net//arrete-cadre/30241/arrete-cadre_2022-199_sech-restric-eau_20220530_consolidee.pdf,"[8440,8443,8446,8448,8447,8450,8445,8441,8442,8449,8444]","[""SUP"",""SUP"",""SUP"",""SUP"",""SUP"",""SOU"",""SUP"",""SUP"",""SUP"",""SOU"",""SUP""]","[""11_091_00001"",""11_091_00004"",""11_091_00010"",""11_091_00012"",""11_091_00011"",""11_091_00007"",""11_091_00009"",""11_091_00002"",""11_091_00003"",""11_091_00006"",""11_091_00005""]","[""Bievre-Yvette et leurs affluents"",""Yerres et ses affluents"",""Double rattachement: Orge-Remarde_Yvette-Bievre et affluents"",""Double rattachement: Yerres et affluents_Seine essonnienne et petits affluents directs"",""Double rattachement: Essonne-Juine-Ecole_Seine essonnienne et petits affluents directs"",""Zone d'alerte de la Beauce centrale"",""Double rattachement: Orge-Remarde et affluents_Seine essonnienne et petits affluents directs"",""Orge et ses affluents, exeptes Yvette et ses affluents"",""Essonne Juine Ecole et leurs affluents"",""Nappe de Champigny"",""Seine essonnienne et ses petits affluents directs""]","[307,217,315,340,231,342,230,308,309,341,314]"
29944,78-2022-05-31-00020,2022-05-30,2023-06-23,abroge,,78,https://regleau.s3.gra.perf.cloud.ovh.net//arrete-cadre/29944/AP_Cadre_2022_RAA_78-2022-05-31-000020.pdf,"[8074,8075,8076,8077]","[""SUP"",""SUP"",""SUP"",""SUP""]","[""11_78_01"",""11_78_02"",""11_78_03"",""11_78_04""]","[""Zone Sud-Ouest"",""Zone Sud-Est"",""Zone Centre"",""Zone Seine""]",
30230,145/2022-V3,2022-05-30,2023-07-13,abroge,,88,https://regleau.s3.gra.perf.cloud.ovh.net//arrete-cadre/30230/2022-ACD%20VD.pdf,"[7340,7339]","[""SUP"",""SUP""]","[""44_88_02"",""44_88_01""]","[""Meuse amont et médiane partie du département 88"",""Moselle amont et Meurthe partie du département 88""]","[209,133]"
30084,38-2022-05-30-00018 et 26-2022-05-20-00002*,2022-05-30,2023-06-01,abroge,,"[""26"",""38""]",https://regleau.s3.gra.perf.cloud.ovh.net//arrete-cadre/30084/AP%20Cadre%20BLV_38-2022-05-30-00018_26-2022-05-20-00002.pdf,"[10461,9488,10434,9501]","[""SOU"",""SUP"",""SUP"",""SOU""]","[""84_26_0012"",""84_38_0003"",""84_26_0001"",""84_38_0003""]","[""Valloire"",""Bièvre-Liers-Valloire"",""Valloire"",""Nappes de Bièvre-Liers-Valloire""]","[1870,null,893,null]"
29925,2022-267,2022-05-30,2023-06-06,abroge,,08,https://regleau.s3.gra.perf.cloud.ovh.net//arrete-cadre/29925/Arr%C3%AAt%C3%A9%202022-267%20cadre%20s%C3%A9cheresse.pdf,"[7536,7535,7533,7532,7525,7524,7534]","[""SUP"",""SUP"",""SUP"",""SUP"",""SOU"",""SOU"",""SUP""]","[""21_08_05"",""21_08_04"",""21_08_02"",""21_08_01"",""21_08_07"",""21_08_06"",""21_08_03""]","[""Meuse Aval et Chier"",""Oise"",""Aisne amont (partie 08)"",""Affluents crayeux Marne et Aisne aval (partie08)"",""Calcaires de l'Oxfordien"",""Craie de Champagne Nord (partie 08)"",""Aisne aval""]",
29989,Ardennes  2022-267,2022-05-30,2023-06-06,abroge,,08,https://regleau.s3.gra.perf.cloud.ovh.net//arrete-cadre/29989/Arr%C3%AAt%C3%A9%202022-267%20cadre%20s%C3%A9cheresse.pdf,"[9769,9765,9768,9766,9767,9771,9770]","[""SUP"",""SUP"",""SUP"",""SUP"",""SUP"",""SOU"",""SOU""]","[""5"",""1"",""4"",""2"",""3"",""2"",""1""]","[""Aisne et Aire"",""Meuse et Chiers"",""Affluents crayeux de l'Aisne aval"",""Oise"",""Aisne Ardennaise"",""Craie de Champagne Nord"",""Calcaires de l'Oxfordien des Ardennes""]","[584,579,583,581,582,586,585]"
30344,145/2022-V4,2022-05-30,2023-07-13,abroge,,88,https://regleau.s3.gra.perf.cloud.ovh.net//arrete-cadre/30344/2022-ACD%20VD.pdf,"[7339,7340]","[""SUP"",""SUP""]","[""44_88_01"",""44_88_02""]","[""Moselle amont et Meurthe partie du département 88"",""Meuse amont et médiane partie du département 88""]","[133,209]"
30139,V3-BLV-38-2022-05-30-00018 et 26-2022-05-20-00002,2022-05-30,2023-06-20,abroge,,"[""38"",""26""]",https://regleau.s3.gra.perf.cloud.ovh.net//arrete-cadre/30139/AP%20Cadre%20BLV.pdf,"[11547,10461,10434,11535]","[""SOU"",""SOU"",""SUP"",""SUP""]","[""84_38_0015"",""84_26_0012"",""84_26_0001"",""84_38_0003""]","[""Nappes de Bièvre-Liers-Valloire"",""Valloire"",""Valloire"",""Bièvre-Liers-Valloire""]","[null,1870,893,null]"
29969,70-2022-05-31-00003,2022-05-31,2023-05-29,abroge,,70,https://regleau.s3.gra.perf.cloud.ovh.net//arrete-cadre/29969/20220531_AP_cadre_Haute-Sa%C3%B4ne_2022_sign%C3%A9.pdf,"[3657,3655,3659]","[""SUP"",""SUP"",""SUP""]","[""43_70_0008"",""43_70_0011"",""43_70_0009""]","[""Moyennes vallées du Doubs et de l'Ognon et plaine jurassienne_ dpt 70"",""Vosges et depression vosgienne"",""Plateaux calcaires de la Haute Saône""]",
30117,Copie de 70-2022-05-31-00003ter,2022-05-31,2023-07-13,abroge,,70,https://regleau.s3.gra.perf.cloud.ovh.net//arrete-cadre/30117/20220531_AP_cadre_Haute-Sa%C3%B4ne_2022_sign%C3%A9.pdf,"[11524,11525,11528,11523,11530,11529]","[""SUP"",""SUP"",""SOU"",""SUP"",""SOU"",""SOU""]","[""27_70_0002"",""27_70_0003"",""27_70_0001"",""27_70_0001"",""27_70_0003"",""27_70_0002""]","[""sup_Rivières vosgiennes et de la dépression vosgienne"",""sup_Nappes et rivières des basses vallées du Doubs et de l'Ognon"",""sout_Rivières du plateau haut de saônois"",""sup_Rivières du plateau haut de saônois"",""sout_Nappes et rivières des basses vallées du Doubs et de l'Ognon"",""sout_Rivières vosgiennes et de la dépression vosgienne""]","[94,95,98,93,100,99]"
30115,Copie de 70-2022-05-31-00003bis,2022-05-31,2023-05-30,abroge,,70,https://regleau.s3.gra.perf.cloud.ovh.net//arrete-cadre/30115/20220531_AP_cadre_Haute-Sa%C3%B4ne_2022_sign%C3%A9.pdf,"[11528,11524,11525,11530,11529,11523]","[""SOU"",""SUP"",""SUP"",""SOU"",""SOU"",""SUP""]","[""27_70_0001"",""27_70_0002"",""27_70_0003"",""27_70_0003"",""27_70_0002"",""27_70_0001""]","[""sout_Rivières du plateau haut de saônois"",""sup_Rivières vosgiennes et de la dépression vosgienne"",""sup_Nappes et rivières des basses vallées du Doubs et de l'Ognon"",""sout_Nappes et rivières des basses vallées du Doubs et de l'Ognon"",""sout_Rivières vosgiennes et de la dépression vosgienne"",""sup_Rivières du plateau haut de saônois""]","[98,94,95,100,99,93]"
29715,DDT/SEB/BEMA_2022151-0003,2022-05-31,2024-04-23,abroge,,10,https://regleau.s3.gra.perf.cloud.ovh.net//arrete-cadre/29715/Arrete%20DDT%20SEB%20BEMA%202022151%200003%20du%2031%2005%2022_%20Secheresse_signe.pdf,"[9795,9798,9796,9794,9791,9793,9792,9799,9790,9797]","[""SUP"",""SOU"",""SUP"",""SUP"",""SUP"",""SUP"",""SUP"",""SOU"",""SUP"",""SOU""]","[""6"",""2"",""7"",""5"",""2"",""4"",""3"",""3"",""1"",""1""]","[""Armance"",""Craie du Senonais et pays d'Othe"",""Vanne"",""Seine en amont de la restitution du réservoir"",""Aube en amont de la restitution du réservoir"",""Corridor Seine"",""Corridor Aube"",""Nappe de Brienne"",""Affluents crayeux Aube et Seine"",""Craie de Champagne Sud et Centre""]","[238,241,239,237,588,236,234,242,587,240]"
29847,145/2022,2022-05-31,2023-06-20,abroge,,88,https://regleau.s3.gra.perf.cloud.ovh.net//arrete-cadre/29847/2022-ACD%20VD.pdf,"[7339,7340]","[""SUP"",""SUP""]","[""44_88_01"",""44_88_02""]","[""Moselle amont et Meurthe partie du département 88"",""Meuse amont et médiane partie du département 88""]","[133,209]"
29842,145/2022,2022-05-31,2022-06-14,abroge,,88,https://regleau.s3.gra.perf.cloud.ovh.net//arrete-cadre/29842/2022%20ACI%20VF.pdf,,,,,
29954,70-2022-05-31-00003,2022-05-31,null,publie,,2B,https://regleau.s3.gra.perf.cloud.ovh.net//arrete-cadre/29954/20220531_AP_cadre_Haute-Sa%C3%B4ne_2022_sign%C3%A9.pdf,,,,,
29741,001,2022-06-01,2022-10-31,abroge,,33,https://regleau.s3.gra.perf.cloud.ovh.net//arrete-cadre/29741/AP-cadre-33_001.pdf,"[9255,9261,9243,9241,9250,9245,9252,9248,9244,9235,9256,9251,9237,9262,9259,9246,4563,9263,9236,9239,9240,9260,9253,9238,9254,9242,9257,9264,9258,9247,9249]","[""SUP"",""SUP"",""SUP"",""SUP"",""SUP"",""SUP"",""SUP"",""SUP"",""SUP"",""SUP"",""SUP"",""SUP"",""SUP"",""SUP"",""SUP"",""SUP"",""SOU"",""SUP"",""SUP"",""SUP"",""SUP"",""SUP"",""SUP"",""SUP"",""SUP"",""SUP"",""SUP"",""SUP"",""SUP"",""SUP"",""SUP""]","[""75_33_28"",""75_33_6"",""75_33_17"",""75_33_15"",""75_33_23"",""75_33_19"",""75_33_25"",""75_33_21"",""75_33_18"",""75_33_1"",""75_33_29"",""75_33_24"",""75_33_11"",""75_33_7"",""75_33_31"",""75_33_2"",""72_33_01"",""75_33_8"",""75_33_10"",""75_33_13"",""75_33_14"",""75_33_5"",""75_33_26"",""75_33_12"",""75_33_27"",""75_33_16"",""75_33_3"",""75_33_9"",""75_33_30"",""75_33_20"",""75_33_22""]","[""ZA Laurence"",""ZA Saye – Meudon – Lary"",""ZA Vignague"",""ZA Dronne aval"",""ZA des Lacs Médocains"",""ZA Chenal du Gua – Deyre"",""ZA Barbanne - Lavié - Palais"",""ZA Brion – Beuve – Bassanne"",""ZA Jalle de Breuil"",""ZA Garonne aval"",""ZA Engranne - Gamage - Escouach"",""ZA Gaillardon – Euille"",""ZA DDT47"",""ZA Ciron"",""ZA Lidoire"",""ZA Côtiers Est bassin d’Arcachon"",""zone non couverte par l'arrêté cadre"",""ZA Pimpine"",""ZA Livenne"",""ZA Dordogne aval"",""ZA Jalle de Blanquefort - Eau Blanche  - Eau Bourde"",""ZA Lisos"",""ZA Laurina – Jalle de Ludon"",""ZA Moron – Virvée"",""ZA Gravouse – Durèze - Soulège"",""ZA Isle aval"",""ZA Côtiers sud Bassin d’Arachon"",""ZA Andouille"",""ZA Saucats"",""ZA Leyre aval"",""ZA Jalle de Castelnau""]",1354
30044,006,2022-06-01,2022-10-31,abroge,,33,https://regleau.s3.gra.perf.cloud.ovh.net//arrete-cadre/30044/AP-cadre-33_004.pdf,"[10348,10356,10352,10343,10366,10345,4563,10339,10364,10355,10351,10358,10353,10340,10367,10363,10347,10361,10360,10350,10365,10342,10359,10368,10346,10354,10362,10349,10344,10341,10357]","[""SUP"",""SUP"",""SUP"",""SUP"",""SUP"",""SUP"",""SOU"",""SUP"",""SUP"",""SUP"",""SUP"",""SUP"",""SUP"",""SUP"",""SUP"",""SUP"",""SUP"",""SUP"",""SUP"",""SUP"",""SUP"",""SUP"",""SUP"",""SUP"",""SUP"",""SUP"",""SUP"",""SUP"",""SUP"",""SUP"",""SUP""]","[""75_33_18"",""75_33_25"",""75_33_21"",""75_33_13"",""75_33_7"",""75_33_15"",""72_33_01"",""75_33_1"",""75_33_5"",""75_33_24"",""75_33_20"",""75_33_27"",""75_33_22"",""75_33_10"",""75_33_8"",""75_33_31"",""75_33_17"",""75_33_3"",""75_33_29"",""75_33_2"",""75_33_6"",""75_33_12"",""75_33_28"",""75_33_9"",""75_33_16"",""75_33_23"",""75_33_30"",""75_33_19"",""75_33_14"",""75_33_11"",""75_33_26""]","[""ZA Saucats"",""ZA Barbanne - Lavié - Palais"",""ZA Brion – Beuve – Bassanne"",""ZA Dordogne aval"",""ZA Ciron"",""ZA Dronne aval"",""zone non couverte par l'arrêté cadre"",""ZA Garonne aval"",""ZA Lisos"",""ZA Gaillardon – Euille"",""ZA Leyre aval"",""ZA Gravouse – Durèze - Soulège"",""ZA Jalle de Castelnau"",""ZA Livenne"",""ZA Pimpine"",""ZA Lidoire"",""ZA Vignague"",""ZA Côtiers sud Bassin d’Arachon"",""ZA Engranne - Gamage - Escouach"",""ZA Côtiers Est bassin d’Arcachon"",""ZA Saye – Meudon – Lary"",""ZA Moron – Virvée"",""ZA Laurence"",""ZA Andouille"",""ZA Isle aval"",""ZA des Lacs Médocains"",""ZA Jalle de Breuil"",""ZA Chenal du Gua – Deyre"",""ZA Jalle de Blanquefort - Eau Blanche  - Eau Bourde"",""ZA DDT47"",""ZA Laurina – Jalle de Ludon""]",1354
30264,615 - 2023,2022-06-01,2024-07-14,abroge,,21,https://regleau.s3.gra.perf.cloud.ovh.net//arrete-cadre/30264/AP_cadre_CoteOr_avec_annexes_20220520_compressed.pdf,"[9361,9357,9364,9358,9363,9367,9366,9356,9362,9354,9359,9355,9365,9360]","[""SUP"",""SUP"",""SUP"",""SUP"",""SUP"",""SUP"",""SUP"",""SUP"",""SUP"",""SUP"",""SUP"",""SUP"",""SUP"",""SUP""]","[""27_21_08"",""27_21_04"",""27_21_11"",""27_21_05"",""27_21_10"",""27_21_14"",""27_21_13"",""27_21_03"",""27_21_09"",""27_21_01"",""27_21_06"",""27_21_02"",""27_21_12"",""27_21_07""]","[""Dheune"",""Bèze"",""Serein amont"",""Tille aval"",""Ouche aval"",""Arroux"",""Châtillonnais"",""Vingeanne"",""Ouche amont"",""Saône moyenne"",""Vouge, Biètre, Cent-Fonts"",""Tille amont"",""Armançon amont"",""Bouzaise""]","[64,60,451,61,66,456,453,57,65,701,62,56,452,63]"
30042,004,2022-06-01,2022-10-31,abroge,,33,https://regleau.s3.gra.perf.cloud.ovh.net//arrete-cadre/30042/AP-cadre-33_004.pdf,"[10356,10355,10343,10366,10341,10364,10367,10352,10359,10361,10344,10358,10348,10353,10340,10357,10346,10349,10360,10339,10350,10351,4563,10354,10365,10368,10362,10345,10347,10342,10363]","[""SUP"",""SUP"",""SUP"",""SUP"",""SUP"",""SUP"",""SUP"",""SUP"",""SUP"",""SUP"",""SUP"",""SUP"",""SUP"",""SUP"",""SUP"",""SUP"",""SUP"",""SUP"",""SUP"",""SUP"",""SUP"",""SUP"",""SOU"",""SUP"",""SUP"",""SUP"",""SUP"",""SUP"",""SUP"",""SUP"",""SUP""]","[""75_33_25"",""75_33_24"",""75_33_13"",""75_33_7"",""75_33_11"",""75_33_5"",""75_33_8"",""75_33_21"",""75_33_28"",""75_33_3"",""75_33_14"",""75_33_27"",""75_33_18"",""75_33_22"",""75_33_10"",""75_33_26"",""75_33_16"",""75_33_19"",""75_33_29"",""75_33_1"",""75_33_2"",""75_33_20"",""72_33_01"",""75_33_23"",""75_33_6"",""75_33_9"",""75_33_30"",""75_33_15"",""75_33_17"",""75_33_12"",""75_33_31""]","[""ZA Barbanne - Lavié - Palais"",""ZA Gaillardon – Euille"",""ZA Dordogne aval"",""ZA Ciron"",""ZA DDT47"",""ZA Lisos"",""ZA Pimpine"",""ZA Brion – Beuve – Bassanne"",""ZA Laurence"",""ZA Côtiers sud Bassin d’Arachon"",""ZA Jalle de Blanquefort - Eau Blanche  - Eau Bourde"",""ZA Gravouse – Durèze - Soulège"",""ZA Saucats"",""ZA Jalle de Castelnau"",""ZA Livenne"",""ZA Laurina – Jalle de Ludon"",""ZA Isle aval"",""ZA Chenal du Gua – Deyre"",""ZA Engranne - Gamage - Escouach"",""ZA Garonne aval"",""ZA Côtiers Est bassin d’Arcachon"",""ZA Leyre aval"",""zone non couverte par l'arrêté cadre"",""ZA des Lacs Médocains"",""ZA Saye – Meudon – Lary"",""ZA Andouille"",""ZA Jalle de Breuil"",""ZA Dronne aval"",""ZA Vignague"",""ZA Moron – Virvée"",""ZA Lidoire""]",1354
30034,002,2022-06-01,2022-10-31,abroge,,33,https://regleau.s3.gra.perf.cloud.ovh.net//arrete-cadre/30034/AP-cadre-33_002.pdf,"[9246,9245,9262,9263,9255,9235,9242,9252,9251,9240,9236,9259,9260,9253,9247,9243,9258,9244,9238,9250,9254,9241,9257,9237,9261,9264,9256,9248,9249,9239]","[""SUP"",""SUP"",""SUP"",""SUP"",""SUP"",""SUP"",""SUP"",""SUP"",""SUP"",""SUP"",""SUP"",""SUP"",""SUP"",""SUP"",""SUP"",""SUP"",""SUP"",""SUP"",""SUP"",""SUP"",""SUP"",""SUP"",""SUP"",""SUP"",""SUP"",""SUP"",""SUP"",""SUP"",""SUP"",""SUP""]","[""75_33_2"",""75_33_19"",""75_33_7"",""75_33_8"",""75_33_28"",""75_33_1"",""75_33_16"",""75_33_25"",""75_33_24"",""75_33_14"",""75_33_10"",""75_33_31"",""75_33_5"",""75_33_26"",""75_33_20"",""75_33_17"",""75_33_30"",""75_33_18"",""75_33_12"",""75_33_23"",""75_33_27"",""75_33_15"",""75_33_3"",""75_33_11"",""75_33_6"",""75_33_9"",""75_33_29"",""75_33_21"",""75_33_22"",""75_33_13""]","[""ZA Côtiers Est bassin d’Arcachon"",""ZA Chenal du Gua – Deyre"",""ZA Ciron"",""ZA Pimpine"",""ZA Laurence"",""ZA Garonne aval"",""ZA Isle aval"",""ZA Barbanne - Lavié - Palais"",""ZA Gaillardon – Euille"",""ZA Jalle de Blanquefort - Eau Blanche  - Eau Bourde"",""ZA Livenne"",""ZA Lidoire"",""ZA Lisos"",""ZA Laurina – Jalle de Ludon"",""ZA Leyre aval"",""ZA Vignague"",""ZA Saucats"",""ZA Jalle de Breuil"",""ZA Moron – Virvée"",""ZA des Lacs Médocains"",""ZA Gravouse – Durèze - Soulège"",""ZA Dronne aval"",""ZA Côtiers sud Bassin d’Arachon"",""ZA DDT47"",""ZA Saye – Meudon – Lary"",""ZA Andouille"",""ZA Engranne - Gamage - Escouach"",""ZA Brion – Beuve – Bassanne"",""ZA Jalle de Castelnau"",""ZA Dordogne aval""]",
29909,615,2022-06-01,2023-06-08,abroge,,21,https://regleau.s3.gra.perf.cloud.ovh.net/arrete-cadre/29909/AP_cadre_CoteOr_avec_annexes_20220520.pdf,"[9365,9354,9360,9359,9364,9355,9361,9357,9356,9366,9363,9362,9367,9358]","[""SUP"",""SUP"",""SUP"",""SUP"",""SUP"",""SUP"",""SUP"",""SUP"",""SUP"",""SUP"",""SUP"",""SUP"",""SUP"",""SUP""]","[""27_21_12"",""27_21_01"",""27_21_07"",""27_21_06"",""27_21_11"",""27_21_02"",""27_21_08"",""27_21_04"",""27_21_03"",""27_21_13"",""27_21_10"",""27_21_09"",""27_21_14"",""27_21_05""]","[""Armançon amont"",""Saône moyenne"",""Bouzaise"",""Vouge, Biètre, Cent-Fonts"",""Serein amont"",""Tille amont"",""Dheune"",""Bèze"",""Vingeanne"",""Châtillonnais"",""Ouche aval"",""Ouche amont"",""Arroux"",""Tille aval""]","[452,701,63,62,451,56,64,60,57,453,66,65,456,61]"
30043,005,2022-06-01,2022-10-31,abroge,,33,https://regleau.s3.gra.perf.cloud.ovh.net//arrete-cadre/30043/AP-cadre-33_004.pdf,"[10353,10341,10362,10364,10365,10344,10339,10348,10368,10357,10346,10356,10347,10349,10363,10345,10342,10360,10361,10359,10358,10351,4563,10352,10354,10340,10350,10366,10355,10367,10343]","[""SUP"",""SUP"",""SUP"",""SUP"",""SUP"",""SUP"",""SUP"",""SUP"",""SUP"",""SUP"",""SUP"",""SUP"",""SUP"",""SUP"",""SUP"",""SUP"",""SUP"",""SUP"",""SUP"",""SUP"",""SUP"",""SUP"",""SOU"",""SUP"",""SUP"",""SUP"",""SUP"",""SUP"",""SUP"",""SUP"",""SUP""]","[""75_33_22"",""75_33_11"",""75_33_30"",""75_33_5"",""75_33_6"",""75_33_14"",""75_33_1"",""75_33_18"",""75_33_9"",""75_33_26"",""75_33_16"",""75_33_25"",""75_33_17"",""75_33_19"",""75_33_31"",""75_33_15"",""75_33_12"",""75_33_29"",""75_33_3"",""75_33_28"",""75_33_27"",""75_33_20"",""72_33_01"",""75_33_21"",""75_33_23"",""75_33_10"",""75_33_2"",""75_33_7"",""75_33_24"",""75_33_8"",""75_33_13""]","[""ZA Jalle de Castelnau"",""ZA DDT47"",""ZA Jalle de Breuil"",""ZA Lisos"",""ZA Saye – Meudon – Lary"",""ZA Jalle de Blanquefort - Eau Blanche  - Eau Bourde"",""ZA Garonne aval"",""ZA Saucats"",""ZA Andouille"",""ZA Laurina – Jalle de Ludon"",""ZA Isle aval"",""ZA Barbanne - Lavié - Palais"",""ZA Vignague"",""ZA Chenal du Gua – Deyre"",""ZA Lidoire"",""ZA Dronne aval"",""ZA Moron – Virvée"",""ZA Engranne - Gamage - Escouach"",""ZA Côtiers sud Bassin d’Arachon"",""ZA Laurence"",""ZA Gravouse – Durèze - Soulège"",""ZA Leyre aval"",""zone non couverte par l'arrêté cadre"",""ZA Brion – Beuve – Bassanne"",""ZA des Lacs Médocains"",""ZA Livenne"",""ZA Côtiers Est bassin d’Arcachon"",""ZA Ciron"",""ZA Gaillardon – Euille"",""ZA Pimpine"",""ZA Dordogne aval""]",1354
30040,003,2022-06-01,2022-10-31,abroge,,33,https://regleau.s3.gra.perf.cloud.ovh.net//arrete-cadre/30040/AP-cadre-33_003.pdf,"[9239,9244,9248,9252,9246,9260,9254,9237,9250,9243,9247,9235,9249,9240,9236,9242,9263,9259,9257,9258,9262,9264,9238,9245,9241,9261,9253,9251,9256,9255]","[""SUP"",""SUP"",""SUP"",""SUP"",""SUP"",""SUP"",""SUP"",""SUP"",""SUP"",""SUP"",""SUP"",""SUP"",""SUP"",""SUP"",""SUP"",""SUP"",""SUP"",""SUP"",""SUP"",""SUP"",""SUP"",""SUP"",""SUP"",""SUP"",""SUP"",""SUP"",""SUP"",""SUP"",""SUP"",""SUP""]","[""75_33_13"",""75_33_18"",""75_33_21"",""75_33_25"",""75_33_2"",""75_33_5"",""75_33_27"",""75_33_11"",""75_33_23"",""75_33_17"",""75_33_20"",""75_33_1"",""75_33_22"",""75_33_14"",""75_33_10"",""75_33_16"",""75_33_8"",""75_33_31"",""75_33_3"",""75_33_30"",""75_33_7"",""75_33_9"",""75_33_12"",""75_33_19"",""75_33_15"",""75_33_6"",""75_33_26"",""75_33_24"",""75_33_29"",""75_33_28""]","[""ZA Dordogne aval"",""ZA Jalle de Breuil"",""ZA Brion – Beuve – Bassanne"",""ZA Barbanne - Lavié - Palais"",""ZA Côtiers Est bassin d’Arcachon"",""ZA Lisos"",""ZA Gravouse – Durèze - Soulège"",""ZA DDT47"",""ZA des Lacs Médocains"",""ZA Vignague"",""ZA Leyre aval"",""ZA Garonne aval"",""ZA Jalle de Castelnau"",""ZA Jalle de Blanquefort - Eau Blanche  - Eau Bourde"",""ZA Livenne"",""ZA Isle aval"",""ZA Pimpine"",""ZA Lidoire"",""ZA Côtiers sud Bassin d’Arachon"",""ZA Saucats"",""ZA Ciron"",""ZA Andouille"",""ZA Moron – Virvée"",""ZA Chenal du Gua – Deyre"",""ZA Dronne aval"",""ZA Saye – Meudon – Lary"",""ZA Laurina – Jalle de Ludon"",""ZA Gaillardon – Euille"",""ZA Engranne - Gamage - Escouach"",""ZA Laurence""]",
29833,DD743_AC_transitoire_001,2022-06-01,2022-10-18,abroge,,43,https://regleau.s3.gra.perf.cloud.ovh.net//arrete-cadre/29833/Arr%C3%AAt%C3%A9-cadre_2014.pdf,"[5129,5117,5123,5121,5118,5122,5128,5124,5126,5125,5120,5127,5119]","[""SUP"",""SUP"",""SUP"",""SUP"",""SUP"",""SUP"",""SUP"",""SUP"",""SUP"",""SUP"",""SUP"",""SUP"",""SUP""]","[""83_43_13"",""83_43_01"",""83_43_07"",""83_43_05"",""83_43_02"",""83_43_06"",""83_43_12"",""83_43_08"",""83_43_10"",""83_43_09"",""83_43_04"",""83_43_11"",""83_43_03""]","[""DORETTE"",""ALLIER (lit mineur + 100m)"",""LOIRE AVAL"",""ALAGNON"",""ALLIER AVAL"",""LOIRE (lit mineur + 100m)"",""LOIRE AMONT"",""LOIRE MOYENNE RIVE GAUCHE"",""HAUT-LIGNON"",""LOIRE MOYENNE RIVE DROITE"",""ALLIER AMONT"",""BORNE"",""ALLIER MOYEN""]","[138,916,979,92,80,969,1113,995,136,1020,966,1023,934]"
30049,007,2022-06-01,2022-10-31,abroge,,33,https://regleau.s3.gra.perf.cloud.ovh.net//arrete-cadre/30049/AP-cadre-33_004.pdf,"[10346,10357,10365,10355,10359,10364,10341,10348,10343,10349,10362,4563,10354,10358,10367,10352,10360,10351,10347,10353,10350,10368,10339,10342,10361,10356,10340,10363,10366,10345,10344]","[""SUP"",""SUP"",""SUP"",""SUP"",""SUP"",""SUP"",""SUP"",""SUP"",""SUP"",""SUP"",""SUP"",""SOU"",""SUP"",""SUP"",""SUP"",""SUP"",""SUP"",""SUP"",""SUP"",""SUP"",""SUP"",""SUP"",""SUP"",""SUP"",""SUP"",""SUP"",""SUP"",""SUP"",""SUP"",""SUP"",""SUP""]","[""75_33_16"",""75_33_26"",""75_33_6"",""75_33_24"",""75_33_28"",""75_33_5"",""75_33_11"",""75_33_18"",""75_33_13"",""75_33_19"",""75_33_30"",""72_33_01"",""75_33_23"",""75_33_27"",""75_33_8"",""75_33_21"",""75_33_29"",""75_33_20"",""75_33_17"",""75_33_22"",""75_33_2"",""75_33_9"",""75_33_1"",""75_33_12"",""75_33_3"",""75_33_25"",""75_33_10"",""75_33_31"",""75_33_7"",""75_33_15"",""75_33_14""]","[""ZA Isle aval"",""ZA Laurina – Jalle de Ludon"",""ZA Saye – Meudon – Lary"",""ZA Gaillardon – Euille"",""ZA Laurence"",""ZA Lisos"",""ZA DDT47"",""ZA Saucats"",""ZA Dordogne aval"",""ZA Chenal du Gua – Deyre"",""ZA Jalle de Breuil"",""zone non couverte par l'arrêté cadre"",""ZA des Lacs Médocains"",""ZA Gravouse – Durèze - Soulège"",""ZA Pimpine"",""ZA Brion – Beuve – Bassanne"",""ZA Engranne - Gamage - Escouach"",""ZA Leyre aval"",""ZA Vignague"",""ZA Jalle de Castelnau"",""ZA Côtiers Est bassin d’Arcachon"",""ZA Andouille"",""ZA Garonne aval"",""ZA Moron – Virvée"",""ZA Côtiers sud Bassin d’Arachon"",""ZA Barbanne - Lavié - Palais"",""ZA Livenne"",""ZA Lidoire"",""ZA Ciron"",""ZA Dronne aval"",""ZA Jalle de Blanquefort - Eau Blanche  - Eau Bourde""]",1354
30037,Copie de 002,2022-06-01,2022-10-31,abroge,,33,https://regleau.s3.gra.perf.cloud.ovh.net//arrete-cadre/30037/AP-cadre-33_002.pdf,"[9242,9238,9258,9255,9253,9245,9260,9252,9259,9244,9235,9254,9261,9249,9241,9256,9264,9240,9248,9237,9243,9257,9251,9239,9262,9250,9236,9263,9246,9247]","[""SUP"",""SUP"",""SUP"",""SUP"",""SUP"",""SUP"",""SUP"",""SUP"",""SUP"",""SUP"",""SUP"",""SUP"",""SUP"",""SUP"",""SUP"",""SUP"",""SUP"",""SUP"",""SUP"",""SUP"",""SUP"",""SUP"",""SUP"",""SUP"",""SUP"",""SUP"",""SUP"",""SUP"",""SUP"",""SUP""]","[""75_33_16"",""75_33_12"",""75_33_30"",""75_33_28"",""75_33_26"",""75_33_19"",""75_33_5"",""75_33_25"",""75_33_31"",""75_33_18"",""75_33_1"",""75_33_27"",""75_33_6"",""75_33_22"",""75_33_15"",""75_33_29"",""75_33_9"",""75_33_14"",""75_33_21"",""75_33_11"",""75_33_17"",""75_33_3"",""75_33_24"",""75_33_13"",""75_33_7"",""75_33_23"",""75_33_10"",""75_33_8"",""75_33_2"",""75_33_20""]","[""ZA Isle aval"",""ZA Moron – Virvée"",""ZA Saucats"",""ZA Laurence"",""ZA Laurina – Jalle de Ludon"",""ZA Chenal du Gua – Deyre"",""ZA Lisos"",""ZA Barbanne - Lavié - Palais"",""ZA Lidoire"",""ZA Jalle de Breuil"",""ZA Garonne aval"",""ZA Gravouse – Durèze - Soulège"",""ZA Saye – Meudon – Lary"",""ZA Jalle de Castelnau"",""ZA Dronne aval"",""ZA Engranne - Gamage - Escouach"",""ZA Andouille"",""ZA Jalle de Blanquefort - Eau Blanche  - Eau Bourde"",""ZA Brion – Beuve – Bassanne"",""ZA DDT47"",""ZA Vignague"",""ZA Côtiers sud Bassin d’Arachon"",""ZA Gaillardon – Euille"",""ZA Dordogne aval"",""ZA Ciron"",""ZA des Lacs Médocains"",""ZA Livenne"",""ZA Pimpine"",""ZA Côtiers Est bassin d’Arcachon"",""ZA Leyre aval""]",
29952,29-2022-02-29-00009_ACS_FINISTERE,2022-06-01,2025-06-12,abroge,,29,https://regleau.s3.gra.perf.cloud.ovh.net//arrete-cadre/29952/AC_secheresse_29_VRAA.pdf,"[8263,8262,8266,8269,8261,8257,8260,8255,8270,8268,8259,8271,8264,8275,8273,8265,8272,8258,8254,8267,8274,8256]","[""SUP"",""SUP"",""SOU"",""SOU"",""SUP"",""SUP"",""SUP"",""SUP"",""SOU"",""SOU"",""SUP"",""SOU"",""SUP"",""SOU"",""SOU"",""SOU"",""SOU"",""SUP"",""SUP"",""SOU"",""SOU"",""SUP""]","[""53_29_8"",""53_29_7"",""53_29_10"",""53_29_3"",""53_29_6"",""53_29_2"",""53_29_5"",""53_29_10"",""53_29_4"",""53_29_2"",""53_29_4"",""53_29_5"",""53_29_9"",""53_29_9"",""53_29_7"",""53_29_1"",""53_29_6"",""53_29_3"",""53_29_1"",""53_29_11"",""53_29_8"",""53_29_11""]","[""HAUT LEON - TREGOR"",""BAIE DE DOUARNENEZ - OUEST CORNOUAILLE"",""AULNE"",""ILE-DE-SEIN"",""ELORN"",""OUESSANT"",""BAS LEON"",""AULNE"",""ILE-MOLENE"",""OUESSANT"",""ILE-MOLENE"",""BAS LEON"",""SUD CORNOUAILLE - ISOLE"",""SUD CORNOUAILLE - ISOLE"",""BAIE DE DOUARNENEZ - OUEST CORNOUAILLE"",""ILE-DE-BATZ"",""ELORN"",""ILE-DE-SEIN"",""ILE-DE-BATZ"",""ODET"",""HAUT LEON - TREGOR"",""ODET""]","[9,8,304,193,7,1223,6,1221,310,306,5,311,10,195,313,192,312,303,1220,305,194,1222]"
30177,649 - 2023,2022-06-01,2024-07-16,abroge,21,"[""21"",""88"",""01"",""70"",""71"",""69""]",https://regleau.s3.gra.perf.cloud.ovh.net//arrete-cadre/30177/AIP_cadre_axeSaone_avec_annexes_versionInternet_compressed.pdf,"[8788,9974,11531,11526,9354,9368,11099,7341,11107]","[""SUP"",""SUP"",""SOU"",""SUP"",""SUP"",""SOU"",""SUP"",""SUP"",""SOU""]","[""84_01_1"",""8"",""27_70_0004"",""27_70_0004"",""27_21_01"",""84_01_1"",""84_69_0002"",""44_88_04"",""84_69_0002""]","[""Saône Aval"",""SAÔNE AVAL"",""sout_Saône Amont 70"",""sup_Saône Amont 70"",""Saône moyenne"",""Saône Aval"",""ZONE 2 - axe Saône"",""Saône amont"",""ZONE 2 - axe Saône - ESO""]","[1777,1847,101,96,701,67,550,282,558]"
29932,649,2022-06-01,2020-05-29,abroge,,"[""71"",""70"",""01"",""69"",""21"",""88""]",https://regleau.s3.gra.perf.cloud.ovh.net/arrete-cadre/29932/AIP_cadre_axeSaone_avec_annexes_versionInternet.pdf,"[9974,9899,8788,9908,3660,9368,7341,9354]","[""SUP"",""SUP"",""SUP"",""SOU"",""SUP"",""SOU"",""SUP"",""SUP""]","[""8"",""84_69_0002"",""84_01_1"",""84_69_0002"",""43_70_0010"",""84_01_1"",""44_88_04"",""27_21_01""]","[""SAÔNE AVAL"",""ZONE 2 - axe Saône"",""Saône Aval"",""ZONE 2 - axe Saône"",""Saone amont"",""Saône Aval"",""Saône amont"",""Saône moyenne""]","[1847,null,1777,null,null,67,282,701]"
30098,615,2022-06-01,2023-07-01,abroge,,21,https://regleau.s3.gra.perf.cloud.ovh.net/arrete-cadre/30098/AP_cadre_CoteOr_avec_annexes_20220520.pdf,"[9366,9355,9358,9362,9359,9365,9363,9354,9356,9360,9364,9367,9361,9357]","[""SUP"",""SUP"",""SUP"",""SUP"",""SUP"",""SUP"",""SUP"",""SUP"",""SUP"",""SUP"",""SUP"",""SUP"",""SUP"",""SUP""]","[""27_21_13"",""27_21_02"",""27_21_05"",""27_21_09"",""27_21_06"",""27_21_12"",""27_21_10"",""27_21_01"",""27_21_03"",""27_21_07"",""27_21_11"",""27_21_14"",""27_21_08"",""27_21_04""]","[""Châtillonnais"",""Tille amont"",""Tille aval"",""Ouche amont"",""Vouge, Biètre, Cent-Fonts"",""Armançon amont"",""Ouche aval"",""Saône moyenne"",""Vingeanne"",""Bouzaise"",""Serein amont"",""Arroux"",""Dheune"",""Bèze""]","[453,56,61,65,62,452,66,701,57,63,451,456,64,60]"
29995,ACI_BV_GIROU_2022,2022-06-01,2023-07-03,abroge,,81,https://regleau.s3.gra.perf.cloud.ovh.net//arrete-cadre/29995/220708_AP_GIROU_01_50%25.pdf,5810,SUP,73_81_000013,GIROU,
29966,AC-BV IsleDronne-AP-1620200324017,2022-06-01,2022-10-31,abroge,,16,https://regleau.s3.gra.perf.cloud.ovh.net//arrete-cadre/29966/AC-IsleDronne-AP-1620200324017.pdf,"[9156,9152,9154,9157,9158,9153]","[""SUP"",""SUP"",""SUP"",""SUP"",""SUP"",""SUP""]","[""75_16_0014"",""75_16_0009"",""75_16_0012"",""75_16_0015"",""75_16_0016"",""75_16_0011""]","[""OUGC Isle-Dronne /  Zone d'alerte : La Tude"",""OUGC Isle-Dronne /  Zone d'alerte : L'Auzonne"",""OUGC Isle-Dronne /  Zone d'alerte : La Lizonne"",""OUGC Isle-Dronne /  Zone d'alerte : Lary, Pousonne, Palais"",""OUGC Isle-Dronne /  Zone d'alerte : Le Voultron"",""OUGC Isle-Dronne /  Zone d'alerte : La Dronne""]","[1378,880,881,1379,883,370]"
30099,Copie de 649,2022-06-01,2023-06-19,abroge,,"[""01"",""21"",""70"",""71"",""69"",""88""]",https://regleau.s3.gra.perf.cloud.ovh.net/arrete-cadre/30099/AIP_cadre_axeSaone_avec_annexes_versionInternet.pdf,"[9368,9354,11526,9974,11099,11107,7341,8788,11531]","[""SOU"",""SUP"",""SUP"",""SUP"",""SUP"",""SOU"",""SUP"",""SUP"",""SOU""]","[""84_01_1"",""27_21_01"",""27_70_0004"",""8"",""84_69_0002"",""84_69_0002"",""44_88_04"",""84_01_1"",""27_70_0004""]","[""Saône Aval"",""Saône moyenne"",""sup_Saône Amont 70"",""SAÔNE AVAL"",""ZONE 2 - axe Saône"",""ZONE 2 - axe Saône - ESO"",""Saône amont"",""Saône Aval"",""sout_Saône Amont 70""]","[67,701,96,1847,550,558,282,1777,101]"
30327,649 - 2023 - 70 - 01,2022-06-01,2024-07-16,abroge,,70,https://regleau.s3.gra.perf.cloud.ovh.net//arrete-cadre/30327/AIP_cadre_axeSaone_avec_annexes_versionInternet_compressed.pdf,"[11531,11526]","[""SOU"",""SUP""]","[""27_70_0004"",""27_70_0004""]","[""sout_Saône Amont 70"",""sup_Saône Amont 70""]","[101,96]"
30224,AC_Mayotte,2022-06-01,2023-07-17,abroge,,976,https://regleau.s3.gra.perf.cloud.ovh.net//arrete-cadre/30224/Arr%C3%AAt%C3%A9%20de%20restriction%20des%20usages%20de%20l%27eau_mai2023_signed.pdf,"[12189,12190]","[""SUP"",""SOU""]","[""06_976_0001"",""06_976_0001""]","[""bassin de Mayotte"",""bassin de Mayotte""]","[845,846]"
29993,AC_73_2022-0456_provisoire_v2,2022-06-02,2023-06-07,abroge,,73,https://regleau.s3.gra.perf.cloud.ovh.net//arrete-cadre/29993/20220602_APC73secheresse.pdf,"[9537,9538,9545,9550,9541,9548,9544,9540,9535,9547,9546,9539,9543,9549,9536,9542]","[""SUP"",""SUP"",""SOU"",""SOU"",""SUP"",""SOU"",""SOU"",""SUP"",""SUP"",""SOU"",""SOU"",""SUP"",""SOU"",""SOU"",""SUP"",""SUP""]","[""84_73_0003"",""84_73_0004"",""84_73_0003"",""84_73_0008"",""84_73_0007"",""84_73_0006"",""84_73_0002"",""84_73_0006"",""84_73_0001"",""84_73_0005"",""84_73_0004"",""84_73_0005"",""84_73_0001"",""84_73_0007"",""84_73_0002"",""84_73_0008""]","[""Combe de Savoie – Val Gelon"",""Flon – Aiguebelette"",""Combe de Savoie – Val Gelon"",""Maurienne"",""Tarentaise"",""Beaufortain – Val D'Arly"",""Chéran"",""Beaufortain – Val D'Arly"",""Lac du Bourget – Albanais"",""Guiers – Chartreuse"",""Flon – Aiguebelette"",""Guiers – Chartreuse"",""Lac du Bourget – Albanais"",""Tarentaise"",""Chéran"",""Maurienne""]",
30079,Copie AC_73_2022-0456_provisoire_v2,2022-06-02,null,publie,,73,https://regleau.s3.gra.perf.cloud.ovh.net//arrete-cadre/30079/20220602_APC73secheresse_RAA.pdf,"[10640,10648,10645,10642,10641,10651,10638,10636,10644,10637,10639,10643,10646,10647,10650,10649]","[""SUP"",""SOU"",""SOU"",""SUP"",""SUP"",""SOU"",""SUP"",""SUP"",""SOU"",""SUP"",""SUP"",""SUP"",""SOU"",""SOU"",""SOU"",""SOU""]","[""84_73_0005"",""84_73_0005"",""84_73_0002"",""84_73_0007"",""84_73_0006"",""84_73_0008"",""84_73_0003"",""84_73_0001"",""84_73_0001"",""84_73_0002"",""84_73_0004"",""84_73_0008"",""84_73_0003"",""84_73_0004"",""84_73_0007"",""84_73_0006""]","[""Guiers - Chartreuse"",""Guiers - Chartreuse"",""Chéran"",""Tarentaise"",""Beaufortain - Val d'Arly"",""Maurienne"",""Combe de Savoie - Val Gelon"",""Lac du Bourget - Albanais"",""Lac du Bourget - Albanais"",""Chéran"",""Flon - Aiguebelette"",""Maurienne"",""Combe de Savoie - Val Gelon"",""Flon - Aiguebelette"",""Tarentaise"",""Beaufortain - Val d'Arly""]","[531,545,542,533,532,548,529,527,541,528,530,534,543,544,547,546]"
29891,DDT71_AC_001,2022-06-02,2022-06-14,abroge,,71,https://regleau.s3.gra.perf.cloud.ovh.net/arrete-cadre/29891/RAA_APcadre+71+25052022.pdf,"[6092,6088,6089,6090,6087,6091,6086,6085]","[""SUP"",""SUP"",""SUP"",""SUP"",""SUP"",""SUP"",""SUP"",""SUP""]","[""26_71_08"",""26_71_04"",""26_71_05"",""26_71_06"",""26_71_03"",""26_71_07"",""26_71_02"",""26_71_01""]","[""bassin Seille et Guyotte"",""bassin de l'Arconce et Sornin"",""bassin de la Dheune"",""bassin de la Grosne"",""bassin de la Bourbince"",""bassin de la Saône du Doubs et Côtes viticoles"",""bassin de l'Arroux Morvan"",""bassin de la Vallée de la Loire""]",
29876, 90-2022-05-02-00001,2022-06-02,null,publie,,90,https://regleau.s3.gra.perf.cloud.ovh.net//arrete-cadre/29876/2022_05_02_ACI%20sous-bassin%20de%20l%27Allan%20%2825-90%29%20.pdf,"[4550,3651]","[""SOU"",""SUP""]","[""43_90_01"",""43_90_0012""]","[""zone non couverte par l'arrêté cadre"",""bassin versant de l'Allan_dpt 90""]","[197,1776]"
29871,2022-DDT 57/SABE/EAU-N21,2022-06-03,2022-06-14,abroge,,57,https://regleau.s3.gra.perf.cloud.ovh.net/arrete-cadre/29871/2020_05_20_Arrete_Cadre_signe.pdf,"[4573,7328,7327,7326,7325]","[""SOU"",""SUP"",""SUP"",""SUP"",""SUP""]","[""41_57_01"",""44_57_04"",""44_57_03"",""44_57_02"",""44_57_01""]","[""zone non couverte par l'arrêté cadre"",""Sarre partie du département 57"",""Lauter, Sauer, Moder et Zorn partie du département 57"",""Moselle aval, Orne, Nied et Seille partie du département 57"",""Moselle amont et Meurthe partie du département 57""]","[18,132,58,50,48]"
29896,2022-DDT-SE-199,2022-06-11,2023-06-08,abroge,,91,https://regleau.s3.gra.perf.cloud.ovh.net//arrete-cadre/29896/arrete-cadre_2022-199_sech-restric-eau_20220530.pdf,"[8445,8440,8446,8444,8448,8442,8449,8447,8450,8441,8443]","[""SUP"",""SUP"",""SUP"",""SUP"",""SUP"",""SUP"",""SOU"",""SUP"",""SOU"",""SUP"",""SUP""]","[""11_091_00009"",""11_091_00001"",""11_091_00010"",""11_091_00005"",""11_091_00012"",""11_091_00003"",""11_091_00006"",""11_091_00011"",""11_091_00007"",""11_091_00002"",""11_091_00004""]","[""Double rattachement: Orge-Remarde et affluents_Seine essonnienne et petits affluents directs"",""Bievre-Yvette et leurs affluents"",""Double rattachement: Orge-Remarde_Yvette-Bievre et affluents"",""Seine essonnienne et ses petits affluents directs"",""Double rattachement: Yerres et affluents_Seine essonnienne et petits affluents directs"",""Essonne Juine Ecole et leurs affluents"",""Nappe de Champigny"",""Double rattachement: Essonne-Juine-Ecole_Seine essonnienne et petits affluents directs"",""Zone d'alerte de la Beauce centrale"",""Orge et ses affluents, exeptes Yvette et ses affluents"",""Yerres et ses affluents""]","[230,307,315,314,340,309,341,231,342,308,217]"
30485,036-2022-06-13-00002,2022-06-13,2025-03-19,abroge,,36,https://regleau.s3.gra.perf.cloud.ovh.net/arrete-cadre/30485/Arr%C3%83%C2%AAt%C3%83%C2%A9-cadre+s%C3%83%C2%A9cheresse+n%C3%82%C2%B036-2022-06-13-00002+du+13+juin+2022.pdf,"[14927,14909,14922,14902,14913,14915,14932,14911,14928,14910,14908,14904,14931,14912,14914,14907,14916,14924,14930,14903,14917,14926,14906,14905,14933,14925,14918,14920,14921,14919,14923,14929]","[""SUP"",""SOU"",""SOU"",""SOU"",""SUP"",""SOU"",""SOU"",""SUP"",""SUP"",""SUP"",""SOU"",""SUP"",""SOU"",""SUP"",""SUP"",""SUP"",""SUP"",""SUP"",""SUP"",""SOU"",""SUP"",""SOU"",""SOU"",""SUP"",""SOU"",""SUP"",""SOU"",""SOU"",""SOU"",""SOU"",""SUP"",""SOU""]",,"[""Gartempe"",""Théols"",""Indre amont"",""Claise"",""Claise"",""Indrois-Tourmente"",""Indre aval"",""Indrois-Tourmente"",""Trégonce"",""Anglin aval"",""Arnon"",""Cher"",""Bouzanne"",""Indre aval"",""Arnon"",""Creuse"",""Anglin amont"",""Bouzanne"",""Modon"",""Fouzon"",""Indre amont"",""Ringoire"",""Creuse"",""Fouzon"",""Modon"",""Ringoire"",""Anglin amont"",""Cher"",""Anglin aval"",""Trégonce"",""Théols"",""Gartempe""]","[2211,2193,2206,2217,2197,2199,2216,2195,2212,2194,2192,2190,2215,2196,2198,2189,2200,2208,2214,2187,2201,2210,2191,2188,2218,2209,2202,2204,2205,2203,2207,2213]"
30188,Copie de 36-2022-06-13-00002,2022-06-13,2022-06-13,abroge,,36,https://regleau.s3.gra.perf.cloud.ovh.net/arrete-cadre/30188/Arr%C3%AAt%C3%A9-cadre+s%C3%A9cheresse+n%C2%B036-2022-06-13-00002+du+13+juin+2022.pdf,"[7474,7469,7475,7478,7467,7464,7479,7476,7470,7471,7465,7468,7473,7477,7466,7480,7472]","[""SUP"",""SUP"",""SUP"",""SUP"",""SUP"",""SUP"",""SUP"",""SUP"",""SUP"",""SUP"",""SUP"",""SUP"",""SUP"",""SUP"",""SUP"",""SUP"",""SUP""]","[""24_36_0012"",""24_36_0007"",""24_36_0013"",""24_36_0016"",""24_36_0005"",""24_36_0001"",""24_36_0017"",""24_36_0014"",""24_36_0008"",""24_36_0009"",""24_36_0002"",""24_36_0006"",""24_36_0011"",""24_36_0015"",""24_36_0004"",""24_36_0019"",""24_36_0010""]","[""bassin de la Trégonce"",""bassin de la Gartempe"",""bassin de la Ringoire"",""bassin de le Fouzon"",""bassin de la Claise"",""bassin de l'Anglin amont confuence allemette"",""bassin de le Modon"",""bassin de l'Arnon"",""bassin de l'Indre amont à châteauroux"",""bassin de l'Indre aval à châteauroux"",""bassin de l'Anglin aval confluence allemette"",""bassin de La Creuse"",""bassin de la Tourmente"",""bassin de la Théols"",""bassin de la Bouzanne"",""bassin de Cher (36)"",""bassin de l'Indrois""]","[1170,1160,1171,1189,1153,213,1192,1173,1163,1167,214,1159,1169,1180,1149,1193,218]"
29764,36-2022-06-13-00002,2022-06-13,2023-06-14,abroge,,36,https://regleau.s3.gra.perf.cloud.ovh.net/arrete-cadre/29764/Arr%C3%AAt%C3%A9-cadre+s%C3%A9cheresse+n%C2%B036-2022-06-13-00002+du+13+juin+2022.pdf,"[7477,7475,7471,7464,7478,7465,7468,7473,7474,7480,7467,7469,7472,7479,7466,7476,7470]","[""SUP"",""SUP"",""SUP"",""SUP"",""SUP"",""SUP"",""SUP"",""SUP"",""SUP"",""SUP"",""SUP"",""SUP"",""SUP"",""SUP"",""SUP"",""SUP"",""SUP""]","[""24_36_0015"",""24_36_0013"",""24_36_0009"",""24_36_0001"",""24_36_0016"",""24_36_0002"",""24_36_0006"",""24_36_0011"",""24_36_0012"",""24_36_0019"",""24_36_0005"",""24_36_0007"",""24_36_0010"",""24_36_0017"",""24_36_0004"",""24_36_0014"",""24_36_0008""]","[""bassin de la Théols"",""bassin de la Ringoire"",""bassin de l'Indre aval à châteauroux"",""bassin de l'Anglin amont confuence allemette"",""bassin de le Fouzon"",""bassin de l'Anglin aval confluence allemette"",""bassin de La Creuse"",""bassin de la Tourmente"",""bassin de la Trégonce"",""bassin de Cher (36)"",""bassin de la Claise"",""bassin de la Gartempe"",""bassin de l'Indrois"",""bassin de le Modon"",""bassin de la Bouzanne"",""bassin de l'Arnon"",""bassin de l'Indre amont à châteauroux""]","[1180,1171,1167,213,1189,214,1159,1169,1170,1193,1153,1160,218,1192,1149,1173,1163]"
29942,2022-06-14_DDT57/SABE/EAU-N°21,2022-06-14,2023-06-26,abroge,,57,https://regleau.s3.gra.perf.cloud.ovh.net/arrete-cadre/29942/2022-SABE-EAU-N21_ACD_Secheresse_14-06-2022.pdf,"[7325,7326,7328,7327]","[""SUP"",""SUP"",""SUP"",""SUP""]","[""44_57_01"",""44_57_02"",""44_57_04"",""44_57_03""]","[""Moselle amont et Meurthe partie du département 57"",""Moselle aval, Orne, Nied et Seille partie du département 57"",""Sarre partie du département 57"",""Lauter, Sauer, Moder et Zorn partie du département 57""]","[48,50,132,58]"
30038,AP_ACS_2022_02,2022-06-16,2023-07-28,abroge,,22,https://regleau.s3.gra.perf.cloud.ovh.net//arrete-cadre/30038/2022_06_16_Arrete%20cadre%20Secheresse.pdf,"[10336,10337,10334,10335,10338]","[""SUP"",""SUP"",""SUP"",""SUP"",""SUP""]","[""3"",""4"",""1"",""2"",""5""]","[""Zone sud-ouest"",""Zone sud"",""Zone ouest"",""Zone centre"",""Zone est""]","[438,439,675,437,440]"
29941,DDTM22_AP_ACS2022,2022-06-16,2022-07-01,abroge,,22,https://regleau.s3.gra.perf.cloud.ovh.net//arrete-cadre/29941/2022_06_16_Arrete%20cadre%20Secheresse.pdf,"[4607,6130]","[""SOU"",""SUP""]","[""53_22_01"",""53_22_0001""]","[""zone non couverte par l'arrêté cadre"",""COTES-D'ARMOR""]",43
30011,DDTM22_AP_ACS2022_02,2022-06-16,2022-08-01,abroge,,22,https://regleau.s3.gra.perf.cloud.ovh.net//arrete-cadre/30011/2022_06_16_Arrete%20cadre%20Secheresse.pdf,"[4607,6130]","[""SOU"",""SUP""]","[""53_22_01"",""53_22_0001""]","[""zone non couverte par l'arrêté cadre"",""COTES-D'ARMOR""]",43
29712,ACD83_2022,2022-06-17,2023-06-27,abroge,,83,https://regleau.s3.gra.perf.cloud.ovh.net/arrete-cadre/29712/ACD_17_juin_2022.pdf,"[9783,9785,9784,9787,9781,9782,9780,9789,9779,9788]","[""SUP"",""SUP"",""SUP"",""SUP"",""SUP"",""SUP"",""SUP"",""SOU"",""SUP"",""SOU""]","[""93_83_5"",""93_83_7"",""93_83_6"",""93_83_9"",""93_83_3"",""93_83_4"",""93_83_2"",""93_83_2"",""93_83_1"",""93_83_1""]","[""Zone Fleuves côtiers ouest"",""Zone Huveaune Amont"",""Zone Gapeau"",""Zone Verdon"",""Zone Artuby-Jabron"",""Zone Durance"",""Zone Argens"",""Zone Nappe Giscle – Môle"",""Zone Arc Amont"",""Zone Nappe basse vallée Argens""]",
29935,74_DDT-2022-0710,2022-06-17,2023-05-31,abroge,,74,https://regleau.s3.gra.perf.cloud.ovh.net/arrete-cadre/29935/ARP_cadre_2022_0710_avecAnnexes-bd.pdf,"[8658,8651,8655,8653,8652,8656,8657,8654,8650]","[""SUP"",""SUP"",""SUP"",""SUP"",""SUP"",""SUP"",""SUP"",""SUP"",""SUP""]","[""82_74_0009"",""82_74_0002"",""82_74_0006"",""82_74_0004"",""82_74_0003"",""82_74_0007"",""82_74_0008"",""82_74_0005"",""82_74_0001""]","[""bassin des Dranses"",""bassin du Fier"",""bassin de l Arve médian"",""bassin du Genevois"",""bassin des Usses"",""bassin du l Arve amont"",""bassin du Sud-Ouest Lémanique"",""bassin de l Arve aval"",""bassin du Chéran""]","[335,328,332,330,329,333,334,331,327]"
30240,2022/DDT/SEPR/173,2022-06-20,2025-05-28,abroge,,77,https://regleau.s3.gra.perf.cloud.ovh.net//arrete-cadre/30240/APC_2022_DDT_SEPR_173_du_20_06_2022_compressed%20%281%29.pdf,"[5644,5637,5627,5628,4330,5630,5631,5641,5632,5646,5645,5638,5633,5639,5642,4329,5629,5636,5643,5635,4331,5634,5640]","[""SUP"",""SUP"",""SUP"",""SUP"",""SOU"",""SUP"",""SUP"",""SUP"",""SUP"",""SUP"",""SUP"",""SUP"",""SUP"",""SUP"",""SUP"",""SOU"",""SUP"",""SUP"",""SUP"",""SUP"",""SOU"",""SUP"",""SUP""]","[""11_77_018"",""11_77_011"",""11_77_001"",""11_77_002"",""11_77_03"",""11_77_004"",""11_77_005"",""11_77_015"",""11_77_006"",""11_77_020"",""11_77_019"",""11_77_012"",""11_77_007"",""11_77_013"",""11_77_016"",""11_77_01"",""11_77_003"",""11_77_010"",""11_77_017"",""11_77_009"",""11_77_02"",""11_77_008"",""11_77_014""]","[""Bassin de l'Ecole"",""Bassin de l'Yonne"",""Bassin du Fusin"",""Bassin du Réveillon"",""Nappe de Beauce Centrale"",""Bassin de la Thérouanne"",""Bassin de l'Ourcq"",""Bassin de la Marne"",""Bassin de la Gondoire"",""Bassin de la Seine"",""Bassin du Loing"",""Bassin du Lunain"",""Bassin du Grand Morin"",""Bassin de l'Orvanne"",""Bassin de l'Ancoeur"",""Nappe du Champigny Ouest"",""Bassin de la Beuvronne"",""Bassin de l'Auxence"",""Bassin de l'Yerres"",""Bassin de la Voulzie"",""Nappe du Champigny Est"",""Bassin de l'Essonne"",""Bassin du Petit Morin""]","[180,173,160,139,153,140,162,177,163,182,181,174,166,175,178,152,161,172,179,168,154,167,176]"
29963,2022-172-012,2022-06-21,2022-12-31,abroge,,04,https://regleau.s3.gra.perf.cloud.ovh.net//arrete-cadre/29963/AP%202022-172-012%20du%2021%20juin%202022.pdf,"[8306,8299,8310,8304,8296,8309,4582,8303,8298,8305,8311,8308,8307,8297,8313,8312,8300,8302,8301]","[""SUP"",""SUP"",""SUP"",""SUP"",""SUP"",""SUP"",""SOU"",""SUP"",""SUP"",""SUP"",""SUP"",""SUP"",""SUP"",""SUP"",""SUP"",""SUP"",""SUP"",""SUP"",""SUP""]","[""93_04_0011"",""93_04_0004"",""93_04_0015"",""93_04_0009"",""93_04_0001"",""93_04_0014"",""93_04_01"",""93_04_0008"",""93_04_0003"",""93_04_0010"",""93_04_0016"",""93_04_0013"",""93_04_0012"",""93_04_0002"",""93_04_0018"",""93_04_0017"",""93_04_0005"",""93_04_0007"",""93_04_0006""]","[""Bassin versant du Var (partie dpt Alpes-de-Haute-Provence)"",""Bassin versant du Jabron"",""Bassin versant du Buech (partie dpt Alpes-de-Haute-Provence)"",""Bassin versant de l'Ubaye"",""Bassin versant de l'Asse"",""Bassin versant de la Nesque (partie dpt Alpes-de-Haute-Provence)"",""zone non couverte par l'arrêté cadre"",""Bassin versant du Vancon"",""Bassin versant du Colostre"",""Bassin versant du Verdon amont"",""Bassin versant de l'Artuby (partie dpt Alpes-de-Haute-Provence)"",""Bassin versant du Calavon (partie dpt Alpes-de-Haute-Provence)"",""Bassin versant de la Blanche"",""Bassin versant de la Bleone"",""Bassin versant de la Durance"",""Bassin versant du Verdon aval"",""Bassin versant du Largue"",""Bassin versant du Sasse"",""Bassin versant du Lauzon""]",1830
30363,2022-172-012_(2023),2022-06-21,2023-12-31,abroge,,04,https://regleau.s3.gra.perf.cloud.ovh.net//arrete-cadre/30363/AP%202022-172-012%20du%2021-06-2022%20-%20ACS%2004.pdf,"[12366,12372,12369,12367,12371,12362,12364,12375,12379,4582,12374,12363,12376,12370,12378,12373,12380,12365,12377,12368]","[""SUP"",""SUP"",""SUP"",""SUP"",""SUP"",""SUP"",""SUP"",""SUP"",""SUP"",""SOU"",""SUP"",""SUP"",""SUP"",""SUP"",""SUP"",""SUP"",""SUP"",""SUP"",""SUP"",""SUP""]","[""93_04_0007"",""93_04_0013"",""93_04_0010"",""93_04_0008"",""93_04_0012"",""93_04_0002"",""93_04_0004"",""93_04_0016"",""93_04_0022"",""93_04_01"",""93_04_0015"",""93_04_0003"",""93_04_0017"",""93_04_0011"",""93_04_0021"",""93_04_0014"",""93_04_0023"",""93_04_0006"",""93_04_0018"",""93_04_0009""]","[""Colostre"",""Sasse"",""Largue"",""Verdon aval"",""Durance"",""Asse"",""Bléone"",""Vançon"",""Buëch"",""zone non couverte par l'arrêté cadre"",""Ubaye"",""Blanche"",""Var"",""Lauzon"",""Esteron"",""Nesque"",""Artuby-Jabron"",""Calavon"",""Verdon amont"",""Jabron""]","[762,105,765,763,104,758,760,1810,1933,1830,1809,759,1811,103,1932,1931,1934,761,1812,764]"
30474,2022-172-012,2022-06-21,2025-05-11,abroge,,04,https://regleau.s3.gra.perf.cloud.ovh.net/arrete-cadre/30474/AP%202022-172-012%20du%2021-06-2022%20-%20ACS%2004.pdf,"[15497,15511,15501,15514,15492,15520,15527,15516,15503,15524,15506,15510,15498,15508,15495,15525,15507,15528,15529,15509,15496,15518,15494,15515,15517,15493,15521,15502,15513,15500,15504,15522,15523,15505,15526,15519,15499,15512]","[""SUP"",""SOU"",""SUP"",""SOU"",""SOU"",""SUP"",""SOU"",""SOU"",""SUP"",""SUP"",""SOU"",""SOU"",""SUP"",""SOU"",""SUP"",""SUP"",""SOU"",""SOU"",""SUP"",""SOU"",""SUP"",""SOU"",""SUP"",""SOU"",""SOU"",""SUP"",""SUP"",""SUP"",""SOU"",""SUP"",""SOU"",""SUP"",""SUP"",""SOU"",""SOU"",""SUP"",""SUP"",""SOU""]","[""93_04_0013"",""93_04_0013"",""93_04_0012"",""93_04_0012"",""93_04_0003"",""93_04_0004"",""93_04_0004"",""93_04_0006"",""93_04_0006"",""93_04_0007"",""93_04_0007"",""93_04_0008"",""93_04_0008"",""93_04_0009"",""93_04_0009"",""93_04_0010"",""93_04_0010"",""93_04_0014"",""93_04_0014"",""93_04_0011"",""93_04_0011"",""93_04_0023"",""93_04_0023"",""93_04_0022"",""93_04_0002"",""93_04_0002"",""93_04_0003"",""93_04_0022"",""93_04_0021"",""93_04_0021"",""93_04_0018"",""93_04_0018"",""93_04_0017"",""93_04_0017"",""93_04_0016"",""93_04_0016"",""93_04_0015"",""93_04_0015""]","[""Sasse"",""Sasse"",""Durance"",""Durance"",""Blanche"",""Bléone"",""Bléone"",""Calavon"",""Calavon"",""Colostre"",""Colostre"",""Verdon aval"",""Verdon aval"",""Jabron"",""Jabron"",""Largue"",""Largue"",""Nesque"",""Nesque"",""Lauzon"",""Lauzon"",""Artuby-Jabron"",""Artuby-Jabron"",""Buëch"",""Asse"",""Asse"",""Blanche"",""Buëch"",""Esteron"",""Esteron"",""Verdon amont"",""Verdon amont"",""Var"",""Var"",""Vançon"",""Vançon"",""Ubaye"",""Ubaye""]","[2762,2775,2764,2777,2756,2784,2791,2780,2767,2788,2770,2774,2761,2772,2759,2789,2771,2792,2793,2773,2760,2782,2758,2779,2781,2757,2785,2766,2778,2765,2768,2786,2787,2769,2790,2783,2763,2776]"
29960,DDT-SGREB-GEMAPRIN-2022-06/2,2022-06-23,2023-04-24,abroge,,28,https://regleau.s3.gra.perf.cloud.ovh.net//arrete-cadre/29960/2022_06_23_AP_CADRE_MESURES_SECHERESSE_EAUX_SUPERFICIELLES.pdf,"[9743,9759,9756,9760,9763,9750,9741,9755,9751,9754,9745,9748,9752,9757,9749,9744,9747,9758,9761,9753,9762,9742,9746]","[""SUP"",""SUP"",""SUP"",""SUP"",""SUP"",""SUP"",""SUP"",""SUP"",""SUP"",""SUP"",""SUP"",""SUP"",""SUP"",""SUP"",""SUP"",""SUP"",""SUP"",""SUP"",""SUP"",""SUP"",""SUP"",""SUP"",""SUP""]","[""24_28_03"",""24_28_19"",""24_28_16"",""24_28_20"",""24_28_23"",""24_28_10"",""24_28_01"",""24_28_15"",""24_28_11"",""24_28_14"",""24_28_05"",""24_28_08"",""24_28_12"",""24_28_17"",""24_28_09"",""24_28_04"",""24_28_07"",""24_28_18"",""24_28_21"",""24_28_13"",""24_28_22"",""24_28_02"",""24_28_06""]","[""EURE Moyen haut"",""VOISE"",""THIRONNE"",""LOIR Amont"",""AVRE Aval"",""BLAISE"",""AIGRE"",""RHONE"",""CLOCHE"",""FOUSSARDE"",""EURE Aval"",""YERRE Amont"",""CONIE"",""VACHERESSE"",""YERRE Aval"",""EURE Moyen bas"",""OZANNE Aval"",""VESGRE"",""LOIR Aval"",""DROUETTE"",""AVRE Moyen"",""EURE Amont"",""OZANNE Amont""]",
29948,20220624_APcadredep31,2022-06-24,2022-07-11,abroge,,31,https://regleau.s3.gra.perf.cloud.ovh.net//arrete-cadre/29948/20220624_APcadre_secheresse_31_complet_light.pdf,"[9650,9646,9644,9657,9639,9659,9664,9651,9643,9649,9653,9662,9661,9654,9655,9652,9660,9642,9641,9658,9648,9656,9645,9647,9640,9663]","[""SUP"",""SUP"",""SUP"",""SUP"",""SUP"",""SUP"",""SUP"",""SUP"",""SUP"",""SUP"",""SUP"",""SUP"",""SUP"",""SUP"",""SUP"",""SUP"",""SUP"",""SUP"",""SUP"",""SUP"",""SUP"",""SUP"",""SUP"",""SUP"",""SUP"",""SUP""]","[""76_31_16"",""76_31_11"",""76_31_09"",""76_31_24"",""76_31_01"",""76_31_26"",""76_31_32"",""76_31_17"",""76_31_07"",""76_31_15"",""76_31_19"",""76_31_30"",""76_31_29"",""76_31_21"",""76_31_22"",""76_31_18"",""76_31_28"",""76_31_06"",""76_31_05"",""76_31_25"",""76_31_14"",""76_31_23"",""76_31_10"",""76_31_12"",""76_31_03"",""76_31_31""]","[""Garonne aval"",""Hers-Vif"",""Tescou"",""Bassin du Ger"",""Girou réalimenté"",""Système Neste"",""Secteur rive gauche Garonne des petits cours d'eau non réalimentés non instrumentés"",""Garonne médiane"",""Tarn"",""Bassin du Volp"",""Aussonnelle"",""Secteur sud du département des petits cours d'eau non réalimentés non instrumentés"",""Système canal de Saint-Martory"",""Garonne amont"",""Bassin du Salat"",""Touch amont"",""Aussoue"",""Bassin du Sor"",""Saune"",""Ruisseau de Maudan"",""Bassin de l'Arize"",""Bassin de l'Arbas"",""Lèze"",""Ariège"",""Hers-Mort"",""Secteur rive droite Garonne des petits cours d'eau non réalimentés non instrumentés""]",
30002,20220624_APcadredep31-2,2022-06-24,null,publie,,31,https://regleau.s3.gra.perf.cloud.ovh.net//arrete-cadre/30002/20220624_APcadre_secheresse_31_complet_light.pdf,"[15570,15545,15547,15559,15548,15568,15558,15556,15550,15552,15569,15564,15561,15557,15563,15553,15554,15567,15566,15562,15560,15555,15549,15565,15546,15551]","[""SUP"",""SUP"",""SUP"",""SUP"",""SUP"",""SUP"",""SUP"",""SUP"",""SUP"",""SUP"",""SUP"",""SUP"",""SUP"",""SUP"",""SUP"",""SUP"",""SUP"",""SUP"",""SUP"",""SUP"",""SUP"",""SUP"",""SUP"",""SUP"",""SUP"",""SUP""]","[""76_31_22"",""76_31_26"",""76_31_21"",""76_31_29"",""76_31_06"",""76_31_19"",""76_31_18"",""76_31_10"",""76_31_32"",""76_31_24"",""76_31_23"",""76_31_11"",""76_31_25"",""76_31_12"",""76_31_15"",""76_31_16"",""76_31_17"",""76_31_28"",""76_31_01"",""76_31_30"",""76_31_09"",""76_31_14"",""76_31_07"",""76_31_05"",""76_31_03"",""76_31_31""]","[""Bassin du Salat"",""Système Neste"",""Garonne amont"",""Système canal de Saint-Martory"",""Bassin du Sor"",""Aussonnelle"",""Touch amont"",""Lèze"",""Secteur rive gauche Garonne des petits cours d'eau non réalimentés non instrumentés"",""Bassin du Ger"",""Bassin de l'Arbas"",""Hers-Vif"",""Ruisseau de Maudan"",""Ariège"",""Bassin du Volp"",""Garonne aval"",""Garonne médiane"",""Aussoue"",""Girou réalimenté"",""Secteur sud du département des petits cours d'eau non réalimentés non instrumentés"",""Tescou"",""Bassin de l'Arize"",""Tarn"",""Saune"",""Hers-Mort"",""Secteur rive droite Garonne des petits cours d'eau non réalimentés non instrumentés""]","[2834,2809,2811,2823,2814,2832,2822,2820,2812,2813,2833,2828,2825,2821,2827,2817,2818,2831,2830,2826,2824,2819,2815,2829,2810,2816]"
30172,V2_ACI_PPC_2022,2022-07-11,2025-06-15,abroge,75,"[""94"",""75"",""92"",""93""]",https://regleau.s3.gra.perf.cloud.ovh.net//arrete-cadre/30172/ACI_PPC_11%20juillet%202022.pdf,"[9958,10055,9959,9961,9960,9957]","[""SUP"",""SUP"",""SUP"",""SOU"",""SUP"",""SUP""]","[""11_93_01"",""11_75_01"",""11_94_01"",""11_94_03"",""11_94_02"",""11_92_01""]","[""Bassins de la Marne et de la Seine"",""Bassins de la Marne et de la Seine"",""Bassins de la Marne et de la Seine"",""Communes alimentées par la nappe du Champigny"",""Bassins du Réveillon et du Morbras"",""Bassins de la Marne et de la Seine""]","[645,674,646,648,647,644]"
29984,ACI_PPC_2022,2022-07-11,2022-06-17,abroge,,"[""92"",""94"",""93"",""75""]",https://regleau.s3.gra.perf.cloud.ovh.net//arrete-cadre/29984/ACI_PPC_11%20juillet%202022.pdf,"[9958,9957,9960,10055,9961,9959]","[""SUP"",""SUP"",""SUP"",""SUP"",""SOU"",""SUP""]","[""11_93_01"",""11_92_01"",""11_94_02"",""11_75_01"",""11_94_03"",""11_94_01""]","[""Bassins de la Marne et de la Seine"",""Bassins de la Marne et de la Seine"",""Bassins du Réveillon et du Morbras"",""Bassins de la Marne et de la Seine"",""Communes alimentées par la nappe du Champigny"",""Bassins de la Marne et de la Seine""]","[645,644,647,674,648,646]"
30278,AIP-DROPT-47-2022-07-20-00002,2022-07-20,2024-06-09,abroge,47,"[""24"",""33"",""47""]",https://regleau.s3.gra.perf.cloud.ovh.net//arrete-cadre/30278/2022-07-20_ACI-DROPT_num-min.pdf,"[12097,11573,10730,10722,11608,11600,11605,10724,12117,12104,12092,10747,11563,12142]","[""SUP"",""SUP"",""SUP"",""SUP"",""SUP"",""SUP"",""SUP"",""SUP"",""SUP"",""SUP"",""SUP"",""SUP"",""SUP"",""SUP""]","[""75_24_0006"",""72_47_19"",""75_33_17"",""75_33_09"",""72_47_50"",""72_47_43"",""72_47_48"",""75_33_11"",""75_24_0026"",""75_24_0013"",""75_24_0001"",""75_33_35"",""72_47_1"",""75_24_0052""]","[""Dropt - Dropt aval"",""60_ZA47_Le Dropt aval réalimenté"",""ZA Vignague"",""ZA Andouille"",""60 ZA47 La Dourdène réalimentée"",""ZA47_Bassin versant du Bournègue"",""60_ZA47_Bassin versant du Dropt"",""ZA DDT47"",""Dropt - Banège"",""Dropt - Dropt amont"",""Dropt - Bournègue"",""le Dropt"",""60_ZA47_Le Dropt amont réalimenté"",""Dropt - Escourou""]","[1105,1546,705,34,1571,1567,1568,1419,1626,1110,1609,743,1535,1648]"
30014,23-2022-07-20-00002,2022-07-20,2023-06-11,abroge,,23,https://regleau.s3.gra.perf.cloud.ovh.net//arrete-cadre/30014/arr_cadre_secheresse_2022.pdf,"[5676,5677,5681,5683,5678,5680,4608,5682,5675,5674,5679]","[""SUP"",""SUP"",""SUP"",""SUP"",""SUP"",""SUP"",""SOU"",""SUP"",""SUP"",""SUP"",""SUP""]","[""74_23_003"",""74_23_004"",""74_23_008"",""74_23_010"",""74_23_005"",""74_23_007"",""74_23_01"",""74_23_009"",""74_23_002"",""74_23_001"",""74_23_006""]","[""La Sedelle"",""La Creuse de sa source au ruisseau du Chezalet"",""La Gartempe et ses affluents"",""L'Allier"",""La Creuse du ruisseau du Chezalet à sa confluence avec la Petite Creuse"",""Le Thaurion, La Maulde et leurs affluents"",""zone non couverte par l'arrêté cadre"",""La Dordogne"",""La Tardes"",""Le Cher"",""La Petite Creuse""]",1231
30029,09_2022_ACD_01,2022-07-22,2022-07-22,abroge,,09,https://regleau.s3.gra.perf.cloud.ovh.net//arrete-cadre/30029/Arr%C3%AAt%C3%A9%20du%2022%20juillet%202022_restriction_d%C3%A9partement-mention%20sign%C3%A9.pdf,"[10155,10159,10157,10160]","[""SUP"",""SUP"",""SUP"",""SUP""]","[""76_09_0013"",""76_09_0017"",""76_09_0015"",""76_09_0018""]","[""BV_Volp"",""BV_Aude"",""BV_Salat"",""BV_Garonne""]",
29837,76_20220720_ACS,2022-07-22,2023-06-05,abroge,,76,https://regleau.s3.gra.perf.cloud.ovh.net//arrete-cadre/29837/76_20220720_ACS_%20Pdf%20Natif%20MentionSigneAvecAnnexes.pdf,"[7954,9837,9841,7949,9840,9842,9839,9836,9844,9838,9843,7952,7955,7953,7951,7950,7956,7948]","[""SOU"",""SUP"",""SUP"",""SOU"",""SUP"",""SUP"",""SUP"",""SUP"",""SUP"",""SUP"",""SUP"",""SOU"",""SOU"",""SOU"",""SOU"",""SOU"",""SOU"",""SOU""]","[""23_76_000107"",""28_76_0002"",""28_76_0006"",""23_76_000102"",""28_76_0005"",""28_76_0007"",""28_76_0004"",""28_76_0001"",""28_76_0009"",""28_76_0003"",""28_76_0008"",""23_76_000105"",""23_76_000108"",""23_76_000106"",""23_76_000104"",""23_76_000103"",""23_76_000109"",""23_76_000101""]","[""bassins du Cailly au Robec"",""YERES - EAULNE - BETHUNE"",""AUSTRBERTHE - VAL DES NOYERS - VALLEE DE LA SEINE"",""bassins de l'Yères à la Béthune"",""ETRETAT - YPORT - POINTE DE CAUX - CAUX SEINE - COMMERCE - EMBOUCHURE SEINE"",""CAILLY - AUBETTE - ROBEC - VALLEE DE LA SEINE"",""DURDENT - DUN - VEULES - VALMONT - GANZEVILLE"",""BRESLE"",""EPTE"",""SAANE - VIENNE - SCIE - VARENNE - ARQUES"",""ANDELLE"",""bassins de la Pointe de Caux au Commerce"",""bassin de l'Andelle"",""bassins de l'Austreberthe à la Seine"",""bassins du Dun à la Ganzeville"",""bassins de la Saâne à l'Arques"",""bassin de l'Epte"",""bassin de la Bresle""]",
30031,Copie de 09_2022_ACD_02,2022-07-22,2023-06-23,abroge,,09,https://regleau.s3.gra.perf.cloud.ovh.net//arrete-cadre/30031/Arr%C3%AAt%C3%A9%20du%2022%20juillet%202022_restriction_d%C3%A9partement-mention%20sign%C3%A9.pdf,"[10157,10155,10159,10156,10158,10160]","[""SUP"",""SUP"",""SUP"",""SUP"",""SUP"",""SUP""]","[""76_09_0015"",""76_09_0013"",""76_09_0017"",""76_09_0014"",""76_09_0016"",""76_09_0018""]","[""BV_Salat"",""BV_Volp"",""BV_Aude"",""BV_Lens"",""BV_Lez"",""BV_Garonne""]",
30201,DDT60 - 29/07/2022 - V2,2022-07-29,2026-06-25,abroge,,60,https://regleau.s3.gra.perf.cloud.ovh.net//arrete-cadre/30201/arrete_cadre_departemental_secheresse_oise_29072022%20%281%29.pdf,"[9985,10001,9994,9986,9992,10000,9991,9978,9987,9980,9984,9997,9976,9996,9983,9977,9995,9989,9981,9979,10002,9975,9982,9999,9988,9990,9998,9993]","[""SUP"",""SOU"",""SOU"",""SUP"",""SOU"",""SOU"",""SOU"",""SUP"",""SUP"",""SUP"",""SUP"",""SOU"",""SUP"",""SOU"",""SUP"",""SUP"",""SOU"",""SOU"",""SUP"",""SUP"",""SOU"",""SUP"",""SUP"",""SOU"",""SUP"",""SOU"",""SOU"",""SOU""]","[""32_60_0011"",""32_60_0013"",""32_60_0006"",""32_60_0012"",""32_60_0004"",""32_60_0012"",""32_60_0003"",""32_60_0004"",""32_60_0013"",""32_60_0006"",""32_60_0010"",""32_60_0009"",""32_60_0002"",""32_60_0008"",""32_60_0009"",""32_60_0003"",""32_60_0007"",""32_60_0001"",""32_60_0007"",""32_60_0005"",""32_60_0014"",""32_60_0001"",""32_60_0008"",""32_60_0011"",""32_60_0014"",""32_60_0002"",""32_60_0010"",""32_60_0005""]","[""bassin de la Nonette et Thève"",""bassin de l'Ourcq"",""bassin de la Celle et Evoisson"",""bassin Oise-Aisne"",""bassin de la Brêche"",""bassin Oise-Aisne"",""bassin de l'Avre, Noye, Trois-Doms et Haute-Somme"",""bassin de la Brêche"",""bassin de l'Ourcq"",""bassin de la Celle et Evoisson"",""bassin du Matz"",""bassin de l'Esches"",""bassin de l'Automne"",""bassin de l'Epte, Troesne et Viosne"",""bassin de l'Esches"",""bassin de l'Avre, Noye, Trois-Doms et Haute-Somme"",""bassin de la Divette et Verse"",""bassin de l'Aronde"",""bassin de la Divette et Verse"",""bassin de la Brele"",""bassin du Thérain"",""bassin de l'Aronde"",""bassin de l'Epte, Troesne et Viosne"",""bassin de la Nonette et Thève"",""bassin du Thérain"",""bassin de l'Automne"",""bassin du Matz"",""bassin de la Brele""]","[657,672,665,658,663,671,643,651,659,642,656,668,650,667,655,641,666,661,653,652,673,649,654,670,660,662,669,664]"
30021,DDT60 - 29/07/2022,2022-07-29,2023-06-20,abroge,,60,https://regleau.s3.gra.perf.cloud.ovh.net//arrete-cadre/30021/Arr%C3%AAt%C3%A9_cadre_d%C3%A9partemental_s%C3%A9cheresse_Oise_29072022.pdf,"[9984,9987,9985,9999,9996,9983,9979,9982,9998,9976,9992,9988,9991,10001,9995,9989,9975,9980,9993,9977,9990,9994,9986,9981,10000,9997,10002,9978]","[""SUP"",""SUP"",""SUP"",""SOU"",""SOU"",""SUP"",""SUP"",""SUP"",""SOU"",""SUP"",""SOU"",""SUP"",""SOU"",""SOU"",""SOU"",""SOU"",""SUP"",""SUP"",""SOU"",""SUP"",""SOU"",""SOU"",""SUP"",""SUP"",""SOU"",""SOU"",""SOU"",""SUP""]","[""32_60_0010"",""32_60_0013"",""32_60_0011"",""32_60_0011"",""32_60_0008"",""32_60_0009"",""32_60_0005"",""32_60_0008"",""32_60_0010"",""32_60_0002"",""32_60_0004"",""32_60_0014"",""32_60_0003"",""32_60_0013"",""32_60_0007"",""32_60_0001"",""32_60_0001"",""32_60_0006"",""32_60_0005"",""32_60_0003"",""32_60_0002"",""32_60_0006"",""32_60_0012"",""32_60_0007"",""32_60_0012"",""32_60_0009"",""32_60_0014"",""32_60_0004""]","[""bassin du Matz"",""bassin de l'Ourcq"",""bassin de la Nonette et Thève"",""bassin de la Nonette et Thève"",""bassin de l'Epte, Troesne et Viosne"",""bassin de l'Esches"",""bassin de la Brele"",""bassin de l'Epte, Troesne et Viosne"",""bassin du Matz"",""bassin de l'Automne"",""bassin de la Brêche"",""bassin du Thérain"",""bassin de l'Avre, Noye, Trois-Doms et Haute-Somme"",""bassin de l'Ourcq"",""bassin de la Divette et Verse"",""bassin de l'Aronde"",""bassin de l'Aronde"",""bassin de la Celle et Evoisson"",""bassin de la Brele"",""bassin de l'Avre, Noye, Trois-Doms et Haute-Somme"",""bassin de l'Automne"",""bassin de la Celle et Evoisson"",""bassin Oise-Aisne"",""bassin de la Divette et Verse"",""bassin Oise-Aisne"",""bassin de l'Esches"",""bassin du Thérain"",""bassin de la Brêche""]","[656,659,657,670,667,655,652,654,669,650,663,660,643,672,666,661,649,642,664,641,662,665,658,653,671,668,673,651]"
30047,ACD83_modificatif_12_aout_2022_modificatif,2022-08-12,2023-06-27,abroge,,83,https://regleau.s3.gra.perf.cloud.ovh.net/arrete-cadre/30047/ACD_modificatif_12-08-2022_avec_annexes.pdf,"[9789,9780,9788,9781,9787,9784,9779,9783,9782,9785]","[""SOU"",""SUP"",""SOU"",""SUP"",""SUP"",""SUP"",""SUP"",""SUP"",""SUP"",""SUP""]","[""93_83_2"",""93_83_2"",""93_83_1"",""93_83_3"",""93_83_9"",""93_83_6"",""93_83_1"",""93_83_5"",""93_83_4"",""93_83_7""]","[""Zone Nappe Giscle – Môle"",""Zone Argens"",""Zone Nappe basse vallée Argens"",""Zone Artuby-Jabron"",""Zone Verdon"",""Zone Gapeau"",""Zone Arc Amont"",""Zone Fleuves côtiers ouest"",""Zone Durance"",""Zone Huveaune Amont""]",
30118,ACD83-modif-DDTM/SEBIO/2022-73,2022-08-12,2025-06-30,abroge,,83,https://regleau.s3.gra.perf.cloud.ovh.net//arrete-cadre/30118/83-ACD-2022.pdf,"[11949,11944,11947,11955,11945,11951,11948,11946,11954,11950]","[""SUP"",""SUP"",""SUP"",""SOU"",""SUP"",""SUP"",""SUP"",""SUP"",""SOU"",""SUP""]","[""93_83_5"",""93_83_1"",""93_83_3"",""93_83_2"",""93_83_10"",""93_83_7"",""93_83_4"",""93_83_2"",""93_83_1"",""93_83_6""]","[""Zone Fleuves côtiers ouest"",""Zone Arc Amont"",""Zone Artuby-Jabron"",""Zone Nappe Giscle - Môle"",""Zone Verdon"",""Zone Huveaune Amont"",""Zone Durance"",""Zone Argens"",""Zone Nappe basse vallée Argens"",""Zone Gapeau""]","[114,109,112,1795,110,1876,113,111,1794,115]"
30265,05-2022-08-16-00002,2022-08-16,2024-07-07,abroge,,05,https://regleau.s3.gra.perf.cloud.ovh.net//arrete-cadre/30265/20220816SEC_ACD05_AP_signe.pdf,"[8922,8925,8920,8926,8927,8921]","[""SUP"",""SUP"",""SUP"",""SUP"",""SUP"",""SUP""]","[""93_05_0003"",""93_05_0006"",""93_05_0001"",""93_05_0007"",""93_05_0008"",""93_05_0002""]","[""Bassin Méouge partie 05"",""Bassin de la Haute-Durance"",""Bassin du Drac-Gapençais"",""Bassin Souloise-Séveraisse"",""Bassin Haute-Romanche"",""Bassin du Buëch partie du 05""]","[378,381,376,382,383,377]"
30119,DDT- SEF 2022 – 629,2022-10-19,null,publie,,43,https://regleau.s3.gra.perf.cloud.ovh.net/arrete-cadre/30119/2022-10-19-arrete-cadre-secherese-haute-loire.pdf,"[16378,16381,16370,16372,16374,16377,16373,16371,16379,16376,16380,16375,16382]","[""SUP"",""SUP"",""SUP"",""SUP"",""SUP"",""SUP"",""SUP"",""SUP"",""SUP"",""SUP"",""SUP"",""SUP"",""SUP""]","[""83_43_10"",""83_43_11"",""83_43_08"",""83_43_01"",""83_43_04"",""83_43_13"",""83_43_06"",""83_43_02"",""83_43_09"",""83_43_12"",""83_43_05"",""83_43_03"",""83_43_07""]","[""HAUT-LIGNON"",""BORNE"",""LOIRE MOYENNE RIVE GAUCHE"",""ALLIER (lit mineur + 100m)"",""ALLIER AMONT"",""DORETTE"",""LOIRE (lit mineur + 100m)"",""ALLIER AVAL"",""LOIRE MOYENNE RIVE DROITE"",""LOIRE AMONT"",""ALAGNON"",""ALLIER MOYEN"",""LOIRE AVAL""]","[3660,3663,3652,3654,3657,3661,3655,3653,3656,3659,3662,3658,3664]"
30491,DDT-SEF 2022-629,2022-10-19,null,publie,,43,https://regleau.s3.gra.perf.cloud.ovh.net/arrete-cadre/30491/2022-10-19-arr%C3%83%C2%AAt%C3%83%C2%A9-cadre-s%C3%83%C2%A9cherese-Haute-Loire.pdf,"[16371,16377,16376,16381,16378,16372,16375,16374,16380,16373,16382,16370,16379]","[""SUP"",""SUP"",""SUP"",""SUP"",""SUP"",""SUP"",""SUP"",""SUP"",""SUP"",""SUP"",""SUP"",""SUP"",""SUP""]","[""83_43_02"",""83_43_13"",""83_43_12"",""83_43_11"",""83_43_10"",""83_43_01"",""83_43_03"",""83_43_04"",""83_43_05"",""83_43_06"",""83_43_07"",""83_43_08"",""83_43_09""]","[""ALLIER AVAL"",""DORETTE"",""LOIRE AMONT"",""BORNE"",""HAUT-LIGNON"",""ALLIER (lit mineur + 100m)"",""ALLIER MOYEN"",""ALLIER AMONT"",""ALAGNON"",""LOIRE (lit mineur + 100m)"",""LOIRE AVAL"",""LOIRE MOYENNE RIVE GAUCHE"",""LOIRE MOYENNE RIVE DROITE""]","[3653,3661,3659,3663,3660,3654,3658,3657,3662,3655,3664,3652,3656]"
30057,arrête-hivers_20221031,2022-11-01,2023-04-01,abroge,,79,https://regleau.s3.gra.perf.cloud.ovh.net//arrete-cadre/30057/20221031_AP.pdf,"[9403,9410,9425,9420,9430,9422,9404,9413,9443,9411,9427,9407,9412,9436,9441,9423,9442,9408,9418,9401,9416,9433,9406,9437,9398,9419,9429,9440,9432,9417,9438,9399,9428,9424,9431,9409,9400,9402,9426,9434,9415,9405,9414,9439,9421,9435]","[""SUP"",""SUP"",""SOU"",""SUP"",""SOU"",""SOU"",""SUP"",""SUP"",""SOU"",""SUP"",""SOU"",""SUP"",""SUP"",""SOU"",""SOU"",""SOU"",""SOU"",""SUP"",""SUP"",""SUP"",""SUP"",""SOU"",""SUP"",""SOU"",""SUP"",""SUP"",""SOU"",""SOU"",""SOU"",""SUP"",""SOU"",""SUP"",""SOU"",""SOU"",""SOU"",""SUP"",""SUP"",""SUP"",""SOU"",""SOU"",""SUP"",""SUP"",""SUP"",""SOU"",""SOU"",""SOU""]","[""75_79_5b"",""75_79_MP2"",""75_79_5a3"",""75_79_TTA3"",""75_79_8a"",""75_79_4"",""75_79_6a"",""75_79_MP7"",""75_79_TTA3"",""75_79_MP3"",""75_79_6a"",""75_79_8a"",""75_79_MP5-3"",""75_79_MP7"",""75_79_TTA2a"",""75_79_5a1"",""75_79_TTA2c"",""75_79_MoiSup"",""75_79_TTA2a"",""75_79_5a2"",""75_79_SNaSup"",""75_79_MP2"",""75_79_7"",""75_79_MP8"",""75_79_1b"",""75_79_TTA2c"",""75_79_7"",""75_79_TTA1"",""75_79_MP1"",""75_79_TTA1"",""75_79_MP9"",""75_79_4"",""75_79_6b"",""75_79_5a2"",""75_79_MoSout"",""75_79_MP1"",""75_79_5a1"",""75_79_5a3"",""75_79_5b"",""75_79_MP3"",""75_79_MP9"",""75_79_6b"",""75_79_MP8"",""75_79_SNaSou"",""75_79_1b"",""75_79_MP5-3""]","[""Dive du Sud - eaux superficielles"",""Sèvre Niortaise Moyenne - eaux superficielles"",""Vonne - eaux souterraines"",""Thouaret - eaux superficielles"",""Boutonne - eaux souterraines"",""Dive du Nord - eaux souterraines"",""Charente - eaux superficielles"",""Mignon Courance - eaux superficielles"",""Thouaret - eaux souterraines"",""Lambon - eaux superficielles"",""Charente - eaux souterraines"",""Boutonne - eaux superficielles"",""Marais Mouillé Sèvre Niortaise - eaux superficielles"",""Mignon Courance - eaux souterraines"",""Thouet Amont - eaux souterraines"",""Auxance  - eaux souterraines"",""Thouet Aval - eaux souterraines"",""Moine - eaux superficielles"",""Thouet Amont - eaux superficielles"",""Boivre - eaux superficielles"",""Sèvre Nantaise - eaux superficielles"",""Sèvre Niortaise Moyenne - eaux souterraines"",""Aume Couture - eaux superficielles"",""Autize - eaux souterraines"",""Layon - eaux superficielles"",""Thouet Aval - eaux superficielles"",""Aume Couture - eaux souterraines"",""Argenton - eaux souterraines"",""Sèvre Niortaise Amont - eaux souterraines"",""Argenton - eaux superficielles"",""Vendée - eaux souterraines"",""Dive du Nord - eaux superficielles"",""Charente Péruse - eaux souterraines"",""Boivre  - eaux souterraines"",""Moine - eaux souterraines"",""Sèvre Niortaise Amont - eaux superficielles"",""Auxance - eaux superficielles"",""Vonne - eaux superficielles"",""Dive du Sud - eaux souterraines"",""Lambon - eaux souterraines"",""Vendée - eaux superficielles"",""Charente Péruse - eaux superficielles"",""Autize - eaux superficielles"",""Sèvre Nantaise - eaux souterraines"",""Layon - eaux souterraines"",""Marais Mouillé Sèvre Niortaise - eaux souterraines""]","[480,521,525,1262,540,1264,1394,1255,1275,1254,1397,523,524,1268,1273,1265,1274,519,1260,196,1258,538,522,1269,465,1261,539,1272,537,1259,1270,466,1399,396,536,520,467,479,526,1266,1257,1396,1256,1271,1263,1267]"
30069,AC-Somme-2023,2023-01-01,2023-06-15,abroge,,80,https://regleau.s3.gra.perf.cloud.ovh.net//arrete-cadre/30069/Arrete-cadre-Somme-2022-10-25-combin%C3%A9.pdf,"[7199,8014,8017,8015,7196,7200,8022,8021,8016,8020,7198,7193,7194,7195,7201,7197,8019,8018]","[""SUP"",""SOU"",""SOU"",""SOU"",""SUP"",""SUP"",""SOU"",""SOU"",""SOU"",""SOU"",""SUP"",""SUP"",""SUP"",""SUP"",""SUP"",""SUP"",""SOU"",""SOU""]","[""22_80_7"",""22_80_1"",""22_80_4"",""22_80_2"",""22_80_4"",""22_80_8"",""22_80_9"",""22_80_8"",""22_80_3"",""22_80_7"",""22_80_6"",""22_80_1"",""22_80_2"",""22_80_3"",""22_80_9"",""22_80_5"",""22_80_6"",""22_80_5""]","[""BASSIN DE LA  SELLE"",""BASSIN DE L AUTHIE"",""BASSIN DE L ANCRE"",""BASSIN DE LA MAYE"",""BASSIN DE L ANCRE"",""BASSIN DE LA  SOMME-AVAL"",""BASSIN DE LA BRESLE"",""BASSIN DE LA  SOMME-AVAL"",""BASSIN DE LA NIEVRE-HALLUE"",""BASSIN DE LA  SELLE"",""BASSIN DE LAVRE"",""BASSIN DE L AUTHIE"",""BASSIN DE LA MAYE"",""BASSIN DE LA NIEVRE-HALLUE"",""BASSIN DE LA BRESLE"",""BASSIN DE LA  SOMME-AMONT"",""BASSIN DE LAVRE"",""BASSIN DE LA  SOMME-AMONT""]","[16,219,222,220,11,20,229,228,221,227,15,1,2,4,191,12,226,225]"
30202,AC-Somme-2023-V2,2023-01-01,null,publie,,80,https://regleau.s3.gra.perf.cloud.ovh.net//arrete-cadre/30202/Arrete-cadre-Somme-2022-10-25-combin%C3%A9.pdf,"[7199,7201,8015,8016,8017,7193,8021,7197,7194,8019,7200,8022,8020,7195,7198,7196,8014,8018]","[""SUP"",""SUP"",""SOU"",""SOU"",""SOU"",""SUP"",""SOU"",""SUP"",""SUP"",""SOU"",""SUP"",""SOU"",""SOU"",""SUP"",""SUP"",""SUP"",""SOU"",""SOU""]","[""22_80_7"",""22_80_9"",""22_80_2"",""22_80_3"",""22_80_4"",""22_80_1"",""22_80_8"",""22_80_5"",""22_80_2"",""22_80_6"",""22_80_8"",""22_80_9"",""22_80_7"",""22_80_3"",""22_80_6"",""22_80_4"",""22_80_1"",""22_80_5""]","[""BASSIN DE LA  SELLE"",""BASSIN DE LA BRESLE"",""BASSIN DE LA MAYE"",""BASSIN DE LA NIEVRE-HALLUE"",""BASSIN DE L ANCRE"",""BASSIN DE L AUTHIE"",""BASSIN DE LA  SOMME-AVAL"",""BASSIN DE LA  SOMME-AMONT"",""BASSIN DE LA MAYE"",""BASSIN DE LAVRE"",""BASSIN DE LA  SOMME-AVAL"",""BASSIN DE LA BRESLE"",""BASSIN DE LA  SELLE"",""BASSIN DE LA NIEVRE-HALLUE"",""BASSIN DE LAVRE"",""BASSIN DE L ANCRE"",""BASSIN DE L AUTHIE"",""BASSIN DE LA  SOMME-AMONT""]","[16,191,220,221,222,1,228,12,2,226,20,229,227,4,15,11,219,225]"
30058,DDT02-ENV/PPE/2023/002,2023-02-20,2024-04-01,abroge,,02,https://regleau.s3.gra.perf.cloud.ovh.net//arrete-cadre/30058/DDT02-202302-20-ACD-20022023.pdf,"[11492,11478,11479,11483,11488,11495,11489,11480,11493,11491,11475,11482,11473,11490,11477,11485,11481,11496,11486,11487,11484,11474,11476,11494]","[""SOU"",""SUP"",""SUP"",""SUP"",""SOU"",""SOU"",""SOU"",""SUP"",""SOU"",""SOU"",""SUP"",""SUP"",""SUP"",""SOU"",""SUP"",""SOU"",""SUP"",""SOU"",""SOU"",""SOU"",""SUP"",""SUP"",""SUP"",""SOU""]","[""32_02_0008"",""32_02_0006"",""32_02_0007"",""32_02_0011"",""32_02_0004"",""32_02_0011"",""32_02_0005"",""32_02_0008"",""32_02_0009"",""32_02_0007"",""32_02_0003"",""32_02_0010"",""32_02_0001"",""32_02_0006"",""32_02_0005"",""32_02_0001"",""32_02_0009"",""32_02_0012"",""32_02_0002"",""32_02_0003"",""32_02_0012"",""32_02_0002"",""32_02_0004"",""32_02_0010""]","[""Marne souterraine"",""Oise Moyenne - Ailette"",""Aisne Amont"",""Escaut"",""Aisne Aval souterraine"",""Escaut souterraine"",""Serre souterraine"",""Marne"",""Oise Amont - Sambre souterraine"",""Aisne Amont souterraine"",""Automne"",""Somme"",""Ourcq"",""Oise Moyenne - Ailette souterraine"",""Serre"",""Ourcq souterraine"",""Oise Amont - Sambre"",""Surmelin souterraine"",""Petit Morin souterraine"",""Automne souterraine"",""Surmelin"",""Petit Morin"",""Aisne Aval"",""Somme souterraine""]","[871,855,860,857,867,859,868,861,872,870,852,856,850,869,854,864,862,873,865,866,863,851,853,858]"
30122,Copie de DDT02-ENV/PPE/2023/002,2023-02-20,2025-06-26,abroge,,02,https://regleau.s3.gra.perf.cloud.ovh.net//arrete-cadre/30122/DDT02-202302-20-ACD-20022023.pdf,"[11476,11493,11475,11483,11489,11491,11480,11484,11486,11490,11481,11473,11496,11487,11495,11474,11482,11479,11478,11485,11492,11488,11494,11477]","[""SUP"",""SOU"",""SUP"",""SUP"",""SOU"",""SOU"",""SUP"",""SUP"",""SOU"",""SOU"",""SUP"",""SUP"",""SOU"",""SOU"",""SOU"",""SUP"",""SUP"",""SUP"",""SUP"",""SOU"",""SOU"",""SOU"",""SOU"",""SUP""]","[""32_02_0004"",""32_02_0009"",""32_02_0003"",""32_02_0011"",""32_02_0005"",""32_02_0007"",""32_02_0008"",""32_02_0012"",""32_02_0002"",""32_02_0006"",""32_02_0009"",""32_02_0001"",""32_02_0012"",""32_02_0003"",""32_02_0011"",""32_02_0002"",""32_02_0010"",""32_02_0007"",""32_02_0006"",""32_02_0001"",""32_02_0008"",""32_02_0004"",""32_02_0010"",""32_02_0005""]","[""Aisne Aval"",""Oise Amont - Sambre souterraine"",""Automne"",""Escaut"",""Serre souterraine"",""Aisne Amont souterraine"",""Marne"",""Surmelin"",""Petit Morin souterraine"",""Oise Moyenne - Ailette souterraine"",""Oise Amont - Sambre"",""Ourcq"",""Surmelin souterraine"",""Automne souterraine"",""Escaut souterraine"",""Petit Morin"",""Somme"",""Aisne Amont"",""Oise Moyenne - Ailette"",""Ourcq souterraine"",""Marne souterraine"",""Aisne Aval souterraine"",""Somme souterraine"",""Serre""]","[853,872,852,857,868,870,861,863,865,869,862,850,873,866,859,851,856,860,855,864,871,867,858,854]"
30168,R02-2023-02-27-00003,2023-02-27,null,publie,,972,https://regleau.s3.gra.perf.cloud.ovh.net/arrete-cadre/30168/Arr%C3%AAt%C3%A9+pr%C3%A9fectoral+d%27orientation+et+de+cadrage+s%C3%A9cheresse+27+fev+2023.pdf,"[11560,11561,11562]","[""SUP"",""SUP"",""SUP""]","[""02_972_1"",""02_972_2"",""02_972_3""]","[""CAPNM"",""CACEM"",""CAESM""]","[1816,1817,1818]"
30321,AP_ACS2023_01,2023-03-01,2023-11-30,abroge,,22,https://regleau.s3.gra.perf.cloud.ovh.net//arrete-cadre/30321/AP_cadre_secheresse_du_28juillet2023.pdf,"[10338,10334,10336,10337,10335]","[""SUP"",""SUP"",""SUP"",""SUP"",""SUP""]","[""5"",""1"",""3"",""4"",""2""]","[""Zone est"",""Zone ouest"",""Zone sud-ouest"",""Zone sud"",""Zone centre""]","[440,675,438,439,437]"
30071,45-ACS-Est et sud Loiret-10-03-2023.,2023-03-10,2023-03-10,abroge,,45,https://regleau.s3.gra.perf.cloud.ovh.net//arrete-cadre/30071/AP_cadre_Est-sud-Loiret_20230310.pdf,"[8598,8595,8604,8602,8608,8611,8610,8614,8617,8601,8613,8607,8603,8606,8596,8600,8612,8615,8597]","[""SUP"",""SUP"",""SUP"",""SUP"",""SUP"",""SUP"",""SUP"",""SUP"",""SUP"",""SUP"",""SUP"",""SUP"",""SUP"",""SUP"",""SUP"",""SUP"",""SUP"",""SUP"",""SUP""]","[""24_45_04"",""24_45_01"",""24_45_10"",""24_45_08"",""24_45_14"",""24_45_17"",""24_45_16"",""24_45_21"",""24_45_24"",""24_45_07"",""24_45_20"",""24_45_13"",""24_45_09"",""24_45_12"",""24_45_02"",""24_45_06"",""24_45_19"",""24_45_22"",""24_45_03""]","[""Bassin de l'Aveyron (45)"",""Bassin de l'Aquiaulne (45)"",""Bassin du Cosson (45)"",""Bassin du Beuvron (45)"",""Loire a Gien (45)"",""Bassin du Milleron (45)"",""Bassins Loiret-Dhuy"",""Bassin du ru de Pont Chevron"",""Bassins Trezee-Ousson (45)"",""Bassin du Betz (45)"",""Bassin de l'Ouanne (45)"",""Bassin du Loing aval (45)"",""Bassin de la Clery (45)"",""Bassin du Loing amont (45)"",""Bassin de l'Ardoux (45)"",""Bassin du Bec d'Able"",""Bassins Notreure-Ocre (45)"",""Bassin de la Sange"",""Bassins Avenelle-Ethelin (45)""]",
30070,45-ACS-Est et sud Loiret-10-03-2023,2023-03-10,2023-03-10,abroge,,45,https://regleau.s3.gra.perf.cloud.ovh.net//arrete-cadre/30070/AP_cadre_Est-sud-Loiret_20230310.pdf,"[8614,8617,8602,8598,8606,8595,8607,8615,8608,8612,8600,8601,8604,8597,8596,8609,8603,8611,8610,8613]","[""SUP"",""SUP"",""SUP"",""SUP"",""SUP"",""SUP"",""SUP"",""SUP"",""SUP"",""SUP"",""SUP"",""SUP"",""SUP"",""SUP"",""SUP"",""SUP"",""SUP"",""SUP"",""SUP"",""SUP""]","[""24_45_21"",""24_45_24"",""24_45_08"",""24_45_04"",""24_45_12"",""24_45_01"",""24_45_13"",""24_45_22"",""24_45_14"",""24_45_19"",""24_45_06"",""24_45_07"",""24_45_10"",""24_45_03"",""24_45_02"",""24_45_15"",""24_45_09"",""24_45_17"",""24_45_16"",""24_45_20""]","[""Bassin du ru de Pont Chevron"",""Bassins Trezee-Ousson (45)"",""Bassin du Beuvron (45)"",""Bassin de l'Aveyron (45)"",""Bassin du Loing amont (45)"",""Bassin de l'Aquiaulne (45)"",""Bassin du Loing aval (45)"",""Bassin de la Sange"",""Loire a Gien (45)"",""Bassins Notreure-Ocre (45)"",""Bassin du Bec d'Able"",""Bassin du Betz (45)"",""Bassin du Cosson (45)"",""Bassins Avenelle-Ethelin (45)"",""Bassin de l'Ardoux (45)"",""Loire a Onzain (45)"",""Bassin de la Clery (45)"",""Bassin du Milleron (45)"",""Bassins Loiret-Dhuy"",""Bassin de l'Ouanne (45)""]",
30111,Copie de  AP06-2023-06,2023-03-10,2024-09-11,abroge,,06,https://regleau.s3.gra.perf.cloud.ovh.net/arrete-cadre/30111/20230310-DDTM-SEAFEN-PE-APn%C2%B02023-062_ACD.pdf,"[10447,10451,10455,10458,10450,10448,10457,10459,10446,10456,10449,10445,10460,10454,10452,10453]","[""SUP"",""SUP"",""SUP"",""SUP"",""SUP"",""SUP"",""SUP"",""SUP"",""SUP"",""SUP"",""SUP"",""SUP"",""SUP"",""SUP"",""SUP"",""SUP""]","[""93_06_0003"",""93_06_0007"",""93_06_0011"",""93_06_0014"",""93_06_0006"",""93_06_0004"",""93_06_0013"",""93_06_0015"",""93_06_0002"",""93_06_0012"",""93_06_0005"",""93_06_0001"",""93_06_0016"",""93_06_0010"",""93_06_0008"",""93_06_0009""]","[""Bassin de l'Estéron"",""Bassin du Paillon"",""Zone dépendant des bassins Brague et Var aval"",""Zone dépendant des bassins Var central et Estéron"",""Bassin du Var aval"",""Bassin du Var amont"",""Zone dépendant des bassins Cagne et Estéron"",""Zone dépendant des bassins Loup et Estéron"",""Bassin du Loup"",""Zone dépendant des bassins Cagne et Loup"",""Bassin du Var central"",""Bassin de l'Artuby"",""Zone dépendant des bassins Roya et Vésubie"",""Bassin de la Siagne aval"",""Bassin de la Roya"",""Bassin de la Siagne amont""]","[1856,1860,1864,1867,1859,1857,1866,1868,1785,1865,1858,1784,1869,1863,1861,1862]"
30142,AP_cadre_Est-sud-Loiret_20230310,2023-03-10,2023-03-10,abroge,,45,https://regleau.s3.gra.perf.cloud.ovh.net//arrete-cadre/30142/AP_cadre_Est-sud-Loiret_20230310.pdf,"[8607,8615,8613,8612,8611,8596,8597,8617,8601,8610,8595,8604,8600,8603,8598,8602,8606,8608,8614]","[""SUP"",""SUP"",""SUP"",""SUP"",""SUP"",""SUP"",""SUP"",""SUP"",""SUP"",""SUP"",""SUP"",""SUP"",""SUP"",""SUP"",""SUP"",""SUP"",""SUP"",""SUP"",""SUP""]","[""24_45_13"",""24_45_22"",""24_45_20"",""24_45_19"",""24_45_17"",""24_45_02"",""24_45_03"",""24_45_24"",""24_45_07"",""24_45_16"",""24_45_01"",""24_45_10"",""24_45_06"",""24_45_09"",""24_45_04"",""24_45_08"",""24_45_12"",""24_45_14"",""24_45_21""]","[""Bassin du Loing aval (45)"",""Bassin de la Sange"",""Bassin de l'Ouanne (45)"",""Bassins Notreure-Ocre (45)"",""Bassin du Milleron (45)"",""Bassin de l'Ardoux (45)"",""Bassins Avenelle-Ethelin (45)"",""Bassins Trezee-Ousson (45)"",""Bassin du Betz (45)"",""Bassins Loiret-Dhuy"",""Bassin de l'Aquiaulne (45)"",""Bassin du Cosson (45)"",""Bassin du Bec d'Able"",""Bassin de la Clery (45)"",""Bassin de l'Aveyron (45)"",""Bassin du Beuvron (45)"",""Bassin du Loing amont (45)"",""Loire a Gien (45)"",""Bassin du ru de Pont Chevron""]",
30067, AP06-2023-06,2023-03-10,2023-05-30,abroge,,06,https://regleau.s3.gra.perf.cloud.ovh.net/arrete-cadre/30067/20230310-DDTM-SEAFEN-PE-APn%C2%B02023-062_ACD.pdf,"[10448,10456,10453,10458,10457,10459,10452,10460,10450,10454,10446,10445,10451,10447,10449,4584,10455]","[""SUP"",""SUP"",""SUP"",""SUP"",""SUP"",""SUP"",""SUP"",""SUP"",""SUP"",""SUP"",""SUP"",""SUP"",""SUP"",""SUP"",""SUP"",""SOU"",""SUP""]","[""93_06_0004"",""93_06_0012"",""93_06_0009"",""93_06_0014"",""93_06_0013"",""93_06_0015"",""93_06_0008"",""93_06_0016"",""93_06_0006"",""93_06_0010"",""93_06_0002"",""93_06_0001"",""93_06_0007"",""93_06_0003"",""93_06_0005"",""93_06_01"",""93_06_0011""]","[""Bassin du Var amont"",""Zone dépendant des bassins Cagne et Loup"",""Bassin de la Siagne amont"",""Zone dépendant des bassins Var central et Estéron"",""Zone dépendant des bassins Cagne et Estéron"",""Zone dépendant des bassins Loup et Estéron"",""Bassin de la Roya"",""Zone dépendant des bassins Roya et Vésubie"",""Bassin du Var aval"",""Bassin de la Siagne aval"",""Bassin du Loup"",""Bassin de l'Artuby"",""Bassin du Paillon"",""Bassin de l'Estéron"",""Bassin du Var central"",""zone non couverte par l'arrêté cadre"",""Zone dépendant des bassins Brague et Var aval""]","[1857,1865,1862,1867,1866,1868,1861,1869,1859,1863,1785,1784,1860,1856,1858,1831,1864]"
30207,V2_AP_cadre_Est-sud-Loiret_20230310,2023-03-10,2025-07-22,abroge,,45,https://regleau.s3.gra.perf.cloud.ovh.net//arrete-cadre/30207/AP_cadre_Est-sud-Loiret_20230310.pdf,"[11846,11854,11847,11858,11859,11842,11841,11843,11845,11852,11851,11857,11856,11850,11853,11855,11849,11844,11848,16566,16549,16558,16557,16565,16561,16559,16551,16560,16556,16562,16555,16553,16550,16554,16547,16564,16552,16563]","[""SUP"",""SUP"",""SUP"",""SUP"",""SUP"",""SUP"",""SUP"",""SUP"",""SUP"",""SUP"",""SUP"",""SUP"",""SUP"",""SUP"",""SUP"",""SUP"",""SUP"",""SUP"",""SUP"",""SOU"",""SOU"",""SOU"",""SOU"",""SOU"",""SOU"",""SOU"",""SOU"",""SOU"",""SOU"",""SOU"",""SOU"",""SOU"",""SOU"",""SOU"",""SOU"",""SOU"",""SOU"",""SOU""]","[""24_45_17"",""24_45_25"",""24_45_18"",""24_45_29"",""24_45_30"",""24_45_13"",""24_45_12"",""24_45_14"",""24_45_16"",""24_45_23"",""24_45_22"",""24_45_28"",""24_45_27"",""24_45_21"",""24_45_24"",""24_45_26"",""24_45_20"",""24_45_15"",""24_45_19"","""","""","""","""","""","""","""","""","""","""","""","""","""","""","""","""","""","""",""""]","[""Betz"",""Milleron"",""Beuvron"",""Sange"",""Trezee-Ousson"",""Ardoux"",""Aquiaulne"",""Avenelle-Ethelin"",""Bec d''Able"",""Loire amont"",""Loing aval"",""Ru de Pont Chevron"",""Ouanne"",""Loing amont"",""Loiret-Dhuy"",""Notreure"",""Cosson"",""Aveyron"",""Clery"",""Milleron"",""Beuvron"",""Loire amont"",""Trezee-Ousson"",""Betz"",""Loing aval"",""Ru de Pont Chevron"",""Loing amont"",""Aveyron"",""Ardoux"",""Clery"",""Cosson"",""Notreure"",""Ouanne"",""Aquiaulne"",""Avenelle-Ethelin"",""Loiret-Dhuy"",""Sange"",""Bec d''Able""]","[991,293,735,1336,1001,732,731,733,734,996,994,737,999,993,997,998,736,990,992,3803,3786,3795,3794,3802,3798,3796,3788,3797,3793,3799,3792,3790,3787,3791,3785,3801,3789,3800]"
30256,AR Siagne Amont - alerte - 21/03/23,2023-03-21,null,publie,,83,https://regleau.s3.gra.perf.cloud.ovh.net//arrete-cadre/30256/ap_21-03-2023_alerte_siagne_amont.pdf,"[16390,16402]","[""SUP"",""SUP""]","[""93_83_8"",""93_83_9""]","[""Siagne amont"",""Siagne aval""]","[3670,3685]"
30477,40 Hors ACI - Etiage 2024,2023-03-24,2024-10-31,abroge,,40,https://regleau.s3.gra.perf.cloud.ovh.net/arrete-cadre/30477/Annexe%207%20AOB%20Adour%20Garonne_VF%202023%2003%2024.pdf,"[16024,16107,16051,16142,16140,15990,15981,16077,16054,16122,16149,16096,16034,16139,16088,16065,16089,16076,16098,16082,16004,16015,16053,16058,16050,16123,16030,16090,16083,15988]","[""SUP"",""SOU"",""SUP"",""SUP"",""SOU"",""SOU"",""SUP"",""SOU"",""SUP"",""SUP"",""SOU"",""SOU"",""SOU"",""SOU"",""SUP"",""SOU"",""SOU"",""SUP"",""SUP"",""SOU"",""SOU"",""SUP"",""SUP"",""SOU"",""SUP"",""SOU"",""SUP"",""SUP"",""SOU"",""SUP""]","[""75_040_0045"","""",""75_040_0046"",""75_040_0087"","""","""",""75_040_0086"","""",""75_040_0077"",""75_040_0075"","""","""","""","""",""75_040_0038"","""","""",""75_040_0025"",""75_040_0022"","""","""",""75_040_0007"",""75_040_0005"",""75_040_0005"",""75_040_0053"","""",""75_040_0051"",""75_040_0049"","""",""75_040_0047""]","[""Bassin AG3"",""Bassin AG6-40"",""Bassin AG4"",""Bassin AG1-b"",""Bassin AG1-b"",""Bassin AG1-a"",""Bassin AG1-a"",""Bassin AG5-b"",""Bassin AG5-b"",""Bassin AG5-a"",""Bassin AG5-a"",""Bassin AG4"",""Bassin AG3"",""Bassin de la Leyre (Leyre2)"",""Bassin de la Leyre (Leyre2)"",""Bassin de la Leyre (Leyre4)"",""Bassin AG2-a"",""Bassin de la Leyre (Leyre4)"",""Bassin de la Leyre (Leyre1)"",""Bassin de la Leyre (Leyre1)"",""Bassin de la Leyre (Leyre3)"",""Bassin de la Leyre (Leyre3)"",""Bassin du Ciron-40"",""Bassin du Ciron-40"",""Bassin AG2-a"",""Bassin AG2-c"",""Bassin AG2-c"",""Bassin AG2-b"",""Bassin AG2-b"",""Bassin AG6-40""]","[3277,3370,3313,3406,3404,3245,3236,3340,3316,3386,3413,3359,3293,3403,3351,3328,3352,3339,3361,3345,3260,3270,3315,3320,3312,3387,3289,3353,3346,3243]"
30195,AIP_Neste_2023_AOB,2023-03-24,2023-07-30,abroge,,"[""40"",""47"",""65"",""82"",""31"",""32""]",https://regleau.s3.gra.perf.cloud.ovh.net//arrete-cadre/30195/20230324.pdf,"[11604,8067,10687,10700,11599,10669,10839,10713,10701,11569,8073,10678,11606,10712,10867,11588,10688,10674,9934,10685,10689,10708,10682,10710,11719,10696,10822,10706,11587,10671,10711,11609,11579,10668,11610,10680,11565,10699,11611,10709,8070,10676,10677,10695,11717,10672,10702,10690,10693,10707,10670,10673,10691,10675,11597,8072,10679,8071,10683]","[""SUP"",""SUP"",""SUP"",""SUP"",""SUP"",""SUP"",""SUP"",""SUP"",""SUP"",""SUP"",""SUP"",""SUP"",""SUP"",""SUP"",""SUP"",""SUP"",""SUP"",""SUP"",""SUP"",""SUP"",""SUP"",""SUP"",""SUP"",""SUP"",""SUP"",""SUP"",""SUP"",""SUP"",""SUP"",""SUP"",""SUP"",""SUP"",""SUP"",""SUP"",""SUP"",""SUP"",""SUP"",""SUP"",""SUP"",""SUP"",""SUP"",""SUP"",""SUP"",""SUP"",""SUP"",""SUP"",""SUP"",""SUP"",""SUP"",""SUP"",""SUP"",""SUP"",""SUP"",""SUP"",""SUP"",""SUP"",""SUP"",""SUP"",""SUP""]","[""72_47_47"",""76_82_48"",""73_32_20"",""73_32_33"",""72_47_42"",""73_32_02"",""75_40_04219"",""73_32_46"",""73_32_34"",""72_47_15"",""76_82_64"",""73_32_11"",""72_47_49"",""73_32_45"",""75_40_04326"",""72_47_32"",""73_32_21"",""73_32_07"",""76_31_26"",""73_32_18"",""73_32_22"",""73_32_41"",""73_32_15"",""73_32_43"",""73_65_09"",""73_32_29"",""75_40_04149"",""73_32_39"",""72_47_31"",""73_32_04"",""73_32_44"",""72_47_51"",""72_47_24"",""73_32_01"",""72_47_6"",""73_32_13"",""72_47_11"",""73_32_32"",""72_47_7"",""73_32_42"",""76_82_61"",""73_32_09"",""73_32_10"",""73_32_28"",""73_65_07"",""73_32_05"",""73_32_35"",""73_32_23"",""73_32_26"",""73_32_40"",""73_32_03"",""73_32_06"",""73_32_24"",""73_32_08"",""72_47_40"",""76_82_63"",""73_32_12"",""76_82_62"",""73_32_16""]","[""96_ZA47_bassin versant de l'Osse"",""Zone 48 - Bassin de l'Auroue"",""Rivière du Garaillon Auvignon réalimenté"",""Rivière L'Auloue réalimenté"",""97_ZA47_bassin versant de l'Auzoue"",""Bassin versant de l'Aussoue non réalimenté"",""La Gélise du confluent du Tréou au confluent de l'Izaute"",""Bassin versant de Garonne de la Barguelonne au Dropt non réalimenté"",""Rivière La Marcaoue réalimenté"",""96_ZA47_LA BAÏSE"",""Zone 64 - Gimone affluents"",""Bassin versant de la Guiroue non réalimenté"",""96_ZA47_bassin versant du Gers"",""Bassin versant de Garonne de l'Aussonnelle à la Barguelonne non réalimenté"",""La Gélise du confluent des Garrinquets au confluent du Tréou (inclus)"",""97_ZA47_bassin versant de la Gélise"",""Rivière Le Gers réalimenté"",""Bassin versant du Gers non réalimenté"",""Système Neste"",""Rivière La Gélise réalimenté"",""Rivière L'Auzoue réalimenté"",""Bassin versant Touch non réalimenté"",""Bassin versant du Boues non réalimenté"",""Bassin versant de l'Aussonnelle non réalimenté"",""BV du système Neste"",""Rivière Le Bouès réalimenté"",""La Gélise du confluent de l'Izaute au confluent de l'Auzoue"",""Rivière de l'Osse amont Lizet réalimenté"",""96_ZA47_bassin versant de la Baise"",""Bassin versant de la Marcaoue non réalimenté"",""Bassin versant Ayroux - Sère non réalimenté"",""94_ZA47_bassin versant des Auvignons"",""94_ZA47_L'Auvignon réalimenté"",""Bassin versant de l'Auroue non réalimenté"",""96_ZA47_L'Osse réalimenté"",""Bassin versant de la Gélise non réalimenté"",""97_ZA47_l'Auzoue réalimenté"",""Rivière Guiroue aval baradee réalimenté"",""96_ZA47_Le Gers réalimenté"",""Bassin versant du Touch non réalimenté"",""Zone 61 - Rivière Arrats"",""Bassin versant de l'Auloue non réalimenté"",""Bassin versant de la Baïse non réalimenté"",""Rivière L'Arrats réalimenté"",""BV du Bouès"",""Bassin versant de la Gimone non réalimenté"",""Rivière L'Aussoue réalimenté"",""Rivière la Baise réalimenté"",""Rivière la Save - Gesse réalimenté"",""Rivière de l'Osse aval Lizet réalimenté"",""Bassin versant de la Save non réalimenté"",""Bassin versant de l'Arrats non réalimenté"",""Rivière La Gimone réalimenté"",""Bassin versant des Auvignons non réalimenté"",""95_ZA47_bassin versant de l'Auroue"",""Zone 63 - Rivière Gimone"",""Bassin versant de l'Auzoue non réalimenté"",""Zone 62 - Arrats affluents"",""Bassin versant de l'Osse non réalimenté""]","[899,1369,null,null,895,null,null,null,null,1542,1375,null,1569,null,null,888,null,null,637,null,null,null,null,null,1453,null,null,null,887,null,null,1572,1552,null,1573,null,1537,null,1574,null,1372,null,null,null,1450,null,null,null,null,null,null,null,null,null,1435,1374,null,1373,null]"
30351,Landes_AIP_Neste_2023_AOB,2023-03-24,2023-10-31,abroge,,40,https://regleau.s3.gra.perf.cloud.ovh.net//arrete-cadre/30351/20230324.pdf,"[12247,12275,12264]","[""SUP"",""SUP"",""SUP""]","[""75_40_0025"",""75_40_0053"",""75_40_0042""]","[""Bassin de la Neste (Neste3-40)"",""Bassin de la Neste (Neste2-40)"",""Bassin de la Neste (Neste1-40)""]","[942,1689,1157]"
30174,AP CADRE DDT 37_29 03 2023_MAJ,2023-03-29,2023-06-13,abroge,,37,https://regleau.s3.gra.perf.cloud.ovh.net//arrete-cadre/30174/acs37_29-03-2023.pdf,"[11668,11687,11691,11677,11662,11709,11697,11657,11679,11670,11696,11667,11678,11680,11707,11675,11684,11673,11681,11701,11703,11689,11653,11661,11692,11690,11660,11698,11671,11659,11683,11705,11700,11663,11708,11652,11686,11688,11656,11674,11694,11706,11693,11685,11702,11658,11699,11710,11695,11666,11654,11672,11664,11669,11676,11704,11655,11682,11665]","[""SUP"",""SUP"",""SUP"",""SUP"",""SUP"",""SUP"",""SUP"",""SUP"",""SUP"",""SUP"",""SUP"",""SUP"",""SUP"",""SUP"",""SUP"",""SUP"",""SUP"",""SUP"",""SUP"",""SUP"",""SUP"",""SUP"",""SUP"",""SUP"",""SUP"",""SUP"",""SUP"",""SUP"",""SUP"",""SUP"",""SUP"",""SUP"",""SUP"",""SUP"",""SUP"",""SUP"",""SUP"",""SUP"",""SUP"",""SUP"",""SUP"",""SUP"",""SUP"",""SUP"",""SUP"",""SUP"",""SUP"",""SUP"",""SUP"",""SUP"",""SUP"",""SUP"",""SUP"",""SUP"",""SUP"",""SUP"",""SUP"",""SUP"",""SUP""]","[""24_37_0017"",""24_37_0036"",""24_37_0040"",""24_37_0026"",""24_37_0011"",""24_37_0058"",""24_37_0046"",""24_37_0006"",""24_37_0028"",""24_37_0019"",""24_37_0045"",""24_37_0016"",""24_37_0027"",""24_37_0029"",""24_37_0056"",""24_37_0024"",""24_37_0033"",""24_37_0022"",""24_37_0030"",""24_37_0050"",""24_37_0052"",""24_37_0038"",""24_37_0002"",""24_37_0010"",""24_37_0041"",""24_37_0039"",""24_37_0009"",""24_37_0047"",""24_37_0020"",""24_37_0008"",""24_37_0032"",""24_37_0054"",""24_37_0049"",""24_37_0012"",""24_37_0057"",""24_37_0001"",""24_37_0035"",""24_37_0037"",""24_37_0005"",""24_37_0023"",""24_37_0043"",""24_37_0055"",""24_37_0042"",""24_37_0034"",""24_37_0051"",""24_37_0007"",""24_37_0048"",""24_37_0059"",""24_37_0044"",""24_37_0015"",""24_37_0003"",""24_37_0021"",""24_37_0013"",""24_37_0018"",""24_37_0025"",""24_37_0053"",""24_37_0004"",""24_37_0031"",""24_37_0014""]","[""Bassin de la Brenne"",""Bassin du Lathan"",""Bassin du ruisseau d'Azay"",""Bassin de la Masse"",""Bassin de l'Ardillere"",""Bassin du ruisseau Sennevieres"",""Bassin du ruisseau de Gaudeberts"",""Bassin de l'Indre (In2)"",""Bassin de la Muanne"",""Bassin de la Choisille"",""Bassin du ruisseau de Cleret"",""Bassin de la Bourouse"",""Bassin de la Maulne"",""Bassin de la Roumer"",""Bassin du ruisseau des Vallees"",""Bassin de la Fontaine Menard"",""Bassin du Brignon"",""Bassin de la Deme"",""Bassin de l'Indrois Amont"",""Bassin du ruisseau de Parcay"",""Bassin du ruisseau de Roche"",""Bassin du Negron"",""Bassin de la Loire (Lre1)"",""Bassin de l'Aigronne"",""Bassin du ruisseau d'Olivet"",""Bassin du ruisseau d'Aubigny"",""Bassin de la Gartempe"",""Bassin du ruisseau de la Coulee"",""Bassin de la Cisse"",""Bassin de la Vienne (Vn1)"",""Bassin de la Veude De Poncay"",""Bassin du ruisseau de Verneuil"",""Bassin du ruisseau de Panzoult"",""Bassin de l'Echandon"",""Bassin du ruisseau du Doigt"",""Bassin de la Loire (Lre2)"",""Bassin du Douai ou de la Riasse"",""Bassin du Long"",""Bassin de l'Indre (In1)"",""Bassin de la Fare"",""Bassin du ruisseau de Chantereine"",""Bassin du ruisseau de Vitray"",""Bassin du ruisseau de Boutineau"",""Bassin du Changeon"",""Bassin du ruisseau de Rigny"",""Bassin de la Creuse (Cr)"",""Bassin du ruisseau de Montison"",""Bassin du Vieux Cher"",""Bassin du ruisseau de Chezelles"",""Bassin de l'Indrois"",""Bassin du Loir (Lr1)"",""Bassin de la Claise"",""Bassin de l'Escotais"",""Bassin de la Bresme"",""Bassin de la Manse"",""Bassin du ruisseau de Rochette"",""Bassin du Cher (Ch1)"",""Bassin de la Veude"",""Bassin de l'Esves""]","[933,943,199,1314,702,722,945,1305,1315,1309,1323,1307,936,937,1327,708,940,1312,938,1325,683,944,518,929,1321,198,535,387,1310,928,1316,710,1324,930,946,517,1319,1320,1304,1313,277,1326,200,941,682,927,681,1328,1322,932,1302,1311,1306,1308,935,697,1303,939,931]"
30094,AP CADRE DDT 37_29 03 2023,2023-03-29,2023-06-09,abroge,,37,https://regleau.s3.gra.perf.cloud.ovh.net//arrete-cadre/30094/acs37_29-03-2023_compressed%20%281%29.pdf,"[10376,10430,10379,10402,10427,10391,10385,10393,10433,10394,10387,10395,10383,10380,10400,10398,10419,10388,10416,10409,10410,10408,10424,10422,10377,10406,10407,10386,10423,10426,10413,10378,10421,10401,10403,10417,10390,10431,10414,10412,10389,10392,10415,10382,10432,10396,10411,10418,10375,10384,10405,10404,10381,10428,10399,10397,10425,10420,10429]","[""SUP"",""SUP"",""SUP"",""SUP"",""SUP"",""SUP"",""SUP"",""SUP"",""SUP"",""SUP"",""SUP"",""SUP"",""SUP"",""SUP"",""SUP"",""SUP"",""SUP"",""SUP"",""SUP"",""SUP"",""SUP"",""SUP"",""SUP"",""SUP"",""SUP"",""SUP"",""SUP"",""SUP"",""SUP"",""SUP"",""SUP"",""SUP"",""SUP"",""SUP"",""SUP"",""SUP"",""SUP"",""SUP"",""SUP"",""SUP"",""SUP"",""SUP"",""SUP"",""SUP"",""SUP"",""SUP"",""SUP"",""SUP"",""SUP"",""SUP"",""SUP"",""SUP"",""SUP"",""SUP"",""SUP"",""SUP"",""SUP"",""SUP"",""SUP""]","[""24_37_0002"",""24_37_0056"",""24_37_0005"",""24_37_0028"",""24_37_0053"",""24_37_0017"",""24_37_0011"",""24_37_0019"",""24_37_0059"",""24_37_0020"",""24_37_0013"",""24_37_0021"",""24_37_0009"",""24_37_0006"",""24_37_0026"",""24_37_0024"",""24_37_0045"",""24_37_0014"",""24_37_0042"",""24_37_0035"",""24_37_0036"",""24_37_0034"",""24_37_0050"",""24_37_0048"",""24_37_0003"",""24_37_0032"",""24_37_0033"",""24_37_0012"",""24_37_0049"",""24_37_0052"",""24_37_0039"",""24_37_0004"",""24_37_0047"",""24_37_0027"",""24_37_0029"",""24_37_0043"",""24_37_0016"",""24_37_0057"",""24_37_0040"",""24_37_0038"",""24_37_0015"",""24_37_0018"",""24_37_0041"",""24_37_0008"",""24_37_0058"",""24_37_0022"",""24_37_0037"",""24_37_0044"",""24_37_0001"",""24_37_0010"",""24_37_0031"",""24_37_0030"",""24_37_0007"",""24_37_0054"",""24_37_0025"",""24_37_0023"",""24_37_0051"",""24_37_0046"",""24_37_0055""]","[""Bassin de la Loire (Lre1)"",""Bassin du ruisseau des Vallees"",""Bassin de l'Indre (In1)"",""Bassin de la Muanne"",""Bassin du ruisseau de Rochette"",""Bassin de la Brenne"",""Bassin de l'Ardillere"",""Bassin de la Choisille"",""Bassin du Vieux Cher"",""Bassin de la Cisse"",""Bassin de l'Escotais"",""Bassin de la Claise"",""Bassin de la Gartempe"",""Bassin de l'Indre (In2)"",""Bassin de la Masse"",""Bassin de la Fontaine Menard"",""Bassin du ruisseau de Cleret"",""Bassin de l'Esves"",""Bassin du ruisseau de Boutineau"",""Bassin du Douai ou de la Riasse"",""Bassin du Lathan"",""Bassin du Changeon"",""Bassin du ruisseau de Parcay"",""Bassin du ruisseau de Montison"",""Bassin du Loir (Lr1)"",""Bassin de la Veude De Poncay"",""Bassin du Brignon"",""Bassin de l'Echandon"",""Bassin du ruisseau de Panzoult"",""Bassin du ruisseau de Roche"",""Bassin du ruisseau d'Aubigny"",""Bassin du Cher (Ch1)"",""Bassin du ruisseau de la Coulee"",""Bassin de la Maulne"",""Bassin de la Roumer"",""Bassin du ruisseau de Chantereine"",""Bassin de la Bourouse"",""Bassin du ruisseau du Doigt"",""Bassin du ruisseau d'Azay"",""Bassin du Negron"",""Bassin de l'Indrois"",""Bassin de la Bresme"",""Bassin du ruisseau d'Olivet"",""Bassin de la Vienne (Vn1)"",""Bassin du ruisseau Sennevieres"",""Bassin de la Deme"",""Bassin du Long"",""Bassin du ruisseau de Chezelles"",""Bassin de la Loire (Lre2)"",""Bassin de l'Aigronne"",""Bassin de la Veude"",""Bassin de l'Indrois Amont"",""Bassin de la Creuse (Cr)"",""Bassin du ruisseau de Verneuil"",""Bassin de la Manse"",""Bassin de la Fare"",""Bassin du ruisseau de Rigny"",""Bassin du ruisseau de Gaudeberts"",""Bassin du ruisseau de Vitray""]",
30260,AC CreuseGartempeAnglinVeudeNegron_AC159_2022_V2,2023-03-30,2024-07-09,abroge,,86,https://regleau.s3.gra.perf.cloud.ovh.net//arrete-cadre/30260/ARRE%CC%82TE%CC%81%20CADRE%20DE%CC%81PARTEMENTAL%20DDT-86.pdf,"[8759,8730,8729,8757,8758,8727,8731,8755]","[""SUP"",""SOU"",""SOU"",""SUP"",""SUP"",""SOU"",""SOU"",""SUP""]","[""75_86_0008"",""75_86_0006"",""75_86_0003"",""75_86_0003"",""75_86_0006"",""75_86_0001"",""75_86_0008"",""75_86_0001""]","[""Bassin de la Vienne Tourangelle - sous bassin de la Veude et du Négron"",""Bassin de la Gartempe"",""Bassin de la Creuse"",""Bassin de la Creuse"",""Bassin de la Gartempe"",""Bassin de la Gartempe - sous bassin de l'Anglin"",""Bassin de la Vienne Tourangelle - sous bassin de la Veude et du Négron"",""Bassin de la Gartempe - sous bassin de l'Anglin""]","[1239,318,317,1237,1238,316,319,1236]"
30086,BV Charente Seudre Fl.cotiers 162023042400001,2023-04-01,2023-06-21,abroge,,"[""24"",""16"",""79"",""87"",""17"",""86""]",https://regleau.s3.gra.perf.cloud.ovh.net//arrete-cadre/30086/ACi2023-ChteSeudFlCot-162023042400001.pdf,"[10127,10131,9162,10137,9164,9429,10027,9179,9178,9171,10038,9942,10037,9176,8756,10135,9180,10126,9618,9177,9181,9405,10142,9950,9159,9161,10042,9163,9184,10139,9407,10039,9427,9183,10044,9165,9430,9160,9626,10140,10041,9404,9182,10035,10026,10141,9187,10043,10138,8728,9185,10032,10128,10028,9173,9949,10133,9428,10136,9175,10040,9186,10031,9172,9174,9406]","[""SOU"",""SOU"",""SUP"",""SOU"",""SUP"",""SOU"",""SUP"",""SUP"",""SUP"",""SUP"",""SUP"",""SUP"",""SUP"",""SUP"",""SUP"",""SOU"",""SUP"",""SOU"",""SUP"",""SUP"",""SUP"",""SUP"",""SOU"",""SOU"",""SUP"",""SUP"",""SUP"",""SUP"",""SOU"",""SOU"",""SUP"",""SUP"",""SOU"",""SUP"",""SUP"",""SUP"",""SOU"",""SUP"",""SUP"",""SOU"",""SUP"",""SUP"",""SUP"",""SUP"",""SUP"",""SOU"",""SOU"",""SUP"",""SOU"",""SOU"",""SOU"",""SUP"",""SOU"",""SUP"",""SUP"",""SOU"",""SOU"",""SOU"",""SOU"",""SUP"",""SUP"",""SOU"",""SUP"",""SUP"",""SUP"",""SUP""]","[""75_17_11"",""75_17_15"",""75_16_0020"",""75_17_61"",""75_16_0022"",""75_79_7"",""75_17_11"",""75_16_0051"",""75_16_0050"",""75_16_0043"",""75_17_5"",""74_87_0003"",""75_17_4"",""75_16_0048"",""75_86_0002"",""75_17_4"",""75_16_0052"",""75_17_10"",""75_24_0033"",""75_16_0049"",""75_16_0053"",""75_79_6b"",""75_17_9"",""74_87_0005"",""75_16_0017"",""75_16_0019"",""75_17_7"",""75_16_0021"",""75_16_0001"",""75_17_63"",""75_79_8a"",""75_17_61"",""75_79_6a"",""75_16_0055"",""75_17_9"",""75_16_0028"",""75_79_8a"",""75_16_0018"",""75_24_0041"",""75_17_7"",""75_17_63"",""75_79_6a"",""75_16_0054"",""75_17_2"",""75_17_10"",""75_17_8"",""75_16_0004"",""75_17_8"",""75_17_62"",""75_86_0002"",""75_16_0002"",""75_17_16"",""75_17_12"",""75_17_12"",""75_16_0045"",""74_87_0004"",""75_17_2"",""75_79_6b"",""75_17_5"",""75_16_0047"",""75_17_62"",""75_16_0003"",""75_17_15"",""75_16_0044"",""75_16_0046"",""75_79_7""]","[""Bassin de l'Arnoult"",""Bassin du Bruant"",""OUGC Karst /  Zone d'alerte : Échelle-Lèche"",""Bassin de la Seudre aval"",""OUGC Karst /  Zone d'alerte : Touvre"",""Aume Couture - eaux souterraines"",""Bassin de l'Arnoult"",""OUGC Cogesteau /  Zone d'alerte : Nouère"",""OUGC Cogesteau /  Zone d'alerte : Né"",""OUGC Cogesteau /  Zone d'alerte : Argence"",""Bassin de l'Antenne-Rouzille"",""Bassin de la La Charente de sa source au confluent de la Tardoire"",""Bassin de la Boutonne aval et moyenne"",""OUGC Cogesteau /  Zone d'alerte : Charente-Amont"",""Bassin de la Charente - secteur Charente Amont"",""Bassin de la Boutonne aval et moyenne"",""OUGC Cogesteau /  Zone d'alerte : Péruse"",""Bassin du Né"",""Charente amont - Tardoire"",""OUGC Cogesteau /  Zone d'alerte : Charente-Moyenne"",""OUGC Cogesteau /  Zone d'alerte : Son-Sonnette"",""Charente Péruse - eaux superficielles"",""Bassin de la Seugne"",""Socle des bassins versants du Bandiat, de la Tardoire et de la Bonnieure"",""OUGC Karst /  Zone d'alerte : Bandiat"",""OUGC Karst /  Zone d'alerte : Bonnieure_Aval"",""Bassin de l'Aume-Couture"",""OUGC Karst /  Zone d'alerte : Tardoire"",""ESO_Crétacé_Sud_Charente"",""Bassin de la Seudre amont"",""Boutonne - eaux superficielles"",""Bassin de la Seudre aval"",""Charente - eaux souterraines"",""OUGC Saintonge /  Zone d'alerte : Seugne"",""Bassin de la Seugne"",""OUGC Saintonge /  Zone d'alerte : L'Antenne"",""Boutonne - eaux souterraines"",""OUGC Karst /  Zone d'alerte : Bonnieure"",""Charente amont - Bandiat"",""Bassin de l'Aume-Couture"",""Bassin de la Seudre amont"",""Charente - eaux superficielles"",""OUGC Cogesteau /  Zone d'alerte : Sud-Angoumois"",""Bassin de la Géres-Devise"",""Bassin du Né"",""Bassin de Charente-aval"",""ESO_COGESTEAU"",""Bassin de Charente-aval"",""Bassin de la Seudre moyenne"",""Bassin de la Charente - secteur Charente Amont"",""ESO_Saintonge"",""Marais Nord Aunis"",""Bassin des Fleuves côtiers de Gironde"",""Bassin des Fleuves côtiers de Gironde"",""OUGC Cogesteau /  Zone d'alerte : Auge"",""Socle du bassin versant de la Charente amont"",""Bassin de la Géres-Devise"",""Charente Péruse - eaux souterraines"",""Bassin de l'Antenne-Rouzille"",""OUGC Cogesteau /  Zone d'alerte : Bief"",""Bassin de la Seudre moyenne"",""ESO_Karst"",""Bassin du Bruant"",""OUGC Cogesteau /  Zone d'alerte : Argent-Or_Lizonne"",""OUGC Cogesteau /  Zone d'alerte : Aume-Couture"",""Aume Couture - eaux superficielles""]","[null,null,1210,null,1317,539,null,1384,83,59,null,null,null,81,1376,null,1385,null,null,82,1387,1396,null,null,388,1027,null,1211,1390,null,523,null,1397,1389,null,1318,540,389,null,null,null,1394,1388,null,null,null,1393,null,null,326,1391,null,null,null,1381,null,null,1399,null,1383,null,1392,null,1380,1382,522]"
30218,2022-0360-V3,2023-04-01,2023-08-11,abroge,,18,https://regleau.s3.gra.perf.cloud.ovh.net//arrete-cadre/30218/2022-arrete-cadre-secheresse.pdf,"[9454,9467,9461,9459,9457,9464,9460,9462,9465,9458,9466,9455,9463,9456,9453]","[""SUP"",""SUP"",""SUP"",""SUP"",""SUP"",""SUP"",""SUP"",""SUP"",""SUP"",""SUP"",""SUP"",""SUP"",""SUP"",""SUP"",""SUP""]","[""24_18_0002"",""24_18_0015"",""24_18_0009"",""24_18_0007"",""24_18_0005"",""24_18_0012"",""24_18_0008"",""24_18_0010"",""24_18_0013"",""24_18_0006"",""24_18_0014"",""24_18_0003"",""24_18_0011"",""24_18_0004"",""24_18_0001""]","[""Bassin de l'Arnon aval"",""Bassin de l'Yèvre aval"",""Bassin de l'Indre amont"",""Bassin du Fouzon"",""Bassin du Cher"",""Bassin de la Théols"",""Bassin de la Grande Sauldre et du Beuvron"",""Bassin de la Loire et de ses affluents"",""Bassin de la Vauvise"",""Bassin du Colin, de l'Ouatier et du Langis"",""Bassin de l'Yèvre amont"",""Bassin de l'Aubois"",""Bassin de la Petite Sauldre et de la Rère"",""Bassin de l'Auron, de l'Airain et des Rampennes"",""Bassin de l'Arnon amont""]","[1279,1287,1281,1280,399,1284,578,1282,1285,400,1286,397,1283,398,1278]"
30151,2023_DDT79_APC_CLAIN,2023-04-01,2023-06-19,abroge,,79,https://regleau.s3.gra.perf.cloud.ovh.net//arrete-cadre/30151/ACI_N_156_Bassin_Clain_20220330.pdf,"[9401,9425,9426,9402,9423,9400,9403,9424]","[""SUP"",""SOU"",""SOU"",""SUP"",""SOU"",""SUP"",""SUP"",""SOU""]","[""75_79_5a2"",""75_79_5a3"",""75_79_5b"",""75_79_5a3"",""75_79_5a1"",""75_79_5a1"",""75_79_5b"",""75_79_5a2""]","[""Boivre - eaux superficielles"",""Vonne - eaux souterraines"",""Dive du Sud - eaux souterraines"",""Vonne - eaux superficielles"",""Auxance  - eaux souterraines"",""Auxance - eaux superficielles"",""Dive du Sud - eaux superficielles"",""Boivre  - eaux souterraines""]","[196,525,526,479,1265,467,480,396]"
30109,ACi_BV Charente Seudre Fl.cotiers 162023042400001,2023-04-01,2024-06-25,abroge,16,"[""16"",""17"",""87"",""86"",""24"",""79""]",https://regleau.s3.gra.perf.cloud.ovh.net//arrete-cadre/30109/ACi2023-ChteSeudFlCot-162023042400001.pdf,"[9626,9181,9160,10138,9182,9186,9175,9179,10035,9187,9161,10142,9163,10039,9429,9406,9159,10041,9172,10031,10137,10140,10128,8728,8756,9184,10131,11824,10044,9164,10038,9428,9162,9176,10139,9430,11825,9405,10136,9407,9171,9637,10135,11823,10043,10042,9183,9427,10133,9404,11815,9165,9177,10126,10028,9174,11816,11814,9618,9178,10040,9180,10027,9185,10141,10026,9173,10037,10127]","[""SUP"",""SUP"",""SUP"",""SOU"",""SUP"",""SOU"",""SUP"",""SUP"",""SUP"",""SOU"",""SUP"",""SOU"",""SUP"",""SUP"",""SOU"",""SUP"",""SUP"",""SUP"",""SUP"",""SUP"",""SOU"",""SOU"",""SOU"",""SOU"",""SUP"",""SOU"",""SOU"",""SOU"",""SUP"",""SUP"",""SUP"",""SOU"",""SUP"",""SUP"",""SOU"",""SOU"",""SOU"",""SUP"",""SOU"",""SUP"",""SUP"",""SOU"",""SOU"",""SOU"",""SUP"",""SUP"",""SUP"",""SOU"",""SOU"",""SUP"",""SUP"",""SUP"",""SUP"",""SOU"",""SUP"",""SUP"",""SUP"",""SUP"",""SUP"",""SUP"",""SUP"",""SUP"",""SUP"",""SOU"",""SOU"",""SUP"",""SUP"",""SUP"",""SOU""]","[""75_24_0041"",""75_16_0053"",""75_16_0018"",""75_17_62"",""75_16_0054"",""75_16_0003"",""75_16_0047"",""75_16_0051"",""75_17_2"",""75_16_0004"",""75_16_0019"",""75_17_9"",""75_16_0021"",""75_17_61"",""75_79_7"",""75_79_7"",""75_16_0017"",""75_17_63"",""75_16_0044"",""75_17_15"",""75_17_61"",""75_17_7"",""75_17_12"",""75_86_0002"",""75_86_0002"",""75_16_0001"",""75_17_15"",""75_87_0004"",""75_17_9"",""75_16_0022"",""75_17_5"",""75_79_6b"",""75_16_0020"",""75_16_0048"",""75_17_63"",""75_79_8a"",""75_87_0005"",""75_79_6b"",""75_17_5"",""75_79_8a"",""75_16_0043"",""75_24_0001"",""75_17_4"",""75_87_0003"",""75_17_8"",""75_17_7"",""75_16_0055"",""75_79_6a"",""75_17_2"",""75_79_6a"",""75_87_0004"",""75_16_0028"",""75_16_0049"",""75_17_10"",""75_17_12"",""75_16_0046"",""75_87_0005"",""75_87_0003"",""75_24_0033"",""75_16_0050"",""75_17_62"",""75_16_0052"",""75_17_11"",""75_16_0002"",""75_17_8"",""75_17_10"",""75_16_0045"",""75_17_4"",""75_17_11""]","[""Charente amont - Bandiat"",""OUGC Cogesteau /  Zone d'alerte : Son-Sonnette"",""OUGC Karst /  Zone d'alerte : Bonnieure"",""Bassin de la Seudre moyenne"",""OUGC Cogesteau /  Zone d'alerte : Sud-Angoumois"",""ESO_Karst"",""OUGC Cogesteau /  Zone d'alerte : Bief"",""OUGC Cogesteau /  Zone d'alerte : Nouère"",""Bassin de la Géres-Devise"",""ESO_COGESTEAU"",""OUGC Karst /  Zone d'alerte : Bonnieure_Aval"",""Bassin de la Seugne"",""OUGC Karst /  Zone d'alerte : Tardoire"",""Bassin de la Seudre aval"",""Aume Couture - eaux souterraines"",""Aume Couture - eaux superficielles"",""OUGC Karst /  Zone d'alerte : Bandiat"",""Bassin de la Seudre amont"",""OUGC Cogesteau /  Zone d'alerte : Argent-Or_Lizonne"",""Bassin du Bruant"",""Bassin de la Seudre aval"",""Bassin de l'Aume-Couture"",""Bassin des Fleuves côtiers de Gironde"",""Bassin de la Charente - secteur Charente Amont"",""Bassin de la Charente - secteur Charente Amont"",""ESO_Crétacé_Sud_Charente"",""Bassin du Bruant"",""Bassin Charente"",""Bassin de la Seugne"",""OUGC Karst /  Zone d'alerte : Touvre"",""Bassin de l'Antenne-Rouzille"",""Charente Péruse - eaux souterraines"",""OUGC Karst /  Zone d'alerte : Échelle-Lèche"",""OUGC Cogesteau /  Zone d'alerte : Charente-Amont"",""Bassin de la Seudre amont"",""Boutonne - eaux souterraines"",""Bassin Tardoire"",""Charente Péruse - eaux superficielles"",""Bassin de l'Antenne-Rouzille"",""Boutonne - eaux superficielles"",""OUGC Cogesteau /  Zone d'alerte : Argence"",""Grand Karst de La Rochefoucauld"",""Bassin de la Boutonne aval et moyenne"",""Bassin Bandiat"",""Bassin de Charente-aval"",""Bassin de l'Aume-Couture"",""OUGC Saintonge /  Zone d'alerte : Seugne"",""Charente - eaux souterraines"",""Bassin de la Géres-Devise"",""Charente - eaux superficielles"",""Bassin Charente"",""OUGC Saintonge /  Zone d'alerte : L'Antenne"",""OUGC Cogesteau /  Zone d'alerte : Charente-Moyenne"",""Bassin du Né"",""Bassin des Fleuves côtiers de Gironde"",""OUGC Cogesteau /  Zone d'alerte : Aume-Couture"",""Bassin Tardoire"",""Bassin Bandiat"",""Charente amont - Tardoire"",""OUGC Cogesteau /  Zone d'alerte : Né"",""Bassin de la Seudre moyenne"",""OUGC Cogesteau /  Zone d'alerte : Péruse"",""Bassin de l'Arnoult"",""ESO_Saintonge"",""Bassin de Charente-aval"",""Bassin du Né"",""OUGC Cogesteau /  Zone d'alerte : Auge"",""Bassin de la Boutonne aval et moyenne"",""Bassin de l'Arnoult""]","[null,1387,389,null,1388,1392,1383,1384,null,1393,1027,null,1211,null,539,522,388,null,1380,null,null,null,null,326,1376,1390,null,1500,null,1317,null,1399,1210,81,null,540,1501,1396,null,523,59,null,null,1499,null,null,1389,1397,null,1394,1493,1318,82,null,null,1382,1494,1492,null,83,null,1385,null,1391,null,null,1381,null,null]"
30144,Copie de 2022-0360,2023-04-01,2023-06-21,abroge,,18,https://regleau.s3.gra.perf.cloud.ovh.net//arrete-cadre/30144/2022-arrete-cadre-secheresse.pdf,"[9456,9461,9458,9467,9455,9462,9459,9454,9466,9463,9465,9453,9460,9457,9464]","[""SUP"",""SUP"",""SUP"",""SUP"",""SUP"",""SUP"",""SUP"",""SUP"",""SUP"",""SUP"",""SUP"",""SUP"",""SUP"",""SUP"",""SUP""]","[""24_18_0004"",""24_18_0009"",""24_18_0006"",""24_18_0015"",""24_18_0003"",""24_18_0010"",""24_18_0007"",""24_18_0002"",""24_18_0014"",""24_18_0011"",""24_18_0013"",""24_18_0001"",""24_18_0008"",""24_18_0005"",""24_18_0012""]","[""Bassin de l'Auron, de l'Airain et des Rampennes"",""Bassin de l'Indre amont"",""Bassin du Colin, de l'Ouatier et du Langis"",""Bassin de l'Yèvre aval"",""Bassin de l'Aubois"",""Bassin de la Loire et de ses affluents"",""Bassin du Fouzon"",""Bassin de l'Arnon aval"",""Bassin de l'Yèvre amont"",""Bassin de la Petite Sauldre et de la Rère"",""Bassin de la Vauvise"",""Bassin de l'Arnon amont"",""Bassin de la Grande Sauldre et du Beuvron"",""Bassin du Cher"",""Bassin de la Théols""]","[398,1281,400,1287,397,1282,1280,1279,1286,1283,1285,1278,578,399,1284]"
30156,2023_DDT79_APC_DIVE DU NORD,2023-04-01,2023-06-19,abroge,,79,https://regleau.s3.gra.perf.cloud.ovh.net//arrete-cadre/30156/ACI_N_163_Dive_du_Nord_20220330.pdf,"[9422,9399]","[""SOU"",""SUP""]","[""75_79_4"",""75_79_4""]","[""Dive du Nord - eaux souterraines"",""Dive du Nord - eaux superficielles""]","[1264,466]"
30080,63-20230563,2023-04-04,2023-07-12,abroge,,63,https://regleau.s3.gra.perf.cloud.ovh.net//arrete-cadre/30080/APCS-Annexes_Secheresse_V2023.pdf,"[8182,8177,8180,8184,8181,8186,8185,8183,8179,8178,8175,8176,4588]","[""SUP"",""SUP"",""SUP"",""SUP"",""SUP"",""SUP"",""SUP"",""SUP"",""SUP"",""SUP"",""SUP"",""SUP"",""SOU""]","[""84_63_5"",""84_63_11"",""84_63_3"",""84_63_7"",""84_63_4"",""84_63_9"",""84_63_8"",""84_63_6"",""84_63_2"",""84_63_12"",""84_63_1"",""84_63_10"",""83_63_01""]","[""Allier rive gauche amont"",""Ance"",""Morge"",""Sioule"",""Allier rive gauche moyen"",""Cher amont"",""Dore"",""Allier rive droite"",""Allier aval"",""Alagnon"",""Axe Allier"",""Dordogne amont"",""zone non couverte par l'arrêté cadre""]",
30299,63-20230563_01,2023-04-04,2024-06-19,abroge,,63,https://regleau.s3.gra.perf.cloud.ovh.net//arrete-cadre/30299/APCS_Secheresse_V2023.pdf,"[11757,11746,11751,11750,11756,11753,11754,11748,11747,11749,11752,11755]","[""SUP"",""SUP"",""SUP"",""SUP"",""SUP"",""SUP"",""SUP"",""SUP"",""SUP"",""SUP"",""SUP"",""SUP""]","[""84_63_012"",""84_63_001"",""84_63_006"",""84_63_005"",""84_63_011"",""84_63_008"",""84_63_009"",""84_63_003"",""84_63_002"",""84_63_004"",""84_63_007"",""84_63_010""]","[""ALAGNON"",""AXE ALLIER"",""ALLIER RIVE DROITE"",""ALLIER RIVE GAUCHE AMONT"",""ANCE"",""DORE"",""CHER AMONT"",""MORGE"",""ALLIER AVAL"",""ALLIER RIVE GAUCHE MOYEN"",""SIOULE"",""DORDOGNE AMONT""]","[728,960,965,964,727,725,726,962,961,963,724,1581]"
30180,V2_84-ACD-7-AVRIL-2022,2023-04-07,2024-07-21,abroge,,84,https://regleau.s3.gra.perf.cloud.ovh.net//arrete-cadre/30180/ACD84-07042022-SIGNE.pdf,"[8962,8965,8961,8958,8964,8957,8959,8960,8963]","[""SUP"",""SUP"",""SUP"",""SUP"",""SUP"",""SUP"",""SUP"",""SUP"",""SUP""]","[""93_84_0007"",""93_84_0010"",""93_84_0006"",""93_84_0003"",""93_84_0009"",""93_84_0002"",""93_84_0004"",""93_84_0005"",""93_84_0008""]","[""Bassin du Sud Luberon"",""Bassin versant des Sorgues"",""Bassin du Rhône"",""Bassin de la Meyne"",""Bassin du sud-ouest du Mont Ventoux"",""Bassin du Calavon Median"",""Bassin du Calavon Amont"",""Durance nappe d’accompagnement"",""Bassin de la Nesque""]","[679,53,678,386,52,385,394,1778,680]"
30197,V2_ACI-05-26-84 Lez-Aygues-Ouveze,2023-04-07,2023-04-08,abroge,84,"[""26"",""05"",""84""]",https://regleau.s3.gra.perf.cloud.ovh.net//arrete-cadre/30197/ACI-LAO-Vfinale.pdf,"[10441,8923,10469,10442,8967,8966,10470,10468,8956,10443]","[""SUP"",""SUP"",""SOU"",""SUP"",""SUP"",""SUP"",""SOU"",""SOU"",""SUP"",""SUP""]","[""84_26_0008"",""93_05_0004"",""84_26_0020"",""84_26_0009"",""93_84_0012"",""93_84_0011"",""84_26_0021"",""84_26_0019"",""93_84_0001"",""84_26_0010""]","[""Lez provençal -Lauzon"",""Bassin E(A)ygues partie 05"",""E(A)ygues"",""E(A)ygues"",""Bassin du Lez provençal-Lauzon"",""Bassin de l''Ouvèze provençale"",""Ouvèze provençale"",""Lez provençal -Lauzon"",""Bassin  de l''Æygues"",""Ouvèze provençale""]","[1781,379,1789,1782,55,54,1790,1788,384,1783]"
30261,V4_26-2023-04-07-00012 (Drôme),2023-04-07,2024-03-31,abroge,,26,https://regleau.s3.gra.perf.cloud.ovh.net//arrete-cadre/30261/AC_262023040700012_Drome_et_annexes.pdf,"[10471,10464,10444,10439,10440,10463,10437,10465,10467,10436,10466,10438]","[""SOU"",""SOU"",""SUP"",""SUP"",""SUP"",""SOU"",""SUP"",""SOU"",""SOU"",""SUP"",""SOU"",""SUP""]","[""84_26_0022"",""84_26_0015"",""84_26_0011"",""84_26_0006"",""84_26_0007"",""84_26_0014"",""84_26_0004"",""84_26_0016"",""84_26_0018"",""84_26_0003"",""84_26_0017"",""84_26_0005""]","[""Méouge"",""Royans-Vercors"",""Méouge"",""Roubion-Jabron"",""Berre"",""Plaine de Valence"",""Royans-Vercors"",""Bassin de la Drôme"",""Berre"",""Plaine de Valence"",""Roubion-Jabron"",""Bassin de la Drôme""]","[1875,1872,1855,77,395,1787,1854,78,1873,1780,79,677]"
30076,26-2023-04-07-00012 (Drôme),2023-04-07,2024-04-29,abroge,,26,https://regleau.s3.gra.perf.cloud.ovh.net//arrete-cadre/30076/AC_262023040700012_Drome_et_annexes.pdf,"[10444,10467,10439,10466,10436,10437,10464,10440,10463,10465,10438,10471]","[""SUP"",""SOU"",""SUP"",""SOU"",""SUP"",""SUP"",""SOU"",""SUP"",""SOU"",""SOU"",""SUP"",""SOU""]","[""84_26_0011"",""84_26_0018"",""84_26_0006"",""84_26_0017"",""84_26_0003"",""84_26_0004"",""84_26_0015"",""84_26_0007"",""84_26_0014"",""84_26_0016"",""84_26_0005"",""84_26_0022""]","[""Méouge"",""Berre"",""Roubion-Jabron"",""Roubion-Jabron"",""Plaine de Valence"",""Royans-Vercors"",""Royans-Vercors"",""Berre"",""Plaine de Valence"",""Bassin de la Drôme"",""Bassin de la Drôme"",""Méouge""]","[1855,1873,77,79,1780,1854,1872,395,1787,78,677,1875]"
30077,Ain - AC 20230407,2023-04-07,2023-06-12,abroge,,01,https://regleau.s3.gra.perf.cloud.ovh.net//arrete-cadre/30077/20230407ACSdRaaAvecAnnexes.pdf,"[8791,8789,9370,9371,9373,9372,9369,8792,8790]","[""SUP"",""SUP"",""SOU"",""SOU"",""SOU"",""SOU"",""SOU"",""SUP"",""SUP""]","[""84_01_4"",""84_01_2"",""84_01_3"",""84_01_4"",""84_01_6"",""84_01_5"",""84_01_2"",""84_01_5"",""84_01_3""]","[""Rivières de Dombes"",""Rivières de Bresse"",""Plaine de l'Ain"",""Dombes - Certines - Nord"",""Pays de Gex"",""Dombes - Sud"",""Null"",""Rivières du Haut-Rhône"",""Rivières du Bugey""]","[374,372,69,70,1836,1835,68,375,373]"
30141,V2-GDDC-26-2023-04-07-00007 et 38-2023-04-13-00006,2023-04-13,2023-06-20,abroge,,"[""26"",""38""]",https://regleau.s3.gra.perf.cloud.ovh.net//arrete-cadre/30141/AP_Secheresse_Galaure_DDC.pdf,"[10435,11546,10462,11534]","[""SUP"",""SOU"",""SOU"",""SUP""]","[""84_26_0002"",""84_38_0014"",""84_26_0013"",""84_38_0002""]","[""Galaure - Drôme des Collines"",""Nappes de Galaure et Drôme des Collines"",""Galaure - Drôme des Collines"",""Galaure et Drôme des Collines""]","[1779,null,1786,null]"
30078,26-2023-04-07-00007 et 38-2023-04-13-00005,2023-04-13,2023-04-13,abroge,,"[""38"",""26""]",https://regleau.s3.gra.perf.cloud.ovh.net//arrete-cadre/30078/AC%2026-38_262023040700007%20et%2038-2023041300005_Galaure%20DDc_et-annexes-sign%C3%A9.pdf,"[9500,10435,10462,9487]","[""SOU"",""SUP"",""SOU"",""SUP""]","[""84_38_0002"",""84_26_0002"",""84_26_0013"",""84_38_0002""]","[""Nappes de Galaure et Drôme des Collines"",""Galaure - Drôme des Collines"",""Galaure - Drôme des Collines"",""Galaure et Drôme des Collines""]","[null,1779,1786,null]"
30162,V3-GDDC-26-2023-04-07-00007 et 38-2023-04-13-00006,2023-04-13,2023-07-12,abroge,,"[""38"",""26""]",https://regleau.s3.gra.perf.cloud.ovh.net//arrete-cadre/30162/AP_Secheresse_Galaure_DDC.pdf,"[10462,10435,11534,11546]","[""SOU"",""SUP"",""SUP"",""SOU""]","[""84_26_0013"",""84_26_0002"",""84_38_0002"",""84_38_0014""]","[""Galaure - Drôme des Collines"",""Galaure - Drôme des Collines"",""Galaure et Drôme des Collines"",""Nappes de Galaure et Drôme des Collines""]","[1786,1779,null,null]"
30085,26-2023-04-07-00007 et 38-2023-04-13-00006,2023-04-13,2023-06-01,abroge,,"[""38"",""26""]",https://regleau.s3.gra.perf.cloud.ovh.net//arrete-cadre/30085/AP_Secheresse_Galaure_DDC_et_Annexes_26-2023-04-07-00007_et_38-2023-04-13-00006.pdf,"[9500,9487,10435,10462]","[""SOU"",""SUP"",""SUP"",""SOU""]","[""84_38_0002"",""84_38_0002"",""84_26_0002"",""84_26_0013""]","[""Nappes de Galaure et Drôme des Collines"",""Galaure et Drôme des Collines"",""Galaure - Drôme des Collines"",""Galaure - Drôme des Collines""]","[null,null,1779,1786]"
30266,V2_DDT42_20230418,2023-04-18,2024-06-12,abroge,,42,https://regleau.s3.gra.perf.cloud.ovh.net/arrete-cadre/30266/20230418_ACS_SIGNE_AVECANNEXES.pdf,"[10527,10520,10523,10522,10519,10530,10529,10526,10524,10521,10525,10528]","[""SUP"",""SUP"",""SUP"",""SUP"",""SUP"",""SUP"",""SUP"",""SUP"",""SUP"",""SUP"",""SUP"",""SUP""]","[""82_42_0009"",""82_42_0002"",""82_42_0005"",""82_42_0004"",""82_42_0001"",""82_42_0012"",""82_42_0011"",""82_42_0008"",""82_42_0006"",""82_42_0003"",""82_42_0007"",""82_42_0010""]","[""Pilat Sud"",""Sud Loire"",""Forez Lignon-Vizezy"",""Forez Ance-Mare-Bonson"",""Fleuve Loire Amont"",""Fleuve Rhone"",""Aix"",""Monts du Lyonnais"",""Roannais"",""Fleuve Loire Aval"",""Rhins-Sornin"",""Gier""]","[1791,685,688,687,684,454,692,691,689,686,690,1792]"
30089,DDT42_20230418,2023-04-18,2023-06-28,abroge,,42,https://regleau.s3.gra.perf.cloud.ovh.net/arrete-cadre/30089/20230418_ACS_SIGNE_AVECANNEXES.pdf,"[10519,10527,10521,10526,10529,10528,10530,10522,10525,10523,10524,10520]","[""SUP"",""SUP"",""SUP"",""SUP"",""SUP"",""SUP"",""SUP"",""SUP"",""SUP"",""SUP"",""SUP"",""SUP""]","[""82_42_0001"",""82_42_0009"",""82_42_0003"",""82_42_0008"",""82_42_0011"",""82_42_0010"",""82_42_0012"",""82_42_0004"",""82_42_0007"",""82_42_0005"",""82_42_0006"",""82_42_0002""]","[""Fleuve Loire Amont"",""Pilat Sud"",""Fleuve Loire Aval"",""Monts du Lyonnais"",""Aix"",""Gier"",""Fleuve Rhone"",""Forez Ance-Mare-Bonson"",""Rhins-Sornin"",""Forez Lignon-Vizezy"",""Roannais"",""Sud Loire""]","[684,1791,686,691,692,1792,454,687,690,688,689,685]"
30361,V3_Forez_DDT42_20230418,2023-04-18,2024-06-12,abroge,,42,https://regleau.s3.gra.perf.cloud.ovh.net/arrete-cadre/30361/20230418_ACS_SIGNE_AVECANNEXES.pdf,"[10521,10530,10525,10527,10524,10523,10519,10526,10520,10528,10522,10529]","[""SUP"",""SUP"",""SUP"",""SUP"",""SUP"",""SUP"",""SUP"",""SUP"",""SUP"",""SUP"",""SUP"",""SUP""]","[""82_42_0003"",""82_42_0012"",""82_42_0007"",""82_42_0009"",""82_42_0006"",""82_42_0005"",""82_42_0001"",""82_42_0008"",""82_42_0002"",""82_42_0010"",""82_42_0004"",""82_42_0011""]","[""Fleuve Loire Aval"",""Fleuve Rhone"",""Rhins-Sornin"",""Pilat Sud"",""Roannais"",""Forez Lignon-Vizezy"",""Fleuve Loire Amont"",""Monts du Lyonnais"",""Sud Loire"",""Gier"",""Forez Ance-Mare-Bonson"",""Aix""]","[686,454,690,1791,689,688,684,691,685,1792,687,692]"
30426,DDT42_DT-25-0299_ARRETE-CADRE-SECHERESSE-LOIRE,2023-04-18,2026-04-22,abroge,,42,https://regleau.s3.gra.perf.cloud.ovh.net/arrete-cadre/30426/20250521_ACS_DT-25-0299_signe_avec_annexes_compresse.pdf,"[15189,15209,15208,15202,15186,15204,15207,15205,15206,15200,15194,15198,15188,15203,15187,15199,15193,15196,15190,15201,15192,15197,15191,15195]","[""SUP"",""SOU"",""SUP"",""SOU"",""SUP"",""SOU"",""SUP"",""SOU"",""SUP"",""SOU"",""SUP"",""SOU"",""SUP"",""SOU"",""SUP"",""SOU"",""SUP"",""SOU"",""SUP"",""SOU"",""SUP"",""SOU"",""SUP"",""SOU""]","[""82_42_0001"",""82_42_0012a"",""82_42_0012"",""82_42_0011a"",""82_42_0011"",""82_42_0010a"",""82_42_0010"",""82_42_0009a"",""82_42_0009"",""82_42_0008a"",""82_42_0008"",""82_42_0007a"",""82_42_0007"",""82_42_0006a"",""82_42_0006"",""82_42_0005a"",""82_42_0005"",""82_42_0004a"",""82_42_0004"",""82_42_0003a"",""82_42_0003"",""82_42_0002a"",""82_42_0002"",""82_42_0001a""]","[""Fleuve Loire amont"",""Fleuve RhôneSOU"",""Fleuve Rhône"",""Isable AixSOU"",""Isable Aix"",""GierSOU"",""Gier"",""Pilat SudSOU"",""Pilat Sud"",""Monts du LyonnaisSOU"",""Monts du Lyonnais"",""Rhins SorninSOU"",""Rhins Sornin"",""Roannais AixSOU"",""Roannais Aix"",""Forez Lignon - VizezySOU"",""Forez Lignon - Vizezy"",""Forez Ance - Mare - BonsonSOU"",""Forez Ance - Mare - Bonson"",""Fleuve Loire avalSOU"",""Fleuve Loire aval"",""Sud LoireSOU"",""Sud Loire"",""Fleuve Loire amontSOU""]","[2453,2473,2472,2466,2450,2468,2471,2469,2470,2464,2458,2462,2452,2467,2451,2463,2457,2460,2454,2465,2456,2461,2455,2459]"
30217,DDT53_ACD_2023_V2,2023-04-20,2023-04-21,abroge,,53,https://regleau.s3.gra.perf.cloud.ovh.net//arrete-cadre/30217/Arrete_cadre_secheresse_53_20230420.pdf,"[9730,9729,9722,9723,9721,9724,9728,9720,9725,9719,9726,9727]","[""SOU"",""SOU"",""SUP"",""SUP"",""SUP"",""SUP"",""SOU"",""SUP"",""SOU"",""SUP"",""SOU"",""SOU""]","[""52_53_9"",""52_53_8"",""52_53_7"",""52_53_8"",""52_53_6"",""52_53_9"",""52_53_7"",""52_53_3"",""52_53_1"",""52_53_1"",""52_53_3"",""52_53_6""]","[""bassin Sarthe aval"",""bassin Sarthe amont"",""bassin Mayenne amont ouest"",""bassin Sarthe amont"",""bassin Mayenne amont est"",""bassin Sarthe aval"",""bassin Mayenne amont ouest"",""bassin Oudon"",""bassin Mayenne médiane et aval"",""bassin Mayenne médiane et aval"",""bassin Oudon"",""bassin Mayenne amont est""]","[431,430,423,424,422,425,429,421,426,420,427,428]"
30090,DDT53_ACD_2023,2023-04-20,2023-06-21,abroge,,53,https://regleau.s3.gra.perf.cloud.ovh.net//arrete-cadre/30090/Arrete_cadre_secheresse_53_20230420.pdf,"[9723,9722,9730,9720,9727,9728,9726,9721,9729,9719,9725,9724]","[""SUP"",""SUP"",""SOU"",""SUP"",""SOU"",""SOU"",""SOU"",""SUP"",""SOU"",""SUP"",""SOU"",""SUP""]","[""52_53_8"",""52_53_7"",""52_53_9"",""52_53_3"",""52_53_6"",""52_53_7"",""52_53_3"",""52_53_6"",""52_53_8"",""52_53_1"",""52_53_1"",""52_53_9""]","[""bassin Sarthe amont"",""bassin Mayenne amont ouest"",""bassin Sarthe aval"",""bassin Oudon"",""bassin Mayenne amont est"",""bassin Mayenne amont ouest"",""bassin Oudon"",""bassin Mayenne amont est"",""bassin Sarthe amont"",""bassin Mayenne médiane et aval"",""bassin Mayenne médiane et aval"",""bassin Sarthe aval""]","[424,423,431,421,428,429,427,422,430,420,426,425]"
30420,DDT53_ACS_20/04/2023,2023-04-23,2025-06-23,abroge,,53,https://regleau.s3.gra.perf.cloud.ovh.net/arrete-cadre/30420/20230420_DDT_arrete_cadre_secheresse_signe.pdf,"[15814,15815,15821,15823,15818,15813,15822,15816,15812,15819,15817,15820]","[""SUP"",""SUP"",""SOU"",""SOU"",""SUP"",""SUP"",""SOU"",""SOU"",""SUP"",""SOU"",""SUP"",""SOU""]","[""52_53_8"",""52_53_1"",""52_53_1"",""52_53_3"",""52_53_3"",""52_53_6"",""52_53_6"",""52_53_7"",""52_53_7"",""52_53_8"",""52_53_9"",""52_53_9""]","[""bassin Sarthe amont"",""bassin Mayenne médiane et aval"",""bassin Mayenne médiane et aval"",""bassin Oudon"",""bassin Oudon"",""bassin Mayenne amont est"",""bassin Mayenne amont est"",""bassin Mayenne amont ouest"",""bassin Mayenne amont ouest"",""bassin Sarthe amont"",""bassin Sarthe aval"",""bassin Sarthe aval""]","[3078,3081,3084,3087,3079,3077,3086,3082,3076,3083,3080,3085]"
30284,ACi_BV Charente Seudre Fl.cotiers- DDT24,2023-04-24,2024-07-03,abroge,,24,https://regleau.s3.gra.perf.cloud.ovh.net//arrete-cadre/30284/ACi2023-ChteSeudFlCot-162023042400001.pdf,"[12124,12132]","[""SUP"",""SUP""]","[""75_24_0033"",""75_24_0041""]","[""Charente amont - Tardoire"",""Charente amont - Bandiat""]","[1122,1126]"
30212,BV Charente Seudre Fl.cotiers 87,2023-04-24,2023-07-19,abroge,,87,https://regleau.s3.gra.perf.cloud.ovh.net//arrete-cadre/30212/ACi2023-ChteSeudFlCot-signe24avil2023.pdf,"[11816,11814,11824,11825,11815,11823]","[""SUP"",""SUP"",""SOU"",""SOU"",""SUP"",""SOU""]","[""75_87_0005"",""75_87_0003"",""75_87_0004"",""75_87_0005"",""75_87_0004"",""75_87_0003""]","[""Bassin Tardoire"",""Bassin Bandiat"",""Bassin Charente"",""Bassin Tardoire"",""Bassin Charente"",""Bassin Bandiat""]","[1494,1492,1500,1501,1493,1499]"
30267,ACS N° DDT-SGREB-2023-056,2023-04-25,2023-08-28,abroge,,28,https://regleau.s3.gra.perf.cloud.ovh.net//arrete-cadre/30267/2023_056_arrete_cadre_secheresse_eaux_sup.pdf,"[11090,11091,11081,11086,11092,11083,11089,11087,11085,11093,11097,11082,11095,11096,11094,11084,11088]","[""SUP"",""SUP"",""SUP"",""SUP"",""SUP"",""SUP"",""SUP"",""SUP"",""SUP"",""SUP"",""SUP"",""SUP"",""SUP"",""SUP"",""SUP"",""SUP"",""SUP""]","[""24_028_0010"",""24_028_0011"",""24_028_0001"",""24_028_0006"",""24_028_0012"",""24_028_0003"",""24_028_0009"",""24_028_0007"",""24_028_0005"",""24_028_0013"",""24_028_0017"",""24_028_0002"",""24_028_0015"",""24_028_0016"",""24_028_0014"",""24_028_0004"",""24_028_0008""]","[""DROUETTE"",""VESGRE"",""AIGRE"",""YERRE"",""LOIR Amont"",""EURE Moyen haut"",""CONIE"",""BLAISE"",""OZANNE"",""LOIR Aval"",""JUINE"",""EURE Amont"",""AVRE Aval"",""VOISE"",""AVRE Moyen"",""EURE Moyen bas"",""CLOCHE""]","[810,811,509,511,514,807,513,809,510,515,815,806,813,814,812,808,512]"
30185,ARRETE N° DDT-SGREB-2023-056,2023-04-25,2023-06-28,abroge,,28,https://regleau.s3.gra.perf.cloud.ovh.net//arrete-cadre/30185/2023_056_arrete_cadre_secheresse_eaux_sup.pdf,"[11092,11085,11096,11087,11081,11094,11083,11084,11090,11082,11086,11088,11095,11089,11093,11091,11097]","[""SUP"",""SUP"",""SUP"",""SUP"",""SUP"",""SUP"",""SUP"",""SUP"",""SUP"",""SUP"",""SUP"",""SUP"",""SUP"",""SUP"",""SUP"",""SUP"",""SUP""]","[""24_028_0012"",""24_028_0005"",""24_028_0016"",""24_028_0007"",""24_028_0001"",""24_028_0014"",""24_028_0003"",""24_028_0004"",""24_028_0010"",""24_028_0002"",""24_028_0006"",""24_028_0008"",""24_028_0015"",""24_028_0009"",""24_028_0013"",""24_028_0011"",""24_028_0017""]","[""LOIR Amont"",""OZANNE"",""VOISE"",""BLAISE"",""AIGRE"",""AVRE Moyen"",""EURE Moyen haut"",""EURE Moyen bas"",""DROUETTE"",""EURE Amont"",""YERRE"",""CLOCHE"",""AVRE Aval"",""CONIE"",""LOIR Aval"",""VESGRE"",""JUINE""]","[514,510,814,809,509,812,807,808,810,806,511,512,813,513,515,811,815]"
30343, ACS N° DDT-SGREB-2023-056+2026-56-complement,2023-04-25,null,publie,,28,https://regleau.s3.gra.perf.cloud.ovh.net/arrete-cadre/30343/2023_056_arrete_cadre_secheresse_eaux_sup%2B2026-056_AP_complementaire.pdf,"[11089,11083,11085,11087,11095,11090,11088,11096,11094,11092,11081,11084,11091,11093,11086,11082,11097,16415,16414,16407,16419,16422,16421,16412,16420,16413,16409,16418,16416,16423,16408,16417,16410,16411]","[""SUP"",""SUP"",""SUP"",""SUP"",""SUP"",""SUP"",""SUP"",""SUP"",""SUP"",""SUP"",""SUP"",""SUP"",""SUP"",""SUP"",""SUP"",""SUP"",""SUP"",""SOU"",""SOU"",""SOU"",""SOU"",""SOU"",""SOU"",""SOU"",""SOU"",""SOU"",""SOU"",""SOU"",""SOU"",""SOU"",""SOU"",""SOU"",""SOU"",""SOU""]","[""24_028_0009"",""24_028_0003"",""24_028_0005"",""24_028_0007"",""24_028_0015"",""24_028_0010"",""24_028_0008"",""24_028_0016"",""24_028_0014"",""24_028_0012"",""24_028_0001"",""24_028_0004"",""24_028_0011"",""24_028_0013"",""24_028_0006"",""24_028_0002"",""24_028_0017"",""24_028_0003"",""24_028_0002"",""24_028_0005"",""24_028_0011"",""24_028_0016"",""24_028_0015"",""24_028_0012"",""24_028_0014"",""24_028_0013"",""24_028_0001"",""24_028_0010"",""24_028_0004"",""24_028_0017"",""24_028_0006"",""24_028_0007"",""24_028_0008"",""24_028_0009""]","[""CONIE"",""EURE Moyen haut"",""OZANNE"",""BLAISE"",""AVRE Aval"",""DROUETTE"",""CLOCHE"",""VOISE"",""AVRE Moyen"",""LOIR Amont"",""AIGRE"",""EURE Moyen bas"",""VESGRE"",""LOIR Aval"",""YERRE"",""EURE Amont"",""JUINE"",""EURE Moyen haut"",""EURE Amont"",""OZANNE"",""VESGRE"",""VOISE"",""AVRE Aval"",""LOIR Amont"",""AVRE Moyen"",""LOIR Aval"",""AIGRE"",""DROUETTE"",""EURE Moyen bas"",""JUINE"",""YERRE"",""BLAISE"",""CLOCHE"",""CONIE""]","[513,807,510,809,813,810,512,814,812,514,509,808,811,515,511,806,815,3697,3696,3689,3701,3704,3703,3694,3702,3695,3691,3700,3698,3705,3690,3699,3692,3693]"
30548,AP-Cadre-DDT-ERC-2023-028,2023-04-27,2026-05-31,abroge,,54,https://regleau.s3.gra.perf.cloud.ovh.net/arrete-cadre/30548/AP-DDT-ERC-2023-028_cadre_limitation_suspension_usage_de_l_eau.pdf.pdf,"[14724,14722,14720,14725,14723,14721]","[""SUP"",""SOU"",""SOU"",""SOU"",""SUP"",""SUP""]","[""1"",""6"",""5"",""4"",""3"",""2""]","[""Meuse aval et Chiers - eaux superficielles"",""Moselle amont et Meurthe - eaux souterraines"",""Moselle aval, Orne, Nied et Seille - eaux souterraines"",""Meuse aval et Chiers - eaux souterraines"",""Moselle amont et Meurthe - eaux superficielles"",""Moselle aval, Orne, Nied et Seille - eaux superficielles""]","[1939,1937,1938,1936,1940,1941]"
30365,Copie ACi_BV Charente Seudre Fl.cotiers 24-04-2023,2023-04-27,2023-10-31,abroge,,"[""16"",""17"",""87"",""24"",""86"",""79""]",https://regleau.s3.gra.perf.cloud.ovh.net//arrete-cadre/30365/RAA-17-2023-050-du_27_avril_2023.pdf,"[9430,9161,9165,9173,12124,12325,12313,11814,11825,12343,12345,9160,12316,12324,12331,9405,12346,9159,12327,9163,9162,9182,9178,9183,9429,12320,8756,9404,9179,12322,9406,9427,9185,12344,9180,9187,9171,12336,11824,9186,12328,9164,9428,12329,12342,9172,12332,9175,12333,9184,12311,9177,12312,12326,11816,12132,9174,12340,12341,12347,9407,12144,12323,9181,11823,9176,12338,11815,8728]","[""SOU"",""SUP"",""SUP"",""SUP"",""SUP"",""SUP"",""SUP"",""SUP"",""SOU"",""SOU"",""SOU"",""SUP"",""SUP"",""SUP"",""SOU"",""SUP"",""SOU"",""SUP"",""SUP"",""SUP"",""SUP"",""SUP"",""SUP"",""SUP"",""SOU"",""SUP"",""SUP"",""SUP"",""SUP"",""SUP"",""SUP"",""SOU"",""SOU"",""SOU"",""SUP"",""SOU"",""SUP"",""SOU"",""SOU"",""SOU"",""SUP"",""SUP"",""SOU"",""SUP"",""SOU"",""SUP"",""SOU"",""SUP"",""SOU"",""SOU"",""SUP"",""SUP"",""SUP"",""SUP"",""SUP"",""SUP"",""SUP"",""SOU"",""SOU"",""SOU"",""SUP"",""SOU"",""SUP"",""SUP"",""SOU"",""SUP"",""SOU"",""SUP"",""SOU""]","[""75_79_8a"",""75_16_0019"",""75_16_0028"",""75_16_0045"",""75_24_0033"",""75_17_62"",""75_17_12"",""75_87_0003"",""75_87_0005"",""75_17_62"",""75_17_7"",""75_16_0018"",""75_17_15"",""75_17_61"",""75_17_10"",""75_79_6b"",""75_17_8"",""75_16_0017"",""75_17_7"",""75_16_0021"",""75_16_0020"",""75_16_0054"",""75_16_0050"",""75_16_0055"",""75_79_7"",""75_17_2"",""75_86_0002"",""75_79_6a"",""75_16_0051"",""75_17_4"",""75_79_7"",""75_79_6a"",""75_16_0002"",""75_17_63"",""75_16_0052"",""75_16_0004"",""75_16_0043"",""75_17_15"",""75_87_0004"",""75_16_0003"",""75_17_8"",""75_16_0022"",""75_79_6b"",""75_17_9"",""75_17_61"",""75_16_0044"",""75_17_11"",""75_16_0047"",""75_17_12"",""75_16_0001"",""75_17_10"",""75_16_0049"",""75_17_11"",""75_17_63"",""75_87_0005"",""75_24_0041"",""75_16_0046"",""75_17_4"",""75_17_5"",""75_17_9"",""75_79_8a"",""75_24_0054"",""75_17_5"",""75_16_0053"",""75_87_0003"",""75_16_0048"",""75_17_2"",""75_87_0004"",""75_86_0002""]","[""Boutonne - eaux souterraines"",""OUGC Karst /  Zone d'alerte : Bonnieure_Aval"",""OUGC Saintonge /  Zone d'alerte : L'Antenne"",""OUGC Cogesteau /  Zone d'alerte : Auge"",""Charente amont - Tardoire"",""Bassin de la Seudre moyenne"",""Bassin des Fleuves côtiers de Gironde"",""Bassin Bandiat"",""Bassin Tardoire"",""Bassin de la Seudre moyenne"",""Bassin de l'Aume-Couture"",""OUGC Karst /  Zone d'alerte : Bonnieure"",""Bassin du Bruant"",""Bassin de la Seudre aval"",""Bassin du Né"",""Charente Péruse - eaux superficielles"",""Bassin de Charente-aval"",""OUGC Karst /  Zone d'alerte : Bandiat"",""Bassin de l'Aume-Couture"",""OUGC Karst /  Zone d'alerte : Tardoire"",""OUGC Karst /  Zone d'alerte : Échelle-Lèche"",""OUGC Cogesteau /  Zone d'alerte : Sud-Angoumois"",""OUGC Cogesteau /  Zone d'alerte : Né"",""OUGC Saintonge /  Zone d'alerte : Seugne"",""Aume Couture - eaux souterraines"",""Bassin de la Géres-Devise"",""Bassin de la Charente - secteur Charente Amont"",""Charente - eaux superficielles"",""OUGC Cogesteau /  Zone d'alerte : Nouère"",""Bassin de la Boutonne aval et moyenne"",""Aume Couture - eaux superficielles"",""Charente - eaux souterraines"",""ESO_Saintonge"",""Bassin de la Seudre amont"",""OUGC Cogesteau /  Zone d'alerte : Péruse"",""ESO_COGESTEAU"",""OUGC Cogesteau /  Zone d'alerte : Argence"",""Bassin du Bruant"",""Bassin Charente"",""ESO_Karst"",""Bassin de Charente-aval"",""OUGC Karst /  Zone d'alerte : Touvre"",""Charente Péruse - eaux souterraines"",""Bassin de la Seugne"",""Bassin de la Seudre aval"",""OUGC Cogesteau /  Zone d'alerte : Argent-Or_Lizonne"",""Bassin de l'Arnoult"",""OUGC Cogesteau /  Zone d'alerte : Bief"",""Bassin des Fleuves côtiers de Gironde"",""ESO_Crétacé_Sud_Charente"",""Bassin du Né"",""OUGC Cogesteau /  Zone d'alerte : Charente-Moyenne"",""Bassin de l'Arnoult"",""Bassin de la Seudre amont"",""Bassin Tardoire"",""Charente amont - Bandiat"",""OUGC Cogesteau /  Zone d'alerte : Aume-Couture"",""Bassin de la Boutonne aval et moyenne"",""Bassin de l'Antenne-Rouzille"",""Bassin de la Seugne"",""Boutonne - eaux superficielles"",""Grand Karst de La Rochefoucauld"",""Bassin de l'Antenne-Rouzille"",""OUGC Cogesteau /  Zone d'alerte : Son-Sonnette"",""Bassin Bandiat"",""OUGC Cogesteau /  Zone d'alerte : Charente-Amont"",""Bassin de la Géres-Devise"",""Bassin Charente"",""Bassin de la Charente - secteur Charente Amont""]","[540,1027,1318,1381,1122,1721,1713,1492,1501,1730,1701,389,1716,1720,1185,1396,1702,388,1182,1211,1210,1388,83,1389,539,1717,1376,1394,1384,1718,522,1397,1391,1700,1385,1393,59,1726,1500,1392,1183,1317,1399,1184,1729,1380,1722,1383,1723,1390,1178,82,1712,1698,1494,1126,1382,1188,1728,1703,523,1650,1719,1387,1499,81,1727,1493,326]"
30296,DDT-ERC-2023-028-V2,2023-04-27,2025-05-28,abroge,,54,https://regleau.s3.gra.perf.cloud.ovh.net//arrete-cadre/30296/AP-DDT-ERC-2022-028_cadre_limitation_suspension_usage_de_l_eau.pdf%20-%20Raccourci%20%282%29.pdf,"[7318,7319,7317]","[""SUP"",""SUP"",""SUP""]","[""44_54_02"",""44_54_03"",""44_54_01""]","[""Meuse aval et Chiers partie du département 54"",""Moselle aval, Orne, Nied et Seille partie du département 54"",""Moselle amont et Meurthe partie du département 54""]",
29888,40 ACD adour 2017-1534,2023-05-01,2023-07-23,abroge,,40,https://regleau.s3.gra.perf.cloud.ovh.net/arrete-cadre/29888/ACD+adour+40.pdf,"[10835,10845,10846,10856,10824,10863,10918,10758,10876,10893,10849,10848,10854,10841,10879,10875,10869,10759,10755,10884,10828,10933,10877,10811,10829,10817,10878,10816,10767,10832,10806,10882,10899,10839,10866,10870,10827,10762,10756,10892,10908,10795,10916,10752,10850,10851,10903,10932,10802,10760]","[""SUP"",""SUP"",""SUP"",""SUP"",""SUP"",""SUP"",""SUP"",""SUP"",""SUP"",""SUP"",""SUP"",""SUP"",""SUP"",""SUP"",""SUP"",""SUP"",""SUP"",""SUP"",""SUP"",""SUP"",""SUP"",""SUP"",""SUP"",""SUP"",""SUP"",""SUP"",""SUP"",""SUP"",""SUP"",""SUP"",""SUP"",""SUP"",""SUP"",""SUP"",""SUP"",""SUP"",""SUP"",""SUP"",""SUP"",""SUP"",""SUP"",""SUP"",""SUP"",""SUP"",""SUP"",""SUP"",""SUP"",""SUP"",""SUP"",""SUP""]","[""75_40_04199"",""75_40_04227"",""75_40_04257"",""75_40_04277"",""75_40_04151"",""75_40_04322"",""75_40_04617"",""75_40_02282"",""75_40_04385"",""75_40_04493"",""75_40_04262"",""75_40_04261"",""75_40_04271"",""75_40_04221"",""75_40_04389"",""75_40_04382"",""75_40_04346"",""75_40_02595"",""75_40_01552"",""75_40_04445"",""75_40_04176"",""75_40_04673"",""75_40_04386"",""75_40_04076"",""75_40_04177"",""75_40_04119"",""75_40_04387"",""75_40_04100"",""75_40_03413"",""75_40_04195"",""75_40_04055"",""75_40_04425"",""75_40_04520"",""75_40_04219"",""75_40_04325"",""75_40_04347"",""75_40_04175"",""75_40_02964"",""75_40_01850"",""75_40_04492"",""75_40_04575"",""75_40_03969"",""75_40_04610"",""75_40_01093"",""75_40_04263"",""75_40_04264"",""75_40_04541"",""75_40_04672"",""75_40_03999"",""75_40_02673""]","[""Le Bès du confluent du Bès d'Arengosse au confluent du Suzan(inclus)"",""L'Adour du confluent du Bahus au confluent du Bos"",""La Douze du confluent de l'Uby au confluent du Joutan"",""La Midouze du confluent du Bès au confluent du Retjons"",""La Douze du confluent du Nouët (inclus) au confluent de l'Estampon"",""L'Adour du confluent du Pesqué (inclus) au confluent du Bahus"",""L'Adour du confluent du Lées au confluent du Vergoignan (inclus)"",""La Douze du confluent de l'Argelouse au confluent du Nouët"",""L'Adour du confluent du Bos au confluent du Gabas"",""Le Bahus du confluent du Baziou (inclus) au confluent de l'Adour"",""La Midouze du confluent de l'Estrigon au confluent du Geloux"",""La Midouze du confluent de la Douze au confluent de l'Estrigon"",""La Midouze du confluent du Batanès (Perdon) (inclus) au confluent du Bès"",""La Douze du confluent du Joutan (inclus) au confluent de l'Argelouse"",""Le Buglose"",""L'Adour du confluent du Mahourat au confluent de la Courdaoute"",""Le Bos de sa source au confluent de l'Adour"",""Le Bès d'Arengosse"",""L'Adour du confluent du [toponyme inconnu] au confluent du [toponyme inconnu]"",""La Gouaougue"",""La Douze du confluent des Neuf Fontaines au confluent du Roumat (inclus)"",""La Rance"",""L'Adour du confluent du Gabas au confluent du [toponyme inconnu] (inclus)"",""La Gouaneyre de sa source au confluent du Pécousin"",""La Douze du confluent de la Gouaneyre au confluent des Neuf Fontaines (inclus)"",""La Gouaneyre du confluent du Pécousin (inclus) au confluent de la Douze"",""L'Adour du confluent de la Midouze au confluent du Louts"",""La Leyre de sa source au confluent de la barade du Daix (incluse)"",""L'Adour du confluent du Saget au confluent du grand Lées"",""La Midouze du confluent du Geloux au confluent du Batanès (Perdon)"",""La Leyre du confluent de la barade du Daix au confluent de la craste de Toulouse (incluse)"",""L'Adour du confluent de la Courdaoute (incluse) au confluent du Pesqué"",""Le Bas du confluent du [toponyme inconnu] (inclus) au confluent du Gabas"",""La Gélise du confluent du Tréou au confluent de l'Izaute"",""La Midouze du confluent du Retjons au confluent de l'Adour"",""L'Adour du confluent du [toponyme inconnu] (inclus) au confluent de la Midouze"",""La Douze du confluent de l'Estampon au confluent de la Gouaneyre"",""L'Adour du confluent du Louts au confluent du Buglose"",""Le Bès de sa source au confluent du Mouréou (inclus)"",""L'Adour du confluent du Lourden au confluent du Mahourat (inclus)"",""Le Bas du confluent du Petit Bas (inclus) au confluent du [toponyme inconnu]"",""L'adour du confluent du Buglose au confluent du Poustagnac"",""Le Bas de sa source au confluent du Petit Bas"",""La Douze du confluent du Roumat au confluent du Midour"",""Le Bès du confluent du Suzan au confluent de la Midouze"",""La Palue de sa source au confluent des Forges (inclus)"",""L'Adour du confluent du Vergoignan au confluent du Lourden (inclus)"",""Le Bahus de sa source au confluent du Baziou"",""La Leyre du confluent de la craste de Toulouse au confluent du Calède"",""Le Bès du confluent du Mouréou au confluent du Bès d'Arengosse""]",
30307,40 ACD hors zone réglementée étiage 2023,2023-05-01,2023-07-23,abroge,,40,https://regleau.s3.gra.perf.cloud.ovh.net//arrete-cadre/30307/40%20ACD%20hors%20ZRE.pdf,"[10765,10751,10770,10772,10928,10852,10773,10790,10791,10914,10891,10766,10783,10868,10798,10792,10941,10925,10886,10797,10799,10920,10793,10780,10895,10917,10826,10915,10784,10853,10889,10800,10781,10902,10837,10887,10901,10775,10910,10805,10913,10896,10779,10926,10858,10907,10778,10890]","[""SUP"",""SUP"",""SUP"",""SUP"",""SUP"",""SUP"",""SUP"",""SUP"",""SUP"",""SUP"",""SUP"",""SUP"",""SUP"",""SUP"",""SUP"",""SUP"",""SUP"",""SUP"",""SUP"",""SUP"",""SUP"",""SUP"",""SUP"",""SUP"",""SUP"",""SUP"",""SUP"",""SUP"",""SUP"",""SUP"",""SUP"",""SUP"",""SUP"",""SUP"",""SUP"",""SUP"",""SUP"",""SUP"",""SUP"",""SUP"",""SUP"",""SUP"",""SUP"",""SUP"",""SUP"",""SUP"",""SUP"",""SUP""]","[""75_40_03159"",""75_40_01021"",""75_40_03524"",""75_40_03795"",""75_40_04642"",""75_40_04265"",""75_40_03818"",""75_40_03945"",""75_40_03946"",""75_40_04582"",""75_40_04490"",""75_40_03217"",""75_40_03903"",""75_40_04336"",""75_40_03985"",""75_40_03947"",""75_40_04814"",""75_40_04626"",""75_40_04461"",""75_40_03984"",""75_40_03986"",""75_40_04620"",""75_40_03948"",""75_40_03886"",""75_40_04495"",""75_40_04613"",""75_40_04154"",""75_40_04588"",""75_40_03904"",""75_40_04266"",""75_40_04466"",""75_40_03987"",""75_40_03887"",""75_40_04523"",""75_40_04201"",""75_40_04462"",""75_40_04522"",""75_40_03837"",""75_40_04577"",""75_40_04034"",""75_40_04580"",""75_40_04505"",""75_40_03873"",""75_40_04627"",""75_40_04293"",""75_40_04560"",""75_40_03872"",""75_40_04467""]","[""Le Bouyic"",""La Forge-Pontenx du confluent de la barade de Mayon à l'étang d'Aureilhan"",""Le Bibic"",""La Leyre du confluent du [toponyme inconnu] (inclus) au confluent du Lacanau"",""L'Adour du confluent de la Nive à l'Océan"",""La Palue du confluent des Forges au confluent du Cout"",""La frange côtière du bassin d'Arcachon à l'étang de Cazaux-Sanguinet"",""La Leyre du confluent du Mourcaou (inclus) au confluent de la petite Leyre"",""La Leyre du confluent du Calède (inclus) au confluent du Mourcaou"",""Le Boudigau du confluent du Marsacq au confluent de l'Anguillère"",""Le Bouret de sa source au confluent du Cousturé"",""La petite Leyre du confluent du Brana au confluent de la Leyre"",""La Grave (Hure)"",""Le Bouret du confluent du Cousturé au confluent du canal de Ceinture (Boudigau)"",""La petite Leyre du confluent du Lagaraille au confluent du Calesèque (inclus)"",""La Pave"",""La Palue du confluent du Cout au confluent du Couloum (inclus)"",""L'Adour du confluent du Gave de Pau au confluent de la Bidouze"",""L'Adour du confluent du [toponyme inconnu] (inclus) au confluent du Luy"",""La petite Leyre de sa source au confluent du Lagaraille (inclus)"",""La petite Leyre du confluent du Calesèque au confluent de l'Ayguemorte"",""L'Adour du confluent de l'Ardanavy au confluent de la Nive"",""La frange côtière de l'étang de Biscarosse-Parentis à l'étang d'Aureilhan"",""La Leyre du confluent de la petite Leyre au confluent du Castera"",""L'Adour du confluent du Luy au confluent du Lespontès"",""L'Adour du de la Bidouze au confluent de L'Aran  (La Joyeuse)"",""Le Barrot"",""La Bidouze du confluent du Lihoury au confluent de l'Adour"",""La petite Leyre du confluent de l'Ayguemorte (incluse) au confluent du Brana"",""La Palue du confluent du Couloum à l'océan"",""La frange côtière de l'embouchure du courant de Soustons à l'embouchure du canal de Ceinture (Boudigau)"",""Le Brana"",""La frange côtière à l'étang de Biscarosse-Parentis"",""Le Boudigau du confluent de l'Anguillère au confluent du moulin de Lamothe"",""La frange côtière de l'embouchure du courant de Contis à l'étang de Léon"",""L'Adour du confluent du Poustagnac au confluent du [toponyme inconnu]"",""L'Adour du confluent du Lespontès au confluent du Pinot"",""La Leyre du confluent du Paillasse (inclus) au confluent du [toponyme inconnu]"",""Le Boudigau de sa source au confluent du Marsacq"",""La frange côtière de l'embouchure du courant de Sainte-Eulalie à l'embouchure du courant de Contis"",""L'Adour du confluent du Pinot (inclus) au confluent des Gaves Réunis"",""L'Aran  (La Joyeuse) du confluent du Suhihandia au confluent de l'Adour"",""Le canal des Landes à l'étang de Cazaux et la Gourgue"",""L'Anguillère (Palibe)"",""La Dêche"",""L'Adour du confluent de L'Aran  (La Joyeuse) au confluent de l'Ardanavy"",""La Leyre du confluent du Castéra au confluent du Paillasse"",""La frange côtière incluant le lac d'Hossegor""]",
30101,AP 64-2023-05-12-00013 plan de crise,2023-05-01,2023-10-31,abroge,,64,https://regleau.s3.gra.perf.cloud.ovh.net//arrete-cadre/30101/AP%2064-2023-05-12-00013%20plan%20de%20crise.pdf,"[11116,11117,11123,11133,11134,11132,11118,11131,11130]","[""SUP"",""SUP"",""SUP"",""SUP"",""SUP"",""SUP"",""SUP"",""SUP"",""SUP""]","[""75_64_0005"",""75_64_0006"",""75_64_0012"",""75_64_0022"",""75_64_0023"",""75_64_0021"",""75_64_0007"",""75_64_0020"",""75_64_0019""]","[""Bassin du Saison"",""Bassin de la Bidouze amont"",""Bassin de la Joyeuse"",""Bassin de l'Ousse"",""Bassin de la Bayse"",""Bassin du Saleys"",""Bassin de la Bidouze aval"",""Bassin du Lausset"",""Bassin de l'Ousse des Bois""]",
30100,ACD48-2012 transitoire 2023,2023-05-08,2023-07-20,abroge,,48,https://regleau.s3.gra.perf.cloud.ovh.net//arrete-cadre/30100/arr%C3%AAte_secheresse_2012.pdf,"[10957,10959,10956,10958,10953,10954,10960,10955]","[""SUP"",""SUP"",""SUP"",""SUP"",""SUP"",""SUP"",""SUP"",""SUP""]","[""76_48_0013"",""76_48_0015"",""76_48_0012"",""76_48_0014"",""76_48_0009"",""76_48_0010"",""76_48_0016"",""76_48_0011""]","[""bassin du Chassezac"",""bassin des Gardons"",""cours d'eau Allier axe"",""bassin de la Cèze"",""bassin de l'Allier (source)"",""bassin de l'Allier amont"",""bassin de l'Hérault"",""bassin de l'Allier moyen""]","[106,108,772,107,769,770,1465,771]"
30114,41-2023-05-10-00002,2023-05-10,2023-06-15,abroge,,41,https://regleau.s3.gra.perf.cloud.ovh.net//arrete-cadre/30114/apcsndeg41-2023-05-10-00002_vfsigne%20%281%29.pdf,"[8993,8991,8996,8982,8998,8988,9003,9000,8979,9001,8977,8987,8983,8980,8995,8990,9002,8999,8978,8997,8981,8984,8976,8992,8994,8974,8986,8975,8985,8989]","[""SOU"",""SOU"",""SOU"",""SUP"",""SOU"",""SUP"",""SOU"",""SOU"",""SUP"",""SOU"",""SUP"",""SUP"",""SUP"",""SUP"",""SOU"",""SOU"",""SOU"",""SOU"",""SUP"",""SOU"",""SUP"",""SUP"",""SUP"",""SOU"",""SOU"",""SUP"",""SUP"",""SUP"",""SUP"",""SOU""]","[""24_41_0005"",""24_41_0003"",""24_41_0008"",""24_41_0009"",""24_41_0010"",""24_41_0015"",""24_41_0015"",""24_41_0012"",""24_41_0006"",""24_41_0013"",""24_41_0004"",""24_41_0014"",""24_41_0010"",""24_41_0007"",""24_41_0007"",""24_41_0002"",""24_41_0014"",""24_41_0011"",""24_41_0005"",""24_41_0009"",""24_41_0008"",""24_41_0011"",""24_41_0003"",""24_41_0004"",""24_41_0006"",""24_41_0001"",""24_41_0013"",""24_41_0002"",""24_41_0012"",""24_41_0001""]","[""Bassin de la Brenne"",""Bassin  de l'Aigre"",""Bassin du Cosson"",""Bassin du Fouzon"",""Bassin de La Braye"",""Bassin de la Sauldre"",""Bassin de la Sauldre"",""Bassin du Loir aval"",""Bassin du Cher"",""Bassin de la Masse"",""Bassin du Beuvron"",""Bassin des Mauves"",""Bassin de La Braye"",""Bassin de la Cisse"",""Bassin de la Cisse"",""Aflluents Loire aval"",""Bassin des Mauves"",""Bassin du Loir amont"",""Bassin de la Brenne"",""Bassin du Fouzon"",""Bassin du Cosson"",""Bassin du Loir amont"",""Bassin  de l'Aigre"",""Bassin du Beuvron"",""Bassin du Cher"",""Affluents Loire amont"",""Bassin de la Masse"",""Aflluents Loire aval"",""Bassin du Loir aval"",""Affluents Loire amont""]","[363,361,636,619,639,358,369,676,595,1251,593,633,620,596,635,360,696,640,594,638,597,621,592,362,634,590,1250,591,622,359]"
30198,41-2023-05-10-00002_V2,2023-05-10,2024-05-28,abroge,,41,https://regleau.s3.gra.perf.cloud.ovh.net//arrete-cadre/30198/apcsndeg41-2023-05-10-00002_vfsigne%20%282%29.pdf,"[9001,8975,8999,8993,8987,8974,8986,8982,8981,8989,8992,8978,8983,9000,8995,8997,8994,8977,8998,8985,9002,8980,8990,8991,8979,8988,8996,9003,8984,8976]","[""SOU"",""SUP"",""SOU"",""SOU"",""SUP"",""SUP"",""SUP"",""SUP"",""SUP"",""SOU"",""SOU"",""SUP"",""SUP"",""SOU"",""SOU"",""SOU"",""SOU"",""SUP"",""SOU"",""SUP"",""SOU"",""SUP"",""SOU"",""SOU"",""SUP"",""SUP"",""SOU"",""SOU"",""SUP"",""SUP""]","[""24_41_0013"",""24_41_0002"",""24_41_0011"",""24_41_0005"",""24_41_0014"",""24_41_0001"",""24_41_0013"",""24_41_0009"",""24_41_0008"",""24_41_0001"",""24_41_0004"",""24_41_0005"",""24_41_0010"",""24_41_0012"",""24_41_0007"",""24_41_0009"",""24_41_0006"",""24_41_0004"",""24_41_0010"",""24_41_0012"",""24_41_0014"",""24_41_0007"",""24_41_0002"",""24_41_0003"",""24_41_0006"",""24_41_0015"",""24_41_0008"",""24_41_0015"",""24_41_0011"",""24_41_0003""]","[""Bassin de la Masse"",""Aflluents Loire aval"",""Bassin du Loir amont"",""Bassin de la Brenne"",""Bassin des Mauves"",""Affluents Loire amont"",""Bassin de la Masse"",""Bassin du Fouzon"",""Bassin du Cosson"",""Affluents Loire amont"",""Bassin du Beuvron"",""Bassin de la Brenne"",""Bassin de La Braye"",""Bassin du Loir aval"",""Bassin de la Cisse"",""Bassin du Fouzon"",""Bassin du Cher"",""Bassin du Beuvron"",""Bassin de La Braye"",""Bassin du Loir aval"",""Bassin des Mauves"",""Bassin de la Cisse"",""Aflluents Loire aval"",""Bassin  de l'Aigre"",""Bassin du Cher"",""Bassin de la Sauldre"",""Bassin du Cosson"",""Bassin de la Sauldre"",""Bassin du Loir amont"",""Bassin  de l'Aigre""]","[1251,591,640,363,633,590,1250,619,597,359,362,594,620,676,635,638,634,593,639,622,696,596,360,361,595,358,636,369,621,592]"
30131,AP-ACIS-MP-2023,2023-05-22,2024-06-25,abroge,85,"[""79"",""86"",""17"",""85""]",https://regleau.s3.gra.perf.cloud.ovh.net/arrete-cadre/30131/ARRETE_InterDepartemental_22_05_23.pdf,"[9412,9413,10134,9415,10132,10590,10578,10584,9410,10036,10032,9411,10585,10576,9438,9434,9433,10125,10587,10580,9435,9414,9437,10575,10588,10579,10582,9432,10033,9436,10025,10577,8766,9409,10034,10586,8738]","[""SUP"",""SUP"",""SOU"",""SUP"",""SOU"",""SOU"",""SUP"",""SOU"",""SUP"",""SUP"",""SUP"",""SUP"",""SOU"",""SUP"",""SOU"",""SOU"",""SOU"",""SOU"",""SOU"",""SUP"",""SOU"",""SUP"",""SOU"",""SUP"",""SOU"",""SUP"",""SUP"",""SOU"",""SUP"",""SOU"",""SUP"",""SUP"",""SUP"",""SUP"",""SUP"",""SOU"",""SOU""]","[""75_79_MP5-3"",""75_79_MP7"",""75_17_3"",""75_79_MP9"",""75_17_17"",""52_85_0007"",""52_85_000010"",""52_85_0001"",""75_79_MP2"",""75_17_3"",""75_17_16"",""75_79_MP3"",""52_85_0002"",""52_85_000008"",""75_79_MP9"",""75_79_MP3"",""75_79_MP2"",""75_17_1"",""52_85_0004"",""52_85_000012"",""75_79_MP5-3"",""75_79_MP8"",""75_79_MP8"",""52_85_000007"",""52_85_0005"",""52_85_000011"",""52_85_000014"",""75_79_MP1"",""75_17_17"",""75_79_MP7"",""75_17_1"",""52_85_000009"",""75_86_0015"",""75_79_MP1"",""75_17_18"",""52_85_0003"",""75_86_0015""]","[""Marais Mouillé Sèvre Niortaise - eaux superficielles"",""Mignon Courance - eaux superficielles"",""Bassin Le Mignon"",""Vendée - eaux superficielles"",""Marais Sèvre Niortaise"",""Nappe des Autises"",""Vendée superficiel"",""Nappe de la Vendée Est"",""Sèvre Niortaise Moyenne - eaux superficielles"",""Bassin Le Mignon"",""Marais Nord Aunis"",""Lambon - eaux superficielles"",""Nappe de la Vendée Ouest"",""Marais Lay"",""Vendée - eaux souterraines"",""Lambon - eaux souterraines"",""Sèvre Niortaise Moyenne - eaux souterraines"",""Bassin du Curé - Sèvre Niortaise"",""Nappe du Lay Ouest"",""Autize superficiel"",""Marais Mouillé Sèvre Niortaise - eaux souterraines"",""Autize - eaux superficielles"",""Autize - eaux souterraines"",""Lay"",""Nappe du Lay Est"",""Marais Vendée"",""Marais Sèvre Niortaise"",""Sèvre Niortaise Amont - eaux souterraines"",""Marais Sèvre Niortaise"",""Mignon Courance - eaux souterraines"",""Bassin du Curé - Sèvre Niortaise"",""Lay réalimenté"",""Bassin de la Sèvre Niortaise - secteur amont MP1"",""Sèvre Niortaise Amont - eaux superficielles"",""Marais Vendée"",""Nappe de la Vendée Centre"",""Bassin de la Sèvre Niortaise - secteur amont MP1""]","[524,1255,null,1257,null,475,450,469,521,null,null,1254,470,448,1270,1266,538,null,472,462,1267,1256,1269,447,473,461,464,537,null,1268,null,449,566,520,null,471,203]"
30262,Hérault_DDTM34-2023-05-13902,2023-05-24,2024-04-29,abroge,,34,https://regleau.s3.gra.perf.cloud.ovh.net//arrete-cadre/30262/ACD2023_24_Mai_2023_AvecAnnexes.pdf,"[12088,12073,12084,12091,12075,12087,12077,12080,12082,12078,12079,12086,12089,12090,12083,12074,12076,12081,12085]","[""SUP"",""SUP"",""SUP"",""SOU"",""SUP"",""SUP"",""SUP"",""SUP"",""SUP"",""SUP"",""SUP"",""SUP"",""SUP"",""SOU"",""SUP"",""SUP"",""SUP"",""SUP"",""SUP""]","[""76_34_0018"",""76_34_0001"",""76_34_0012"",""76_34_0017"",""76_34_0003"",""76_34_0016"",""76_34_0005"",""76_34_0008"",""76_34_0010"",""76_34_0006"",""76_34_0007"",""76_34_0015"",""76_34_0019"",""76_34_0014"",""76_34_0011"",""76_34_0002"",""76_34_0004"",""76_34_0009"",""76_34_0013""]","[""Canal du Midi"",""Bassin versant du Vidourle"",""Bassin versant de l'Agout"",""Molasses miocènes du bassin de Castries"",""Bassin versant du Lez et de la Mosson hors axe Lez soutenu"",""Bassin versant de la Cesse"",""Bassin versant de l'Hérault amont de la confluence avec la Vis jusqu?à la confluence avec la Lergue"",""Bassin versant de l'Orb de la Source jusqu?à l?amont de la confluence avec le Jaur hors axe Orb soutenu"",""Bassin versant du Jaur"",""Bassin versant de la Lergue"",""Bassin versant de l?Hérault aval de la confluence avec la Lergue jusqu?à l?embouchure"",""Bassin versant de l?Argent double et de l?Ognon"",""Bassin versant du Thoré amont"",""Nappe des sables de l'Astien"",""Bassin versant de l'Orb à l?aval de la confluence avec le Jaur jusqu?à l?embouchure hors axe Orb soutenu"",""Bassin versant de la lagune de l'étang de l'Or"",""Axe Lez soutenu, de sa source à son embouchure"",""Axe Orb soutenu à l'aval du barrage des Monts d'Orb"",""Bassin versant de l?Aude aval ? Berre et Rieu""]","[1894,1880,1103,1871,1882,1893,1884,1887,1889,1885,1886,1892,1104,1895,1890,1881,1883,1888,1891]"
30103,30-2023-05-24-00001,2023-05-24,2023-06-13,abroge,,30,https://regleau.s3.gra.perf.cloud.ovh.net//arrete-cadre/30103/AP_20230524_arrete_cadre.pdf,"[11468,11469,11464,11462,11465,11458,11461,11467,11453,11452,11457,11460,11472,11459,11451,11470,11463,11456,11471,11466,11454,11455]","[""SOU"",""SOU"",""SOU"",""SOU"",""SOU"",""SUP"",""SUP"",""SOU"",""SUP"",""SUP"",""SUP"",""SUP"",""SOU"",""SUP"",""SUP"",""SOU"",""SOU"",""SUP"",""SOU"",""SOU"",""SUP"",""SUP""]","[""76_30_00006"",""76_30_00007"",""76_30_00002"",""76_30_00001"",""76_30_00003"",""76_30_00007"",""76_30_00009"",""76_30_00005"",""76_30_00002"",""76_30_000010"",""76_30_00006"",""76_30_00008b"",""76_30_00009"",""76_30_00008a"",""76_30_00001"",""76_30_00008a"",""76_30_000010"",""76_30_00005"",""76_30_00008b"",""76_30_00004"",""76_30_00003"",""76_30_00004""]","[""Cèze aval (de sa confluence avec la Claysse jusqu'au Rhône) (sout)"",""Vidourle (sout)"",""Dourbie et Trevezel (sout)"",""Ardeche gardoise (sout)"",""Gardon amont (de ses sources à la prise d'eau du canal de boucoiran au niveau du pont de la RN 106) (sout)"",""Vidourle"",""Rhône et camargue gardoise"",""Cèze amont (de source à la confluence Tave jusqu'à la confluence avec la Claysse, ruisseau de la Clays) (sout)"",""Dourbie et Trevezel"",""Vistre"",""Cèze aval (de sa confluence avec la Claysse jusqu'au Rhône)"",""Arre et Vis"",""Rhône et camargue gardoise (sout)"",""Herault"",""Ardeche gardoise"",""Herault (sout)"",""Vistre (sout)"",""Cèze amont (de source à la confluence Tave jusqu'à la confluence avec la Claysse, ruisseau de la Clays)"",""Arre et Vis (sout)"",""Gardon aval (prise d'eau canal d'irrigation de Boucoiran pont de la RN 106 jusqu'au Pont de Montfrin) (sout)"",""Gardon amont (de ses sources à la prise d'eau du canal de boucoiran au niveau du pont de la RN 106)"",""Gardon aval (prise d'eau canal d'irrigation de Boucoiran pont de la RN 106 jusqu'au Pont de Montfrin)""]","[87,88,1514,717,719,713,716,721,1513,564,712,715,91,714,563,89,718,86,90,720,565,85]"
30127,2023-DDTM85-390,2023-05-24,2026-06-23,abroge,,85,https://regleau.s3.gra.perf.cloud.ovh.net//arrete-cadre/30127/ACS_85_23_DDTM85_390_avecAnnexes.pdf,"[10571,10581,10583,10574,10572,10573,10591]","[""SUP"",""SUP"",""SUP"",""SUP"",""SUP"",""SUP"",""SOU""]","[""52_85_000003"",""52_85_000013"",""52_85_000015"",""52_85_000006"",""52_85_000004"",""52_85_000005"",""52_85_0008""]","[""Logne, Boulogne, Ognon et Grand Lieu"",""Marais Breton réalimenté"",""Yeu"",""Côtiers Vendéens"",""Côtiers Breton"",""Vie et Jaunay"",""Nappe de Socle""]","[443,463,468,446,444,445,476]"
30158,30-2023-05-24-00001v2,2023-05-24,null,publie,,30,https://regleau.s3.gra.perf.cloud.ovh.net//arrete-cadre/30158/AP_20230524_arrete_cadre.pdf,"[11451,11470,11454,11459,11467,11458,11453,11460,11469,11452,11457,11468,11462,11472,11471,11464,11466,11456,11461,11455,11465,11463]","[""SUP"",""SOU"",""SUP"",""SUP"",""SOU"",""SUP"",""SUP"",""SUP"",""SOU"",""SUP"",""SUP"",""SOU"",""SOU"",""SOU"",""SOU"",""SOU"",""SOU"",""SUP"",""SUP"",""SUP"",""SOU"",""SOU""]","[""76_30_00001"",""76_30_00008a"",""76_30_00003"",""76_30_00008a"",""76_30_00005"",""76_30_00007"",""76_30_00002"",""76_30_00008b"",""76_30_00007"",""76_30_000010"",""76_30_00006"",""76_30_00006"",""76_30_00001"",""76_30_00009"",""76_30_00008b"",""76_30_00002"",""76_30_00004"",""76_30_00005"",""76_30_00009"",""76_30_00004"",""76_30_00003"",""76_30_000010""]","[""Ardeche gardoise"",""Herault (sout)"",""Gardon amont (de ses sources à la prise d'eau du canal de boucoiran au niveau du pont de la RN 106)"",""Herault"",""Cèze amont (de source à la confluence Tave jusqu'à la confluence avec la Claysse, ruisseau de la Clays) (sout)"",""Vidourle"",""Dourbie et Trevezel"",""Arre et Vis"",""Vidourle (sout)"",""Vistre"",""Cèze aval (de sa confluence avec la Claysse jusqu'au Rhône)"",""Cèze aval (de sa confluence avec la Claysse jusqu'au Rhône) (sout)"",""Ardeche gardoise (sout)"",""Rhône et camargue gardoise (sout)"",""Arre et Vis (sout)"",""Dourbie et Trevezel (sout)"",""Gardon aval (prise d'eau canal d'irrigation de Boucoiran pont de la RN 106 jusqu'au Pont de Montfrin) (sout)"",""Cèze amont (de source à la confluence Tave jusqu'à la confluence avec la Claysse, ruisseau de la Clays)"",""Rhône et camargue gardoise"",""Gardon aval (prise d'eau canal d'irrigation de Boucoiran pont de la RN 106 jusqu'au Pont de Montfrin)"",""Gardon amont (de ses sources à la prise d'eau du canal de boucoiran au niveau du pont de la RN 106) (sout)"",""Vistre (sout)""]","[563,89,565,714,721,713,1513,715,88,564,712,87,717,91,90,1514,720,86,716,85,719,718]"
30382,Copie de AP-ACIS-MP-2023,2023-05-25,2023-10-31,abroge,,"[""17"",""86"",""85"",""79""]",https://regleau.s3.gra.perf.cloud.ovh.net/arrete-cadre/30382/ARRETE_InterDepartemental_22_05_23.pdf,"[10580,9415,8766,9414,12310,10590,9438,10576,10577,10586,9433,9413,9432,9437,12319,10584,12321,10575,9436,9412,9434,9435,9410,10588,9411,10585,10582,10578,12317,12339,12318,10579,12337,9409,8738,10587,12330]","[""SUP"",""SUP"",""SUP"",""SUP"",""SUP"",""SOU"",""SOU"",""SUP"",""SUP"",""SOU"",""SOU"",""SUP"",""SOU"",""SOU"",""SUP"",""SOU"",""SUP"",""SUP"",""SOU"",""SUP"",""SOU"",""SOU"",""SUP"",""SOU"",""SUP"",""SOU"",""SUP"",""SUP"",""SUP"",""SOU"",""SUP"",""SUP"",""SOU"",""SUP"",""SOU"",""SOU"",""SOU""]","[""52_85_000012"",""75_79_MP9"",""75_86_0015"",""75_79_MP8"",""75_17_1"",""52_85_0007"",""75_79_MP9"",""52_85_000008"",""52_85_000009"",""52_85_0003"",""75_79_MP2"",""75_79_MP7"",""75_79_MP1"",""75_79_MP8"",""75_17_18"",""52_85_0001"",""75_17_3"",""52_85_000007"",""75_79_MP7"",""75_79_MP5-3"",""75_79_MP3"",""75_79_MP5-3"",""75_79_MP2"",""52_85_0005"",""75_79_MP3"",""52_85_0002"",""52_85_000014"",""52_85_000010"",""75_17_16"",""75_17_3"",""75_17_17"",""52_85_000011"",""75_17_17"",""75_79_MP1"",""75_86_0015"",""52_85_0004"",""75_17_1""]","[""Autize superficiel"",""Vendée - eaux superficielles"",""Bassin de la Sèvre Niortaise - secteur amont MP1"",""Autize - eaux superficielles"",""Bassin du Curé - Sèvre Niortaise"",""Nappe des Autises"",""Vendée - eaux souterraines"",""Marais Lay"",""Lay réalimenté"",""Nappe de la Vendée Centre"",""Sèvre Niortaise Moyenne - eaux souterraines"",""Mignon Courance - eaux superficielles"",""Sèvre Niortaise Amont - eaux souterraines"",""Autize - eaux souterraines"",""Marais Vendée"",""Nappe de la Vendée Est"",""Bassin Le Mignon"",""Lay"",""Mignon Courance - eaux souterraines"",""Marais Mouillé Sèvre Niortaise - eaux superficielles"",""Lambon - eaux souterraines"",""Marais Mouillé Sèvre Niortaise - eaux souterraines"",""Sèvre Niortaise Moyenne - eaux superficielles"",""Nappe du Lay Est"",""Lambon - eaux superficielles"",""Nappe de la Vendée Ouest"",""Marais Sèvre Niortaise"",""Vendée superficiel"",""Marais Nord Aunis"",""Bassin Le Mignon"",""Marais Sèvre Niortaise"",""Marais Vendée"",""Marais Sèvre Niortaise"",""Sèvre Niortaise Amont - eaux superficielles"",""Bassin de la Sèvre Niortaise - secteur amont MP1"",""Nappe du Lay Ouest"",""Bassin du Curé - Sèvre Niortaise""]","[462,1257,566,1256,1176,475,1270,448,449,471,538,1255,537,1269,1338,469,1339,447,1268,524,1266,1267,521,473,1254,470,464,450,1179,1187,1337,461,1186,520,203,472,1181]"
30120,58-2023-05-30-00001,2023-05-30,2023-05-30,abroge,,58,https://regleau.s3.gra.perf.cloud.ovh.net//arrete-cadre/30120/APcadresecheresse30mai2023.pdf,"[6076,6080,6073,6075,6082,6079,6070,6081,6072,6083,6077,6084,6069,6078,6071,6074]","[""SUP"",""SUP"",""SUP"",""SUP"",""SUP"",""SUP"",""SUP"",""SUP"",""SUP"",""SUP"",""SUP"",""SUP"",""SUP"",""SUP"",""SUP"",""SUP""]","[""26_58_063"",""26_58_145"",""26_58_037"",""26_58_059"",""26_58_238"",""26_58_131"",""26_58_013"",""26_58_225"",""26_58_015"",""26_58_260"",""26_58_065"",""26_58_291"",""26_58_012"",""26_58_109"",""26_58_014"",""26_58_058""]","[""bassin de l'YONNE amont"",""bassin de l'YONNE aval"",""bassin du CHALAUX_CURE"",""bassin de la  LOIRE aval"",""bassin de la LOIRE amont"",""bassin de la NIEVRE"",""bassin de l'ALENE_CRESSONNE"",""bassin de l'ALLIER"",""bassin du BEUVRON"",""bassin de l'ACOLIN_COLATRE"",""bassin de l'ARON vallée"",""bassin del' IXEURE_CANNE"",""bassin de la VRILLE"",""bassin du NOHAIN_MAZOU"",""bassin de la DRAGNE"",""bassin du SAUZAY""]","[189,190,187,1120,1140,1136,1116,1137,186,185,1121,1148,1115,1124,1119,188]"
30243,V5-BLV-38-2022-05-30-00018 et 26-2022-05-20-00002,2023-05-30,2023-07-12,abroge,,"[""26"",""38""]",https://regleau.s3.gra.perf.cloud.ovh.net//arrete-cadre/30243/AP%20Cadre%20BLV.pdf,"[10434,11535,11547,10461]","[""SUP"",""SUP"",""SOU"",""SOU""]","[""84_26_0001"",""84_38_0003"",""84_38_0015"",""84_26_0012""]","[""Valloire"",""Bièvre-Liers-Valloire"",""Nappes de Bièvre-Liers-Valloire"",""Valloire""]","[893,null,null,1870]"
30570,58-2023-05-30-00001,2023-05-31,2026-07-16,abroge,,58,https://regleau.s3.gra.perf.cloud.ovh.net/arrete-cadre/30570/APcadresecheresse30mai2023.pdf,"[15124,15133,15135,15130,15129,15126,15131,15136,15128,15138,15127,15125,15132,15139,15134,15137]","[""SUP"",""SUP"",""SUP"",""SUP"",""SUP"",""SUP"",""SUP"",""SUP"",""SUP"",""SUP"",""SUP"",""SUP"",""SUP"",""SUP"",""SUP"",""SUP""]","[""26_58_013"",""26_58_012"",""26_58_037"",""26_58_291"",""26_58_260"",""26_58_238"",""26_58_225"",""26_58_015"",""26_58_014"",""26_58_145"",""26_58_131"",""26_58_109"",""26_58_065"",""26_58_063"",""26_58_059"",""26_58_058""]","[""ALENE - CRESSONNE"",""VRILLE"",""CHALAUX - CURE"",""IXEURE - CANNE"",""ACOLIN - COLATRE"",""LOIRE amont"",""ALLIER"",""BEUVRON"",""DRAGNE"",""YONNE aval"",""NIEVRE"",""NOHAIN - MAZOU"",""ARON vallée"",""YONNE amont"",""LOIRE aval"",""SAUZAY""]","[2377,2386,2388,2383,2382,2378,2384,2389,2381,2391,2380,2379,2385,2392,2387,2390]"
30208,DEPARTEMENTAL 47-2021-05-20-00004,2023-06-01,2023-07-25,abroge,,47,https://regleau.s3.gra.perf.cloud.ovh.net//arrete-cadre/30208/AP_cadre-dept_2021-VF.pdf,"[11595,11570,11603,11582,11581,11600,4552,11587,11571,11610,11591,11576,11608,11607,11579,11583,11574,11575,11588,11597,11563,11598,11592,11602,11593,11578,11580,11577,11612,11573,11586,11585,11594,11613,11590,11606,11596,11566,11599,11564,11611,11568,11584,11572,11589,11565,11601,11604,11569,11605,11567,11609]","[""SUP"",""SUP"",""SUP"",""SUP"",""SUP"",""SUP"",""SOU"",""SUP"",""SUP"",""SUP"",""SUP"",""SUP"",""SUP"",""SUP"",""SUP"",""SUP"",""SUP"",""SUP"",""SUP"",""SUP"",""SUP"",""SUP"",""SUP"",""SUP"",""SUP"",""SUP"",""SUP"",""SUP"",""SUP"",""SUP"",""SUP"",""SUP"",""SUP"",""SUP"",""SUP"",""SUP"",""SUP"",""SUP"",""SUP"",""SUP"",""SUP"",""SUP"",""SUP"",""SUP"",""SUP"",""SUP"",""SUP"",""SUP"",""SUP"",""SUP"",""SUP"",""SUP""]","[""72_47_39"",""72_47_16"",""72_47_46"",""72_47_27"",""72_47_26"",""72_47_43"",""72_47_01"",""72_47_31"",""72_47_17"",""72_47_6"",""72_47_35"",""72_47_21"",""72_47_50"",""72_47_5"",""72_47_24"",""72_47_28"",""72_47_2"",""72_47_20"",""72_47_32"",""72_47_40"",""72_47_1"",""72_47_41"",""72_47_36"",""72_47_45"",""72_47_37"",""72_47_23"",""72_47_25"",""72_47_22"",""72_47_8"",""72_47_19"",""72_47_30"",""72_47_3"",""72_47_38"",""72_47_9"",""72_47_34"",""72_47_49"",""72_47_4"",""72_47_12"",""72_47_42"",""72_47_10"",""72_47_7"",""72_47_14"",""72_47_29"",""72_47_18"",""72_47_33"",""72_47_11"",""72_47_44"",""72_47_47"",""72_47_15"",""72_47_48"",""72_47_13"",""72_47_51""]","[""62_ZA47_Le Bourbon réalimenté"",""ZA47_LE CANAL"",""62_ZA47_bassin versant de la Masse de Prayssas"",""80_ZA47_bassin versant de la Lède"",""70_ZA47_bassin versant du Tolzac"",""ZA47_Bassin versant du Bournègue"",""zone non couverte par l'arrêté cadre"",""96_ZA47_bassin versant de la Baise"",""88_ZA47_Le Boudouyssou réalimenté"",""96_ZA47_L'Osse réalimenté"",""62_ZA47_bassin versant de l'Ourbise"",""61_ZA47_LA GARONNE 47 aval"",""60 ZA47 La Dourdène réalimentée"",""61_ZA47_bassin versant du Ciron"",""94_ZA47_L'Auvignon réalimenté"",""82_ZA47_bassin versant de la Thèze"",""88_ZA47_bassin versant du Boudouyssou-Tancanne"",""81_ZA47_La Lémance réalimentée"",""97_ZA47_bassin versant de la Gélise"",""95_ZA47_bassin versant de l'Auroue"",""60_ZA47_Le Dropt amont réalimenté"",""61_ZA47_bassin versant de la Gupie"",""62_ZA47_bassin versant de la Garonne amont"",""93_ZA47_bassin versant du Lot aval"",""61_ZA47_bassin versant de la Garonne aval"",""67_ZA47_La Séoune réalimenté"",""62_ZA47_La Masse de Prayssas réalimentée"",""61_ZA47 axe principal Avance"",""62_ZA47_La Masse d'Agen réalimentée"",""60_ZA47_Le Dropt aval réalimenté"",""61_ZA47_bassin versant du Lisos"",""81_ZA47_bassin versant de la Lémance"",""61_ZA47_bassin versant de l'Avance"",""93_ZA47_Le Salabert réalimenté"",""62_ZA47_bassin versant du Tareyre"",""96_ZA47_bassin versant du Gers"",""67_ZA47_bassin versant de la Séoune"",""62_ZA47_LA GARONNE 47 amont"",""97_ZA47_bassin versant de l'Auzoue"",""70_ZA47_Le Tolzac réalimenté"",""96_ZA47_Le Gers réalimenté"",""93_ZA47_La Masse de Pujols réalimentée"",""62_ZA47_bassin versant du Bourbon"",""93_ZA47_LE LOT"",""214_ZA47_Seignal"",""97_ZA47_l'Auzoue réalimenté"",""62_ZA47_bassin versant de la Masse d'Agen"",""96_ZA47_bassin versant de l'Osse"",""96_ZA47_LA BAÏSE"",""60_ZA47_Bassin versant du Dropt"",""80_ZA47_LA LEDE AVAL réalimentée"",""94_ZA47_bassin versant des Auvignons""]","[1564,1543,898,1555,1554,1567,1353,887,1544,1573,1562,1549,1571,1570,1552,1556,1547,1548,888,1435,1535,1566,891,897,892,1551,1553,1550,1575,1546,886,885,1563,1576,1560,1569,1565,882,895,1536,1574,1541,884,1545,889,1537,896,899,1542,1568,1539,1572]"
30125,ACI-59-62-Mai-2023,2023-06-01,2023-07-10,abroge,,"[""59"",""62""]",https://regleau.s3.gra.perf.cloud.ovh.net//arrete-cadre/30125/2023-05-31_ACI-s%C3%A9cheresse-sign%C3%A9-avec-annexes.pdf,"[11978,11987,11976,11983,11964,11969,11990,11992,11974,11988,11985,11980,11975,11963,11989,11977,11984,11966,11967,11972,11973,11991,11979,11965,11986,11971,11982,11970,11968,11981]","[""SOU"",""SOU"",""SOU"",""SUP"",""SUP"",""SUP"",""SOU"",""SOU"",""SOU"",""SOU"",""SUP"",""SUP"",""SOU"",""SUP"",""SOU"",""SOU"",""SUP"",""SUP"",""SUP"",""SOU"",""SOU"",""SOU"",""SUP"",""SUP"",""SOU"",""SOU"",""SUP"",""SUP"",""SUP"",""SUP""]","[""32_59_00008"",""32_62_00002"",""32_59_00006"",""32_62_00005"",""32_59_00002"",""32_59_00007"",""32_62_00005"",""32_62_00007"",""32_59_00004"",""32_62_00003"",""32_62_00007"",""32_62_00002"",""32_59_00005"",""32_59_00001"",""32_62_00004"",""32_59_00007"",""32_62_00006"",""32_59_00004"",""32_59_00005"",""32_59_00002"",""32_59_00003"",""32_62_00006"",""32_62_00001"",""32_59_00003"",""32_62_00001"",""32_59_00001"",""32_62_00004"",""32_59_00008"",""32_59_00006"",""32_62_00003""]","[""Bassins versants de la Scarpe amont et de la Sensée"",""Bassin versant de la Canche"",""Bassins versants de l''Audomarois et du Delta de l''Aa"",""Bassins versants de l’Audomarois et du delta de l''Aa"",""Bassin versant de l''Yser"",""Bassins versants de la Marque et de la Deûle"",""Bassins versants de l’Audomarois et du delta de l''Aa"",""Bassins versants de la Scarpe amont et de la Sensée"",""Bassin versant de la Sambre"",""Bassin versant de la Lys"",""Bassins versants de la Scarpe amont et de la Sensée"",""Bassin versant de la Canche"",""Bassin versant de la Scarpe aval"",""Bassin versant de l''Escaut"",""Bassins versants des fleuves côtiers du Boulonnais"",""Bassins versants de la Marque et de la Deûle"",""Bassins versants de la Marque et de la Deûle"",""Bassin versant de la Sambre"",""Bassin versant de la Scarpe aval"",""Bassin versant de l''Yser"",""Bassin versant de la Lys"",""Bassins versants de la Marque et de la Deûle"",""Bassin versant de l’Authie"",""Bassin versant de la Lys"",""Bassin versant de l’Authie"",""Bassin versant de l''Escaut"",""Bassins versants des fleuves côtiers du Boulonnais"",""Bassins versants de la Scarpe amont et de la Sensée"",""Bassins versants de l''Audomarois et du Delta de l''Aa"",""Bassin versant de la Lys""]","[29,1078,27,1074,1064,1072,1081,1083,25,1079,1076,31,26,1063,1080,28,1075,1069,1070,23,24,1082,30,1065,1077,22,1073,21,1071,32]"
30295,Vigilance-ACI-59-62-Mai-2023,2023-06-01,2025-12-09,abroge,59,"[""62"",""59""]",https://regleau.s3.gra.perf.cloud.ovh.net/ArretesCadres/2023-05-31_ACI-sécheresse-signé-avec-annexes.pdf,"[11981,11965,11977,11964,11987,11978,11968,11986,11988,11983,11991,11982,11973,11967,11963,11989,11990,11970,11980,11976,11984,11971,11969,11966,11974,11979,11992,11972,11975,11985]","[""SUP"",""SUP"",""SOU"",""SUP"",""SOU"",""SOU"",""SUP"",""SOU"",""SOU"",""SUP"",""SOU"",""SUP"",""SOU"",""SUP"",""SUP"",""SOU"",""SOU"",""SUP"",""SUP"",""SOU"",""SUP"",""SOU"",""SUP"",""SUP"",""SOU"",""SUP"",""SOU"",""SOU"",""SOU"",""SUP""]","[""32_62_00003"",""32_59_00003"",""32_59_00007"",""32_59_00002"",""32_62_00002"",""32_59_00008"",""32_59_00006"",""32_62_00001"",""32_62_00003"",""32_62_00005"",""32_62_00006"",""32_62_00004"",""32_59_00003"",""32_59_00005"",""32_59_00001"",""32_62_00004"",""32_62_00005"",""32_59_00008"",""32_62_00002"",""32_59_00006"",""32_62_00006"",""32_59_00001"",""32_59_00007"",""32_59_00004"",""32_59_00004"",""32_62_00001"",""32_62_00007"",""32_59_00002"",""32_59_00005"",""32_62_00007""]","[""Bassin versant de la Lys"",""Bassin versant de la Lys"",""Bassins versants de la Marque et de la Deûle"",""Bassin versant de l''Yser"",""Bassin versant de la Canche"",""Bassins versants de la Scarpe amont et de la Sensée"",""Bassins versants de l''Audomarois et du Delta de l''Aa"",""Bassin versant de l’Authie"",""Bassin versant de la Lys"",""Bassins versants de l’Audomarois et du delta de l''Aa"",""Bassins versants de la Marque et de la Deûle"",""Bassins versants des fleuves côtiers du Boulonnais"",""Bassin versant de la Lys"",""Bassin versant de la Scarpe aval"",""Bassin versant de l''Escaut"",""Bassins versants des fleuves côtiers du Boulonnais"",""Bassins versants de l’Audomarois et du delta de l''Aa"",""Bassins versants de la Scarpe amont et de la Sensée"",""Bassin versant de la Canche"",""Bassins versants de l''Audomarois et du Delta de l''Aa"",""Bassins versants de la Marque et de la Deûle"",""Bassin versant de l''Escaut"",""Bassins versants de la Marque et de la Deûle"",""Bassin versant de la Sambre"",""Bassin versant de la Sambre"",""Bassin versant de l’Authie"",""Bassins versants de la Scarpe amont et de la Sensée"",""Bassin versant de l''Yser"",""Bassin versant de la Scarpe aval"",""Bassins versants de la Scarpe amont et de la Sensée""]","[32,1065,28,1064,1078,29,1071,1077,1079,1074,1082,1073,24,1070,1063,1080,1081,21,31,27,1075,22,1072,1069,25,30,1083,23,26,1076]"
30123,DDTM34-2023-05-13902,2023-06-01,2023-07-12,abroge,,34,https://regleau.s3.gra.perf.cloud.ovh.net//arrete-cadre/30123/ACD2023_24_Mai_2023_AvecAnnexes.pdf,"[10502,10508,10518,10507,10511,10513,10504,10510,10505,10517,10503,10500,10506,10512,10501,10509,10515,10516,10514]","[""SUP"",""SUP"",""SOU"",""SUP"",""SUP"",""SUP"",""SUP"",""SUP"",""SUP"",""SOU"",""SUP"",""SUP"",""SUP"",""SUP"",""SUP"",""SUP"",""SUP"",""SUP"",""SUP""]","[""76_34_0003"",""76_34_0009"",""76_34_0002"",""76_34_0008"",""76_34_0012"",""76_34_0014"",""76_34_0005"",""76_34_0011"",""76_34_0006"",""76_34_0001"",""76_34_0004"",""76_34_0001"",""76_34_0007"",""76_34_0013"",""76_34_0002"",""76_34_0010"",""76_34_0016"",""76_34_0017"",""76_34_0015""]","[""Bassin versant du Lez et de la Mosson hors axe Lez soutenu"",""Axe Orb soutenu à l'aval du barrage des Monts d'Orb"",""Molasses miocènes du bassin de Castries"",""Bassin versant de l'Orb de la Source jusqu’à l’amont de la confluence avec le Jaur hors axe Orb soutenu"",""Bassin versant de l'Agout"",""Bassin versant de l’Argent double et de l’Ognon"",""Bassin versant de l'Hérault amont de la confluence avec la Vis jusqu’à la confluence avec la Lergue"",""Bassin versant de l'Orb à l’aval de la confluence avec le Jaur jusqu’à l’embouchure hors axe Orb soutenu"",""Bassin versant de la Lergue"",""Nappe des sables de l'Astien"",""Axe Lez soutenu, de sa source à son embouchure"",""Bassin versant du Vidourle"",""Bassin versant de l’Hérault aval de la confluence avec la Lergue jusqu’à l’embouchure"",""Bassin versant de l’Aude aval – Berre et Rieu"",""Bassin versant de la lagune de l'étang de l'Or"",""Bassin versant du Jaur"",""Canal du Midi"",""Bassin versant du Thoré amont"",""Bassin versant de la Cesse""]",
30294,VigilanceRenforcée-ACI-59-62-Mai-2023,2023-06-01,2025-12-09,abroge,59,"[""59"",""62""]",https://regleau.s3.gra.perf.cloud.ovh.net/ArretesCadres/2023-05-31_ACI-sécheresse-signé-avec-annexes.pdf,"[11983,11963,11964,11990,11988,11971,11984,11977,11989,11968,11970,11978,11985,11992,11974,11981,11982,11976,11986,11973,11972,11991,11966,11980,11975,11967,11965,11969,11987,11979]","[""SUP"",""SUP"",""SUP"",""SOU"",""SOU"",""SOU"",""SUP"",""SOU"",""SOU"",""SUP"",""SUP"",""SOU"",""SUP"",""SOU"",""SOU"",""SUP"",""SUP"",""SOU"",""SOU"",""SOU"",""SOU"",""SOU"",""SUP"",""SUP"",""SOU"",""SUP"",""SUP"",""SUP"",""SOU"",""SUP""]","[""32_62_00005"",""32_59_00001"",""32_59_00002"",""32_62_00005"",""32_62_00003"",""32_59_00001"",""32_62_00006"",""32_59_00007"",""32_62_00004"",""32_59_00006"",""32_59_00008"",""32_59_00008"",""32_62_00007"",""32_62_00007"",""32_59_00004"",""32_62_00003"",""32_62_00004"",""32_59_00006"",""32_62_00001"",""32_59_00003"",""32_59_00002"",""32_62_00006"",""32_59_00004"",""32_62_00002"",""32_59_00005"",""32_59_00005"",""32_59_00003"",""32_59_00007"",""32_62_00002"",""32_62_00001""]","[""Bassins versants de l’Audomarois et du delta de l''Aa"",""Bassin versant de l''Escaut"",""Bassin versant de l''Yser"",""Bassins versants de l’Audomarois et du delta de l''Aa"",""Bassin versant de la Lys"",""Bassin versant de l''Escaut"",""Bassins versants de la Marque et de la Deûle"",""Bassins versants de la Marque et de la Deûle"",""Bassins versants des fleuves côtiers du Boulonnais"",""Bassins versants de l''Audomarois et du Delta de l''Aa"",""Bassins versants de la Scarpe amont et de la Sensée"",""Bassins versants de la Scarpe amont et de la Sensée"",""Bassins versants de la Scarpe amont et de la Sensée"",""Bassins versants de la Scarpe amont et de la Sensée"",""Bassin versant de la Sambre"",""Bassin versant de la Lys"",""Bassins versants des fleuves côtiers du Boulonnais"",""Bassins versants de l''Audomarois et du Delta de l''Aa"",""Bassin versant de l’Authie"",""Bassin versant de la Lys"",""Bassin versant de l''Yser"",""Bassins versants de la Marque et de la Deûle"",""Bassin versant de la Sambre"",""Bassin versant de la Canche"",""Bassin versant de la Scarpe aval"",""Bassin versant de la Scarpe aval"",""Bassin versant de la Lys"",""Bassins versants de la Marque et de la Deûle"",""Bassin versant de la Canche"",""Bassin versant de l’Authie""]","[1074,1063,1064,1081,1079,22,1075,28,1080,1071,21,29,1076,1083,25,32,1073,27,1077,24,23,1082,1069,31,26,1070,1065,1072,1078,30]"
30126,74_DDT-2022-0710-V3,2023-06-01,2024-05-06,abroge,,74,https://regleau.s3.gra.perf.cloud.ovh.net/arrete-cadre/30126/ARP_cadre_2022_0710_avecAnnexes-bd.pdf,"[8652,8656,8657,8653,8655,8654,8650,8658,8651]","[""SUP"",""SUP"",""SUP"",""SUP"",""SUP"",""SUP"",""SUP"",""SUP"",""SUP""]","[""82_74_0003"",""82_74_0007"",""82_74_0008"",""82_74_0004"",""82_74_0006"",""82_74_0005"",""82_74_0001"",""82_74_0009"",""82_74_0002""]","[""bassin des Usses"",""bassin du l Arve amont"",""bassin du Sud-Ouest Lémanique"",""bassin du Genevois"",""bassin de l Arve médian"",""bassin de l Arve aval"",""bassin du Chéran"",""bassin des Dranses"",""bassin du Fier""]","[329,333,334,330,332,331,327,335,328]"
30211,V2_65-2017-10-05-006 Version 2023,2023-06-01,null,publie,,65,https://regleau.s3.gra.perf.cloud.ovh.net/arrete-cadre/30211/APC_pdc_Adour_HP_2017_consolide_avec_annexes.pdf,"[15915,15917,15918,15927,15930,15933,15929,15916]","[""SUP"",""SUP"",""SUP"",""SUP"",""SUP"",""SUP"",""SUP"",""SUP""]","[""1"",""2"",""4"",""5"",""11"",""12"",""7"",""9""]","[""BV du Gabas"",""BV de l'Adour"",""BV de l'Arros et de l'Estéous"",""BV du Louet à l'amont confluence canal de Sombrun"",""BV du canal d'Alaric"",""BV affluents de l'Echez amont"",""BV des Lees"",""BV de l'Echez""]","[3180,3181,3183,3192,3195,3196,3194,3178]"
30340,ACD_BV_GIROU_2023,2023-06-01,2023-12-31,abroge,,81,https://regleau.s3.gra.perf.cloud.ovh.net//arrete-cadre/30340/230724_AP_ACD_Girou_Consultation.pdf,11785,SUP,76_81_0027,Bassin du Girou,974
30132,ACI Durance Vernon Siagne 2023,2023-06-02,2023-12-31,abroge,13,"[""83"",""06"",""84"",""05"",""04"",""13""]",https://regleau.s3.gra.perf.cloud.ovh.net/ArretesCadres/20230622sec_aci-dvs_ap_signe-2.pdf,"[8312,10454,8329,11948,8924,11952,11953,11945,8313,10060,8960,10453]","[""SUP"",""SUP"",""SUP"",""SUP"",""SUP"",""SUP"",""SUP"",""SUP"",""SUP"",""SOU"",""SUP"",""SUP""]","[""93_04_0017"",""93_06_0010"",""93_13_0002A"",""93_83_4"",""93_05_0005"",""93_83_8"",""93_83_9"",""93_83_10"",""93_04_0018"",""93_84_0005"",""93_84_0005"",""93_06_0009""]","[""Bassin versant du Verdon aval"",""Bassin de la Siagne aval"",""Secteur SG2a : Durance (elargi aux bassins versants ouest et nord Alpilles)"",""Zone Durance"",""Bassin Moyenne Durance Amont partie 05"",""Zone Siagne Amont"",""Zone Siagne Aval"",""Zone Verdon"",""Bassin versant de la Durance"",""Durance nappe d’accompagnement"",""Durance nappe d’accompagnement"",""Bassin de la Siagne amont""]","[null,1863,285,113,380,116,1793,110,null,1852,1778,1862]"
30249,V2_AP_cadre_Beauce loirétaine_202300602,2023-06-02,2025-07-22,abroge,,45,https://regleau.s3.gra.perf.cloud.ovh.net//arrete-cadre/30249/AP_cadre_Secheresse_BeauceLoiretaine_signe.pdf,"[11834,11861,11835,11862,11831,11832,11860,11833,11830,11838,11840,11837,11839,11836]","[""SUP"",""SOU"",""SUP"",""SOU"",""SUP"",""SUP"",""SOU"",""SUP"",""SUP"",""SUP"",""SUP"",""SUP"",""SUP"",""SUP""]","[""24_45_05"",""24_45_32"",""24_45_06"",""24_45_33"",""24_45_02"",""24_45_03"",""24_45_31"",""24_45_04"",""24_45_01"",""24_45_09"",""24_45_11"",""24_45_08"",""24_45_10"",""24_45_07""]","[""Fusain"",""Fusain ESO"",""Juine"",""Montargois"",""Bonnée"",""Conie"",""Beauce Centrale"",""Essonne"",""Bezonde"",""Puiseaux"",""Vernisson"",""Mauves"",""Solin"",""Loire-aval""]","[977,1000,978,1004,986,987,1002,976,975,274,989,730,283,988]"
30138,AP_cadre_Beauce loirétaine_202300602,2023-06-02,2023-06-02,abroge,,45,https://regleau.s3.gra.perf.cloud.ovh.net//arrete-cadre/30138/AP_cadre_Secheresse_BeauceLoiretaine_signe.pdf,"[7741,8627,7740,8620,8619,8605,8618,8623,8621,7739,8616,8599,8626,8609]","[""SOU"",""SUP"",""SOU"",""SUP"",""SUP"",""SUP"",""SUP"",""SUP"",""SUP"",""SOU"",""SUP"",""SUP"",""SUP"",""SUP""]","[""24_45_003"",""24_45_34"",""24_45_002"",""24_45_27"",""24_45_26"",""24_45_11"",""24_45_25"",""24_45_30"",""24_45_28"",""24_45_001"",""24_45_23"",""24_45_05"",""24_45_33"",""24_45_15""]","[""Calcaires de Beauce (Montargois)"",""Bassin Juine-Essonne (45)"",""Calcaires de Beauce (Fusin 45)"",""Bassin_du_Solin"",""Bassin_du_Puiseaux"",""Fusin (45)"",""Bassin_de_la_Bonnee"",""Bassin des Mauves (45)"",""Bassin_du_Vernisson"",""Calcaires de Beauce (Beauce Centrale 45)"",""Bassin_de la_Bezonde"",""Beauce Centrale (45)"",""Bassin de la Conie (45)"",""Loire a Onzain (45)""]",
30480,07-2023-06-06-00002,2023-06-06,null,publie,,07,https://regleau.s3.gra.perf.cloud.ovh.net/arrete-cadre/30480/20230606_arrete%20cadre%20secheresse%20signe.pdf,"[16364,16353,16363,16358,16366,16359,16354,16360,16367,16361,16352,16356,16365,16355,16357,16369,16368,16362]","[""SUP"",""SOU"",""SUP"",""SOU"",""SUP"",""SUP"",""SOU"",""SOU"",""SUP"",""SUP"",""SOU"",""SOU"",""SUP"",""SOU"",""SUP"",""SOU"",""SUP"",""SOU""]","[""85_07_3"",""85_07_9"",""85_07_9"",""85_07_8"",""85_07_8"",""85_07_7"",""85_07_7"",""85_07_6"",""85_07_6"",""85_07_5"",""85_07_5"",""85_07_4"",""85_07_4"",""85_07_3"",""85_07_2"",""85_07_2"",""85_07_1"",""85_07_1""]","[""Beaume-Chassezac"",""Ouvèze"",""Ouvèze"",""Loire"",""Loire"",""Eyrieux"",""Eyrieux"",""Doux"",""Doux"",""Cèze"",""Cèze"",""Cance"",""Cance"",""Beaume-Chassezac"",""Ardèche"",""Ardèche"",""Allier"",""Allier""]","[3647,3637,3646,3640,3649,3644,3635,3641,3650,3645,3636,3639,3648,3638,3643,3634,3651,3642]"
30225,76_20230606_ACS_V3,2023-06-06,2025-07-09,abroge,,76,https://regleau.s3.gra.perf.cloud.ovh.net/arrete-cadre/30225/20230606_ACD_Secheresse76.pdf,"[10973,10979,10978,10964,10965,10969,10971,10975,10966,10967,10974,10968,10980,10972,10963,10961,10977,10962,10970,10976]","[""SOU"",""SOU"",""SOU"",""SUP"",""SUP"",""SUP"",""SOU"",""SOU"",""SUP"",""SUP"",""SOU"",""SUP"",""SOU"",""SOU"",""SUP"",""SUP"",""SOU"",""SUP"",""SUP"",""SOU""]","[""28_76_0103"",""28_76_0109"",""28_76_0108"",""28_76_0004"",""28_76_0005"",""28_76_0009"",""28_76_0101"",""28_76_0105"",""28_76_0006"",""28_76_0007"",""28_76_0104"",""28_76_0008"",""28_76_0110"",""28_76_0102"",""28_76_0003"",""28_76_0001"",""28_76_0107"",""28_76_0002"",""28_76_0010"",""28_76_0106""]","[""SAANE - VIENNE - SCIE - VARENNE - ARQUES"",""EPTE HORS ZONE 10 BRAY"",""ANDELLE HORS ZONE 10 BRAY"",""DURDENT - DUN - VEULES - VALMONT - GANZEVILLE"",""ETRETAT - YPORT - POINTE DE CAUX - CAUX SEINE - COMMERCE - EMBOUCHURE SEINE"",""EPTE HORS ZONE 10 BRAY"",""BRESLE"",""ETRETAT - YPORT - POINTE DE CAUX - CAUX SEINE - COMMERCE - EMBOUCHURE SEINE"",""AUSTRBERTHE - VAL DES NOYERS - VALLEE DE LA SEINE"",""CAILLY - AUBETTE - ROBEC - VALLEE DE LA SEINE"",""DURDENT - DUN - VEULES - VALMONT - GANZEVILLE"",""ANDELLE HORS ZONE 10 BRAY"",""BRAY"",""YERES - AULNE"",""SAANE - VIENNE - SCIE - VARENNE - ARQUES"",""BRESLE"",""CAILLY - AUBETTE - ROBEC - VALLEE DE LA SEINE"",""YERES - AULNE"",""BRAY"",""AUSTRBERTHE - VAL DES NOYERS - VALLEE DE LA SEINE""]","[798,804,803,789,790,794,796,800,791,792,799,793,805,797,788,786,802,787,795,801]"
30234,07-2023-06-06-0002,2023-06-06,2024-07-31,abroge,,07,https://regleau.s3.gra.perf.cloud.ovh.net//arrete-cadre/30234/arre%CC%82te%CC%81%20cadre_2023.pdf,"[9452,9445,9447,9446,9448,9451,9450,9449,9444,4585]","[""SUP"",""SUP"",""SUP"",""SUP"",""SUP"",""SUP"",""SUP"",""SUP"",""SUP"",""SOU""]","[""85_07_9"",""85_07_2"",""85_07_4"",""85_07_3"",""85_07_5"",""85_07_8"",""85_07_7"",""85_07_6"",""85_07_1"",""82_07_01""]","[""Ouvèze"",""Ardèche"",""Cance"",""Beaume-Chassezac"",""Cèze"",""Loire"",""Eyrieux"",""Doux"",""Allier"",""zone non couverte par l'arrêté cadre""]","[1843,1837,1839,1838,1840,1277,1842,1841,1276,1832]"
30152,Ardennes 08 - 2022-267,2023-06-06,null,publie,,08,https://regleau.s3.gra.perf.cloud.ovh.net//arrete-cadre/30152/Arre%CC%82te%CC%81%20cadre%20secheresse%20Ardennes%20-%202022-267.pdf,"[9768,9769,9766,9765,9770,9767,9771]","[""SUP"",""SUP"",""SUP"",""SUP"",""SOU"",""SUP"",""SOU""]","[""4"",""5"",""2"",""1"",""1"",""3"",""2""]","[""Affluents crayeux de l'Aisne aval"",""Aisne et Aire"",""Oise"",""Meuse et Chiers"",""Calcaires de l'Oxfordien des Ardennes"",""Aisne Ardennaise"",""Craie de Champagne Nord""]","[583,584,581,579,585,582,586]"
30155,AC73_2023-0424,2023-06-07,null,publie,,73,https://regleau.s3.gra.perf.cloud.ovh.net//arrete-cadre/30155/20230607_APC73_sech_signe.pdf,"[10641,10648,10640,10637,10639,10649,10650,10651,10645,10647,10643,10636,10646,10638,10644,10642]","[""SUP"",""SOU"",""SUP"",""SUP"",""SUP"",""SOU"",""SOU"",""SOU"",""SOU"",""SOU"",""SUP"",""SUP"",""SOU"",""SUP"",""SOU"",""SUP""]","[""84_73_0006"",""84_73_0005"",""84_73_0005"",""84_73_0002"",""84_73_0004"",""84_73_0006"",""84_73_0007"",""84_73_0008"",""84_73_0002"",""84_73_0004"",""84_73_0008"",""84_73_0001"",""84_73_0003"",""84_73_0003"",""84_73_0001"",""84_73_0007""]","[""Beaufortain - Val d'Arly"",""Guiers - Chartreuse"",""Guiers - Chartreuse"",""Chéran"",""Flon - Aiguebelette"",""Beaufortain - Val d'Arly"",""Tarentaise"",""Maurienne"",""Chéran"",""Flon - Aiguebelette"",""Maurienne"",""Lac du Bourget - Albanais"",""Combe de Savoie - Val Gelon"",""Combe de Savoie - Val Gelon"",""Lac du Bourget - Albanais"",""Tarentaise""]","[532,545,531,528,530,546,547,548,542,544,534,527,543,529,541,533]"
30175,ACi-Thouet-Thouaret-Argenton-08062023,2023-06-08,2024-06-05,abroge,79,"[""49"",""79""]",https://regleau.s3.gra.perf.cloud.ovh.net//arrete-cadre/30175/ACi_TTA_20230608_signe.pdf,"[9417,9443,9440,9700,9420,9442,9701,9418,9441,9419,9718]","[""SUP"",""SOU"",""SOU"",""SUP"",""SUP"",""SOU"",""SUP"",""SUP"",""SOU"",""SUP"",""SOU""]","[""75_79_TTA1"",""75_79_TTA3"",""75_79_TTA1"",""52_49_8"",""75_79_TTA3"",""75_79_TTA2c"",""52_49_9"",""75_79_TTA2a"",""75_79_TTA2a"",""75_79_TTA2c"",""52_49_9""]","[""Argenton - eaux superficielles"",""Thouaret - eaux souterraines"",""Argenton - eaux souterraines"",""THOUET"",""Thouaret - eaux superficielles"",""Thouet Aval - eaux souterraines"",""ARGENTON"",""Thouet Amont - eaux superficielles"",""Thouet Amont - eaux souterraines"",""Thouet Aval - eaux superficielles"",""Aubance-Thouet-Ouère 79""]","[1259,1275,1272,401,1262,1274,402,1260,1273,1261,null]"
30250,N°52_2023_06_00068_V2,2023-06-08,2023-06-08,abroge,,52,https://regleau.s3.gra.perf.cloud.ovh.net//arrete-cadre/30250/AP_Secheresse_Usages_Eau_2023_signe.pdf,"[9088,9089,9090,9084,9085,9086,9087,9091]","[""SUP"",""SUP"",""SUP"",""SUP"",""SUP"",""SUP"",""SUP"",""SUP""]","[""5"",""6"",""7"",""1"",""2"",""3"",""4"",""8""]","[""BLAISE"",""SEINE AMONT"",""TILLE VINGEANNE"",""MARNE AMONT"",""SAULX ORNAIN"",""MEUSE AMONT"",""AUBE AMONT"",""SAONE AMONT""]","[368,371,699,365,366,364,367,700]"
30356,ACI Bas-Rhin Haut-Rhin,2023-06-08,2023-06-08,abroge,,68,https://regleau.s3.gra.perf.cloud.ovh.net//arrete-cadre/30356/ACI_secheresse_2023.pdf,"[11627,11623,11629,11624,11628,11626,11625,11622]","[""SUP"",""SUP"",""SOU"",""SUP"",""SOU"",""SUP"",""SUP"",""SUP""]","[""44_68_06"",""44_68_02"",""44_68_08"",""44_68_03"",""44_68_07"",""44_68_05"",""44_68_04"",""44_68_01""]","[""bassins de la Bruche, de la Mossig, de l'Ehn, de l'Andlau, du Giessen et de la Liepvrette -  dpt 68"",""bassin de l'Ill aval - partie dpt 68"",""nappe du Ried centre Alsace - secteur 5 (Sud Ouest / Fecht)"",""bassins de la Doller amont, de la Fecht, de la Weiss et de la Lauch"",""nappe du Ried centre Alsace - secteur 4 (Sud Est)- partie dpt 68"",""bassin de la Thur"",""bassin de la Doller aval"",""bassin de l'Ill amont""]","[913,909,915,910,914,912,911,908]"
30269,N°52_2023_06_00068_V2,2023-06-08,2025-06-18,abroge,,52,https://regleau.s3.gra.perf.cloud.ovh.net//arrete-cadre/30269/AP_Secheresse_Usages_Eau_2023_signe.pdf,"[9091,9085,9086,9090,9084,9089,9087,9088]","[""SUP"",""SUP"",""SUP"",""SUP"",""SUP"",""SUP"",""SUP"",""SUP""]","[""8"",""2"",""3"",""7"",""1"",""6"",""4"",""5""]","[""SAONE AMONT"",""SAULX ORNAIN"",""MEUSE AMONT"",""TILLE VINGEANNE"",""MARNE AMONT"",""SEINE AMONT"",""AUBE AMONT"",""BLAISE""]","[700,366,364,699,365,371,367,368]"
30173,AC-Layon-08062023,2023-06-08,2023-06-08,abroge,,79,https://regleau.s3.gra.perf.cloud.ovh.net//arrete-cadre/30173/AC_Layon_2023_VF_sign%C3%A9_79.pdf,"[9421,9398]","[""SOU"",""SUP""]","[""75_79_1b"",""75_79_1b""]","[""Layon - eaux souterraines"",""Layon - eaux superficielles""]","[1263,465]"
30222,2023/SEE/0118,2023-06-08,2026-03-30,abroge,,44,https://regleau.s3.gra.perf.cloud.ovh.net//arrete-cadre/30222/20230608_ACSSigne.pdf,"[11742,11733,11726,11728,11729,11732,11736,11727,11735,11734,11730,11743,11725,11731,11741,11744]","[""SOU"",""SUP"",""SUP"",""SUP"",""SUP"",""SUP"",""SUP"",""SUP"",""SUP"",""SUP"",""SUP"",""SOU"",""SUP"",""SUP"",""SOU"",""SOU""]","[""52_44_08"",""52_44_3f"",""52_44_02"",""52_44_3a"",""52_44_3b"",""52_44_3e"",""52_44_6b"",""52_44_05"",""52_44_6a"",""52_44_5r"",""52_44_3c"",""52_44_09"",""52_44_01"",""52_44_3d"",""52_44_07"",""52_44_6c""]","[""Nappe Nort-sur-Erdre"",""Zone 3f - Brière Brivet"",""Zone 2 - Oudon"",""Bassin de l'Erdre Amont"",""Zone 3b - Erdre Aval"",""Zone 3e - Loire"",""Zone 6b - Lac de Grand-Lieu"",""Bassin des Côtiers Bretons"",""Zone 6a -  Logne, Boulogne, Ognon, Grand-lieu"",""Zone 5b - Côtiers Bretons réalimenté"",""Zone 3c - Affluents Nord Loire"",""Nappes de Massérac, Saint-Gildas-des-Bois, Soulvache"",""Zone 1 - Vilaine"",""Zone 3d - Affluents Sud Loire"",""Nappe Machecoul"",""Nappe en relation avec le lac de Grand-Lieu\n(St Philbert et Chevrolière)""]","[957,948,1330,1332,1333,947,951,1331,950,949,1334,958,1329,1335,956,723]"
30355,ACI Bas-Rhin Haut-Rhin,2023-06-08,2025-06-06,abroge,,67,https://regleau.s3.gra.perf.cloud.ovh.net//arrete-cadre/30355/ACI_secheresse_2023.pdf,"[11617,11620,11619,11618,11615,11616,11614,11621]","[""SUP"",""SOU"",""SOU"",""SOU"",""SUP"",""SUP"",""SUP"",""SOU""]","[""44_67_04"",""44_67_07"",""44_67_06"",""44_67_05"",""44_67_02"",""44_67_03"",""44_67_01"",""44_67_08""]","[""bassin de la Sarre - partie dpt 67"",""nappe du Ried centre Alsace - secteur 3 (centre / Illwald)"",""nappe du Ried centre Alsace - secteur 2 (centre / plateau)"",""nappe du Ried centre Alsace - secteur 1 (Nord)"",""bassin de l'Ill aval - partie dpt 67"",""bassins de la Lauter, de la Sauer, de la Moder et de la Zorn - partie dpt 67"",""bassins de la Bruche, de la Mossig, de l'Ehn, de l'Andlau, du Giessen et de la Liepvrette - dpt 67"",""nappe du Ried centre Alsace - secteur 4 (Sud Est) - partie dpt 67""]","[903,137,135,134,901,902,900,148]"
30181,AC-Layon-08062023,2023-06-08,null,publie,,79,https://regleau.s3.gra.perf.cloud.ovh.net//arrete-cadre/30181/AC_Layon_2023_VF_sign%C3%A9_79.pdf,"[9421,9398]","[""SOU"",""SUP""]","[""75_79_1b"",""75_79_1b""]","[""Layon - eaux souterraines"",""Layon - eaux superficielles""]","[1263,465]"
30549,ACI Bas-Rhin / Haut-Rhin,2023-06-08,null,publie,68,"[""67"",""68""]",https://regleau.s3.gra.perf.cloud.ovh.net/arrete-cadre/30549/AP_secheresse_ACI2023_sign%C3%83%C2%A9.pdf,"[15483,15490,15479,15478,15487,15482,15476,15472,15469,15475,15471,15466,15470,15467,15480,15486,15485,15491,15488,15489,15484,15481,15468,15473,15477,15474]","[""SOU"",""SOU"",""SOU"",""SOU"",""SUP"",""SUP"",""SOU"",""SUP"",""SUP"",""SOU"",""SOU"",""SUP"",""SUP"",""SUP"",""SOU"",""SOU"",""SOU"",""SOU"",""SOU"",""SOU"",""SUP"",""SUP"",""SUP"",""SOU"",""SOU"",""SOU""]","[""44_67_05"",""44_67_06"",""44_68_11"",""44_68_10"",""44_67_03"",""44_67_04"",""44_68_09"",""44_68_03"",""44_68_02"",""44_68_08"",""44_68_07"",""44_68_06"",""44_68_05"",""44_68_04"",""44_67_07"","""","""",""44_67_08"","""","""",""44_67_01"",""44_67_02"",""44_68_01"",""44_68_14"",""44_68_13"",""44_68_12""]","[""nappe du Ried centre Alsace - secteur 1 (Nord)"",""nappe du Ried centre Alsace - secteur 2 (centre / plateau)"",""nappe de la Doller amont, de la Fecht, de la Weiss et de la Lauch"",""nappe de l'Ill aval - partie dpt 68"",""bassins de la Lauter, de la Sauer, de la Moder et de la Zorn - partie dpt 67"",""bassin de la Sarre - partie dpt 67"",""nappe de l'Ill amont"",""bassins de la Doller amont, de la Fecht, de la Weiss et de la Lauch"",""bassin de l'Ill aval - partie dpt 68"",""nappe du Ried centre Alsace - secteur 5 (Sud Ouest / Fecht)"",""nappe du Ried centre Alsace - secteur 4 (Sud Est)- partie dpt 68"",""bassins de la Bruche, la Mossig, l'Ehn,  l'Andlau, du Giessen et de la Liepvrette-  partie dpt 68"",""bassin de la Thur"",""bassin de la Doller aval"",""nappe du Ried centre Alsace - secteur 3 (centre / Illwald)"",""nappe de l'Ill aval - partie dpt 67"",""nappes de la Lauter, de la Sauer, de la Moder et de la Zorn - partie dpt 67"",""nappe du Ried centre Alsace - secteur 4 (Sud Est) - partie dpt 67"",""nappe de la Sarre - partie dpt 67"",""nappes de la Bruche, Mossig, Ehn, Andlau, Giessen et Liepvrette - partie dpt 67"",""bassins de la Bruche, Mossig, Ehn, Andlau, Giessen et Liepvrette - partie dpt 67"",""bassin de l'Ill aval - partie dpt 67"",""bassin de l'Ill amont"",""nappe de la Bruche, la Mossig, l'Ehn,  l'Andlau, du Giessen et de la Liepvrette-  partie dpt 68"",""nappe de la Thur"",""nappe de la Doller aval""]","[2745,2753,2743,2742,2748,2744,2739,2735,2733,2740,2736,2730,2734,2731,2754,2750,2749,2755,2751,2752,2746,2747,2732,2737,2741,2738]"
30194,2022-DDT-SE-199_v-modif-2023,2023-06-09,2024-06-06,abroge,,91,https://regleau.s3.gra.perf.cloud.ovh.net//arrete-cadre/30194/arrete-cadre_2022-199_sech-restric-eau_20220530_consolidee.pdf,"[8447,8440,8446,8445,8444,8448,8449,8443,8450,8441,8442]","[""SUP"",""SUP"",""SUP"",""SUP"",""SUP"",""SUP"",""SOU"",""SUP"",""SOU"",""SUP"",""SUP""]","[""11_091_00011"",""11_091_00001"",""11_091_00010"",""11_091_00009"",""11_091_00005"",""11_091_00012"",""11_091_00006"",""11_091_00004"",""11_091_00007"",""11_091_00002"",""11_091_00003""]","[""Double rattachement: Essonne-Juine-Ecole_Seine essonnienne et petits affluents directs"",""Bievre-Yvette et leurs affluents"",""Double rattachement: Orge-Remarde_Yvette-Bievre et affluents"",""Double rattachement: Orge-Remarde et affluents_Seine essonnienne et petits affluents directs"",""Seine essonnienne et ses petits affluents directs"",""Double rattachement: Yerres et affluents_Seine essonnienne et petits affluents directs"",""Nappe de Champigny"",""Yerres et ses affluents"",""Zone d'alerte de la Beauce centrale"",""Orge et ses affluents, exeptes Yvette et ses affluents"",""Essonne Juine Ecole et leurs affluents""]","[231,307,315,230,314,340,341,217,342,308,309]"
30324,[APCS Isère] N°38-2023-07-10-00009 ,2023-06-10,2023-09-08,abroge,,38,https://regleau.s3.gra.perf.cloud.ovh.net//arrete-cadre/30324/DownloadFileServlet.pdf,"[12192,12204,12213,12191,12193,12221,12222,12194,12208,12217,12205,12215,12196,12201,12211,12214,12206,12203,12207,12209,12210,12198,12212,12195,12216,12199]","[""SUP"",""SUP"",""SOU"",""SUP"",""SUP"",""SOU"",""SOU"",""SUP"",""SOU"",""SOU"",""SOU"",""SOU"",""SUP"",""SUP"",""SOU"",""SOU"",""SOU"",""SUP"",""SOU"",""SOU"",""SOU"",""SUP"",""SOU"",""SUP"",""SOU"",""SUP""]","[""84_38_0002"",""84_38_0014"",""84_38_0022"",""84_38_0001"",""84_38_0003"",""84_38_0030"",""84_38_0031"",""84_38_0004"",""84_38_0017"",""84_38_0026"",""84_38_0014"",""84_38_0024"",""84_38_0006"",""84_38_0011"",""84_38_0020"",""84_38_0023"",""84_38_0015"",""84_38_0013"",""84_38_0016"",""84_38_0018"",""84_38_0019"",""84_38_0008"",""84_38_0021"",""84_38_0005"",""84_38_0025"",""84_38_0009""]","[""Vercors"",""Bourbre"",""Oisans/Bonne (sout.)"",""Belledonne"",""Chartreuse-Guiers"",""Sanne-Varèze-4 Vallées (spé sout.)"",""Bourbre (spé sout.)"",""Chambaran"",""Chartreuse-Guiers (sout.)"",""Isle Crémieu (spé sout.)"",""Bourbre (sout.)"",""Terrasses de l'Isère rive gauche"",""Paladru-Fure"",""Oisans/Bonne"",""Trièves/Matheysine (sout.)"",""Sanne-Varèze-4 Vallées (sout.)"",""Belledonne (sout.)"",""Sanne-Varèze-4 Vallées"",""Vercors (sout.)"",""Isle Crémieu (sout.)"",""Paladru-Fure (sout.)"",""Trièves/Matheysine"",""Agglomération Grenobloise (sout.)"",""Isle Crémieu"",""Nappes de Chambaran"",""Agglomération Grenobloise""]","[126,1912,1921,125,127,1929,1930,128,1916,1925,1913,1923,130,1909,1919,1922,1914,1911,1915,1917,1918,1906,1920,129,1924,1907]"
30190,25-2023-06-12-00008,2023-06-12,null,publie,,25,https://regleau.s3.gra.perf.cloud.ovh.net/arrete-cadre/30190/230612_AP_cadre_departemental_secheresse.pdf,"[11923,11922,4577,11921]","[""SUP"",""SUP"",""SOU"",""SUP""]","[""27_25_0003"",""27_25_0002"",""43_25_01"",""27_25_0001""]","[""Haute Chaîne"",""Plateau calcaire jurassien"",""zone non couverte par l'arrêté cadre"",""Moyennes vallées Doubs Ognon""]","[740,739,19,738]"
30258,Ain - AC 20230612 - V2,2023-06-12,2024-03-25,abroge,,01,https://regleau.s3.gra.perf.cloud.ovh.net/arrete-cadre/30258/20230612ACSdVersionRAAAvecAnnexes+%281%29.pdf,"[8790,9371,8791,9372,9373,8792,9369,8789,9370]","[""SUP"",""SOU"",""SUP"",""SOU"",""SOU"",""SUP"",""SOU"",""SUP"",""SOU""]","[""84_01_3"",""84_01_4"",""84_01_4"",""84_01_5"",""84_01_6"",""84_01_5"",""84_01_2"",""84_01_2"",""84_01_3""]","[""Rivières du Bugey"",""Dombes - Certines - Nord"",""Rivières de Dombes"",""Dombes - Sud"",""Pays de Gex"",""Rivières du Haut-Rhône"",""Null"",""Rivières de Bresse"",""Plaine de l'Ain""]","[373,70,374,1835,1836,375,68,372,69]"
30196,23-2023-06-12-00002,2023-06-12,2025-06-03,abroge,,23,https://regleau.s3.gra.perf.cloud.ovh.net//arrete-cadre/30196/ARR_230612_cadre_Creuse.pdf,"[12057,12056,12058,12059,12055]","[""SUP"",""SUP"",""SUP"",""SUP"",""SUP""]","[""75_23_00003"",""75_23_00002"",""75_23_00004"",""75_23_00005"",""75_23_00001""]","[""Bassin versant de la Creuse aval"",""Bassin versant de la Creuse amont"",""Bassin versant de la Vienne en Creuse"",""Bassin versant de la Dordogne en Creuse"",""Bassin versant du Cher en Creuse""]","[1100,1099,1101,1102,1098]"
30239,25-2023-06-12-00009,2023-06-12,null,publie,90,"[""25"",""70"",""90""]",https://regleau.s3.gra.perf.cloud.ovh.net//arrete-cadre/30239/2023_06_12_Arrete_Cadre_Interdepartemental_Allan_dept_25.pdf,"[11532,4550,11527,11924,3651,4577]","[""SOU"",""SOU"",""SUP"",""SUP"",""SUP"",""SOU""]","[""27_70_0005"",""43_90_01"",""27_70_0005"",""27_25_0004"",""43_90_0012"",""43_25_01""]","[""sout_Bassin versant de l'Allan_dpt 70"",""zone non couverte par l'arrêté cadre"",""sup_Bassin versant de l'Allan_dpt 70"",""Bassin de l'Allan"",""bassin versant de l'Allan_dpt 90"",""zone non couverte par l'arrêté cadre""]","[102,197,97,741,1776,19]"
30489,23-2023-06-12-00002,2023-06-12,2025-06-02,abroge,,23,https://regleau.s3.gra.perf.cloud.ovh.net/arrete-cadre/30489/ARR_230612_cadre_Creuse.pdf,"[15143,15145,15146,15151,15148,15152]","[""SUP"",""SOU"",""SOU"",""SUP"",""SUP"",""SOU""]",,"[""Cher"",""Creuse amont"",""Creuse aval"",""Creuse aval"",""Creuse amont"",""Cher""]","[2407,2409,2410,2415,2412,2416]"
30252,DDTM/SER/2023 164-0002,2023-06-13,2024-02-05,abroge,,66,https://regleau.s3.gra.perf.cloud.ovh.net//arrete-cadre/30252/AP%2013%20juin%202023%20-%20VDEF.pdf,"[12072,12063,12060,12062,12068,12061,12070,12064,12067,12069,12066,12071,12065]","[""SOU"",""SUP"",""SUP"",""SUP"",""SOU"",""SUP"",""SOU"",""SUP"",""SOU"",""SOU"",""SUP"",""SOU"",""SUP""]","[""76_66_6"",""76_66_4"",""76_66_1"",""76_66_3"",""76_66_2"",""76_66_2"",""76_66_4"",""76_66_5"",""76_66_1"",""76_66_3"",""76_66_7"",""76_66_5"",""76_66_6""]","[""Nappes Têt"",""Sègre - Carol"",""Agly amont et affluents"",""Aude amont"",""Côte sud"",""Agly aval"",""Nappes Aspres-Réart"",""Tech - Albères"",""Côte nord"",""Nappes Salanque"",""Têt aval"",""Nappes Tech"",""Têt amont""]","[1879,120,117,119,1796,118,1877,121,124,1797,123,1878,122]"
30328,70-2023-06-12-00004-01,2023-06-13,2023-12-31,abroge,,70,https://regleau.s3.gra.perf.cloud.ovh.net/arrete-cadre/30328/ACi+Allan+publi%C3%A9+RAA+70-2023-077.pdf,"[11527,11532]","[""SUP"",""SOU""]","[""27_70_0005"",""27_70_0005""]","[""sup_Bassin versant de l'Allan_dpt 70"",""sout_Bassin versant de l'Allan_dpt 70""]","[97,102]"
29972,DDTM27/SEBF/2023-192,2023-06-13,2023-06-13,abroge,,27,https://regleau.s3.gra.perf.cloud.ovh.net/ArretesCadres/AP cadre + Annexes.pdf,"[9825,9828,9801,9815,9806,9820,9822,9810,9805,9809,9824,9823,9804,9812,9818,9814,9808,9811,9827,9807,9813,9817,9800,9803,9826,9819,9802]","[""SOU"",""SOU"",""SUP"",""SOU"",""SUP"",""SOU"",""SOU"",""SUP"",""SUP"",""SUP"",""SOU"",""SOU"",""SUP"",""SUP"",""SOU"",""SUP"",""SUP"",""SUP"",""SOU"",""SUP"",""SUP"",""SOU"",""SUP"",""SUP"",""SOU"",""SOU"",""SUP""]","[""28_27_0111"",""28_27_0114"",""28_27_0002"",""28_27_0101"",""28_27_0007"",""28_27_0106"",""28_27_0108"",""28_27_0011"",""28_27_0006"",""28_27_0010"",""28_27_0110"",""28_27_0109"",""28_27_0005"",""28_27_0013"",""28_27_0104"",""28_27_0015"",""28_27_0009"",""28_27_0012"",""28_27_0113"",""28_27_0008"",""28_27_0014"",""28_27_0103"",""28_27_0001"",""28_27_0004"",""28_27_0112"",""28_27_0105"",""28_27_0003""]","[""RISLE AVAL"",""EURE AVAL"",""AVRE AMONT"",""ANDELLE"",""OISON"",""ITON AVAL"",""CALONNE"",""RISLE AVAL"",""ITON AVAL"",""RISLE AMONT"",""RISLE AMONT"",""CHARENTONNE"",""EPTE"",""EURE MOYENNE"",""AVRE MOYEN"",""MARAIS VERNIER"",""CHARENTONNE"",""ITON AMONT"",""EURE MOYENNE"",""CALONNE"",""EURE AVAL"",""AVRE AVAL"",""ANDELLE"",""AVRE MOYEN"",""ITON AMONT"",""EPTE"",""AVRE AVAL""]",
30193,AP CADRE DDT 37_29 03 2023_MAJ2024,2023-06-14,null,publie,,37,https://regleau.s3.gra.perf.cloud.ovh.net//arrete-cadre/30193/acs37_29-03-2023_compressed%20%282%29.pdf,"[11659,11703,11661,11690,11667,11658,11655,11687,11709,11692,11688,11706,11704,11691,11697,11662,11668,11671,11699,11653,11702,11705,11700,11693,11683,11685,11678,11684,11680,11682,11665,11679,11677,11652,11707,11673,11675,11664,11656,11657,11663,11669,11666,11674,11710,11660,11701,11689,11708,11672,11654,11681,11698,11670,11695,11686,11676,11694,16259,16239,16238,16228,16249,16244,16223,16240,16241,16251,16253,16237,16245,16255,16242,16247,16246,16243,16260,16257,16250,16261,16206,16225,16248,16209,16216,16254,16218,16207,16235,16258,16220,16233,16217,16236,16262,16211,16226,16213,16229,16234,16227,16256,16212,16224,16205,16221,16222,16215,16252,16208,16214,16219,16230,16210,16231,16232,16204,11696]","[""SUP"",""SUP"",""SUP"",""SUP"",""SUP"",""SUP"",""SUP"",""SUP"",""SUP"",""SUP"",""SUP"",""SUP"",""SUP"",""SUP"",""SUP"",""SUP"",""SUP"",""SUP"",""SUP"",""SUP"",""SUP"",""SUP"",""SUP"",""SUP"",""SUP"",""SUP"",""SUP"",""SUP"",""SUP"",""SUP"",""SUP"",""SUP"",""SUP"",""SUP"",""SUP"",""SUP"",""SUP"",""SUP"",""SUP"",""SUP"",""SUP"",""SUP"",""SUP"",""SUP"",""SUP"",""SUP"",""SUP"",""SUP"",""SUP"",""SUP"",""SUP"",""SUP"",""SUP"",""SUP"",""SUP"",""SUP"",""SUP"",""SUP"",""SOU"",""SOU"",""SOU"",""SOU"",""SOU"",""SOU"",""SOU"",""SOU"",""SOU"",""SOU"",""SOU"",""SOU"",""SOU"",""SOU"",""SOU"",""SOU"",""SOU"",""SOU"",""SOU"",""SOU"",""SOU"",""SOU"",""SOU"",""SOU"",""SOU"",""SOU"",""SOU"",""SOU"",""SOU"",""SOU"",""SOU"",""SOU"",""SOU"",""SOU"",""SOU"",""SOU"",""SOU"",""SOU"",""SOU"",""SOU"",""SOU"",""SOU"",""SOU"",""SOU"",""SOU"",""SOU"",""SOU"",""SOU"",""SOU"",""SOU"",""SOU"",""SOU"",""SOU"",""SOU"",""SOU"",""SOU"",""SOU"",""SOU"",""SOU"",""SUP""]","[""24_37_0008"",""24_37_0052"",""24_37_0010"",""24_37_0039"",""24_37_0016"",""24_37_0007"",""24_37_0004"",""24_37_0036"",""24_37_0058"",""24_37_0041"",""24_37_0037"",""24_37_0055"",""24_37_0053"",""24_37_0040"",""24_37_0046"",""24_37_0011"",""24_37_0017"",""24_37_0020"",""24_37_0048"",""24_37_0002"",""24_37_0051"",""24_37_0054"",""24_37_0049"",""24_37_0042"",""24_37_0032"",""24_37_0034"",""24_37_0027"",""24_37_0033"",""24_37_0029"",""24_37_0031"",""24_37_0014"",""24_37_0028"",""24_37_0026"",""24_37_0001"",""24_37_0056"",""24_37_0022"",""24_37_0024"",""24_37_0013"",""24_37_0005"",""24_37_0006"",""24_37_0012"",""24_37_0018"",""24_37_0015"",""24_37_0023"",""24_37_0059"",""24_37_0009"",""24_37_0050"",""24_37_0038"",""24_37_0057"",""24_37_0021"",""24_37_0003"",""24_37_0030"",""24_37_0047"",""24_37_0019"",""24_37_0044"",""24_37_0035"",""24_37_0025"",""24_37_0043"",""24_37_0059"",""24_37_0058"",""24_37_0057"",""24_37_0056"",""24_37_0055"",""24_37_0054"",""24_37_0053"",""24_37_0052"",""24_37_0051"",""24_37_0050"",""24_37_0049"",""24_37_0048"",""24_37_0047"",""24_37_0046"",""24_37_0045"",""24_37_0044"",""24_37_0043"",""24_37_0042"",""24_37_0041"",""24_37_0040"",""24_37_0039"",""24_37_0038"",""24_37_0037"",""24_37_0036"",""24_37_0035"",""24_37_0034"",""24_37_0033"",""24_37_0032"",""24_37_0031"",""24_37_0030"",""24_37_0029"",""24_37_0028"",""24_37_0027"",""24_37_0026"",""24_37_0025"",""24_37_0024"",""24_37_0023"",""24_37_0022"",""24_37_0021"",""24_37_0020"",""24_37_0019"",""24_37_0018"",""24_37_0017"",""24_37_0016"",""24_37_0015"",""24_37_0014"",""24_37_0013"",""24_37_0012"",""24_37_0011"",""24_37_0010"",""24_37_0009"",""24_37_0008"",""24_37_0007"",""24_37_0006"",""24_37_0005"",""24_37_0004"",""24_37_0003"",""24_37_0002"",""24_37_0001"",""24_37_0045""]","[""Bassin de la Vienne (Vn1)"",""Bassin du ruisseau de Roche"",""Bassin de l'Aigronne"",""Bassin du ruisseau d'Aubigny"",""Bassin de la Bourouse"",""Bassin de la Creuse (Cr)"",""Bassin du Cher (Ch1)"",""Bassin du Lathan"",""Bassin du ruisseau Sennevieres"",""Bassin du ruisseau d'Olivet"",""Bassin du Long"",""Bassin du ruisseau de Vitray"",""Bassin du ruisseau de Rochette"",""Bassin du ruisseau d'Azay"",""Bassin du ruisseau de Gaudeberts"",""Bassin de l'Ardillere"",""Bassin de la Brenne"",""Bassin de la Cisse"",""Bassin du ruisseau de Montison"",""Bassin de la Loire (Lre1)"",""Bassin du ruisseau de Rigny"",""Bassin du ruisseau de Verneuil"",""Bassin du ruisseau de Panzoult"",""Bassin du ruisseau de Boutineau"",""Bassin de la Veude De Poncay"",""Bassin du Changeon"",""Bassin de la Maulne"",""Bassin du Brignon"",""Bassin de la Roumer"",""Bassin de la Veude"",""Bassin de l'Esves"",""Bassin de la Muanne"",""Bassin de la Masse"",""Bassin de la Loire (Lre2)"",""Bassin du ruisseau des Vallees"",""Bassin de la Deme"",""Bassin de la Fontaine Menard"",""Bassin de l'Escotais"",""Bassin de l'Indre (In1)"",""Bassin de l'Indre (In2)"",""Bassin de l'Echandon"",""Bassin de la Bresme"",""Bassin de l'Indrois"",""Bassin de la Fare"",""Bassin du Vieux Cher"",""Bassin de la Gartempe"",""Bassin du ruisseau de Parcay"",""Bassin du Negron"",""Bassin du ruisseau du Doigt"",""Bassin de la Claise"",""Bassin du Loir (Lr1)"",""Bassin de l'Indrois Amont"",""Bassin du ruisseau de la Coulee"",""Bassin de la Choisille"",""Bassin du ruisseau de Chezelles"",""Bassin du Douai ou de la Riasse"",""Bassin de la Manse"",""Bassin du ruisseau de Chantereine"",""Bassin du Vieux Cher"",""Bassin du ruisseau Sennevieres"",""Bassin du ruisseau du Doigt"",""Bassin du ruisseau des Vallees"",""Bassin du ruisseau de Vitray"",""Bassin du ruisseau de Verneuil"",""Bassin du ruisseau de Rochette"",""Bassin du ruisseau de Roche"",""Bassin du ruisseau de Rigny"",""Bassin du ruisseau de Parcay"",""Bassin du ruisseau de Panzoult"",""Bassin du ruisseau de Montison"",""Bassin du ruisseau de la Coulee"",""Bassin du ruisseau de Gaudeberts"",""Bassin du ruisseau de Cleret"",""Bassin du ruisseau de Chezelles"",""Bassin du ruisseau de Chantereine"",""Bassin du ruisseau de Boutineau"",""Bassin du ruisseau de l'Olivet"",""Bassin du ruisseau d'Azay"",""Bassin du ruisseau d'Aubigny"",""Bassin du Negron"",""Bassin du Long"",""Bassin du Lathan"",""Bassin du Douai ou de la Riasse"",""Bassin du Changeon"",""Bassin du Brignon"",""Bassin de la Veude De Poncay"",""Bassin de la Veude"",""Bassin de l'Indrois Amont"",""Bassin de la Roumer"",""Bassin de la Muanne"",""Bassin de la Maulne"",""Bassin de la Masse"",""Bassin de la Manse"",""Bassin de la Fontaine Menard"",""Bassin de la Fare"",""Bassin de la Deme"",""Bassin de la Claise"",""Bassin de la Cisse"",""Bassin de la Choisille"",""Bassin de la Bresme"",""Bassin de la Brenne"",""Bassin de la Bourouse"",""Bassin de l'Indrois"",""Bassin de l'Esves"",""Bassin de l'Escotais"",""Bassin de l'Echandon"",""Bassin de l'Ardillere"",""Bassin de l'Aigronne"",""Bassin de la Gartempe"",""Bassin de la Vienne (Vn1)"",""Bassin de la Creuse (Cr)"",""Bassin de l'Indre (In2)"",""Bassin de l'Indre (In1)"",""Bassin du Cher (Ch1)"",""Bassin du Loir (Lr1)"",""Bassin de la Loire (Lre1)"",""Bassin de la Loire (Lre2)"",""Bassin du ruisseau de Cleret""]","[928,683,929,198,1307,927,1303,943,722,1321,1320,1326,697,199,945,702,933,1310,681,518,682,710,1324,200,1316,941,936,940,937,939,931,1315,1314,517,1327,1312,708,1306,1304,1305,930,1308,932,1313,1328,535,1325,944,946,1311,1302,938,387,1309,1322,1319,935,277,3540,3521,3520,3510,3531,3526,3505,3522,3523,3533,3535,3519,3527,3537,3524,3529,3528,3525,3542,3539,3532,3543,3488,3507,3530,3491,3498,3536,3500,3489,3517,3541,3502,3515,3499,3518,3544,3493,3508,3495,3511,3516,3509,3538,3494,3506,3487,3503,3504,3497,3534,3490,3496,3501,3512,3492,3513,3514,3486,1323]"
30435,DDTM27/SEBF/2023-192,2023-06-14,2025-07-07,abroge,,27,https://regleau.s3.gra.perf.cloud.ovh.net/arrete-cadre/30435/AP+cadre+%2B+Annexes.pdf,"[14693,14686,14700,14694,14699,14705,14710,14706,14692,14701,14704,14696,14711,14690,14697,14703,14708,14683,14684,14691,14712,14702,14709,14695,14687,14688,14707,14698,14689,14685]","[""SUP"",""SUP"",""SOU"",""SOU"",""SUP"",""SUP"",""SOU"",""SOU"",""SOU"",""SUP"",""SOU"",""SUP"",""SUP"",""SOU"",""SUP"",""SOU"",""SOU"",""SUP"",""SOU"",""SUP"",""SUP"",""SOU"",""SUP"",""SOU"",""SUP"",""SOU"",""SOU"",""SUP"",""SUP"",""SOU""]","[""28_27_0012"",""28_27_0015"",""28_27_0015"",""28_27_0014"",""28_27_0014"",""28_27_0013"",""28_27_0013"",""28_27_0012"",""28_27_0011"",""28_27_0011"",""28_27_0010"",""28_27_0010"",""28_27_0009"",""28_27_0009"",""28_27_0008"",""28_27_0008"",""28_27_0007"",""28_27_0007"",""28_27_0006"",""28_27_0006"",""28_27_0005"",""28_27_0005"",""28_27_0004"",""28_27_0004"",""28_27_0003"",""28_27_0003"",""28_27_0002"",""28_27_0002"",""28_27_0001"",""28_27_0001""]","[""ITON AMONT"",""MARAIS VERNIER"",""MARAIS VERNIER"",""EURE AVAL"",""EURE AVAL"",""EURE MOYENNE"",""EURE MOYENNE"",""ITON AMONT"",""RISLE AVAL"",""RISLE AVAL"",""RISLE AMONT"",""RISLE AMONT"",""CHARENTONNE"",""CHARENTONNE"",""CALONNE"",""CALONNE"",""OISON"",""OISON"",""ITON AVAL"",""ITON AVAL"",""EPTE"",""EPTE"",""AVRE MOYEN"",""AVRE MOYEN"",""AVRE AVAL"",""AVRE AVAL"",""AVRE AMONT"",""AVRE AMONT"",""ANDELLE"",""ANDELLE""]","[2016,2008,2023,2017,2022,2028,2033,2029,2015,2024,2027,2019,2034,2013,2020,2026,2031,2006,2007,2014,2035,2025,2032,2018,2011,2009,2030,2021,2012,2010]"
30231,90-2023-06-15-00002,2023-06-15,null,publie,90,"[""70"",""25"",""90""]",https://regleau.s3.gra.perf.cloud.ovh.net//arrete-cadre/30231/ACI_Bassin%20de%20l%27Allan_23-06-15.pdf,"[11924,11527,11532,3651,4550]","[""SUP"",""SUP"",""SOU"",""SUP"",""SOU""]","[""27_25_0004"",""27_70_0005"",""27_70_0005"",""43_90_0012"",""43_90_01""]","[""Bassin de l'Allan"",""sup_Bassin versant de l'Allan_dpt 70"",""sout_Bassin versant de l'Allan_dpt 70"",""bassin versant de l'Allan_dpt 90"",""zone non couverte par l'arrêté cadre""]","[741,97,102,1776,197]"
30170,90-2023-06-15-00002,2023-06-15,2024-12-31,abroge,90,"[""25"",""90"",""70""]",https://regleau.s3.gra.perf.cloud.ovh.net//arrete-cadre/30170/2023_06_15_arr%C3%AAt%C3%A9_cadre_interd%C3%A9partemental_Allan_2023.pdf,"[4550,3651,11532,11527,3652]","[""SOU"",""SUP"",""SOU"",""SUP"",""SUP""]","[""43_90_01"",""43_90_0012"",""27_70_0005"",""27_70_0005"",""43_25_0007""]","[""zone non couverte par l'arrêté cadre"",""bassin versant de l'Allan_dpt 90"",""sout_Bassin versant de l'Allan_dpt 70"",""sup_Bassin versant de l'Allan_dpt 70"",""bassin versant de l'Allan_dpt 25""]","[197,1776,102,97,null]"
30292,Ariège_ACI bassin ariégeois 2023_06,2023-06-16,2024-07-08,abroge,,09,https://regleau.s3.gra.perf.cloud.ovh.net//arrete-cadre/30292/Arre%CC%82te%CC%81%20cadre%20interde%CC%81partemental%20du%2016%20juin%202023-%20bassin%20versant%20Ariegeois.pdf,"[12176,12170,12180,12175,12174,12177,12164,12179,12168,12171,12178,12169,12165,12173,12167,12166,12172]","[""SUP"",""SUP"",""SOU"",""SUP"",""SUP"",""SUP"",""SUP"",""SUP"",""SUP"",""SUP"",""SUP"",""SUP"",""SUP"",""SUP"",""SUP"",""SUP"",""SUP""]","[""76_09_5.5"",""76_09_4.3"",""76_09_9"",""76_09_5.4"",""76_09_5.3"",""76_09_6"",""76_09_1"",""76_09_8"",""76_09_4.1"",""76_09_4.4"",""76_09_7"",""76_09_4.2"",""76_09_2.1"",""76_09_5.2"",""76_09_3"",""76_09_2.2"",""76_09_5.1""]","[""Zone d'alerte n°5.5_Le Touyre"",""Zone d'alerte n°4.3 : Les affluents de l'axe Ariège aval"",""Couche d'alerte n°9_Alluvions de l'Ariège et de l'Hers-vif"",""Zone d'alerte n°5.4_Le Douctouyre"",""Zone d'alerte n°5.3_Le Contirou"",""Zone d'alerte n°6_Le Salat"",""Zone d'alerte n°1_Arize (non réalimenté)"",""Zone d'alerte n°8_L'Aude (Donezan)"",""Zone d'alerte n°4.1_L'Axe Ariège"",""Zone d'alerte n°4.4_Le Sios"",""Zone d'alerte n°7_Le Volp"",""Zone d'alerte n°4.2_Les affluents de l'axe Ariège amont"",""Zone d'alerte n°2.1_Arize réalimentée amont"",""Zone d'alerte n°5.2_L'Hers-vif non réalimenté et autres affluents"",""Zone d'alerte n°3_La Lèze"",""Zone d'alerte n°2.2_Arize réalimentée aval"",""Zone d'alerte n°5.1_L'Hers-vif réalimenté""]","[1662,1660,1665,1661,1638,1663,1654,1897,1658,1635,1664,1659,1655,1139,1657,1656,1138]"
30199,2023-DDTM-SE-0087,2023-06-16,2025-08-19,abroge,,50,https://regleau.s3.gra.perf.cloud.ovh.net//arrete-cadre/30199/ACS2023.pdf,"[11912,11916,11918,11909,11914,11911,11919,11917,11920,11915,11913,11910]","[""SUP"",""SOU"",""SOU"",""SUP"",""SUP"",""SUP"",""SOU"",""SOU"",""SOU"",""SOU"",""SUP"",""SUP""]","[""28_050_0004"",""28_050_0102"",""28_050_0104"",""28_050_0001"",""28_050_0006"",""28_050_0003"",""28_050_0105"",""28_050_0103"",""28_050_0106"",""28_050_0101"",""28_050_0005"",""28_050_0002""]","[""IV - Sienne - Soulles - ESU"",""II - Douve - Taute - côtiers nord-est - ESO"",""IV - Sienne - Soulles - ESO"",""I - Nord Cotentin - ESU"",""VI - Sélune - ESU"",""III - Vire - ESU"",""V - Sée - côtiers granvillais - ESO"",""III - Vire - ESO"",""VI - Sélune - ESO"",""I - Nord Cotentin - ESO"",""V - Sée - côtiers granvillais - ESU"",""II - Douve - Taute - côtiers nord-est - ESU""]","[1035,1039,1041,1032,1037,1034,1042,1040,1043,1038,1036,1033]"
30081,Aveyron AC provisoire,2023-06-16,2023-07-03,abroge,,12,https://regleau.s3.gra.perf.cloud.ovh.net//arrete-cadre/30081/230616_ARR_Restrictions_n%C2%B01_IDE.pdf,"[11430,11429,11445,11427,11446,11431,11439,11426,11436,11423,11450,11424,11441,11435,11437,11425,11444,11449,11434,11440,11443,11433,11438,11432,11428,11442,11448,11447,11422]","[""SUP"",""SUP"",""SUP"",""SUP"",""SUP"",""SUP"",""SUP"",""SUP"",""SUP"",""SUP"",""SUP"",""SUP"",""SUP"",""SUP"",""SUP"",""SUP"",""SUP"",""SUP"",""SUP"",""SUP"",""SUP"",""SUP"",""SUP"",""SUP"",""SUP"",""SUP"",""SUP"",""SUP"",""SUP""]","[""76_12_0009"",""76_12_0008"",""76_12_0024"",""76_12_0006"",""76_12_0025"",""76_12_0010"",""76_12_0018"",""76_12_0005"",""76_12_0015"",""76_12_0002"",""76_12_0029"",""76_12_0003"",""76_12_0020"",""76_12_0014"",""76_12_0016"",""76_12_0004"",""76_12_0023"",""76_12_0028"",""76_12_0013"",""76_12_0019"",""76_12_0022"",""76_12_0012"",""76_12_0017"",""76_12_0011"",""76_12_0007"",""76_12_0021"",""76_12_0027"",""76_12_0026"",""76_12_0001""]","[""L'Aveyron source et son bassin"",""Célé"",""Affluents rive gauche du Tarn médian"",""Dourdou de Conques"",""Dourdou de Camares amont et Len"",""L'Aveyron amont et son bassin"",""La Bonnette et ses affluents"",""Affluents du Lot domanial amont"",""Le Cérou non réalimenté et ses affluents"",""Affluents du Lot amont"",""Orb"",""Truyère"",""La Baye et ses affluents"",""Le Viaur aval réalimenté"",""La Serène et ses affluents"",""Lot domanial amont"",""Affluents rive droite du Tarn médian"",""Hérault"",""Le Viaur amont réalimenté"",""La Seye et ses affluents"",""Tarn médian"",""Le Viaur non réalimenté et les affluents du Viaur"",""L'Alzou et ses affluents"",""L'Aveyron médian et son bassin"",""Diège"",""Tarn amont"",""Rance"",""Dourdou de Camares aval et Sorgues"",""Lot amont""]",
30147,ACI bassin ariégeois 2023_06_ACI,2023-06-16,2024-07-08,abroge,,"[""31"",""11"",""09""]",https://regleau.s3.gra.perf.cloud.ovh.net//arrete-cadre/30147/Arre%CC%82te%CC%81%20cadre%20interde%CC%81partemental%20du%2016%20juin%202023-%20bassin%20versant%20Ariegeois.pdf,"[10086,10634,10635,10629,10088,9921,10630,10621,9922,10087,10627,8463,10624,10616,10084,10622,10617,10631,10619,10626,10085,10625,10618,10089,9920,10091,10632,10623,10090,10620,10628,9923,10633]","[""SOU"",""SUP"",""SUP"",""SUP"",""SOU"",""SUP"",""SUP"",""SUP"",""SUP"",""SOU"",""SUP"",""SUP"",""SUP"",""SUP"",""SOU"",""SUP"",""SUP"",""SUP"",""SUP"",""SUP"",""SOU"",""SUP"",""SUP"",""SOU"",""SUP"",""SOU"",""SUP"",""SUP"",""SOU"",""SUP"",""SUP"",""SUP"",""SUP""]","[""3"",""76_09_0019"",""76_09_0020"",""76_09_0014"",""5"",""76_31_11"",""76_09_0015"",""76_09_0006"",""76_31_12"",""4"",""76_09_0012"",""76_11_0003"",""76_09_0009"",""76_09_0001"",""1"",""76_09_0007"",""76_09_0002"",""76_09_0016"",""76_09_0004"",""76_09_0011"",""2"",""76_09_0010"",""76_09_0003"",""6"",""76_31_10"",""8"",""76_09_0017"",""76_09_0008"",""7"",""76_09_0005"",""76_09_0013"",""76_31_14"",""76_09_0018""]","[""FRFG043B - Molasses du bassin de la Garonne - Sud Toulousain"",""BV_Aude"",""BV_Garonne"",""BV_Arize_Aval"",""FRFG049A - Terrains plissés du bassin versant de la Garonne - partie Est"",""Hers-Vif"",""BV_Volp"",""BV_Malegoude"",""Ariège"",""FRFG048 - Terrains plissés du bassin versant de l'Ariège"",""BV_Lèze"",""Bassin versant de l'Hers Vif (y compris Vixiège)"",""BV_Sios"",""BV_Hers_Amont"",""FRFG019 - Alluvions de l'Ariège et de l'Hers Vif"",""BV_Bessous"",""BV_Hers_Aval"",""BV_Lens"",""BV_Countirou"",""BV_Arnave"",""FRFG043A - Molasses du bassin de la Garonne - Terrefort de l'Ariège"",""BV_Arget"",""BV_Touyre"",""FRFG049B - Terrains plissés du bassin versant de la Garonne - partie Ouest"",""Lèze"",""FRFG086 - Alluvions de la Garonne amont, de la Neste et du Salat"",""BV_Salat"",""BV_Ariege"",""FRFG053 - Calcaires du pays de Sault dans le bassin versant de l'Ariège"",""BV_Douctouyre"",""BV_Arize_Amont"",""Bassin de l'Arize"",""BV_Lez""]","[null,null,null,null,null,1406,null,null,626,null,null,null,null,null,null,null,null,null,null,null,null,null,null,null,625,null,null,null,null,null,null,1407,null]"
30279,Aude_ACI bassin ariégeois 2023_06_ACI,2023-06-16,2024-07-08,abroge,,11,https://regleau.s3.gra.perf.cloud.ovh.net//arrete-cadre/30279/Arre%CC%82te%CC%81%20cadre%20interde%CC%81partemental%20du%2016%20juin%202023-%20bassin%20versant%20Ariegeois.pdf,"[12161,12160,12147]","[""SOU"",""SUP"",""SUP""]","[""76_11_0019"",""76_11_0018"",""76_11_0003""]","[""Nappe « déconnectée » de l'Hers-Vif"",""L'hers-vif realimenté"",""L'Hers-vif non réalimenté et autres affluents""]","[1133,1132,1651]"
30226,85_AP_ACIS_SEVRE_NANTAISE_V2,2023-06-19,2023-07-30,abroge,85,"[""49"",""79"",""44"",""85""]",https://regleau.s3.gra.perf.cloud.ovh.net//arrete-cadre/30226/ACI_Sevre%20Nantaise_2021.pdf,"[11737,11745,9416,9408,10570,11740,9439,10569,10589,9685,11738,9431,9710,9684,11739,9686]","[""SUP"",""SOU"",""SUP"",""SUP"",""SUP"",""SUP"",""SOU"",""SUP"",""SOU"",""SUP"",""SUP"",""SOU"",""SOU"",""SUP"",""SUP"",""SUP""]","[""52_44_SNaSup1"",""52_44_SNaSout1"",""75_79_SNaSup"",""75_79_MoiSup"",""52_85_000002"",""52_44_SNaSup4"",""75_79_SNaSou"",""52_85_000001"",""52_85_0006"",""52_49_15"",""52_44_SNaSup2"",""75_79_MoSout"",""52_49_17"",""52_49_14"",""52_44_SNaSup3"",""52_49_16""]","[""Bassin de la Sèvre Nantaise"",""Bassin Sèvre Nantaise\npour les usages de l'eau souterraine"",""Sèvre Nantaise - eaux superficielles"",""Moine - eaux superficielles"",""Maines"",""Bassin de la Maine"",""Sèvre Nantaise - eaux souterraines"",""Sèvre Nantaise"",""Nappe de la Sèvre Nantaise"",""MOINE"",""Bassin de la Moine"",""Moine - eaux souterraines"",""Sevre-Nantaise"",""SEVRE NANTAISE"",""Bassin de la Sanguèze"",""SANGUEZE""]","[952,959,1258,519,442,955,1271,441,474,1294,953,536,411,1293,954,1295]"
30223,Provisoire ACI_BV_TARN_160608_V3,2023-06-19,2023-07-18,abroge,,81,https://regleau.s3.gra.perf.cloud.ovh.net/arrete-cadre/30223/AC_BV+Tarn+2016.pdf,"[11779,11795,11766,11781,11770,11771,11774,5830,11767,5822,11790,11780,11787,11786,11784,11777,5820,5827,11759,11772,11796,11773,5839,11785,11789,11783,5838,11768,5823,5826,11782,11778,5836,5825,5835,11792,11763,11775,5821,11776,11769,5828,11788,5824,11793,5831,11762,11761,11791,5832,11760,11765,5833,5837,11764,5834,5819,11794,5829]","[""SUP"",""SUP"",""SUP"",""SUP"",""SUP"",""SUP"",""SUP"",""SOU"",""SUP"",""SOU"",""SUP"",""SUP"",""SUP"",""SUP"",""SUP"",""SUP"",""SOU"",""SOU"",""SUP"",""SUP"",""SUP"",""SUP"",""SOU"",""SUP"",""SUP"",""SUP"",""SOU"",""SUP"",""SOU"",""SOU"",""SUP"",""SUP"",""SOU"",""SOU"",""SOU"",""SUP"",""SUP"",""SUP"",""SOU"",""SUP"",""SUP"",""SOU"",""SUP"",""SOU"",""SUP"",""SOU"",""SUP"",""SUP"",""SUP"",""SOU"",""SUP"",""SUP"",""SOU"",""SOU"",""SUP"",""SOU"",""SOU"",""SUP"",""SOU""]","[""76_81_0021"",""76_81_0037"",""76_81_0008"",""76_81_0023"",""76_81_0012"",""76_81_0013"",""76_81_0016"",""73_81_000012"",""76_81_0009"",""73_81_000004"",""76_81_0032"",""76_81_0022"",""76_81_0029"",""76_81_0028"",""76_81_0026"",""76_81_0019"",""73_81_000002"",""73_81_000009"",""76_81_0001"",""76_81_0014"",""76_81_0038"",""76_81_0015"",""73_81_000021"",""76_81_0027"",""76_81_0031"",""76_81_0025"",""73_81_000020"",""76_81_0010"",""73_81_000005"",""73_81_000008"",""76_81_0024"",""76_81_0020"",""73_81_000018"",""73_81_000007"",""73_81_000017"",""76_81_0034"",""76_81_0005"",""76_81_0017"",""73_81_000003"",""76_81_0018"",""76_81_0011"",""73_81_000010"",""76_81_0030"",""73_81_000006"",""76_81_0035"",""73_81_000013"",""76_81_0004"",""76_81_0003"",""76_81_0033"",""73_81_000014"",""76_81_0002"",""76_81_0007"",""73_81_000015"",""73_81_000019"",""76_81_0006"",""73_81_000016"",""73_81_000001"",""76_81_0036"",""73_81_000011""]","[""Bassin du Bagas"",""Affluents de l'Aveyron aval"",""Affluents de l'Agout moyen de la Raviège à la confluence avec le Thoré en excluant la Durenque"",""Bassin de l'Ardial (En Guibaud)"",""Le Thoré amont de sa source à la confluence avec l'Arn et tous les affluents du Thoré et l'Arn et ses affluents de sa source aux Saints-Peyres"",""Le Thoré aval de l'Arn à la confluence avec l'Agout et l'Arn en aval des Saints-Peyres"",""Le Sor de sa source au Cammazes et tous les affluents du Sor"",""DURENQUE"",""L'Agout moyen de la Raviège à la confluence avec le Thoré"",""TESCOU"",""Le Cérou de sa source à Saint-Géraud et tous les affluents du Cérou"",""Bassin du Bernazobre"",""Le Fresquel"",""Affluents de l'Aude médiane"",""Bassin de la Durenque"",""Bassin de l'Agros"",""CEROU"",""BAGAS"",""Le Tarn médian de la confluence de la Jonte à la confluence avec le Rance"",""Le Dadou aval de Rassisse à la confluence avec l'Agout"",""Le Viaur amont réalimenté"",""Le Dadou amont de sa source à Rassisse et tous les affluents du Dadou à l'exception de l'Agros et de l'Assou"",""LA RANCE"",""Bassin du Girou"",""La Vère en aval de Fourogue"",""Bassin du Rance"",""LE VIAUR"",""L'Agout aval du Thoré à la confluence avec le Tarn"",""TARN hors RANCE"",""DADOU hors ASSOU et AGROS"",""Bassin du Dourdou de Camares amont et Len"",""Bassin de l'Assou"",""LE RIEUMET"",""L'ASSOU (Le Nandou)"",""LE DOURDOU"",""Le Viaur aval réalimenté"",""Le Tarn aval de l'Agout à la confluence avec la Garonne"",""Le Sor des Cammazes à la confluence avec l'Agout"",""VERE"",""Le Tescou de sa source à la confluence avec le Tescounet, Tescounet de sa source au Thérondel et tous les affluents du Tescou et du Tescounet"",""Affluents de l'Agout en aval du Thoré à la confluence avec le Tarn en excluant le Thoré, le Sor, le Bagas, l'Ardial (En Guibaud) et le Dadou"",""AGOUT hors THORE BAGAS DURENQUE ENGUIBAUD"",""La Vère de sa source à Fourogue et tous les affluents de la Vère"",""L'AGROS"",""Affluents du Viaur"",""GIROU"",""Affluents du Tarn moyen du Rance à la confluence avec l'Agout"",""Le Tarn moyen du Rance à la confluence avec l'Agout"",""Le Cérou en aval de Saint-Géraud"",""SOR hors BERNAZOBRE"",""Affluents rive droite du Tarn médian de la confluence avec la Jonte à la confluence avec le Rance"",""L'Agout amont de sa source à la Raviège et ses affluents"",""LE BERNAZOBRE"",""LE LAMPY"",""Affluents du Tarn aval de l'Agout à la confluence avec la Garonne en excluant l'Agout et le Tescou"",""LE THORE"",""AVEYRON hors CEROU, VERE et VIAUR"",""L'Aveyron aval"",""L'EN GUIBAUD""]","[1584,1490,1471,1586,1475,1476,1479,1360,1472,145,1485,1585,1590,1589,1588,1583,143,1358,1464,1477,1491,1478,1362,974,1484,973,171,1473,146,151,1587,972,169,1357,1361,1487,1470,1480,144,1481,1474,155,1591,1355,1488,157,968,967,1486,158,1582,971,164,170,970,165,142,1489,1359]"
30300,ACI BASSIN DU LOT 2023-176,2023-06-20,2024-06-16,abroge,47,"[""15"",""47"",""46"",""82"",""12"",""48"",""24""]",https://regleau.s3.gra.perf.cloud.ovh.net/ArretesCadres/ACI_SS-Bassin-du-Lot_E-2023-176 + annexes du 20juin2023.pdf,"[11512,10949,8069,11522,10948,11574,11902,11898,12143,11500,11572,11583,12112,11506,11897,11602,11575,10947,11510,11567,11513,11585,11521,11571,11519,10946,11568,10945,11501,11509,11903,11900,11884,11508,11514,11499,11899,11613,11497,11582,14832,14812,14795,14794,14809,14823,14817,14819,14831,14810,14840,11896,14843,14830,14814,14821,14805,14845,14793]","[""SOU"",""SUP"",""SUP"",""SOU"",""SUP"",""SUP"",""SUP"",""SUP"",""SUP"",""SUP"",""SUP"",""SUP"",""SUP"",""SUP"",""SUP"",""SUP"",""SUP"",""SUP"",""SOU"",""SUP"",""SOU"",""SUP"",""SOU"",""SUP"",""SOU"",""SUP"",""SUP"",""SUP"",""SUP"",""SUP"",""SUP"",""SUP"",""SUP"",""SUP"",""SOU"",""SUP"",""SUP"",""SUP"",""SUP"",""SUP"",""SUP"",""SOU"",""SUP"",""SOU"",""SUP"",""SUP"",""SOU"",""SOU"",""SUP"",""SOU"",""SOU"",""SUP"",""SUP"",""SOU"",""SUP"",""SUP"",""SOU"",""SOU"",""SUP""]","[""84_15_0003"",""76_48_0005"",""76_82_51"",""84_15_0013"",""76_48_0004"",""72_47_2"",""76_46_41"",""76_46_33"",""75_24_0053"",""84_15_0004"",""72_47_18"",""72_47_28"",""75_24_0021"",""84_15_0010"",""76_46_31"",""72_47_45"",""72_47_20"",""76_48_0003"",""84_15_0001"",""72_47_13"",""84_15_0004"",""72_47_3"",""84_15_0012"",""72_47_17"",""84_15_0010"",""76_48_0002"",""72_47_14"",""76_48_0001"",""84_15_0005"",""84_15_0013"",""76_46_42"",""76_46_35"",""76_46_07"",""84_15_0012"",""84_15_0005"",""84_15_0003"",""76_46_34"",""72_47_9"",""84_15_0001"",""72_47_27"",""76_12_0002"",""76_12_0003a"",""76_12_0003a"",""76_12_0002"",""76_12_0003b"",""76_12_0001"",""76_12_0001"",""76_12_0003b"",""76_12_0008"",""76_12_0008"",""76_12_0007"",""76_46_30"",""76_12_0007"",""76_12_0006"",""76_12_0006"",""76_12_0005"",""76_12_0005"",""76_12_0004"",""76_12_0004""]","[""Ander_Margeride_sout"",""bassin du Bramont"",""Zone 51 - Bassin du Boudouyssou (Tancanne)"",""Veyre_sout"",""bassin du Lot"",""88_ZA47_bassin versant du Boudouyssou-Tancanne"",""Le Vers - La Rauze - La Sagne"",""Les affluents du Lot"",""Lède"",""Aubrac"",""93_ZA47_LE LOT"",""82_ZA47_bassin versant de la Thèze"",""Lémance"",""Riviere_Lot"",""Le Vert Aval - La Masse"",""93_ZA47_bassin versant du Lot aval"",""81_ZA47_La Lémance réalimentée"",""cours d'eau Colagne"",""Affluents_Lot_sout"",""80_ZA47_LA LEDE AVAL réalimentée"",""Aubrac_sout"",""81_ZA47_bassin versant de la Lémance"",""Truyere-aval_sout"",""88_ZA47_Le Boudouyssou réalimenté"",""Riviere_Lot_sout"",""bassin de la Colagne"",""93_ZA47_La Masse de Pujols réalimentée"",""bassin de la Truyère"",""Cele_hors_Veyre"",""Veyre"",""Les affluents du Célé"",""Le Célé"",""Le Vert Amont"",""Truyere-aval"",""Cele_hors_Veyre_sout"",""Ander_Margeride"",""La rivière Lot"",""93_ZA47_Le Salabert réalimenté"",""Affluents_Lot"",""80_ZA47_bassin versant de la Lède"",""Affluents du Lot amont"",""Affluents rive gauche Truyère"",""Affluents rive gauche Truyère"",""Affluents du Lot amont"",""Affluents rive droite Truyère"",""Lot amont et Truyère"",""Lot amont et Truyère"",""Affluents rive droite Truyère"",""Célé"",""Célé"",""Diège"",""La Thèze"",""Diège"",""Dourdou de Conques"",""Dourdou de Conques"",""Affluents du Lot domanial amont"",""Affluents du Lot domanial amont"",""Lot domanial amont"",""Lot domanial amont""]","[1525,1463,1371,1534,1462,1547,1605,1557,1649,1515,1545,1556,1114,1520,1028,897,1548,1461,1524,1539,1526,885,1533,1544,1531,1460,1541,1459,1516,1523,1029,1559,1595,1522,1527,879,1558,1576,878,1555,2084,2065,2052,2046,2062,2075,2069,2072,2085,2063,2094,1604,2096,2083,2067,2073,2058,2098,2051]"
30233,Bassin_Dive_Du_Nord_86-79-49_ACI_n°163_2022_V2,2023-06-20,2024-07-09,abroge,86,"[""86"",""79"",""49""]",https://regleau.s3.gra.perf.cloud.ovh.net//arrete-cadre/30233/ARRE%CC%82TE%CC%81%20CADRE%20INTERDE%CC%81PARTEMENTAL%20Dive%20du%20Nord.pdf,"[9422,8778,8750,8780,8779,8739,9680,8767,9399,8768,8777,8748,8751,8740,9709,8749,8776,8752]","[""SOU"",""SUP"",""SOU"",""SUP"",""SUP"",""SOU"",""SUP"",""SUP"",""SUP"",""SUP"",""SUP"",""SOU"",""SOU"",""SOU"",""SOU"",""SOU"",""SUP"",""SOU""]","[""75_79_4"",""75_86_0027"",""75_86_0027"",""75_86_0029"",""75_86_0028"",""75_86_0016"",""52_49_10"",""75_86_0016"",""75_79_4"",""75_86_0017"",""75_86_0026"",""75_86_0025"",""75_86_0028"",""75_86_0017"",""52_49_16"",""75_86_0026"",""75_86_0025"",""75_86_0029""]","[""Dive du Nord - eaux souterraines"",""Bassin de la Dive du Nord - secteur des sources de la Dive"",""Bassin de la Dive du Nord - secteur des sources de la Dive"",""Bassin de la Dive du Nord - secteur du Marais de la Dive"",""Bassin de la Dive du Nord - secteur de la Briande"",""Bassin de la Dive du Nord - secteur de La Grimaudière"",""DIVE DU NORD"",""Bassin de la Dive du Nord - secteur de La Grimaudière"",""Dive du Nord - eaux superficielles"",""Bassin de la Dive du Nord - secteur du Prepson"",""Bassin de la Dive du Nord - secteur de  la Dive canalisée"",""Bassin de la Dive du Nord - secteur de la Petite Maine"",""Bassin de la Dive du Nord - secteur de la Briande"",""Bassin de la Dive du Nord - secteur du Prepson"",""Dive du Nord"",""Bassin de la Dive du Nord - secteur de  la Dive canalisée"",""Bassin de la Dive du Nord - secteur de la Petite Maine"",""Bassin de la Dive du Nord - secteur du Marais de la Dive""]","[1264,1241,455,1242,352,343,1289,567,466,568,577,206,350,344,410,207,576,1233]"
30232,2023_Bassin_CLAIN_DDT86-16-79_ACI_n°156_2022_V2,2023-06-20,2024-07-09,abroge,86,"[""79"",""86"",""16""]",https://regleau.s3.gra.perf.cloud.ovh.net//arrete-cadre/30232/ARRE%CC%82TE%CC%81%20CADRE%20INTERDE%CC%81PARTEMENTAL%20n%C2%B0%20xxx%20en%20date%20du%20xx_xx_2021.pdf,"[8765,8781,8737,9423,8760,8733,8753,8763,8754,8734,9424,9426,9401,9403,9400,8736,9402,8764,9425,8762,9169,9170,8761,8735,8732,8782]","[""SUP"",""SUP"",""SOU"",""SOU"",""SUP"",""SOU"",""SOU"",""SUP"",""SOU"",""SOU"",""SOU"",""SOU"",""SUP"",""SUP"",""SUP"",""SOU"",""SUP"",""SUP"",""SOU"",""SUP"",""SUP"",""SUP"",""SUP"",""SOU"",""SOU"",""SUP""]","[""75_86_0014"",""75_86_0030"",""75_86_0014"",""75_79_5a1"",""75_86_0009"",""75_86_0010"",""75_86_0030"",""75_86_0012"",""75_86_0031"",""75_86_0011"",""75_79_5a2"",""75_79_5b"",""75_79_5a2"",""75_79_5b"",""75_79_5a1"",""75_86_0013"",""75_79_5a3"",""75_86_0013"",""75_79_5a3"",""75_86_0011"",""75_16_0041"",""75_16_0042"",""75_86_0010"",""75_86_0012"",""75_86_0009"",""75_86_0031""]","[""Bassin du Clain - sous bassin de la Dive du Sud et de la Bouleure"",""Bassin du Clain - sous bassin du Clain Aval"",""Bassin du Clain - sous bassin de la Dive du Sud et de la Bouleure"",""Auxance  - eaux souterraines"",""Bassin du Clain - sous bassin de l'Auxance"",""Bassin du Clain - sous bassin de la Clouère"",""Bassin du Clain - sous bassin du Clain Aval"",""Bassin du Clain - sous bassin de la Vonne"",""Bassin du Clain - sous bassin du Clain Amont"",""Bassin du Clain - sous bassin de la Pallu"",""Boivre  - eaux souterraines"",""Dive du Sud - eaux souterraines"",""Boivre - eaux superficielles"",""Dive du Sud - eaux superficielles"",""Auxance - eaux superficielles"",""Bassin du Clain - sous bassin de la Boivre"",""Vonne - eaux superficielles"",""Bassin du Clain - sous bassin de la Boivre"",""Vonne - eaux souterraines"",""Bassin du Clain - sous bassin de la Pallu"",""OUGC Clain /  Zone d'alerte : Clain-Amont"",""OUGC Clain /  Zone d'alerte : Clouère"",""Bassin du Clain - sous bassin de la Clouère"",""Bassin du Clain - sous bassin de la Vonne"",""Bassin du Clain - sous bassin de l'Auxance"",""Bassin du Clain - sous bassin du Clain Amont""]","[460,1243,325,1265,351,321,1234,458,1235,322,396,526,196,480,467,324,479,459,525,457,393,1252,1240,323,320,1244]"
30413,Aude DDTM-SEMA-2023-0116_Crise1,2023-06-22,2024-07-10,abroge,,11,https://regleau.s3.gra.perf.cloud.ovh.net/arrete-cadre/30413/AP_SIGNE_Annexe.pdf,"[12160,12145,12148,12149,12157,12150,12163,12162,12159,12156,12155,12151,12152,12153,12154,12161,12147,12158,12146]","[""SUP"",""SUP"",""SUP"",""SUP"",""SUP"",""SUP"",""SOU"",""SOU"",""SUP"",""SUP"",""SUP"",""SUP"",""SUP"",""SUP"",""SUP"",""SOU"",""SUP"",""SUP"",""SUP""]","[""76_11_0018"",""76_11_0001"",""76_11_0004"",""76_11_0005"",""76_11_0014"",""76_11_0006"",""76_11_0021"",""76_11_0020"",""76_11_0017"",""76_11_0013"",""76_11_0012"",""76_11_0007"",""76_11_0009"",""76_11_0010"",""76_11_0011"",""76_11_0019"",""76_11_0003"",""76_11_0016"",""76_11_0002""]","[""L'hers-vif realimenté"",""Secteur Aude amont (hors axe réalimenté)"",""Bassin versant de l'Hers Mort"",""Secteur Aude aval, Berre et Rieu"",""Bassin versant du Thoré"",""Secteur Argent-Double et affluents rive gauche de l'Aude sur ce secteur"",""Nappes Plioquaternaires du Roussilon"",""Nappe Astienne"",""Système Orb"",""Bassin versant du Fresquel"",""Axe réalimenté Aude médiane et aval et canal du Midi, y compris ses annexes (canal de Jonction, canal de la Robine)"",""Secteur Orbieu et affluents rive droite de l'Aude sur ce secteur"",""Secteur Orbiel et affluents rive gauche de l'Aude sur ce secteur"",""Secteur Cesse et affluents rive gauche de l'Aude sur ce secteur"",""Axe réalimenté Aude amont"",""Nappe « déconnectée » de l'Hers-Vif"",""L'Hers-vif non réalimenté et autres affluents"",""Bassin versant du Sor"",""Bassin versant de l'Agly""]","[1132,1798,1652,1800,1653,1801,1896,1874,1135,1807,1806,1802,1803,1804,1805,1133,1651,1134,1799]"
30270,Aude DDTM-SEMA-2023-0116,2023-06-22,2023-07-04,abroge,,11,https://regleau.s3.gra.perf.cloud.ovh.net//arrete-cadre/30270/AC_Aude.pdf,"[8461,8465,8470,8421,8466,8471,8462,8420,8467,8464,8468,8472,8469]","[""SUP"",""SUP"",""SUP"",""SOU"",""SUP"",""SUP"",""SUP"",""SOU"",""SUP"",""SUP"",""SUP"",""SUP"",""SUP""]","[""76_11_0001"",""76_11_0005"",""76_11_0011"",""76_11_02"",""76_11_0006"",""76_11_0012"",""76_11_0002"",""76_11_01"",""76_11_0007"",""76_11_0004"",""76_11_0009"",""76_11_0013"",""76_11_0010""]","[""Aude amont hors axe réalimenté"",""Aude aval -  Berre et Rieu - hors axe réalimenté et canaux VNF"",""Axe réalimenté Aude amont"",""Nappes plioquaternaires de la plaine du roussillon (partie dpt11)"",""Secteur Argent-Double/Ognon (partie dpt 11) et affluents rive gauche de l’Aude sur ce secteur"",""Axe réalimenté Aude médiane et aval et canaux VNF"",""Bassin versant de l'Agly (partie dpt11)"",""Nappe astienne (partie dpt11)"",""Secteur Orbieu et affluents rive droite de l’Aude sur ce secteur"",""Bassin versant de l'Hers Mort"",""Secteur Orbiel et affluents rive gauche de l’Aude sur ce secteur"",""Bassin versant du Fresquel"",""Cesse (partie dpt 11) et affluents rive gauche de l’Aude sur ce secteur""]",
30281,Aude DDTM-SEMA-2023-0116_Crise2,2023-06-22,2024-07-10,abroge,,11,https://regleau.s3.gra.perf.cloud.ovh.net/arrete-cadre/30281/AP_SIGNE_Annexe.pdf,"[12151,12146,12153,12159,12150,12149,12145,12148,12162,12156,12163,12155,12154,12152]","[""SUP"",""SUP"",""SUP"",""SUP"",""SUP"",""SUP"",""SUP"",""SUP"",""SOU"",""SUP"",""SOU"",""SUP"",""SUP"",""SUP""]","[""76_11_0007"",""76_11_0002"",""76_11_0010"",""76_11_0017"",""76_11_0006"",""76_11_0005"",""76_11_0001"",""76_11_0004"",""76_11_0020"",""76_11_0013"",""76_11_0021"",""76_11_0012"",""76_11_0011"",""76_11_0009""]","[""Secteur Orbieu et affluents rive droite de l'Aude sur ce secteur"",""Bassin versant de l'Agly"",""Secteur Cesse et affluents rive gauche de l'Aude sur ce secteur"",""Système Orb"",""Secteur Argent-Double et affluents rive gauche de l'Aude sur ce secteur"",""Secteur Aude aval, Berre et Rieu"",""Secteur Aude amont (hors axe réalimenté)"",""Bassin versant de l'Hers Mort"",""Nappe Astienne"",""Bassin versant du Fresquel"",""Nappes Plioquaternaires du Roussilon"",""Axe réalimenté Aude médiane et aval et canal du Midi, y compris ses annexes (canal de Jonction, canal de la Robine)"",""Axe réalimenté Aude amont"",""Secteur Orbiel et affluents rive gauche de l'Aude sur ce secteur""]","[1802,1799,1804,1135,1801,1800,1798,1652,1874,1807,1896,1806,1805,1803]"
30182,AP_DDT_SEN20230622_B27,2023-06-22,2024-07-23,abroge,,69,https://regleau.s3.gra.perf.cloud.ovh.net//arrete-cadre/30182/APC_DDTSEN20230622_B27.pdf,"[11101,11103,11100,11102,11108,11098]","[""SUP"",""SUP"",""SUP"",""SUP"",""SOU"",""SUP""]","[""84_69_0004"",""84_69_0006"",""84_69_0003"",""84_69_0005"",""84_69_0005"",""84_69_0001""]","[""ZONE 4"",""ZONE 6"",""ZONE 3"",""ZONE 5"",""ZONE 5 - ESO"",""ZONE 1""]","[552,554,551,553,559,549]"
30329,ACI_EL_DDTSEN20230622_B28_et_38-2023_06-22-00008,2023-06-22,2024-09-16,abroge,69,"[""38"",""69""]",https://regleau.s3.gra.perf.cloud.ovh.net//arrete-cadre/30329/AIC_EL_DDTSEN20230622_B28_et_38-2023_06-22-00008.pdf,"[11104,11110,12197,11106,12218,11109,11111,11105]","[""SUP"",""SOU"",""SUP"",""SUP"",""SOU"",""SOU"",""SOU"",""SUP""]","[""84_69_0007"",""84_69_0008"",""84_38_0007"",""84_69_0010"",""84_38_0027"",""84_69_0007"",""84_69_0010"",""84_69_0008""]","[""ZONE 7"",""ZONE 8 - ESO"",""Est-Lyonnais"",""ZONE 9"",""Nappes de l'Est Lyonnais"",""ZONE 7 - ESO"",""ZONE 9 - ESO"",""ZONE 8""]","[555,561,131,557,1926,560,562,556]"
30246,AP_DDT_SEN20230622_B28 et 38-2023_06_22-00008,2023-06-22,2023-07-12,abroge,,"[""69"",""38""]",https://regleau.s3.gra.perf.cloud.ovh.net//arrete-cadre/30246/AIC_EL_DDTSEN20230622_B28_et_38-2023_06-22-00008.pdf,"[11110,11105,11106,11109,11559,11533,11104,11111]","[""SOU"",""SUP"",""SUP"",""SOU"",""SOU"",""SUP"",""SUP"",""SOU""]","[""84_69_0008"",""84_69_0008"",""84_69_0010"",""84_69_0007"",""84_38_0027"",""84_38_0001"",""84_69_0007"",""84_69_0010""]","[""ZONE 8 - ESO"",""ZONE 8"",""ZONE 9"",""ZONE 7 - ESO"",""Nappes de l'Est Lyonnais"",""Est Lyonnais"",""ZONE 7"",""ZONE 9 - ESO""]","[561,556,557,560,null,null,555,562]"
30251,AP_DDT_SEN20230622_B28 et 38-2023_06_22-00008,2023-06-22,2023-07-18,abroge,,"[""38"",""69""]",https://regleau.s3.gra.perf.cloud.ovh.net//arrete-cadre/30251/AIC_EL_DDTSEN20230622_B28_et_38-2023_06-22-00008.pdf,"[11110,12218,11106,11109,11105,12197,11111,11104]","[""SOU"",""SOU"",""SUP"",""SOU"",""SUP"",""SUP"",""SOU"",""SUP""]","[""84_69_0008"",""84_38_0027"",""84_69_0010"",""84_69_0007"",""84_69_0008"",""84_38_0007"",""84_69_0010"",""84_69_0007""]","[""ZONE 8 - ESO"",""Nappes de l'Est Lyonnais"",""ZONE 9"",""ZONE 7 - ESO"",""ZONE 8"",""Est-Lyonnais"",""ZONE 9 - ESO"",""ZONE 7""]","[561,1926,557,560,556,131,562,555]"
30287,V2_AP_DDT_SEN20230622_B27,2023-06-22,2024-07-24,abroge,,69,https://regleau.s3.gra.perf.cloud.ovh.net//arrete-cadre/30287/APC_DDTSEN20230622_B27.pdf,"[11100,11102,11101,11108,11098,11103]","[""SUP"",""SUP"",""SUP"",""SOU"",""SUP"",""SUP""]","[""84_69_0003"",""84_69_0005"",""84_69_0004"",""84_69_0005"",""84_69_0001"",""84_69_0006""]","[""ZONE 3"",""ZONE 5"",""ZONE 4"",""ZONE 5 - ESO"",""ZONE 1"",""ZONE 6""]","[551,553,552,559,549,554]"
30165,Yvelines 78-2023-22-06-00002,2023-06-23,2024-07-02,abroge,,78,https://regleau.s3.gra.perf.cloud.ovh.net//arrete-cadre/30165/SE_ACA_78-2023-22-06-00002_AP_Cadre_RessourceEau_Yvelines.pdf,"[11943,11940,4325,11942,11941]","[""SUP"",""SUP"",""SOU"",""SUP"",""SUP""]","[""11_78_4"",""11_78_1"",""11_78_01"",""11_78_3"",""11_78_2""]","[""Zone Sud-Est"",""Zone Seine"",""Nappe de Beauce, secteur central"",""Zone Sud-Ouest"",""Zone Centre""]","[1062,1059,150,1061,1060]"
30479,2024_ACIS_vienne_amont,2023-06-23,2025-06-18,abroge,87,"[""87"",""19"",""23""]",https://regleau.s3.gra.perf.cloud.ovh.net/arrete-cadre/30479/ACIS_19-23-87vf_3%20signatures.pdf,"[11821,15144,15147,11812,11651,11640]","[""SOU"",""SOU"",""SUP"",""SUP"",""SOU"",""SUP""]","[""75_87_0001"","""","""",""75_87_0001"",""75_19_000011"",""75_19_000011""]","[""Bassin Vienne amont"",""Vienne"",""Vienne"",""Bassin Vienne amont"",""zone Vienne amont (19)"",""zone Vienne amont (19)""]","[983,2408,2411,980,516,917]"
30242,22-06-2023 ACI Garonne,2023-06-26,2024-06-09,abroge,31,"[""65"",""82"",""47"",""33"",""31""]",https://regleau.s3.gra.perf.cloud.ovh.net/ArretesCadres/20230626_ACiGaronne_signé_complet.pdf,"[8057,9926,8059,9938,9929,9939,10715,8058,11592,8056,9925,11720]","[""SUP"",""SUP"",""SUP"",""SUP"",""SUP"",""SUP"",""SUP"",""SUP"",""SUP"",""SUP"",""SUP"",""SUP""]","[""76_82_32"",""76_31_17"",""76_82_34"",""76_31_31"",""76_31_21"",""76_31_32"",""75_33_01"",""76_82_33"",""72_47_36"",""76_82_31"",""76_31_16"",""73_65_10""]","[""Zone 32 - Fleuve Garonne médiane"",""Garonne médiane"",""Zone 34 - Canal latéral + Montech + cours d'eau réalimentés"",""Secteur rive droite Garonne des petits cours d'eau non réalimentés non instrumentés"",""Garonne amont"",""Secteur rive gauche Garonne des petits cours d'eau non réalimentés non instrumentés"",""ZA Garonne aval"",""Zone 33 - Fleuve Garonne aval"",""62_ZA47_bassin versant de la Garonne amont"",""Zone 31 - Fleuve Garonne amont"",""Garonne aval"",""BV de l'Ourse-Garonne""]","[275,628,278,1409,630,1410,693,848,891,1365,627,1454]"
30107,Arrêté cadre n°2023-DDT49-SEEB-MTE-01,2023-06-26,2023-06-26,abroge,,49,https://regleau.s3.gra.perf.cloud.ovh.net//arrete-cadre/30107/230626_ArreteCadre49_signe.pdf,"[9679,9705,9708,9692,9711,9690,9713,9698,9704,9717,9697,9696,9716,9712,9699,9693,9687,9707,9715,9706,9688,9702,9683,9691,9703,9682,9689,9681,9695,9714,9694]","[""SUP"",""SOU"",""SOU"",""SUP"",""SOU"",""SUP"",""SOU"",""SUP"",""SOU"",""SOU"",""SUP"",""SUP"",""SOU"",""SOU"",""SUP"",""SUP"",""SUP"",""SOU"",""SOU"",""SOU"",""SUP"",""SOU"",""SUP"",""SUP"",""SOU"",""SUP"",""SUP"",""SUP"",""SUP"",""SOU"",""SUP""]","[""52_49_1"",""52_49_12"",""52_49_15"",""52_49_21"",""52_49_2"",""52_49_2"",""52_49_4"",""52_49_6"",""52_49_14"",""52_49_8"",""52_49_5"",""52_49_4"",""52_49_7"",""52_49_3"",""52_49_7"",""52_49_22"",""52_49_17"",""52_49_14"",""52_49_6"",""52_49_13"",""52_49_18"",""52_49_1"",""52_49_13"",""52_49_20"",""52_49_8"",""52_49_12"",""52_49_19"",""52_49_11"",""52_49_3"",""52_49_5"",""52_49_23""]","[""OUDON"",""Divatte"",""Aubance"",""ROMME"",""Mayenne"",""MAYENNE"",""Authion alluvions"",""COUASNON"",""Erdre"",""Layon"",""AUTHION"",""LOIR"",""Sud-Loire"",""Loir-Sarthe aval"",""LATHAN"",""ERDRE"",""EVRE"",""Erdre"",""Authion superieur"",""Romme Brionneau"",""THAU"",""Oudon"",""AUBANCE"",""LOIRE"",""Layon"",""HYROME"",""DIVATTE"",""LAYON"",""SARTHE"",""Authion moyen"",""BRIONNEAU""]","[1288,406,409,1301,412,1299,414,603,408,418,602,601,417,413,604,598,1296,408,416,407,1297,403,1292,1300,418,1291,1298,1290,600,415,599]"
30268,2023-DDT 57/SABE/EAU-N29,2023-06-26,2026-06-24,abroge,,57,https://regleau.s3.gra.perf.cloud.ovh.net/arrete-cadre/30268/AP+cadre_restriction+eau_n%C2%B029.pdf,"[4573,7327,7328,7325,7326]","[""SOU"",""SUP"",""SUP"",""SUP"",""SUP""]","[""41_57_01"",""44_57_03"",""44_57_04"",""44_57_01"",""44_57_02""]","[""zone non couverte par l'arrêté cadre"",""Lauter, Sauer, Moder et Zorn partie du département 57"",""Sarre partie du département 57"",""Moselle amont et Meurthe partie du département 57"",""Moselle aval, Orne, Nied et Seille partie du département 57""]","[18,58,132,48,50]"
30257,2023_ACIS_Vienne amont,2023-06-26,2024-07-01,abroge,87,"[""23"",""87"",""19""]",https://regleau.s3.gra.perf.cloud.ovh.net//arrete-cadre/30257/ACIS_19-23-87vf_3%20signatures.pdf,"[11812,11651,11821,12058,11640]","[""SUP"",""SOU"",""SOU"",""SUP"",""SUP""]","[""75_87_0001"",""75_19_000011"",""75_87_0001"",""75_23_00004"",""75_19_000011""]","[""Bassin Vienne amont"",""zone Vienne amont (19)"",""Bassin Vienne amont"",""Bassin versant de la Vienne en Creuse"",""zone Vienne amont (19)""]","[980,516,983,1101,917]"
30148,26-06-2023-arrete-cadre-HG,2023-06-26,2024-06-19,abroge,,31,https://regleau.s3.gra.perf.cloud.ovh.net//arrete-cadre/30148/20230626_Arr%C3%AAt%C3%A9%20cadre%20Haute-Garonne_signe.pdf,"[9915,9935,9923,9926,9914,9938,9931,9916,9927,9932,9934,9918,9924,9936,9930,9925,9937,9928,9921,9919,9939,9920,9922,9933,9917,9929]","[""SUP"",""SUP"",""SUP"",""SUP"",""SUP"",""SUP"",""SUP"",""SUP"",""SUP"",""SUP"",""SUP"",""SUP"",""SUP"",""SUP"",""SUP"",""SUP"",""SUP"",""SUP"",""SUP"",""SUP"",""SUP"",""SUP"",""SUP"",""SUP"",""SUP"",""SUP""]","[""76_31_03"",""76_31_28"",""76_31_14"",""76_31_17"",""76_31_01"",""76_31_31"",""76_31_23"",""76_31_05"",""76_31_18"",""76_31_24"",""76_31_26"",""76_31_07"",""76_31_15"",""76_31_29"",""76_31_22"",""76_31_16"",""76_31_30"",""76_31_19"",""76_31_11"",""76_31_09"",""76_31_32"",""76_31_10"",""76_31_12"",""76_31_25"",""76_31_06"",""76_31_21""]","[""Hers-Mort"",""Aussoue"",""Bassin de l'Arize"",""Garonne médiane"",""Girou réalimenté"",""Secteur rive droite Garonne des petits cours d'eau non réalimentés non instrumentés"",""Bassin de l'Arbas"",""Saune"",""Touch amont"",""Bassin du Ger"",""Système Neste"",""Tarn"",""Bassin du Volp"",""Système canal de Saint-Martory"",""Bassin du Salat"",""Garonne aval"",""Secteur sud du département des petits cours d'eau non réalimentés non instrumentés"",""Aussonnelle"",""Hers-Vif"",""Tescou"",""Secteur rive gauche Garonne des petits cours d'eau non réalimentés non instrumentés"",""Lèze"",""Ariège"",""Ruisseau de Maudan"",""Bassin du Sor"",""Garonne amont""]","[1402,1414,1407,628,1401,1409,1413,1404,629,632,637,624,1411,1415,631,627,1408,1412,1406,1386,1410,625,626,1395,623,630]"
30254,2023-DDT 57/SABE/EAU-N29,2023-06-26,2023-07-06,abroge,,57,https://regleau.s3.gra.perf.cloud.ovh.net/arrete-cadre/30254/AP+cadre_restriction+eau_n%C2%B029.pdf,"[7325,7326,7327,7328]","[""SUP"",""SUP"",""SUP"",""SUP""]","[""44_57_01"",""44_57_02"",""44_57_03"",""44_57_04""]","[""Moselle amont et Meurthe partie du département 57"",""Moselle aval, Orne, Nied et Seille partie du département 57"",""Lauter, Sauer, Moder et Zorn partie du département 57"",""Sarre partie du département 57""]","[48,50,58,132]"
30213,2023-ACD_Gartempe_Vienne_Aval,2023-06-26,2025-05-22,abroge,,87,https://regleau.s3.gra.perf.cloud.ovh.net//arrete-cadre/30213/APC-Gartempe-Vienneaval_signe.pdf,"[11822,11813]","[""SOU"",""SUP""]","[""75_87_0002"",""75_87_0002""]","[""Bassin Gartempe et Vienne aval"",""Bassin Gartempe et Vienne aval""]","[984,981]"
30283,ACI BV Dordogne - DDT/SEER/2023-001,2023-06-27,2024-06-10,abroge,,"[""46"",""47"",""24"",""19"",""23"",""63"",""16"",""33"",""17"",""15"",""87""]",https://regleau.s3.gra.perf.cloud.ovh.net//arrete-cadre/30283/ACI_sous-bassin-Dordogne_20230627_publieRAA_et_Annexes_1-3-4.pdf,"[11633,12118,11638,12114,12109,11890,9157,11818,12100,11647,12127,12095,12137,10030,11880,12110,12123,11878,10729,10129,12140,12103,12120,11630,11904,11502,10738,10029,11589,11879,9172,11650,11520,12094,12106,12101,12134,11829,11882,11639,11505,9154,12135,11646,9153,12107,11515,12098,11637,9158,10726,11881,11645,12138,11518,11755,10745,12131,12116,11632,11641,11644,11634,10749,11517,11828,10743,10130,11819,11648,11888,11636,9152,12129,12141,11635,11905,12122,11887,12096,12130,12102,12125,11820,12121,12099,10740,11906,12111,12093,11643,12128,11826,12133,11507,11893,11649,12119,12113,10746,12105,12059,11907,10748,11631,11817,12126,12108,10742,11642,11889,12136,11504,9156,11908,12139,10728,12115,11827]","[""SUP"",""SUP"",""SUP"",""SUP"",""SUP"",""SUP"",""SUP"",""SUP"",""SUP"",""SOU"",""SUP"",""SUP"",""SUP"",""SUP"",""SUP"",""SUP"",""SUP"",""SUP"",""SUP"",""SOU"",""SUP"",""SUP"",""SUP"",""SUP"",""SUP"",""SUP"",""SUP"",""SUP"",""SUP"",""SUP"",""SUP"",""SOU"",""SOU"",""SUP"",""SUP"",""SUP"",""SUP"",""SOU"",""SUP"",""SUP"",""SUP"",""SUP"",""SUP"",""SOU"",""SUP"",""SUP"",""SOU"",""SUP"",""SUP"",""SUP"",""SUP"",""SUP"",""SOU"",""SUP"",""SOU"",""SUP"",""SUP"",""SUP"",""SUP"",""SUP"",""SOU"",""SOU"",""SUP"",""SUP"",""SOU"",""SOU"",""SUP"",""SOU"",""SUP"",""SOU"",""SUP"",""SUP"",""SUP"",""SUP"",""SUP"",""SUP"",""SUP"",""SUP"",""SUP"",""SUP"",""SUP"",""SUP"",""SUP"",""SUP"",""SUP"",""SUP"",""SUP"",""SUP"",""SUP"",""SUP"",""SOU"",""SUP"",""SOU"",""SUP"",""SUP"",""SUP"",""SOU"",""SUP"",""SUP"",""SUP"",""SUP"",""SUP"",""SUP"",""SUP"",""SUP"",""SUP"",""SUP"",""SUP"",""SUP"",""SOU"",""SUP"",""SUP"",""SUP"",""SUP"",""SUP"",""SUP"",""SUP"",""SUP"",""SOU""]","[""75_19_000004"",""75_24_0027"",""75_19_000009"",""75_24_0023"",""75_24_0018"",""76_46_19"",""75_16_0015"",""75_87_0007"",""75_24_0009"",""75_19_000007"",""75_24_0036"",""75_24_0004"",""75_24_0047"",""75_17_14"",""76_46_03"",""75_24_0019"",""75_24_0032"",""76_46_01"",""75_33_16"",""75_17_13"",""75_24_0050"",""75_24_0012"",""75_24_0029"",""75_19_000001"",""76_46_43"",""84_15_0006"",""75_33_25"",""75_17_13"",""72_47_33"",""76_46_02"",""75_16_0044"",""75_19_000010"",""84_15_0011"",""75_24_0003"",""75_24_0015"",""75_24_0010"",""75_24_0044"",""75_87_0009"",""76_46_05"",""75_19_000010"",""84_15_0009"",""75_16_0012"",""75_24_0045"",""75_19_000006"",""75_16_0011"",""75_24_0016"",""84_15_0006"",""75_24_0007"",""75_19_000008"",""75_16_0016"",""75_33_13"",""76_46_04"",""75_19_000005"",""75_24_0048"",""84_15_0009"",""84_63_010"",""75_33_33"",""75_24_0040"",""75_24_0025"",""75_19_000003"",""75_19_000001"",""75_19_000004"",""75_19_000005"",""75_33_37"",""84_15_0008"",""75_87_0008"",""75_33_31"",""75_17_14"",""75_87_0008"",""75_19_000008"",""76_46_17"",""75_19_000007"",""75_16_0009"",""75_24_0038"",""75_24_0051"",""75_19_000006"",""76_46_44"",""75_24_0031"",""76_46_16"",""75_24_0005"",""75_24_0039"",""75_24_0011"",""75_24_0034"",""75_87_0009"",""75_24_0030"",""75_24_0008"",""75_33_27"",""76_46_45"",""75_24_0020"",""75_24_0002"",""75_19_000003"",""75_24_0037"",""75_87_0006"",""75_24_0042"",""84_15_0011"",""76_46_26"",""75_19_000009"",""75_24_0028"",""75_24_0022"",""75_33_34"",""75_24_0014"",""75_23_00005"",""76_46_46"",""75_33_36"",""75_19_000002"",""75_87_0006"",""75_24_0035"",""75_24_0017"",""75_33_29"",""75_19_000002"",""76_46_18"",""75_24_0046"",""84_15_0008"",""75_16_0014"",""76_46_47"",""75_24_0049"",""75_33_15"",""75_24_0024"",""75_87_0007""]","[""zone Dordogne des grands barrages amont (19)"",""Vézère - Cern"",""zone Vézère karstique (19)"",""Dronne - Boulou"",""Isle amont - Blâme"",""Le Tournefeuille"",""OUGC Isle-Dronne /  Zone d'alerte : Lary, Pousonne, Palais"",""Bassin Isle amont"",""Lizonne - Pude"",""zone Vézère cristalline amont (19)"",""Isle aval - Beauronne des Lèches"",""Isle - Isle moyenne"",""Dordogne amont - Germaine"",""Bassin de la Dronne aval"",""La Borrèze"",""Isle amont - Auvézère amont"",""Isle aval - Beauronne de St-Vincent"",""La Tourmente"",""ZA Isle aval"",""Bassin d'Isle bassin aval (Lary-Palais)"",""Dronne - Dronne Moyenne"",""Dordogne aval - Couze-Couzeau"",""Dronne - Euche"",""zone Auvézère (19)"",""Les affluents de la Dordogne ? Rive Droite"",""Cere"",""ZA Barbanne - Lavié - Palais"",""Bassin d'Isle bassin aval (Lary-Palais)"",""214_ZA47_Seignal"",""La Cère"",""OUGC Cogesteau /  Zone d'alerte : Argent-Or_Lizonne"",""rivière Dordogne (19)"",""Sumene_sout"",""Dordogne aval - Lidoire"",""Lizonne - Sauvanie"",""Dordogne aval - Estrop"",""Dordogne amont - Céou aval"",""Bassin Vézère"",""La Sourdoire"",""rivière Dordogne (19)"",""Rhue"",""OUGC Isle-Dronne /  Zone d'alerte : La Lizonne"",""Dordogne amont - Céou amont"",""zone Dordogne karstique (19)"",""OUGC Isle-Dronne /  Zone d'alerte : La Dronne"",""Isle amont - Loue"",""Cere_sout"",""Lizonne"",""zone Vézère cristalline aval (19)"",""OUGC Isle-Dronne /  Zone d'alerte : Le Voultron"",""ZA Dordogne aval confluence"",""Le Mamoul"",""zone Dordogne des grands barrages aval rive gauche (19)"",""Dordogne amont - Tournefeuille"",""Rhue_sout"",""DORDOGNE AMONT"",""ZA Isle aval confluence"",""Dronne - Dronne aval"",""Dordogne amont"",""zone Corrèze aval"",""zone Auvézère (19)"",""zone Dordogne des grands barrages amont (19)"",""zone Dordogne des grands barrages aval rive gauche (19)"",""ZA Engranne - Canaudonne"",""Maronne_sout"",""Bassin Auvézère"",""ZA Lidoire"",""Bassin de la Dronne aval"",""Bassin Auvézère"",""zone Vézère cristalline aval (19)"",""Le Tolerme"",""zone Vézère cristalline amont (19)"",""OUGC Isle-Dronne /  Zone d'alerte : L'Auzonne"",""Isle aval - Manoire"",""Vézère"",""zone Dordogne karstique (19)"",""Les affluents de la Dordogne ? Rive Gauche"",""Dordogne aval - Louyre"",""La Bave"",""Vézère - Beune"",""Isle aval - Beauronne de Chancelade"",""Dordogne amont - Borrèze"",""Dordogne aval - Caudeau"",""Bassin Vézère"",""Dordogne aval - Conne"",""Isle amont"",""ZA Gravouse - Durèze - Soulège"",""La Germaine - La Marcillande - Le Lizabel"",""Isle amont - Auvézère aval"",""Lizonne - Belle"",""zone Corrèze aval"",""Dordogne aval - Gardonnette"",""Bassin Dronne amont"",""Dordogne amont - Énéa"",""Sumene"",""La rivière Dordogne"",""zone Vézère karstique (19)"",""Isle aval - Crempse"",""Isle aval - Vern"",""ZA Dordogne aval"",""Dordogne aval - Eyraud"",""Bassin versant de la Dordogne en Creuse"",""Le Céou ? Le Bléou ? L?Ourajoux"",""ZA Fongaband - Langrane"",""zone Corrèze amont"",""Bassin Dronne amont"",""Vézère - Chironde - Coly"",""Dordogne amont - Nauze"",""ZA Gamage - Escouach"",""zone Corrèze amont"",""La Melve"",""Dordogne aval"",""Maronne"",""OUGC Isle-Dronne /  Zone d'alerte : La Tude"",""L?Alzou ? Le ruisseau d?Aynac ? L?Ouysse"",""Dronne - Dronne amont"",""ZA Dronne aval"",""Dordogne aval - Gravouse Seignal"",""Bassin Isle amont""]","[918,1627,923,1624,1622,1600,1379,1497,1616,1440,1631,1612,1129,null,1593,1112,1634,1592,704,null,1131,1618,1630,906,1030,1517,1426,null,889,1019,1380,1443,1532,1611,1620,1617,1645,985,1594,924,1519,881,1127,1439,370,1111,1528,1106,922,883,698,1508,1438,1646,1530,1581,1434,1125,1118,1577,925,1437,919,1458,1529,1504,1432,null,1498,1441,1540,921,880,1639,1647,920,1031,1632,1597,1614,1641,1109,1636,982,1625,1107,711,1606,1601,1610,1578,1633,1502,1644,1521,1025,1442,1628,1623,1436,1619,1102,1607,1452,907,1496,1637,1621,1431,926,1598,1128,1518,1378,1608,1130,703,1117,1503]"
30353,Copie de ACI BV Dordogne - DDT/SEER/2023-001,2023-06-27,2024-06-10,abroge,24,"[""47"",""24"",""16"",""87"",""23"",""46"",""33"",""17"",""63"",""15"",""19""]",https://regleau.s3.gra.perf.cloud.ovh.net//arrete-cadre/30353/ACI%20sous%20bassin%20Dordogne%20RAA.pdf,"[11817,11589,12111,11505,12133,11887,12130,11878,11908,11647,11650,12059,12103,9154,11638,11517,11632,11879,11631,10740,9172,12118,12108,12113,12138,12120,12116,11820,11906,10742,11633,12315,12114,12140,11644,12093,12107,12095,11649,12101,12106,10738,11905,12134,11828,12110,11888,12119,12109,10743,12135,12335,12129,10728,11643,12136,9157,11882,12100,12128,11637,12102,11518,12121,12314,9153,11502,9156,12123,11645,11630,11635,11881,11819,10746,12125,11639,12141,11520,11893,12115,11880,12334,9158,11755,10745,9152,10729,11636,11818,11904,11889,12099,12137,12094,11907,11826,12098,10726,11646,12126,11641,11648,11634,10749,12139,11890,11507,11515,12122,12096,12131,11827,12105,12127,11504,11829,11642,10748]","[""SUP"",""SUP"",""SUP"",""SUP"",""SUP"",""SUP"",""SUP"",""SUP"",""SUP"",""SOU"",""SOU"",""SUP"",""SUP"",""SUP"",""SUP"",""SOU"",""SUP"",""SUP"",""SUP"",""SUP"",""SUP"",""SUP"",""SUP"",""SUP"",""SUP"",""SUP"",""SUP"",""SUP"",""SUP"",""SUP"",""SUP"",""SUP"",""SUP"",""SUP"",""SOU"",""SUP"",""SUP"",""SUP"",""SOU"",""SUP"",""SUP"",""SUP"",""SUP"",""SUP"",""SOU"",""SUP"",""SUP"",""SUP"",""SUP"",""SUP"",""SUP"",""SOU"",""SUP"",""SUP"",""SOU"",""SUP"",""SUP"",""SUP"",""SUP"",""SUP"",""SUP"",""SUP"",""SOU"",""SUP"",""SUP"",""SUP"",""SUP"",""SUP"",""SUP"",""SOU"",""SUP"",""SUP"",""SUP"",""SUP"",""SUP"",""SUP"",""SUP"",""SUP"",""SOU"",""SUP"",""SUP"",""SUP"",""SOU"",""SUP"",""SUP"",""SUP"",""SUP"",""SUP"",""SUP"",""SUP"",""SUP"",""SUP"",""SUP"",""SUP"",""SUP"",""SUP"",""SOU"",""SUP"",""SUP"",""SOU"",""SUP"",""SOU"",""SOU"",""SUP"",""SUP"",""SUP"",""SUP"",""SUP"",""SOU"",""SUP"",""SUP"",""SUP"",""SOU"",""SUP"",""SUP"",""SUP"",""SOU"",""SOU"",""SUP""]","[""75_87_0006"",""72_47_33"",""75_24_0020"",""84_15_0009"",""75_24_0042"",""76_46_16"",""75_24_0039"",""76_46_01"",""76_46_47"",""75_19_000007"",""75_19_000010"",""75_23_00005"",""75_24_0012"",""75_16_0012"",""75_19_000009"",""84_15_0008"",""75_19_000003"",""76_46_02"",""75_19_000002"",""75_33_27"",""75_16_0044"",""75_24_0027"",""75_24_0017"",""75_24_0022"",""75_24_0048"",""75_24_0029"",""75_24_0025"",""75_87_0009"",""76_46_45"",""75_33_29"",""75_19_000004"",""75_17_14"",""75_24_0023"",""75_24_0050"",""75_19_000004"",""75_24_0002"",""75_24_0016"",""75_24_0004"",""75_19_000009"",""75_24_0010"",""75_24_0015"",""75_33_25"",""76_46_44"",""75_24_0044"",""75_87_0008"",""75_24_0019"",""76_46_17"",""75_24_0028"",""75_24_0018"",""75_33_31"",""75_24_0045"",""75_17_14"",""75_24_0038"",""75_33_15"",""75_19_000003"",""75_24_0046"",""75_16_0015"",""76_46_05"",""75_24_0009"",""75_24_0037"",""75_19_000008"",""75_24_0011"",""84_15_0009"",""75_24_0030"",""75_17_13"",""75_16_0011"",""84_15_0006"",""75_16_0014"",""75_24_0032"",""75_19_000005"",""75_19_000001"",""75_19_000006"",""76_46_04"",""75_87_0008"",""75_33_34"",""75_24_0034"",""75_19_000010"",""75_24_0051"",""84_15_0011"",""76_46_26"",""75_24_0024"",""76_46_03"",""75_17_13"",""75_16_0016"",""84_63_010"",""75_33_33"",""75_16_0009"",""75_33_16"",""75_19_000007"",""75_87_0007"",""76_46_43"",""76_46_18"",""75_24_0008"",""75_24_0047"",""75_24_0003"",""76_46_46"",""75_87_0006"",""75_24_0007"",""75_33_13"",""75_19_000006"",""75_24_0035"",""75_19_000001"",""75_19_000008"",""75_19_000005"",""75_33_37"",""75_24_0049"",""76_46_19"",""84_15_0011"",""84_15_0006"",""75_24_0031"",""75_24_0005"",""75_24_0040"",""75_87_0007"",""75_24_0014"",""75_24_0036"",""84_15_0008"",""75_87_0009"",""75_19_000002"",""75_33_36""]","[""Bassin Dronne amont"",""214_ZA47_Seignal"",""Isle amont - Auvézère aval"",""Rhue"",""Dordogne amont - Énéa"",""La Bave"",""Isle aval - Beauronne de Chancelade"",""La Tourmente"",""L?Alzou ? Le ruisseau d?Aynac ? L?Ouysse"",""zone Vézère cristalline amont (19)"",""rivière Dordogne (19)"",""Bassin versant de la Dordogne en Creuse"",""Dordogne aval - Couze-Couzeau"",""OUGC Isle-Dronne /  Zone d'alerte : La Lizonne"",""zone Vézère karstique (19)"",""Maronne_sout"",""zone Corrèze aval"",""La Cère"",""zone Corrèze amont"",""ZA Gravouse - Durèze - Soulège"",""OUGC Cogesteau /  Zone d'alerte : Argent-Or_Lizonne"",""Vézère - Cern"",""Dordogne amont - Nauze"",""Isle aval - Vern"",""Dordogne amont - Tournefeuille"",""Dronne - Euche"",""Dordogne amont"",""Bassin Vézère"",""La Germaine - La Marcillande - Le Lizabel"",""ZA Gamage - Escouach"",""zone Dordogne des grands barrages amont (19)"",""Bassin de la Dronne aval"",""Dronne - Boulou"",""Dronne - Dronne Moyenne"",""zone Dordogne des grands barrages amont (19)"",""Lizonne - Belle"",""Isle amont - Loue"",""Isle - Isle moyenne"",""zone Vézère karstique (19)"",""Dordogne aval - Estrop"",""Lizonne - Sauvanie"",""ZA Barbanne - Lavié - Palais"",""Les affluents de la Dordogne ? Rive Gauche"",""Dordogne amont - Céou aval"",""Bassin Auvézère"",""Isle amont - Auvézère amont"",""Le Tolerme"",""Isle aval - Crempse"",""Isle amont - Blâme"",""ZA Lidoire"",""Dordogne amont - Céou amont"",""Bassin de la Dronne aval"",""Isle aval - Manoire"",""ZA Dronne aval"",""zone Corrèze aval"",""Dordogne aval"",""OUGC Isle-Dronne /  Zone d'alerte : Lary, Pousonne, Palais"",""La Sourdoire"",""Lizonne - Pude"",""Dordogne aval - Gardonnette"",""zone Vézère cristalline aval (19)"",""Dordogne amont - Borrèze"",""Rhue_sout"",""Dordogne aval - Conne"",""Bassin d'Isle bassin aval (Lary-Palais)"",""OUGC Isle-Dronne /  Zone d'alerte : La Dronne"",""Cere"",""OUGC Isle-Dronne /  Zone d'alerte : La Tude"",""Isle aval - Beauronne de St-Vincent"",""zone Dordogne des grands barrages aval rive gauche (19)"",""zone Auvézère (19)"",""zone Dordogne karstique (19)"",""Le Mamoul"",""Bassin Auvézère"",""ZA Dordogne aval"",""Dordogne aval - Caudeau"",""rivière Dordogne (19)"",""Vézère"",""Sumene_sout"",""La rivière Dordogne"",""Dordogne aval - Gravouse Seignal"",""La Borrèze"",""Bassin d'Isle bassin aval (Lary-Palais)"",""OUGC Isle-Dronne /  Zone d'alerte : Le Voultron"",""DORDOGNE AMONT"",""ZA Isle aval confluence"",""OUGC Isle-Dronne /  Zone d'alerte : L'Auzonne"",""ZA Isle aval"",""zone Vézère cristalline amont (19)"",""Bassin Isle amont"",""Les affluents de la Dordogne ? Rive Droite"",""La Melve"",""Isle amont"",""Dordogne amont - Germaine"",""Dordogne aval - Lidoire"",""Le Céou ? Le Bléou ? L?Ourajoux"",""Bassin Dronne amont"",""Lizonne"",""ZA Dordogne aval confluence"",""zone Dordogne karstique (19)"",""Vézère - Chironde - Coly"",""zone Auvézère (19)"",""zone Vézère cristalline aval (19)"",""zone Dordogne des grands barrages aval rive gauche (19)"",""ZA Engranne - Canaudonne"",""Dronne - Dronne amont"",""Le Tournefeuille"",""Sumene"",""Cere_sout"",""Dordogne aval - Louyre"",""Vézère - Beune"",""Dronne - Dronne aval"",""Bassin Isle amont"",""Dordogne aval - Eyraud"",""Isle aval - Beauronne des Lèches"",""Maronne"",""Bassin Vézère"",""zone Corrèze amont"",""ZA Fongaband - Langrane""]","[1496,889,1601,1519,1644,1597,1641,1592,1608,1440,1443,1102,1618,881,923,1529,1577,1019,907,711,1380,1627,1621,1623,1646,1630,1118,982,1606,1431,918,1715,1624,1131,1437,1610,1111,1612,1442,1617,1620,1426,1031,1645,1504,1112,1540,1628,1622,1432,1127,1725,1639,703,1578,1128,1379,1594,1616,1633,922,1109,1530,1625,1714,370,1517,1378,1634,1438,906,920,1508,1498,1436,1636,924,1647,1532,1025,1117,1593,1724,883,1581,1434,880,704,921,1497,1030,1598,1107,1129,1611,1607,1502,1106,698,1439,1637,925,1441,919,1458,1130,1600,1521,1528,1632,1614,1125,1503,1619,1631,1518,985,926,1452]"
30273,2023_001,2023-06-27,2025-06-25,abroge,,14,https://regleau.s3.gra.perf.cloud.ovh.net//arrete-cadre/30273/Ap_ACS_27_06_2023_signe.pdf,"[12000,11999,12005,12006,12003,11994,11997,11995,12002,11998,11993,11996,12001,12004]","[""SOU"",""SUP"",""SOU"",""SOU"",""SOU"",""SUP"",""SUP"",""SUP"",""SOU"",""SUP"",""SUP"",""SUP"",""SOU"",""SOU""]","[""28_14_0101"",""28_14_0007"",""28_14_0106"",""28_14_0107"",""28_14_0104"",""28_14_0002"",""28_14_0005"",""28_14_0003"",""28_14_0103"",""28_14_0006"",""28_14_0001"",""28_14_0004"",""28_14_0102"",""28_14_0105""]","[""Secteur Bessin - ESO"",""Secteur Virois - ESU"",""Secteur Touques - ESO"",""Secteur Virois - ESO"",""Secteur Orne Aval - ESO"",""Secteur Dives Amont - ESU"",""Secteur Orne Moyenne - ESU"",""Secteur Dives Aval - ESU"",""Secteur Dives Aval - ESO"",""Secteur Touques - ESU"",""Secteur Bessin - ESU"",""Secteur Orne Aval - ESU"",""Secteur Dives Amont - ESO"",""Secteur Orne Moyenne - ESO""]","[1091,1090,1096,1097,1094,1085,1088,1086,1093,1089,1084,1087,1092,1095]"
30384,Gironde - ACI BV Dordogne - DDT/SEER/2023-001,2023-06-27,2024-06-10,abroge,,33,https://regleau.s3.gra.perf.cloud.ovh.net//arrete-cadre/30384/ACI%20sous%20bassin%20Dordogne%20RAA.pdf,"[10742,10719,10746,10740,10745,10748,10728,10738,10749,10743,10729]","[""SUP"",""SUP"",""SUP"",""SUP"",""SUP"",""SUP"",""SUP"",""SUP"",""SUP"",""SUP"",""SUP""]","[""75_33_29"",""75_33_06"",""75_33_34"",""75_33_27"",""75_33_33"",""75_33_36"",""75_33_15"",""75_33_25"",""75_33_37"",""75_33_31"",""75_33_16""]","[""ZA Gamage - Escouach"",""ZA Saye - Meudon - Lary"",""ZA Dordogne aval"",""ZA Gravouse - Durèze - Soulège"",""ZA Isle aval confluence"",""ZA Fongaband - Langrane"",""ZA Dronne aval"",""ZA Barbanne - Lavié - Palais"",""ZA Engranne - Canaudonne"",""ZA Lidoire"",""ZA Isle aval""]","[1431,1417,1436,711,1434,1452,703,1426,1458,1432,704]"
30412,AC n°2023-DDT49-SEEB-MTE-01,2023-06-27,2023-06-27,abroge,,49,https://regleau.s3.gra.perf.cloud.ovh.net/arrete-cadre/30412/230626_ArreteCadre49_signe.pdf,"[14719,9717,9699,9716,9715,9698,9697,9714,9713,9696,9712,9695,9694,9693,9692,9691,9690,9711,9689,9688,9687,9707,9706,9683,9682,9705,14717,9681,14718,9702,9679]","[""SOU"",""SOU"",""SUP"",""SOU"",""SOU"",""SUP"",""SUP"",""SOU"",""SOU"",""SUP"",""SOU"",""SUP"",""SUP"",""SUP"",""SUP"",""SUP"",""SUP"",""SOU"",""SUP"",""SUP"",""SUP"",""SOU"",""SOU"",""SUP"",""SUP"",""SOU"",""SOU"",""SUP"",""SOU"",""SOU"",""SUP""]","[""52_49_9"",""52_49_8"",""52_49_7"",""52_49_7"",""52_49_6"",""52_49_6"",""52_49_5"",""52_49_5"",""52_49_4"",""52_49_4"",""52_49_3"",""52_49_3"",""52_49_23"",""52_49_22"",""52_49_21"",""52_49_20"",""52_49_2"",""52_49_2"",""52_49_19"",""52_49_18"",""52_49_17"",""52_49_14"",""52_49_13"",""52_49_13"",""52_49_12"",""52_49_12"",""52_49_11"",""52_49_11"",""52_49_10"",""52_49_1"",""52_49_1""]","[""Aubance"",""Layon"",""LATHAN"",""Sud-Loire"",""Authion superieur"",""COUASNON"",""AUTHION"",""Authion moyen"",""Authion alluvions"",""LOIR"",""Loir-Sarthe aval"",""SARTHE"",""BRIONNEAU"",""ERDRE"",""ROMME"",""LOIRE"",""MAYENNE"",""Mayenne"",""DIVATTE"",""THAU"",""EVRE"",""Erdre"",""Romme Brionneau"",""AUBANCE"",""HYROME"",""Divatte"",""Alluvions de la Loire-Thau"",""LAYON"",""Evre"",""Oudon"",""OUDON""]","[2038,418,604,417,416,603,602,415,414,601,413,600,599,598,1301,1300,1299,412,1298,1297,1296,408,407,1292,1291,406,2036,1290,2037,403,1288]"
30469,n°2023/06/20-086 modifié par n°2024/06/17-119,2023-06-28,null,publie,,33,https://regleau.s3.gra.perf.cloud.ovh.net/arrete-cadre/30469/ACD-modifi%C3%83%C2%A9-par-AP-2-07-24.pdf,"[15687,15683,15708,15707,15709,15682,15693,15699,15686,15697,15696,15685,15692,15706,15695,15684,15702,15691,15704,15703]","[""SUP"",""SUP"",""SUP"",""SUP"",""SUP"",""SUP"",""SUP"",""SUP"",""SUP"",""SUP"",""SUP"",""SUP"",""SUP"",""SUP"",""SUP"",""SUP"",""SUP"",""SUP"",""SUP"",""SUP""]","[""75_33_2"",""75_33_20"",""75_33_21"",""75_33_22"",""75_33_18"",""75_33_19"",""75_33_5"",""75_33_8"",""75_33_10"",""75_33_11"",""75_33_12"",""75_33_7"",""75_33_23"",""75_33_24"",""75_33_26"",""75_33_13"",""75_33_28"",""75_33_3"",""75_33_32"",""75_33_33""]","[""ZA Côtiers Est bassin d’Arcachon"",""ZA Leyre aval"",""ZA Bassanne, Brion, Beuve"",""ZA Jalle de Castelnau"",""ZA Saucats"",""ZA Chenal du Gua – Deyre"",""ZA Lisos"",""ZA Pimpine"",""ZA Livenne"",""ZA DDT47"",""ZA Virvée-Moron"",""ZA Ciron"",""ZA des Lacs Médocains"",""ZA Gaillardon – Euille"",""ZA Laurina – Jalle de Ludon"",""ZA Dordogne aval confluence"",""ZA Laurence"",""ZA Côtiers sud Bassin d’Arachon"",""ZA Jalle de Blanquefort"",""ZA Isle aval confluence""]","[2951,2947,2972,2971,2973,2946,2957,2963,2950,2961,2960,2949,2956,2970,2959,2948,2966,2955,2968,2967]"
30227,Gironde-ACD-2023,2023-06-28,2023-08-01,abroge,,33,https://regleau.s3.gra.perf.cloud.ovh.net//arrete-cadre/30227/ACD33-version-signe%CC%81e-28-06-2023.pdf,"[10749,10720,4563,10741,10736,10734,10725,10721,10718,10717,10731,10732,10739,10735,10727,10744,10716,10726,10737,10723,10733]","[""SUP"",""SUP"",""SOU"",""SUP"",""SUP"",""SUP"",""SUP"",""SUP"",""SUP"",""SUP"",""SUP"",""SUP"",""SUP"",""SUP"",""SUP"",""SUP"",""SUP"",""SUP"",""SUP"",""SUP"",""SUP""]","[""75_33_37"",""75_33_07"",""72_33_01"",""75_33_28"",""75_33_23"",""75_33_21"",""75_33_12"",""75_33_08"",""75_33_05"",""75_33_03"",""75_33_18"",""75_33_19"",""75_33_26"",""75_33_22"",""75_33_14"",""75_33_32"",""75_33_02"",""75_33_13"",""75_33_24"",""75_33_10"",""75_33_20""]","[""ZA Engranne - Canaudonne"",""ZA Ciron"",""zone non couverte par l'arrêté cadre"",""ZA Laurence"",""ZA des Lacs Médocains"",""ZA Bassanne, Brion, Beuve"",""ZA Virvée-Moron"",""ZA Pimpine"",""ZA Lisos"",""ZA Côtiers sud Bassin d'Arachon"",""ZA Saucats"",""ZA Chenal du Gua - Deyre"",""ZA Laurina - Jalle de Ludon"",""ZA Jalle de Castelnau"",""ZA Eau Blanche  - Eau Bourde"",""ZA Jalle de Blanquefort"",""ZA Côtiers Est bassin d'Arcachon"",""ZA Dordogne aval confluence"",""ZA Gaillardon - Euille"",""ZA Livenne"",""ZA Leyre aval""]","[1458,1418,1354,1429,709,1422,1420,33,695,694,1421,706,1427,1423,742,1428,1416,698,1425,36,707]"
30282,Gironde-ACD-2023,2023-06-28,2024-07-02,abroge,,33,https://regleau.s3.gra.perf.cloud.ovh.net//arrete-cadre/30282/ACD33-version-sign%C3%A9e-28-06-2023.pdf,"[10725,10744,10737,10733,10735,10718,10731,10720,10716,10727,10734,10739,10726,10749,4563,10717,10723,10741,10732,10736,10721]","[""SUP"",""SUP"",""SUP"",""SUP"",""SUP"",""SUP"",""SUP"",""SUP"",""SUP"",""SUP"",""SUP"",""SUP"",""SUP"",""SUP"",""SOU"",""SUP"",""SUP"",""SUP"",""SUP"",""SUP"",""SUP""]","[""75_33_12"",""75_33_32"",""75_33_24"",""75_33_20"",""75_33_22"",""75_33_05"",""75_33_18"",""75_33_07"",""75_33_02"",""75_33_14"",""75_33_21"",""75_33_26"",""75_33_13"",""75_33_37"",""72_33_01"",""75_33_03"",""75_33_10"",""75_33_28"",""75_33_19"",""75_33_23"",""75_33_08""]","[""ZA Virvée-Moron"",""ZA Jalle de Blanquefort"",""ZA Gaillardon - Euille"",""ZA Leyre aval"",""ZA Jalle de Castelnau"",""ZA Lisos"",""ZA Saucats"",""ZA Ciron"",""ZA Côtiers Est bassin d'Arcachon"",""ZA Eau Blanche  - Eau Bourde"",""ZA Bassanne, Brion, Beuve"",""ZA Laurina - Jalle de Ludon"",""ZA Dordogne aval confluence"",""ZA Engranne - Canaudonne"",""zone non couverte par l'arrêté cadre"",""ZA Côtiers sud Bassin d'Arachon"",""ZA Livenne"",""ZA Laurence"",""ZA Chenal du Gua - Deyre"",""ZA des Lacs Médocains"",""ZA Pimpine""]","[1420,1428,1425,707,1423,695,1421,1418,1416,742,1422,1427,698,1458,1354,694,36,1429,706,709,33]"
30318,2023-970,2023-06-28,2025-12-31,abroge,,15,https://regleau.s3.gra.perf.cloud.ovh.net//arrete-cadre/30318/ACD_Alagnon_HautAllier_2023-06-28_Signe.pdf,"[11511,11503,11498,11516]","[""SOU"",""SUP"",""SUP"",""SOU""]","[""84_15_0002"",""84_15_0007"",""84_15_0002"",""84_15_0007""]","[""Alagnon_sout"",""Haut-Allier"",""Alagnon"",""Haut-Allier_sout""]","[876,875,874,877]"
30836,AC n°2023-DDT49-SEEB-MTE-01,2023-06-28,null,publie,,49,https://regleau.s3.gra.perf.cloud.ovh.net/arrete-cadre/30836/Arrete%20Cadre49_signe.pdf,"[9715,9717,9716,9699,9698,9697,9714,9713,9696,9712,9695,9694,9693,9692,9691,9711,9690,9689,9688,9687,9707,9706,9683,9682,9705,14717,9681,14718,9702,9679]","[""SOU"",""SOU"",""SOU"",""SUP"",""SUP"",""SUP"",""SOU"",""SOU"",""SUP"",""SOU"",""SUP"",""SUP"",""SUP"",""SUP"",""SUP"",""SOU"",""SUP"",""SUP"",""SUP"",""SUP"",""SOU"",""SOU"",""SUP"",""SUP"",""SOU"",""SOU"",""SUP"",""SOU"",""SOU"",""SUP""]","[""52_49_6"",""52_49_8"",""52_49_7"",""52_49_7"",""52_49_6"",""52_49_5"",""52_49_5"",""52_49_4"",""52_49_4"",""52_49_3"",""52_49_3"",""52_49_23"",""52_49_22"",""52_49_21"",""52_49_20"",""52_49_2"",""52_49_2"",""52_49_19"",""52_49_18"",""52_49_17"",""52_49_14"",""52_49_13"",""52_49_13"",""52_49_12"",""52_49_12"",""52_49_11"",""52_49_11"",""52_49_10"",""52_49_1"",""52_49_1""]","[""Authion superieur"",""Layon"",""Sud-Loire"",""LATHAN"",""COUASNON"",""AUTHION"",""Authion moyen"",""Authion alluvions"",""LOIR"",""Loir-Sarthe aval"",""SARTHE"",""BRIONNEAU"",""ERDRE"",""ROMME"",""LOIRE"",""Mayenne"",""MAYENNE"",""DIVATTE"",""THAU"",""EVRE"",""Erdre"",""Romme Brionneau"",""AUBANCE"",""HYROME"",""Divatte"",""Alluvions de la Loire-Thau"",""LAYON"",""Evre"",""Oudon"",""OUDON""]","[416,418,417,604,603,602,415,414,601,413,600,599,598,1301,1300,412,1299,1298,1297,1296,408,407,1292,1291,406,2036,1290,2037,403,1288]"
30452,ACD Bassin de la Séoune 2023-182,2023-06-29,null,publie,,46,https://regleau.s3.gra.perf.cloud.ovh.net/arrete-cadre/30452/AP_E_2023_182_ACD_Seoune.pdf,"[15001,14979]","[""SUP"",""SOU""]",76_46_29,"[""La Séoune"",""La Séoune""]","[2221,2242]"
30333, ACD_39_RAA_39_2023_06_29_00003 et AP modificatif ,2023-06-29,2026-05-19,abroge,,39,https://regleau.s3.gra.perf.cloud.ovh.net/arrete-cadre/30333/Fusion_ACD2023_APmodificatif_Propluvia.pdf,"[12186,12188,12181,12183,12187,12182,12184,12185]","[""SOU"",""SOU"",""SUP"",""SUP"",""SOU"",""SUP"",""SUP"",""SOU""]","[""27_39_0002"",""27_39_0004"",""27_39_0001"",""27_39_0003"",""27_39_0003"",""27_39_0002"",""27_39_0004"",""27_39_0001""]","[""Seille"",""Haute chaîne"",""Nord Jura"",""Plateau calcaire"",""Plateau calcaire"",""Seille"",""Haute chaîne"",""Nord Jura""]","[1903,1905,1898,1900,1904,1899,1901,1902]"
30288,ACD_39_RAA_39_2023_06_29_00003,2023-06-29,2023-07-18,abroge,,39,https://regleau.s3.gra.perf.cloud.ovh.net/arrete-cadre/30288/Arr%C3%AAt%C3%A9Cadre_2023_sign%C3%A9.pdf,"[12186,12182,12185,12181,12184,12188,12183,12187]","[""SOU"",""SUP"",""SOU"",""SUP"",""SUP"",""SOU"",""SUP"",""SOU""]","[""27_39_0002"",""27_39_0002"",""27_39_0001"",""27_39_0001"",""27_39_0004"",""27_39_0004"",""27_39_0003"",""27_39_0003""]","[""Seille"",""Seille"",""Nord Jura"",""Nord Jura"",""Haute chaîne"",""Haute chaîne"",""Plateau calcaire"",""Plateau calcaire""]","[1903,1899,1902,1898,1901,1905,1900,1904]"
30308,ACD BASSIN DE LA SEOUNE 2023-182 - V2,2023-06-29,2023-06-29,abroge,,46,https://regleau.s3.gra.perf.cloud.ovh.net//arrete-cadre/30308/AP_E_2023_182_ACD_Seoune.pdf,11895,SUP,76_46_29,La Séoune,1603
30338,ACD BASSIN DE LA SEOUNE 2023-182 - V2,2023-06-29,2024-01-01,abroge,,46,https://regleau.s3.gra.perf.cloud.ovh.net//arrete-cadre/30338/AP_E_2023_182_ACD_Seoune%20%281%29.pdf,11895,SUP,76_46_29,La Séoune,1603
30312,ACD BASSIN DE LA SEOUNE 2023-182,2023-06-29,2024-01-01,abroge,,46,https://regleau.s3.gra.perf.cloud.ovh.net//arrete-cadre/30312/AP_E_2023_182_ACD_Seoune.pdf,11895,SUP,76_46_29,La Séoune,1603
30216,ACI_BV_TARN_2023,2023-06-30,2024-06-04,abroge,81,"[""12"",""31"",""11"",""34"",""81"",""48"",""30"",""82""]",https://regleau.s3.gra.perf.cloud.ovh.net//arrete-cadre/30216/230630_ARR_ACI_BV_Tarn_signe%CC%81.pdf,"[11444,11764,5829,9917,9919,11779,5837,8049,11778,11445,11780,12084,5836,8050,9938,8474,11775,9918,8046,11447,5821,5823,11769,8057,11453,5834,11784,11443,11761,11770,5835,5822,11762,11464,11760,8053,10950,11767,8047,8058,8473,11765,12089,11768,11763,10951,5838,11782,8052,11759,11766,11781,11773,11772,11448,11771,5832,11783,8056,8051,11446,10952,11776,11774,11777]","[""SUP"",""SUP"",""SOU"",""SUP"",""SUP"",""SUP"",""SOU"",""SUP"",""SUP"",""SUP"",""SUP"",""SUP"",""SOU"",""SUP"",""SUP"",""SUP"",""SUP"",""SUP"",""SUP"",""SUP"",""SOU"",""SOU"",""SUP"",""SUP"",""SUP"",""SOU"",""SUP"",""SUP"",""SUP"",""SUP"",""SOU"",""SOU"",""SUP"",""SOU"",""SUP"",""SUP"",""SUP"",""SUP"",""SUP"",""SUP"",""SUP"",""SUP"",""SUP"",""SUP"",""SUP"",""SUP"",""SOU"",""SUP"",""SUP"",""SUP"",""SUP"",""SUP"",""SUP"",""SUP"",""SUP"",""SUP"",""SOU"",""SUP"",""SUP"",""SUP"",""SUP"",""SUP"",""SUP"",""SUP"",""SUP""]","[""76_12_0023"",""76_81_0006"",""73_81_000011"",""76_31_06"",""76_31_09"",""76_81_0021"",""73_81_000019"",""76_82_21"",""76_81_0020"",""76_12_0024"",""76_81_0022"",""76_34_0012"",""73_81_000018"",""76_82_22"",""76_31_31"",""76_11_0016"",""76_81_0017"",""76_31_07"",""76_82_17"",""76_12_0026"",""73_81_000003"",""73_81_000005"",""76_81_0011"",""76_82_32"",""76_30_00002"",""73_81_000016"",""76_81_0026"",""76_12_0022"",""76_81_0003"",""76_81_0012"",""73_81_000017"",""73_81_000004"",""76_81_0004"",""76_30_00002"",""76_81_0002"",""76_82_25"",""76_48_0006"",""76_81_0009"",""76_82_18"",""76_82_33"",""76_11_0014"",""76_81_0007"",""76_34_0019"",""76_81_0010"",""76_81_0005"",""76_48_0007"",""73_81_000020"",""76_81_0024"",""76_82_24"",""76_81_0001"",""76_81_0008"",""76_81_0023"",""76_81_0015"",""76_81_0014"",""76_12_0027"",""76_81_0013"",""73_81_000014"",""76_81_0025"",""76_82_31"",""76_82_23"",""76_12_0025"",""76_48_0008"",""76_81_0018"",""76_81_0016"",""76_81_0019""]","[""Affluents rive droite du Tarn médian"",""Affluents du Tarn aval de l'Agout à la confluence avec la Garonne en excluant l'Agout et le Tescou"",""L'EN GUIBAUD"",""Bassin du Sor"",""Tescou"",""Bassin du Bagas"",""LE LAMPY"",""Zone 21 - Rivière Tarn"",""Bassin de l'Assou"",""Affluents rive gauche du Tarn médian"",""Bassin du Bernazobre"",""Bassin versant de l'Agout"",""LE RIEUMET"",""Zone 22 - Rivière Tescou réalimentée"",""Secteur rive droite Garonne des petits cours d'eau non réalimentés non instrumentés"",""bassin versant du Sor"",""Le Sor des Cammazes à la confluence avec l'Agout"",""Tarn"",""Zone 17 - Bassin de la Vère"",""Dourdou de Camares aval et Sorgues"",""VERE"",""TARN hors RANCE"",""Affluents de l'Agout en aval du Thoré à la confluence avec le Tarn en excluant le Thoré, le Sor, le Bagas, l'Ardial (En Guibaud) et le Dadou"",""Zone 32 - Fleuve Garonne médiane"",""Dourbie et Trevezel"",""LE THORE"",""Bassin de la Durenque"",""Tarn médian"",""Le Tarn moyen du Rance à la confluence avec l'Agout"",""Le Thoré amont de sa source à la confluence avec l'Arn et tous les affluents du Thoré et l'Arn et ses affluents de sa source aux Saints-Peyres"",""LE DOURDOU"",""TESCOU"",""Affluents du Tarn moyen du Rance à la confluence avec l'Agout"",""Dourbie et Trevezel (sout)"",""Affluents rive droite du Tarn médian de la confluence avec la Jonte à la confluence avec le Rance"",""Zone 25 - Bassin du Lemboulas aval"",""bassin du Tarn"",""L'Agout moyen de la Raviège à la confluence avec le Thoré"",""Zone 18 - Bassin du Viaur"",""Zone 33 - Fleuve Garonne aval"",""bassin versant du Thoré"",""L'Agout amont de sa source à la Raviège et ses affluents"",""Bassin versant du Thoré amont"",""L'Agout aval du Thoré à la confluence avec le Tarn"",""Le Tarn aval de l'Agout à la confluence avec la Garonne"",""bassin du Tarnon"",""LE VIAUR"",""Bassin du Dourdou de Camares amont et Len"",""Zone 24 - Bassin du Lemboulas amont"",""Le Tarn médian de la confluence de la Jonte à la confluence avec le Rance"",""Affluents de l'Agout moyen de la Raviège à la confluence avec le Thoré en excluant la Durenque"",""Bassin de l'Ardial (En Guibaud)"",""Le Dadou amont de sa source à Rassisse et tous les affluents du Dadou à l'exception de l'Agros et de l'Assou"",""Le Dadou aval de Rassisse à la confluence avec l'Agout"",""Rance"",""Le Thoré aval de l'Arn à la confluence avec l'Agout et l'Arn en aval des Saints-Peyres"",""SOR hors BERNAZOBRE"",""Bassin du Rance"",""Zone 31 - Fleuve Garonne amont"",""Zone 23 - Bassin du Tescou non réalimenté"",""Dourdou de Camares amont et Len"",""bassin de la Dourbie"",""Le Tescou de sa source à la confluence avec le Tescounet, Tescounet de sa source au Thérondel et tous les affluents du Tescou et du Tescounet"",""Le Sor de sa source au Cammazes et tous les affluents du Sor"",""Bassin de l'Agros""]","[null,970,1359,623,1386,1584,170,264,972,null,1585,1103,169,265,1409,null,1480,624,766,null,144,146,1474,275,1513,165,1588,null,967,1475,1361,145,968,1514,1582,768,775,1472,767,848,null,971,1104,1473,1470,776,171,1587,267,1464,1471,1586,1478,1477,null,1476,158,973,1365,266,null,777,1481,1479,1583]"
30339,V2_ACI Lemboulas-Barguelonne - 82-2023-06-30-00009,2023-06-30,2024-01-01,abroge,82,"[""82"",""46""]",https://regleau.s3.gra.perf.cloud.ovh.net//arrete-cadre/30339/aip-82-2023-06-30-00009_.pdf,"[8065,11891,11885,8052,8063,8062,8064,11892,11886,8053,11883,8054]","[""SUP"",""SUP"",""SUP"",""SUP"",""SUP"",""SUP"",""SUP"",""SUP"",""SUP"",""SUP"",""SUP"",""SUP""]","[""76_82_46"",""76_46_20"",""76_46_08"",""76_82_24"",""76_82_44"",""76_82_43"",""76_82_45"",""76_46_21"",""76_46_09"",""76_82_25"",""76_46_06"",""76_82_26""]","[""Zone 46 - Bassin de la Petite Barguelonne"",""Le Lemboulas"",""Le Lendou"",""Zone 24 - Bassin du Lemboulas amont"",""Zone 44 - Bassin de la Barguelonne aval"",""Zone 43 - Barguelonne amont"",""Zone 45 - Bassin du Lendou"",""La Lupte - Lembous"",""La Petite Barguelonne"",""Zone 25 - Bassin du Lemboulas aval"",""La Grande Barguelonne"",""Zone 26 - Bassin Lupte-Lembous""]","[1367,1024,1596,267,849,281,1366,1602,1022,768,1021,773]"
30302,ACI Lemboulas-Barguelonne - 82-2023-06-30-00009,2023-06-30,2024-01-01,abroge,82,"[""82"",""46""]",https://regleau.s3.gra.perf.cloud.ovh.net//arrete-cadre/30302/aip-82-2023-06-30-00009_.pdf,"[8065,8053,8064,8062,8063,8054,11891,11886,11892,8052,11883,11885]","[""SUP"",""SUP"",""SUP"",""SUP"",""SUP"",""SUP"",""SUP"",""SUP"",""SUP"",""SUP"",""SUP"",""SUP""]","[""76_82_46"",""76_82_25"",""76_82_45"",""76_82_43"",""76_82_44"",""76_82_26"",""76_46_20"",""76_46_09"",""76_46_21"",""76_82_24"",""76_46_06"",""76_46_08""]","[""Zone 46 - Bassin de la Petite Barguelonne"",""Zone 25 - Bassin du Lemboulas aval"",""Zone 45 - Bassin du Lendou"",""Zone 43 - Barguelonne amont"",""Zone 44 - Bassin de la Barguelonne aval"",""Zone 26 - Bassin Lupte-Lembous"",""Le Lemboulas"",""La Petite Barguelonne"",""La Lupte - Lembous"",""Zone 24 - Bassin du Lemboulas amont"",""La Grande Barguelonne"",""Le Lendou""]","[1367,768,1366,281,849,773,1024,1022,1602,267,1021,1596]"
30378,Aveyron_ACI BASSIN DU LOT 2023-176,2023-06-30,2024-06-07,abroge,,12,https://regleau.s3.gra.perf.cloud.ovh.net//arrete-cadre/30378/ACI%20Lot.pdf,"[12384,12386,12387,12388,12382,12383,12385,12381]","[""SUP"",""SUP"",""SUP"",""SUP"",""SUP"",""SUP"",""SUP"",""SUP""]","[""76_12_0004"",""76_12_0006"",""76_12_0007"",""76_12_0008"",""76_12_0002"",""76_12_0003"",""76_12_0005"",""76_12_0001""]","[""Lot domanial amont"",""Dourdou de Conques"",""Diège"",""Célé"",""Affluents du Lot amont"",""Truyère"",""Affluents du Lot domanial amont"",""Lot amont""]","[1706,1708,1731,1733,1704,1705,1707,1191]"
30375,Aveyron_ACI_BV_TARN_2023,2023-06-30,2024-06-07,abroge,,12,https://regleau.s3.gra.perf.cloud.ovh.net//arrete-cadre/30375/230630_ARR_ACI_BV_Tarn_signe%CC%81.pdf,"[12406,12404,12402,12405,12401,12403,12407]","[""SUP"",""SUP"",""SUP"",""SUP"",""SUP"",""SUP"",""SUP""]","[""76_12_0026"",""76_12_0024"",""76_12_0022"",""76_12_0025"",""76_12_0021"",""76_12_0023"",""76_12_0027""]","[""Dourdou de Camares aval et Sorgues"",""Affluents rive gauche du Tarn médian"",""Tarn médian"",""Dourdou de Camares amont et Len"",""Tarn amont"",""Affluents rive droite du Tarn médian"",""Rance""]","[1741,1739,1737,1740,1736,1738,1742]"
30280,Aude_ACI_BV_TARN_2023,2023-06-30,2024-06-13,abroge,,11,https://regleau.s3.gra.perf.cloud.ovh.net//arrete-cadre/30280/230630_ARR_ACI_BV_Tarn_signe%CC%81.pdf,"[12157,12158]","[""SUP"",""SUP""]","[""76_11_0014"",""76_11_0016""]","[""Bassin versant du Thoré"",""Bassin versant du Sor""]","[1653,1134]"
30476,ACI_BV_TARN_2023,2023-06-30,null,publie,81,"[""81"",""48"",""82"",""12"",""11"",""30"",""34"",""31""]",https://regleau.s3.gra.perf.cloud.ovh.net/arrete-cadre/30476/%C3%82%C2%A7_230630_ARR_ACI_BV_Tarn_sign%C3%83%C2%A9.pdf,"[16727,16729,15387,15366,15389,15403,15414,15417,15416,15373,15866,15855,15858,15873,15839,15846,15827,15879,15824,15838,15826,15853,15837,15833,15871,15850,15851,15893,15828,15880,15872,15896,15877,15842,15899,15864,15834,15870,15882,15840,15847,15862,15861,15863,15886,15874,15878,15829,15885,15875,15887,15859,15856,15892,15891,15841,15830,15890,15831,15876,15884,15895,15854,15825,15897,15844,15869,15832,15835,15843,15888,15883,15849,15894,15845,15881,15852,15865,15889,15857,15867,15836,15868,15898,15860,15848,15044,15048,15049,15032,15035,15029,14854,14856,15551,15560,15549,15548,11453,11464,14789,14835,14803,14802,14818,14822,14838,14841,14804,14826,14786,14811,14797,14801,16307,16300]","[""SOU"",""SOU"",""SOU"",""SOU"",""SOU"",""SOU"",""SUP"",""SUP"",""SUP"",""SUP"",""SOU"",""SUP"",""SUP"",""SOU"",""SUP"",""SOU"",""SOU"",""SUP"",""SOU"",""SUP"",""SOU"",""SUP"",""SUP"",""SOU"",""SOU"",""SUP"",""SUP"",""SOU"",""SOU"",""SUP"",""SOU"",""SUP"",""SUP"",""SOU"",""SUP"",""SOU"",""SUP"",""SOU"",""SUP"",""SOU"",""SUP"",""SOU"",""SOU"",""SUP"",""SUP"",""SOU"",""SUP"",""SOU"",""SUP"",""SOU"",""SOU"",""SUP"",""SUP"",""SOU"",""SOU"",""SUP"",""SUP"",""SOU"",""SUP"",""SOU"",""SUP"",""SOU"",""SUP"",""SOU"",""SUP"",""SOU"",""SOU"",""SUP"",""SUP"",""SOU"",""SOU"",""SUP"",""SUP"",""SOU"",""SOU"",""SUP"",""SUP"",""SOU"",""SOU"",""SUP"",""SOU"",""SUP"",""SOU"",""SUP"",""SOU"",""SUP"",""SUP"",""SUP"",""SUP"",""SOU"",""SOU"",""SOU"",""SUP"",""SUP"",""SUP"",""SUP"",""SUP"",""SUP"",""SUP"",""SOU"",""SOU"",""SUP"",""SUP"",""SOU"",""SUP"",""SOU"",""SOU"",""SUP"",""SUP"",""SOU"",""SOU"",""SUP"",""SUP"",""SOU"",""SUP"",""SUP""]","["""","""",""76_82_1037"",""76_82_1033"",""76_82_1032"",""76_82_1031"",""76_82_0037"",""76_82_0033"",""76_82_0032"",""76_82_0031"",""76_81_0038"",""76_81_0038"",""76_81_0037"",""76_81_0037"",""76_81_0036"",""76_81_0036"",""76_81_0035"",""76_81_0035"",""76_81_0034"",""76_81_0034"",""76_81_0033"",""76_81_0033"",""76_81_0032"",""76_81_0032"",""76_81_0031"",""76_81_0031"",""76_81_0030"",""76_81_0030"",""76_81_0029"",""76_81_0029"",""76_81_0028"",""76_81_0028"",""76_81_0027"",""76_81_0027"",""76_81_0026"",""76_81_0026"",""76_81_0025"",""76_81_0025"",""76_81_0024"",""76_81_0024"",""76_81_0023"",""76_81_0023"",""76_81_0022"",""76_81_0022"",""76_81_0021"",""76_81_0021"",""76_81_0020"",""76_81_0020"",""76_81_0019"",""76_81_0019"",""76_81_0018"",""76_81_0018"",""76_81_0017"",""76_81_0017"",""76_81_0016"",""76_81_0016"",""76_81_0015"",""76_81_0015"",""76_81_0014"",""76_81_0014"",""76_81_0013"",""76_81_0013"",""76_81_0012"",""76_81_0012"",""76_81_0011"",""76_81_0011"",""76_81_0010"",""76_81_0010"",""76_81_0009"",""76_81_0009"",""76_81_0008"",""76_81_0008"",""76_81_0007"",""76_81_0007"",""76_81_0006"",""76_81_0006"",""76_81_0005"",""76_81_0005"",""76_81_0004"",""76_81_0004"",""76_81_0003"",""76_81_0003"",""76_81_0002"",""76_81_0002"",""76_81_0001"",""76_81_0001"",""76_48_0008"",""76_48_0007"",""76_48_0006"","""","""","""",""76_34_0019"",""76_34_0012"",""76_31_31"",""76_31_09"",""76_31_07"",""76_31_06"",""76_30_00002"",""76_30_00002"",""76_12_0027"",""76_12_0027"",""76_12_0026"",""76_12_0026"",""76_12_0025"",""76_12_0025"",""76_12_0024"",""76_12_0024"",""76_12_0023"",""76_12_0023"",""76_12_0022"",""76_12_0022"",""76_12_0021"",""76_12_0021"",""76_11_0016"",""76_11_0014""]","[""18. Bassin versant du Thoré"",""19. Bassin versant du Sor"",""Part - Zone 37 - TARN AFFLUENTS"",""Part - Zone 33 - TESCOU NON REAL"",""Part - Zone 32 - TESCOU REAL"",""Part - Zone 31 - TARN + NAC"",""Zone 37 - TARN AFFLUENTS"",""Zone 33 - TESCOU NON REAL"",""Zone 32 - TESCOU REAL"",""Zone 31 - TARN + NAC"",""Le Viaur amont réalimenté"",""Le Viaur amont réalimenté"",""Affluents de l'Aveyron aval"",""Affluents de l'Aveyron aval"",""L'Aveyron aval"",""L'Aveyron aval"",""Affluents du Viaur"",""Affluents du Viaur"",""Le Viaur aval réalimenté"",""Le Viaur aval réalimenté"",""Le Cérou en aval de Saint-Géraud"",""Le Cérou en aval de Saint-Géraud"",""Le Cérou de sa source à Saint-Géraud et tous les affluents du Cérou"",""Le Cérou de sa source à Saint-Géraud et tous les affluents du Cérou"",""La Vère en aval de Fourogue"",""La Vère en aval de Fourogue"",""La Vère de sa source à Fourogue et tous les affluents de la Vère"",""La Vère de sa source à Fourogue et tous les affluents de la Vère"",""Le Fresquel"",""Le Fresquel"",""Affluents de l'Aude médiane"",""Affluents de l'Aude médiane"",""Bassin du Girou"",""Bassin du Girou"",""Bassin de la Durenque"",""Bassin de la Durenque"",""Bassin du Rance"",""Bassin du Rance"",""Bassin du Dourdou de Camares amont et Len"",""Bassin du Dourdou de Camares amont et Len"",""Bassin de l’Ardial (En Guibaud)"",""Bassin de l’Ardial (En Guibaud)"",""Bassin du Bernazobre"",""Bassin du Bernazobre"",""Bassin du Bagas"",""Bassin du Bagas"",""Bassin de l’Assou"",""Bassin de l’Assou"",""Bassin de l’Agros"",""Bassin de l’Agros"",""Le Tescou de sa source à la confluence avec le Tescounet, Tescounet de sa source au Thérondel et tous les affluents du Tescou et du Tescounet"",""Le Tescou de sa source à la confluence avec le Tescounet, Tescounet de sa source au Thérondel et tous les affluents du Tescou et du Tescounet"",""Le Sor des Cammazes à la confluence avec l’Agout"",""Le Sor des Cammazes à la confluence avec l’Agout"",""Le Sor de sa source au Cammazes et tous les affluents du Sor"",""Le Sor de sa source au Cammazes et tous les affluents du Sor"",""Le Dadou amont de sa source à Rassisse et tous les affluents du Dadou à l’exception de l’Agros et de l’Assou"",""Le Dadou amont de sa source à Rassisse et tous les affluents du Dadou à l’exception de l’Agros et de l’Assou"",""Le Dadou aval de Rassisse à la confluence avec l’Agout"",""Le Dadou aval de Rassisse à la confluence avec l’Agout"",""Le Thoré aval de l’Arn à la confluence avec l’Agout et l’Arn en aval des Saints-Peyres"",""Le Thoré aval de l’Arn à la confluence avec l’Agout et l’Arn en aval des Saints-Peyres"",""Le Thoré amont de sa source à la confluence avec l’Arn et tous les affluents du Thoré et l’Arn et ses affluents de sa source aux Saints-Peyres"",""Le Thoré amont de sa source à la confluence avec l’Arn et tous les affluents du Thoré et l’Arn et ses affluents de sa source aux Saints-Peyres"",""Affluents de l’Agout en aval du Thoré à la confluence avec le Tarn en excluant le Thoré, le Sor, le Bagas, l’Ardial (En Guibaud) et le Dadou"",""Affluents de l’Agout en aval du Thoré à la confluence avec le Tarn en excluant le Thoré, le Sor, le Bagas, l’Ardial (En Guibaud) et le Dadou"",""L'Agout aval du Thoré à la confluence avec le Tarn"",""L'Agout aval du Thoré à la confluence avec le Tarn"",""L'Agout moyen de la Raviège à la confluence avec le Thoré"",""L'Agout moyen de la Raviège à la confluence avec le Thoré"",""Affluents de l’Agout moyen de la Raviège à la confluence avec le Thoré en excluant la Durenque"",""Affluents de l’Agout moyen de la Raviège à la confluence avec le Thoré en excluant la Durenque"",""L'Agout amont de sa source à la Raviège et ses affluents"",""L'Agout amont de sa source à la Raviège et ses affluents"",""Affluents du Tarn aval de l’Agout à la confluence avec la Garonne en excluant l’Agout et le Tescou"",""Affluents du Tarn aval de l’Agout à la confluence avec la Garonne en excluant l’Agout et le Tescou"",""Le Tarn aval de l’Agout à la confluence avec la Garonne"",""Le Tarn aval de l’Agout à la confluence avec la Garonne"",""Affluents du Tarn moyen du Rance à la confluence avec l’Agout"",""Affluents du Tarn moyen du Rance à la confluence avec l’Agout"",""Le Tarn moyen du Rance à la confluence avec l’Agout"",""Le Tarn moyen du Rance à la confluence avec l’Agout"",""Affluents rive droite du Tarn médian de la confluence avec la Jonte à la confluence avec le Rance"",""Affluents rive droite du Tarn médian de la confluence avec la Jonte à la confluence avec le Rance"",""Le Tarn médian de la confluence de la Jonte à la confluence avec le Rance"",""Le Tarn médian de la confluence de la Jonte à la confluence avec le Rance"",""bassin de la Dourbie"",""bassin du Tarnon"",""bassin du Tarn"",""bassin du Tarn (sout)"",""bassin du Tarnon (sout)"",""bassin de la Dourbie (sout)"",""Bassin versant du Thoré amont"",""Bassin versant de l''Agout"",""Secteur rive droite Garonne des petits cours d'eau non réalimentés non instrumentés"",""Tescou"",""Tarn"",""Bassin du Sor"",""Dourbie et Trevezel"",""Dourbie et Trevezel (sout)"",""Rance"",""Rance"",""Dourdou de Camares aval et Sorgues"",""Dourdou de Camares aval et Sorgues"",""Dourdou de Camares amont et Len"",""Dourdou de Camares amont et Len"",""Affluents rive gauche du Tarn médian"",""Affluents rive gauche du Tarn médian"",""Affluents rive droite du Tarn médian"",""Affluents rive droite du Tarn médian"",""Tarn médian"",""Tarn médian"",""Tarn amont"",""Tarn amont"",""Bassin versant du Sor"",""18. Bassin versant du Thoré""]","[3960,3961,2647,2631,2655,2667,2674,2683,2682,2633,3117,3158,3161,3123,3103,3110,3090,3130,3088,3102,3092,3155,3100,3093,3122,3153,3154,3144,3091,3131,3124,3147,3128,3107,3150,3115,3098,3121,3134,3105,3111,3113,3112,3114,3137,3125,3129,3094,3136,3126,3138,3162,3159,3143,3142,3104,3095,3141,3096,3127,3135,3146,3157,3089,3148,3108,3120,3097,3099,3106,3139,3133,3152,3145,3109,3132,3156,3116,3140,3160,3118,3101,3119,3149,3163,3151,2307,2282,2283,2295,2297,2294,2108,2109,2816,2824,2815,2814,1513,1514,2045,2088,2057,2055,2071,2076,2091,2093,2056,2079,2043,2064,2040,2054,3588,3580]"
30416,ACI_BV_TARN_2023,2023-06-30,2024-08-05,abroge,81,"[""30"",""48"",""81"",""82"",""12"",""11"",""34"",""31""]",https://regleau.s3.gra.perf.cloud.ovh.net/arrete-cadre/30416/230630_ARR_ACI_Tarn.pdf,"[14801,14786,14811,14826,14804,14841,14838,14822,14818,14802,14803,14835,14789,11464,11453,15847,15862,14856,14854,15373,15416,15417,15414,12157,12158,15029,15035,15032,15049,15048,15044,15840,15882,15870,15834,15899,15864,15877,15842,15896,15872,15828,15880,15893,15851,15850,15871,15837,15833,15826,15853,15824,15838,15827,15879,15846,15839,15858,15873,15866,15855,15875,15885,15887,15859,15856,15892,15891,15841,15830,15890,15831,15876,15884,15895,15854,15825,15897,15844,15869,15832,15835,15843,15888,15883,15849,15894,15881,15845,15852,15865,15889,15857,15867,15836,15898,15868,15848,15860,14797,15863,15861,15886,15874,15829,15878]","[""SOU"",""SOU"",""SUP"",""SOU"",""SUP"",""SUP"",""SOU"",""SOU"",""SUP"",""SOU"",""SUP"",""SUP"",""SOU"",""SOU"",""SUP"",""SUP"",""SOU"",""SUP"",""SUP"",""SUP"",""SUP"",""SUP"",""SUP"",""SUP"",""SUP"",""SOU"",""SOU"",""SOU"",""SUP"",""SUP"",""SUP"",""SOU"",""SUP"",""SOU"",""SUP"",""SUP"",""SOU"",""SUP"",""SOU"",""SUP"",""SOU"",""SOU"",""SUP"",""SOU"",""SUP"",""SUP"",""SOU"",""SUP"",""SOU"",""SOU"",""SUP"",""SOU"",""SUP"",""SOU"",""SUP"",""SOU"",""SUP"",""SUP"",""SOU"",""SOU"",""SUP"",""SOU"",""SUP"",""SOU"",""SUP"",""SUP"",""SOU"",""SOU"",""SUP"",""SUP"",""SOU"",""SUP"",""SOU"",""SUP"",""SOU"",""SUP"",""SOU"",""SUP"",""SOU"",""SOU"",""SUP"",""SUP"",""SOU"",""SOU"",""SUP"",""SUP"",""SOU"",""SUP"",""SOU"",""SUP"",""SOU"",""SOU"",""SUP"",""SOU"",""SUP"",""SUP"",""SOU"",""SUP"",""SOU"",""SUP"",""SUP"",""SOU"",""SUP"",""SOU"",""SOU"",""SUP""]","[""76_12_0021"",""76_12_0022"",""76_12_0022"",""76_12_0023"",""76_12_0023"",""76_12_0024"",""76_12_0024"",""76_12_0025"",""76_12_0025"",""76_12_0026"",""76_12_0026"",""76_12_0027"",""76_12_0027"",""76_30_00002"",""76_30_00002"",""76_81_0023"",""76_81_0023"",""76_34_0012"",""76_34_0019"",""76_82_0031"",""76_82_0032"",""76_82_0033"",""76_82_0037"",""76_11_0014"",""76_11_0016"","""","""","""",""76_48_0006"",""76_48_0007"",""76_48_0008"",""76_81_0024"",""76_81_0024"",""76_81_0025"",""76_81_0025"",""76_81_0026"",""76_81_0026"",""76_81_0027"",""76_81_0027"",""76_81_0028"",""76_81_0028"",""76_81_0029"",""76_81_0029"",""76_81_0030"",""76_81_0030"",""76_81_0031"",""76_81_0031"",""76_81_0032"",""76_81_0032"",""76_81_0033"",""76_81_0033"",""76_81_0034"",""76_81_0034"",""76_81_0035"",""76_81_0035"",""76_81_0036"",""76_81_0036"",""76_81_0037"",""76_81_0037"",""76_81_0038"",""76_81_0038"",""76_81_0019"",""76_81_0019"",""76_81_0018"",""76_81_0018"",""76_81_0017"",""76_81_0017"",""76_81_0016"",""76_81_0016"",""76_81_0015"",""76_81_0015"",""76_81_0014"",""76_81_0014"",""76_81_0013"",""76_81_0013"",""76_81_0012"",""76_81_0012"",""76_81_0011"",""76_81_0011"",""76_81_0010"",""76_81_0010"",""76_81_0009"",""76_81_0009"",""76_81_0008"",""76_81_0008"",""76_81_0007"",""76_81_0007"",""76_81_0006"",""76_81_0006"",""76_81_0005"",""76_81_0005"",""76_81_0004"",""76_81_0004"",""76_81_0003"",""76_81_0003"",""76_81_0002"",""76_81_0002"",""76_81_0001"",""76_81_0001"",""76_12_0021"",""76_81_0022"",""76_81_0022"",""76_81_0021"",""76_81_0021"",""76_81_0020"",""76_81_0020""]","[""Tarn amont"",""Tarn médian"",""Tarn médian"",""Affluents rive droite du Tarn médian"",""Affluents rive droite du Tarn médian"",""Affluents rive gauche du Tarn médian"",""Affluents rive gauche du Tarn médian"",""Dourdou de Camares amont et Len"",""Dourdou de Camares amont et Len"",""Dourdou de Camares aval et Sorgues"",""Dourdou de Camares aval et Sorgues"",""Rance"",""Rance"",""Dourbie et Trevezel (sout)"",""Dourbie et Trevezel"",""Bassin de l’Ardial (En Guibaud)"",""Bassin de l’Ardial (En Guibaud)"",""Bassin versant de l''Agout"",""Bassin versant du Thoré amont"",""Zone 31 - TARN + NAC"",""Zone 32 - TESCOU REAL"",""Zone 33 - TESCOU NON REAL"",""Zone 37 - TARN AFFLUENTS"",""Bassin versant du Thoré"",""Bassin versant du Sor"",""bassin de la Dourbie (sout)"",""bassin du Tarnon (sout)"",""bassin du Tarn (sout)"",""bassin du Tarn"",""bassin du Tarnon"",""bassin de la Dourbie"",""Bassin du Dourdou de Camares amont et Len"",""Bassin du Dourdou de Camares amont et Len"",""Bassin du Rance"",""Bassin du Rance"",""Bassin de la Durenque"",""Bassin de la Durenque"",""Bassin du Girou"",""Bassin du Girou"",""Affluents de l'Aude médiane"",""Affluents de l'Aude médiane"",""Le Fresquel"",""Le Fresquel"",""La Vère de sa source à Fourogue et tous les affluents de la Vère"",""La Vère de sa source à Fourogue et tous les affluents de la Vère"",""La Vère en aval de Fourogue"",""La Vère en aval de Fourogue"",""Le Cérou de sa source à Saint-Géraud et tous les affluents du Cérou"",""Le Cérou de sa source à Saint-Géraud et tous les affluents du Cérou"",""Le Cérou en aval de Saint-Géraud"",""Le Cérou en aval de Saint-Géraud"",""Le Viaur aval réalimenté"",""Le Viaur aval réalimenté"",""Affluents du Viaur"",""Affluents du Viaur"",""L'Aveyron aval"",""L'Aveyron aval"",""Affluents de l'Aveyron aval"",""Affluents de l'Aveyron aval"",""Le Viaur amont réalimenté"",""Le Viaur amont réalimenté"",""Bassin de l’Agros"",""Bassin de l’Agros"",""Le Tescou de sa source à la confluence avec le Tescounet, Tescounet de sa source au Thérondel et tous les affluents du Tescou et du Tescounet"",""Le Tescou de sa source à la confluence avec le Tescounet, Tescounet de sa source au Thérondel et tous les affluents du Tescou et du Tescounet"",""Le Sor des Cammazes à la confluence avec l’Agout"",""Le Sor des Cammazes à la confluence avec l’Agout"",""Le Sor de sa source au Cammazes et tous les affluents du Sor"",""Le Sor de sa source au Cammazes et tous les affluents du Sor"",""Le Dadou amont de sa source à Rassisse et tous les affluents du Dadou à l’exception de l’Agros et de l’Assou"",""Le Dadou amont de sa source à Rassisse et tous les affluents du Dadou à l’exception de l’Agros et de l’Assou"",""Le Dadou aval de Rassisse à la confluence avec l’Agout"",""Le Dadou aval de Rassisse à la confluence avec l’Agout"",""Le Thoré aval de l’Arn à la confluence avec l’Agout et l’Arn en aval des Saints-Peyres"",""Le Thoré aval de l’Arn à la confluence avec l’Agout et l’Arn en aval des Saints-Peyres"",""Le Thoré amont de sa source à la confluence avec l’Arn et tous les affluents du Thoré et l’Arn et ses affluents de sa source aux Saints-Peyres"",""Le Thoré amont de sa source à la confluence avec l’Arn et tous les affluents du Thoré et l’Arn et ses affluents de sa source aux Saints-Peyres"",""Affluents de l’Agout en aval du Thoré à la confluence avec le Tarn en excluant le Thoré, le Sor, le Bagas, l’Ardial (En Guibaud) et le Dadou"",""Affluents de l’Agout en aval du Thoré à la confluence avec le Tarn en excluant le Thoré, le Sor, le Bagas, l’Ardial (En Guibaud) et le Dadou"",""L'Agout aval du Thoré à la confluence avec le Tarn"",""L'Agout aval du Thoré à la confluence avec le Tarn"",""L'Agout moyen de la Raviège à la confluence avec le Thoré"",""L'Agout moyen de la Raviège à la confluence avec le Thoré"",""Affluents de l’Agout moyen de la Raviège à la confluence avec le Thoré en excluant la Durenque"",""Affluents de l’Agout moyen de la Raviège à la confluence avec le Thoré en excluant la Durenque"",""L'Agout amont de sa source à la Raviège et ses affluents"",""L'Agout amont de sa source à la Raviège et ses affluents"",""Affluents du Tarn aval de l’Agout à la confluence avec la Garonne en excluant l’Agout et le Tescou"",""Affluents du Tarn aval de l’Agout à la confluence avec la Garonne en excluant l’Agout et le Tescou"",""Le Tarn aval de l’Agout à la confluence avec la Garonne"",""Le Tarn aval de l’Agout à la confluence avec la Garonne"",""Affluents du Tarn moyen du Rance à la confluence avec l’Agout"",""Affluents du Tarn moyen du Rance à la confluence avec l’Agout"",""Le Tarn moyen du Rance à la confluence avec l’Agout"",""Le Tarn moyen du Rance à la confluence avec l’Agout"",""Affluents rive droite du Tarn médian de la confluence avec la Jonte à la confluence avec le Rance"",""Affluents rive droite du Tarn médian de la confluence avec la Jonte à la confluence avec le Rance"",""Le Tarn médian de la confluence de la Jonte à la confluence avec le Rance"",""Le Tarn médian de la confluence de la Jonte à la confluence avec le Rance"",""Tarn amont"",""Bassin du Bernazobre"",""Bassin du Bernazobre"",""Bassin du Bagas"",""Bassin du Bagas"",""Bassin de l’Assou"",""Bassin de l’Assou""]","[2054,2043,2064,2079,2056,2093,2091,2076,2071,2055,2057,2088,2045,1514,1513,3111,3113,2109,2108,2633,2682,2683,2674,1653,1134,2294,2297,2295,2283,2282,2307,3105,3134,3121,3098,3150,3115,3128,3107,3147,3124,3091,3131,3144,3154,3153,3122,3100,3093,3092,3155,3088,3102,3090,3130,3110,3103,3161,3123,3117,3158,3126,3136,3138,3162,3159,3143,3142,3104,3095,3141,3096,3127,3135,3146,3157,3089,3148,3108,3120,3097,3099,3106,3139,3133,3152,3145,3132,3109,3156,3116,3140,3160,3118,3101,3149,3119,3151,3163,2040,3114,3112,3137,3125,3094,3129]"
30455,ACI Lemboulas-Barguelonne - 82-2023-06-30-00009,2023-06-30,null,publie,82,"[""82"",""46""]",https://regleau.s3.gra.perf.cloud.ovh.net/arrete-cadre/30455/aip-p_20230610_sdpe82_aci-secheresse-bassin-lemboulas-barguelonne-vf-signe-82-46.pdf,"[15007,14994,14996,14974,14999,14995,15008,14990,15006,14973]","[""SOU"",""SUP"",""SUP"",""SOU"",""SUP"",""SUP"",""SOU"",""SUP"",""SOU"",""SOU""]","["""",""76_46_20"",""76_46_08"","""",""76_46_09"",""76_46_06"","""",""76_46_21"","""",""""]","[""Le Lemboulas"",""Le Lemboulas"",""Le Lendou"",""La Petite Barguelonne"",""La Petite Barguelonne"",""La Grande Barguelonne"",""Le Lendou"",""La Lupte - Lembous"",""La Lupte - Lembous"",""La Grande Barguelonne""]","[2227,2263,2265,2237,2219,2264,2228,2259,2226,2236]"
30486,ACD Alagnon et Haut Allier - 2023-970,2023-07-01,null,publie,,15,https://regleau.s3.gra.perf.cloud.ovh.net/arrete-cadre/30486/ACD_Alagnon_HautAllier_2023-06-28_Signe.pdf,"[15177,15178,15154,15153]","[""SOU"",""SOU"",""SUP"",""SUP""]","[""84_15_0007"",""84_15_0002"",""84_15_0007"",""84_15_0002""]","[""Haut-Allier"",""Alagnon"",""Haut-Allier"",""Alagnon""]","[2441,2442,2418,2417]"
30449,ACI AVEYRON - 82-2023-07-04-00009,2023-07-04,null,publie,82,"[""82"",""46"",""12"",""81""]",https://regleau.s3.gra.perf.cloud.ovh.net/arrete-cadre/30449/230704_ARR_ACI_Aveyron.pdf,"[15382,15383,15372,15405,15406,15371,15380,15398,15391,15402,15428,15409,14975,14976,15441,15410,15426,15433,15434,15407,15424,15392,15419,15368,15439,15378,15866,15855,15858,15873,15839,15846,15879,15827,15824,15838,15826,15853,15837,15833,15871,15850,15893,15851,14997,14998,14816,14839,14806,14827,14833,14844,14842,14834,14824,14800,14815,14825,14788,14792,14791,14796,14799,14808,14807,14787,14820,14790,14837,14836]","[""SOU"",""SOU"",""SOU"",""SOU"",""SOU"",""SOU"",""SOU"",""SOU"",""SOU"",""SOU"",""SOU"",""SOU"",""SOU"",""SOU"",""SUP"",""SUP"",""SUP"",""SUP"",""SUP"",""SUP"",""SUP"",""SUP"",""SUP"",""SUP"",""SUP"",""SUP"",""SOU"",""SUP"",""SUP"",""SOU"",""SUP"",""SOU"",""SUP"",""SOU"",""SOU"",""SUP"",""SOU"",""SUP"",""SUP"",""SOU"",""SOU"",""SUP"",""SOU"",""SUP"",""SUP"",""SUP"",""SUP"",""SOU"",""SUP"",""SOU"",""SOU"",""SUP"",""SOU"",""SUP"",""SOU"",""SUP"",""SUP"",""SOU"",""SUP"",""SOU"",""SUP"",""SOU"",""SOU"",""SUP"",""SUP"",""SOU"",""SUP"",""SOU"",""SOU"",""SUP""]","[""76_82_1029"",""76_82_1028"",""76_82_1027"",""76_82_1026"",""76_82_1025"",""76_82_1024"",""76_82_1023"",""76_82_1022"",""76_82_1021"",""76_82_1020"",""76_82_1012"",""76_82_1011"","""","""",""76_82_0029"",""76_82_0028"",""76_82_0027"",""76_82_0026"",""76_82_0025"",""76_82_0024"",""76_82_0023"",""76_82_0022"",""76_82_0021"",""76_82_0020"",""76_82_0012"",""76_82_0011"",""76_81_0038"",""76_81_0038"",""76_81_0037"",""76_81_0037"",""76_81_0036"",""76_81_0036"",""76_81_0035"",""76_81_0035"",""76_81_0034"",""76_81_0034"",""76_81_0033"",""76_81_0033"",""76_81_0032"",""76_81_0032"",""76_81_0031"",""76_81_0031"",""76_81_0030"",""76_81_0030"",""76_46_40"",""76_46_28"",""76_12_0020"",""76_12_0020"",""76_12_0019"",""76_12_0019"",""76_12_0018"",""76_12_0018"",""76_12_0017"",""76_12_0017"",""76_12_0016"",""76_12_0016"",""76_12_0015"",""76_12_0015"",""76_12_0014"",""76_12_0014"",""76_12_0013"",""76_12_0013"",""76_12_0012"",""76_12_0012"",""76_12_0011"",""76_12_0011"",""76_12_0010"",""76_12_0010"",""76_12_0009"",""76_12_0009""]","[""Part - Zone 29 - AVEYRON AFFLUENTS"",""Part - Zone 28 - VERE AFFLUENTS"",""Part - Zone 27 - VERE REAL"",""Part - Zone 26 - VIAUR AFFLUENTS"",""Part - Zone 25 - VIAUR REAL"",""Part - Zone 24 - BAYE"",""Part - Zone 23 - SEYE"",""Part - Zone 22 - BONNETTE"",""Part - Zone 21 - LERE NON REAL"",""Part - Zone 20 - LERE REAL"",""Part - Zone 12 - AVEYRON MEDIAN"",""Part - Zone 11 - AVEYRON + NAC"",""La Lère"",""La Bonnette"",""Zone 29 - AVEYRON AFFLUENTS"",""Zone 28 - VERE AFFLUENTS"",""Zone 27 - VERE REAL"",""Zone 26 - VIAUR AFFLUENTS"",""Zone 25 - VIAUR REAL"",""Zone 24 - BAYE"",""Zone 23 - SEYE"",""Zone 22 - BONNETTE"",""Zone 21 - LERE NON REAL"",""Zone 20 - LERE REAL"",""Zone 12 - AVEYRON MEDIAN"",""Zone 11 - AVEYRON + NAC"",""Le Viaur amont réalimenté"",""Le Viaur amont réalimenté"",""Affluents de l'Aveyron aval"",""Affluents de l'Aveyron aval"",""L'Aveyron aval"",""L'Aveyron aval"",""Affluents du Viaur"",""Affluents du Viaur"",""Le Viaur aval réalimenté"",""Le Viaur aval réalimenté"",""Le Cérou en aval de Saint-Géraud"",""Le Cérou en aval de Saint-Géraud"",""Le Cérou de sa source à Saint-Géraud et tous les affluents du Cérou"",""Le Cérou de sa source à Saint-Géraud et tous les affluents du Cérou"",""La Vère en aval de Fourogue"",""La Vère en aval de Fourogue"",""La Vère de sa source à Fourogue et tous les affluents de la Vère"",""La Vère de sa source à Fourogue et tous les affluents de la Vère"",""La Bonnette"",""La Lère"",""La Baye et ses affluents"",""La Baye et ses affluents"",""La Seye et ses affluents"",""La Seye et ses affluents"",""La Bonnette et ses affluents"",""La Bonnette et ses affluents"",""L'Alzou et ses affluents"",""L'Alzou et ses affluents"",""La Serène et ses affluents"",""La Serène et ses affluents"",""Le Cérou non réalimenté et ses affluents"",""Le Cérou non réalimenté et ses affluents"",""Le Viaur aval réalimenté"",""Le Viaur aval réalimenté"",""Le Viaur amont réalimenté"",""Le Viaur amont réalimenté"",""Le Viaur non réalimenté et les affluents du Viaur"",""Le Viaur non réalimenté et les affluents du Viaur"",""Basse vallée de l'Aveyron"",""Basse vallée de l'Aveyron"",""L'Aveyron médian et son bassin"",""L'Aveyron médian et son bassin"",""L'Aveyron source et son bassin"",""L'Aveyron source et son bassin""]","[2643,2648,2635,2670,2671,2637,2645,2662,2654,2666,2693,2668,2238,2239,2701,2675,2690,2697,2698,2672,2689,2657,2681,2632,2704,2641,3117,3158,3161,3123,3103,3110,3130,3090,3088,3102,3092,3155,3100,3093,3122,3153,3144,3154,2266,2268,2070,2092,2059,2080,2086,2097,2095,2087,2077,2053,2068,2078,2047,2050,2048,2039,2042,2060,2061,2044,2074,2049,2090,2089]"
30415,ACI AVEYRON - 82-2023-07-04-00009,2023-07-04,2024-07-02,abroge,12,"[""12"",""46"",""81"",""82""]",https://regleau.s3.gra.perf.cloud.ovh.net/arrete-cadre/30415/230704_ARR_ACI_Aveyron.pdf,"[11795,11796,14836,14837,14820,14790,14787,14807,14799,14808,14796,14791,14788,14792,14815,14825,14824,14800,14842,14834,14833,14844,14827,14806,14839,14816,5819,5820,5821,5838,11788,11789,11790,11791,11792,11793]","[""SUP"",""SUP"",""SUP"",""SOU"",""SUP"",""SOU"",""SOU"",""SUP"",""SOU"",""SUP"",""SOU"",""SUP"",""SUP"",""SOU"",""SUP"",""SOU"",""SOU"",""SUP"",""SOU"",""SUP"",""SOU"",""SUP"",""SOU"",""SUP"",""SOU"",""SUP"",""SOU"",""SOU"",""SOU"",""SOU"",""SUP"",""SUP"",""SUP"",""SUP"",""SUP"",""SUP""]","[""76_81_0037"",""76_81_0038"",""76_12_0009"",""76_12_0009"",""76_12_0010"",""76_12_0010"",""76_12_0011"",""76_12_0011"",""76_12_0012"",""76_12_0012"",""76_12_0013"",""76_12_0013"",""76_12_0014"",""76_12_0014"",""76_12_0015"",""76_12_0015"",""76_12_0016"",""76_12_0016"",""76_12_0017"",""76_12_0017"",""76_12_0018"",""76_12_0018"",""76_12_0019"",""76_12_0019"",""76_12_0020"",""76_12_0020"",""73_81_000001"",""73_81_000002"",""73_81_000003"",""73_81_000020"",""76_81_0030"",""76_81_0031"",""76_81_0032"",""76_81_0033"",""76_81_0034"",""76_81_0035""]","[""Affluents de l'Aveyron aval"",""Le Viaur amont réalimenté"",""L'Aveyron source et son bassin"",""L'Aveyron source et son bassin"",""L'Aveyron médian et son bassin"",""L'Aveyron médian et son bassin"",""Basse vallée de l'Aveyron"",""Basse vallée de l'Aveyron"",""Le Viaur non réalimenté et les affluents du Viaur"",""Le Viaur non réalimenté et les affluents du Viaur"",""Le Viaur amont réalimenté"",""Le Viaur amont réalimenté"",""Le Viaur aval réalimenté"",""Le Viaur aval réalimenté"",""Le Cérou non réalimenté et ses affluents"",""Le Cérou non réalimenté et ses affluents"",""La Serène et ses affluents"",""La Serène et ses affluents"",""L'Alzou et ses affluents"",""L'Alzou et ses affluents"",""La Bonnette et ses affluents"",""La Bonnette et ses affluents"",""La Seye et ses affluents"",""La Seye et ses affluents"",""La Baye et ses affluents"",""La Baye et ses affluents"",""AVEYRON hors CEROU, VERE et VIAUR"",""CEROU"",""VERE"",""LE VIAUR"",""La Vère de sa source à Fourogue et tous les affluents de la Vère"",""La Vère en aval de Fourogue"",""Le Cérou de sa source à Saint-Géraud et tous les affluents du Cérou"",""Le Cérou en aval de Saint-Géraud"",""Le Viaur aval réalimenté"",""Affluents du Viaur""]","[1490,1491,2089,2090,2074,2049,2044,2061,2042,2060,2039,2048,2047,2050,2068,2078,2077,2053,2095,2087,2086,2097,2080,2059,2092,2070,142,143,144,171,1591,1484,1485,1486,1487,1488]"
30290,ACI AVEYRON - 82-2023-07-04-00009,2023-07-04,2024-06-04,abroge,12,"[""46"",""82"",""81"",""12""]",https://regleau.s3.gra.perf.cloud.ovh.net/arrete-cadre/30290/ACI+AVEYRON_20230704.pdf,"[11439,11901,5821,11789,11434,11432,11435,8045,11792,8043,11795,11791,11790,11430,8044,11436,8041,11438,8046,5819,8042,11437,11796,8040,11433,5820,11788,11793,11431,8047,5838,8048,11894,11440,11441]","[""SUP"",""SUP"",""SOU"",""SUP"",""SUP"",""SUP"",""SUP"",""SUP"",""SUP"",""SUP"",""SUP"",""SUP"",""SUP"",""SUP"",""SUP"",""SUP"",""SUP"",""SUP"",""SUP"",""SOU"",""SUP"",""SUP"",""SUP"",""SUP"",""SUP"",""SOU"",""SUP"",""SUP"",""SUP"",""SUP"",""SOU"",""SUP"",""SUP"",""SUP"",""SUP""]","[""76_12_0018"",""76_46_40"",""73_81_000003"",""76_81_0031"",""76_12_0013"",""76_12_0011"",""76_12_0014"",""76_82_16"",""76_81_0034"",""76_82_14"",""76_81_0037"",""76_81_0033"",""76_81_0032"",""76_12_0009"",""76_82_15"",""76_12_0015"",""76_82_12"",""76_12_0017"",""76_82_17"",""73_81_000001"",""76_82_13"",""76_12_0016"",""76_81_0038"",""76_82_11"",""76_12_0012"",""73_81_000002"",""76_81_0030"",""76_81_0035"",""76_12_0010"",""76_82_18"",""73_81_000020"",""76_82_19"",""76_46_28"",""76_12_0019"",""76_12_0020""]","[""La Bonnette et ses affluents"",""La Bonnette"",""VERE"",""La Vère en aval de Fourogue"",""Le Viaur amont réalimenté"",""L'Aveyron médian et son bassin"",""Le Viaur aval réalimenté"",""Zone 16 - Lère réalimentée"",""Le Viaur aval réalimenté"",""Zone 14 - Bassin de la Bonnette"",""Affluents de l'Aveyron aval"",""Le Cérou en aval de Saint-Géraud"",""Le Cérou de sa source à Saint-Géraud et tous les affluents du Cérou"",""L'Aveyron source et son bassin"",""Zone 15 - Bassin de la Lère non réalimentée"",""Le Cérou non réalimenté et ses affluents"",""Zone 12 - Bassin de la Baye"",""L'Alzou et ses affluents"",""Zone 17 - Bassin de la Vère"",""AVEYRON hors CEROU, VERE et VIAUR"",""Zone 13 - Bassin de la Seye"",""La Serène et ses affluents"",""Le Viaur amont réalimenté"",""Zone 11 - Rivère Aveyron"",""Le Viaur non réalimenté et les affluents du Viaur"",""CEROU"",""La Vère de sa source à Fourogue et tous les affluents de la Vère"",""Affluents du Viaur"",""L'Aveyron amont et son bassin"",""Zone 18 - Bassin du Viaur"",""LE VIAUR"",""Zone 19 - Aveyron affluents"",""La Lère"",""La Seye et ses affluents"",""La Baye et ses affluents""]","[null,1599,144,1484,null,null,null,1364,1487,232,1490,1486,1485,null,233,null,224,null,766,142,1363,null,1491,223,null,143,1591,1488,null,767,171,263,1026,null,null]"
30291,ACs département de l'Aveyron,2023-07-04,2023-07-05,abroge,,12,https://regleau.s3.gra.perf.cloud.ovh.net/arrete-cadre/30291/ACIs_Compilation.pdf,"[11447,11439,11446,11440,11448,11442,11441,11437,11424,11444,11450,11443,11426,11436,11434,11422,11435,11428,11445,11425,11423,11431,11429,11427,11438,11433,11430,11449,11432]","[""SUP"",""SUP"",""SUP"",""SUP"",""SUP"",""SUP"",""SUP"",""SUP"",""SUP"",""SUP"",""SUP"",""SUP"",""SUP"",""SUP"",""SUP"",""SUP"",""SUP"",""SUP"",""SUP"",""SUP"",""SUP"",""SUP"",""SUP"",""SUP"",""SUP"",""SUP"",""SUP"",""SUP"",""SUP""]","[""76_12_0026"",""76_12_0018"",""76_12_0025"",""76_12_0019"",""76_12_0027"",""76_12_0021"",""76_12_0020"",""76_12_0016"",""76_12_0003"",""76_12_0023"",""76_12_0029"",""76_12_0022"",""76_12_0005"",""76_12_0015"",""76_12_0013"",""76_12_0001"",""76_12_0014"",""76_12_0007"",""76_12_0024"",""76_12_0004"",""76_12_0002"",""76_12_0010"",""76_12_0008"",""76_12_0006"",""76_12_0017"",""76_12_0012"",""76_12_0009"",""76_12_0028"",""76_12_0011""]","[""Dourdou de Camares aval et Sorgues"",""La Bonnette et ses affluents"",""Dourdou de Camares amont et Len"",""La Seye et ses affluents"",""Rance"",""Tarn amont"",""La Baye et ses affluents"",""La Serène et ses affluents"",""Truyère"",""Affluents rive droite du Tarn médian"",""Orb"",""Tarn médian"",""Affluents du Lot domanial amont"",""Le Cérou non réalimenté et ses affluents"",""Le Viaur amont réalimenté"",""Lot amont"",""Le Viaur aval réalimenté"",""Diège"",""Affluents rive gauche du Tarn médian"",""Lot domanial amont"",""Affluents du Lot amont"",""L'Aveyron amont et son bassin"",""Célé"",""Dourdou de Conques"",""L'Alzou et ses affluents"",""Le Viaur non réalimenté et les affluents du Viaur"",""L'Aveyron source et son bassin"",""Hérault"",""L'Aveyron médian et son bassin""]",
30376,Aveyron_ACI AVEYRON - 82-2023-07-04-00009,2023-07-04,2024-06-07,abroge,,12,https://regleau.s3.gra.perf.cloud.ovh.net/arrete-cadre/30376/ACI+Averyron.pdf,"[12392,12396,12398,12397,12393,12395,12400,12394,12389,12390,12391,12399]","[""SUP"",""SUP"",""SUP"",""SUP"",""SUP"",""SUP"",""SUP"",""SUP"",""SUP"",""SUP"",""SUP"",""SUP""]","[""76_12_0012"",""76_12_0016"",""76_12_0018"",""76_12_0017"",""76_12_0013"",""76_12_0015"",""76_12_0020"",""76_12_0014"",""76_12_0009"",""76_12_0010"",""76_12_0011"",""76_12_0019""]","[""Le Viaur non réalimenté et les affluents du Viaur"",""La Serène et ses affluents"",""La Bonnette et ses affluents"",""L'Alzou et ses affluents"",""Le Viaur amont réalimenté"",""Le Cérou non réalimenté et ses affluents"",""La Baye et ses affluents"",""Le Viaur aval réalimenté"",""L'Aveyron source et son bassin"",""L'Aveyron médian et son bassin"",""Basse vallée de l'Aveyron et son bassin"",""La Seye et ses affluents""]","[1206,1754,1732,1775,1207,1209,1735,1208,1203,1204,1205,1734]"
30349,V2_DEAL-RN N°971-2023-07-06-00009,2023-07-06,2023-07-06,abroge,,971,https://regleau.s3.gra.perf.cloud.ovh.net//arrete-cadre/30349/Arre%CC%82te%CC%81%20DEAL-RN%20N%C2%B0971-2023-07-06-00009%20du%2006-07-2023.pdf,"[11958,11960,11962,11961,11957,11959,11956]","[""SUP"",""SUP"",""SUP"",""SUP"",""SUP"",""SUP"",""SUP""]","[""01_971_00003"",""01_971_00005"",""01_971_00007"",""01_971_00006"",""01_971_00002"",""01_971_00004"",""01_971_00001""]","[""Côte-sous-le-vent Sud"",""Côte-au-vent Nord"",""Marie-Galante"",""Grande-Terre - La Désirade"",""Côte-sous-le-vent Centre"",""Côte-au-vent Sud - Les Saintes"",""Côte-sous-le-vent Nord""]","[1066,1068,1815,1814,1813,1067,1808]"
30315,DEAL-RN N°971-2023-07-06-00009,2023-07-06,2023-09-28,abroge,,971,https://regleau.s3.gra.perf.cloud.ovh.net//arrete-cadre/30315/Arr%C3%AAt%C3%A9%20DEAL-RN%20N%C2%B0971-2023-07-06-00009%20du%2006-07-2023.pdf,"[11956,11957,11958,11960,11961,11959,11962]","[""SUP"",""SUP"",""SUP"",""SUP"",""SUP"",""SUP"",""SUP""]","[""01_971_00001"",""01_971_00002"",""01_971_00003"",""01_971_00005"",""01_971_00006"",""01_971_00004"",""01_971_00007""]","[""Côte-sous-le-vent Nord"",""Côte-sous-le-vent Centre"",""Côte-sous-le-vent Sud"",""Côte-au-vent Nord"",""Grande-Terre - La Désirade"",""Côte-au-vent Sud - Les Saintes"",""Marie-Galante""]","[1808,1813,1066,1068,1814,1067,1815]"
30346,17355,2023-07-07,2023-07-07,abroge,,95,https://regleau.s3.gra.perf.cloud.ovh.net//arrete-cadre/30346/AP_17355_7-07-2023.pdf,"[5664,5663,5662]","[""SUP"",""SUP"",""SUP""]","[""11_95_03"",""11_95_02"",""11_95_01""]","[""BASSIN VERSANT DE L'OISE"",""BASSIN VERSANT DE LA PLAINE DE FRANCE ET DU PARISIS"",""BASSIN VERSANT DU VEXIN""]","[184,147,183]"
30492,V3_DEAL-RN N°971-2023-07-06-00009,2023-07-07,2025-07-06,abroge,,971,https://regleau.s3.gra.perf.cloud.ovh.net/arrete-cadre/30492/APcadre%20DEAL971_230706.pdf,"[15179,15180,15183,15182,15184,16406,15185,15181]","[""SUP"",""SOU"",""SUP"",""SUP"",""SUP"",""SOU"",""SUP"",""SUP""]","[""01_971_00002"",""01_971_00007"",""01_971_00001"",""01_971_00004"",""01_971_00005"",""01_971_00006"",""01_971_00006"",""01_971_00003""]","[""Côte-sous-le-vent Centre"",""Marie-Galante"",""Côte-sous-le-vent Nord"",""Côte-au-vent Sud - Les Saintes"",""Côte-au-vent Nord"",""Grande-Terre - La Désirade"",""Grande-Terre - La Désirade"",""Côte-sous-le-vent Sud""]","[2444,2443,2448,2446,2449,3688,2447,2445]"
30418,ACD_BV_ORB_HÉRAULT_2023,2023-07-08,2025-06-17,abroge,,12,https://regleau.s3.gra.perf.cloud.ovh.net/arrete-cadre/30418/ARR_CadreGestionSecheresseDptAveyron_07082018.pdf,"[14829,14798,14813,14828]","[""SOU"",""SUP"",""SOU"",""SUP""]","[""76_12_0028"",""76_12_0029"",""76_12_0029"",""76_12_0028""]","[""Arre"",""Orb"",""Orb"",""Arre""]","[2082,2041,2066,2081]"
30825,17355,2023-07-08,null,publie,,95,https://regleau.s3.gra.perf.cloud.ovh.net/arrete-cadre/30825/Arretecadre17355.pdf,"[15141,15142,15140]","[""SUP"",""SUP"",""SUP""]","[""11_95_003"",""11_95_002"",""11_95_001""]","[""Bassin de la Plaine de France et du Parisis"",""Bassin de l'Oise"",""Bassin du Vexin""]","[2406,2405,2404]"
30298,ACD_BV_ORB_HÉRAULT_2023,2023-07-08,2024-06-07,abroge,,12,https://regleau.s3.gra.perf.cloud.ovh.net//arrete-cadre/30298/ARR_CadreGestionSecheresseDptAveyron_07082018.pdf,"[11449,11450]","[""SUP"",""SUP""]","[""76_12_0028"",""76_12_0029""]","[""Hérault"",""Orb""]",
30304,[APCS Isère] N°38-2023-07-10-00009 ,2023-07-10,2023-08-01,abroge,,38,https://regleau.s3.gra.perf.cloud.ovh.net//arrete-cadre/30304/AP_N%C2%B038_38-2023-07-10-00009.pdf,"[12210,12205,12199,12196,12191,12214,12198,12209,12193,12212,12208,12215,12222,12207,12195,12221,12203,12204,12194,12201,12206,12192,12213,12216,12211,12217]","[""SOU"",""SOU"",""SUP"",""SUP"",""SUP"",""SOU"",""SUP"",""SOU"",""SUP"",""SOU"",""SOU"",""SOU"",""SOU"",""SOU"",""SUP"",""SOU"",""SUP"",""SUP"",""SUP"",""SUP"",""SOU"",""SUP"",""SOU"",""SOU"",""SOU"",""SOU""]","[""84_38_0019"",""84_38_0014"",""84_38_0009"",""84_38_0006"",""84_38_0001"",""84_38_0023"",""84_38_0008"",""84_38_0018"",""84_38_0003"",""84_38_0021"",""84_38_0017"",""84_38_0024"",""84_38_0031"",""84_38_0016"",""84_38_0005"",""84_38_0030"",""84_38_0013"",""84_38_0014"",""84_38_0004"",""84_38_0011"",""84_38_0015"",""84_38_0002"",""84_38_0022"",""84_38_0025"",""84_38_0020"",""84_38_0026""]","[""Paladru-Fure (sout.)"",""Bourbre (sout.)"",""Agglomération Grenobloise"",""Paladru-Fure"",""Belledonne"",""Sanne-Varèze-4 Vallées (sout.)"",""Trièves/Matheysine"",""Isle Crémieu (sout.)"",""Chartreuse-Guiers"",""Agglomération Grenobloise (sout.)"",""Chartreuse-Guiers (sout.)"",""Terrasses de l'Isère rive gauche"",""Bourbre (spé sout.)"",""Vercors (sout.)"",""Isle Crémieu"",""Sanne-Varèze-4 Vallées (spé sout.)"",""Sanne-Varèze-4 Vallées"",""Bourbre"",""Chambaran"",""Oisans/Bonne"",""Belledonne (sout.)"",""Vercors"",""Oisans/Bonne (sout.)"",""Nappes de Chambaran"",""Trièves/Matheysine (sout.)"",""Isle Crémieu (spé sout.)""]","[1918,1913,1907,130,125,1922,1906,1917,127,1920,1916,1923,1930,1915,129,1929,1911,1912,128,1909,1914,126,1921,1924,1919,1925]"
30314,2350-23-00118,2023-07-11,2023-07-12,abroge,,61,https://regleau.s3.gra.perf.cloud.ovh.net//arrete-cadre/30314/20230711_AP_secheresse--scan.pdf,"[9851,9846,9855,9852,9850,9847,9845,9853,9854,9848,9849]","[""SUP"",""SUP"",""SUP"",""SUP"",""SUP"",""SUP"",""SUP"",""SUP"",""SUP"",""SUP"",""SUP""]","[""28_61_0007"",""28_61_0002"",""28_61_0011"",""28_61_0008"",""28_61_0006"",""28_61_0003"",""28_61_0001"",""28_61_0009"",""28_61_0010"",""28_61_0004"",""28_61_0005""]","[""ORNE MOYENNE"",""EGRENNE - VARENNE"",""AVRE"",""RISLE - CHARENTONNE - GUIEL"",""ORNE AMONT"",""HUISNE"",""DIVES - VIE"",""SARTHE"",""TOUQUES"",""ITON"",""MAYENNE AMONT""]","[615,608,618,616,614,609,612,432,617,613,610]"
30319,V2_2350-23-00118,2023-07-12,2024-07-31,abroge,,61,https://regleau.s3.gra.perf.cloud.ovh.net//arrete-cadre/30319/20230711_AP_secheresse--lisible.pdf,"[9855,9846,9852,9850,9848,9845,9851,9853,9854,9847,9849]","[""SUP"",""SUP"",""SUP"",""SUP"",""SUP"",""SUP"",""SUP"",""SUP"",""SUP"",""SUP"",""SUP""]","[""28_61_0011"",""28_61_0002"",""28_61_0008"",""28_61_0006"",""28_61_0004"",""28_61_0001"",""28_61_0007"",""28_61_0009"",""28_61_0010"",""28_61_0003"",""28_61_0005""]","[""AVRE"",""EGRENNE - VARENNE"",""RISLE - CHARENTONNE - GUIEL"",""ORNE AMONT"",""ITON"",""DIVES - VIE"",""ORNE MOYENNE"",""SARTHE"",""TOUQUES"",""HUISNE"",""MAYENNE AMONT""]","[618,608,616,614,613,612,615,432,617,609,610]"
30309,[EL_ZA2023]_SEN20230622_B28_et_38-2023_06_22-00008,2023-07-13,2023-07-18,abroge,,"[""38"",""69""]",https://regleau.s3.gra.perf.cloud.ovh.net//arrete-cadre/30309/AIC_EL_DDTSEN20230622_B28_et_38-2023_06-22-00008.pdf,"[11105,11110,11109,12218,11111,12197,11104,11106]","[""SUP"",""SOU"",""SOU"",""SOU"",""SOU"",""SUP"",""SUP"",""SUP""]","[""84_69_0008"",""84_69_0008"",""84_69_0007"",""84_38_0027"",""84_69_0010"",""84_38_0007"",""84_69_0007"",""84_69_0010""]","[""ZONE 8"",""ZONE 8 - ESO"",""ZONE 7 - ESO"",""Nappes de l'Est Lyonnais"",""ZONE 9 - ESO"",""Est-Lyonnais"",""ZONE 7"",""ZONE 9""]","[556,561,560,1926,562,131,555,557]"
30310,[GDC_2023]26-2023-04-07-00007et38-2023-04-13-00006,2023-07-13,2024-05-12,abroge,26,"[""26"",""38""]",https://regleau.s3.gra.perf.cloud.ovh.net//arrete-cadre/30310/AP_Secheresse_Galaure_DDC_et_Annexes_26-2023-04-07-00007_et_38-2023-04-13-00006.pdf,"[10462,10435,12202,12220]","[""SOU"",""SUP"",""SUP"",""SOU""]","[""84_26_0013"",""84_26_0002"",""84_38_0012"",""84_38_0029""]","[""Galaure - Drôme des Collines"",""Galaure - Drôme des Collines"",""Galaure-Drôme des Collines"",""Molasse Miocène Bas Dauphiné""]","[1786,1779,1910,1928]"
30320,70-2023-07-12-00002,2023-07-13,null,publie,,70,https://regleau.s3.gra.perf.cloud.ovh.net//arrete-cadre/30320/20230712_AP_cadre_Haute-Sa%C3%B4ne_2023_sign%C3%A9.pdf,"[11523,11524,11529,11528,11525,11530]","[""SUP"",""SUP"",""SOU"",""SOU"",""SUP"",""SOU""]","[""27_70_0001"",""27_70_0002"",""27_70_0002"",""27_70_0001"",""27_70_0003"",""27_70_0003""]","[""sup_Rivières du plateau haut de saônois"",""sup_Rivières vosgiennes et de la dépression vosgienne"",""sout_Rivières vosgiennes et de la dépression vosgienne"",""sout_Rivières du plateau haut de saônois"",""sup_Nappes et rivières des basses vallées du Doubs et de l'Ognon"",""sout_Nappes et rivières des basses vallées du Doubs et de l'Ognon""]","[93,94,99,98,95,100]"
30263,9694-2023,2023-07-13,2024-07-17,abroge,,55,https://regleau.s3.gra.perf.cloud.ovh.net/arrete-cadre/30263/AP_cadre_9694-2023_secheresse.pdf,"[7324,7323,7321,7322,7320]","[""SUP"",""SUP"",""SUP"",""SUP"",""SUP""]","[""44_55_05"",""44_55_04"",""44_55_02"",""44_55_03"",""44_55_01""]","[""Meuse aval et Chiers partie du département 55"",""Moselle aval, Orne, Nied et Seille partie du département 55"",""Bassin Saulx-Ornain partie du département 55"",""Bassin de l'Aisne partie du département 55"",""Meuse amont et médiane partie du département 55""]","[45,44,212,215,42]"
30317,262/2023,2023-07-13,2023-07-13,abroge,,88,https://regleau.s3.gra.perf.cloud.ovh.net//arrete-cadre/30317/AP_262-2023_arrete_cadre_departemental_13072023.pdf,7341,SUP,44_88_04,Saône amont,282
30368,ACD 88,2023-07-13,2026-06-02,abroge,,88,https://regleau.s3.gra.perf.cloud.ovh.net//arrete-cadre/30368/AP_262-2023_arrete_cadre_departemental_13072023.pdf,"[7339,7340]","[""SUP"",""SUP""]","[""44_88_01"",""44_88_02""]","[""Moselle amont et Meurthe partie du département 88"",""Meuse amont et médiane partie du département 88""]","[133,209]"
30311,V6-BLV-38-2022-05-30-00018 et 26-2022-05-20-00002,2023-07-13,2023-07-25,abroge,,"[""26"",""38""]",https://regleau.s3.gra.perf.cloud.ovh.net//arrete-cadre/30311/AP%20Cadre%20BLV_38-2022-05-30-00018_26-2022-05-20-00002.pdf,"[10434,10461,12219,12200]","[""SUP"",""SOU"",""SOU"",""SUP""]","[""84_26_0001"",""84_26_0012"",""84_38_0028"",""84_38_0010""]","[""Valloire"",""Valloire"",""Bièvre-Liers-Valloire (spé sout.)"",""Bièvre-Liers-Valloire""]","[893,1870,1927,1908]"
30488,2023-07-17-001,2023-07-17,2026-05-19,abroge,,39,https://regleau.s3.gra.perf.cloud.ovh.net/arrete-cadre/30488/Arr%C3%83%C2%AAt%C3%83%C2%A9Cadre_2023_modificationAnnexe6_sign%C3%83%C2%A9.pdf,"[15088,15086,15087,15091,15092,15089,15093,15090]","[""SUP"",""SOU"",""SOU"",""SUP"",""SUP"",""SOU"",""SOU"",""SUP""]","[""27_39_0004"",""27_39_0004"",""27_39_0001"",""27_39_0001"",""27_39_0003"",""27_39_0003"",""27_39_0002"",""27_39_0002""]","[""Haute chaîne"",""Haute chaîne"",""Nord Jura"",""Nord Jura"",""Plateau calcaire"",""Plateau calcaire"",""Seille"",""Seille""]","[2339,2343,2344,2340,2341,2345,2342,2346]"
30313,2023-DEALM-SEPR-0619,2023-07-17,2023-10-08,abroge,,976,https://regleau.s3.gra.perf.cloud.ovh.net//arrete-cadre/30313/recueil-r06-2023-155-recueil-des-actes-administratifs.pdf,"[12190,12189]","[""SOU"",""SUP""]","[""06_976_0001"",""06_976_0001""]","[""bassin de Mayotte"",""bassin de Mayotte""]","[846,845]"
30348,V2_2023-DEALM-SEPR-0619,2023-07-17,2023-10-08,abroge,,976,https://regleau.s3.gra.perf.cloud.ovh.net//arrete-cadre/30348/Recueil-des-actes-administratifs.pdf,"[12190,12189]","[""SOU"",""SUP""]","[""06_976_0001"",""06_976_0001""]","[""bassin de Mayotte"",""bassin de Mayotte""]","[846,845]"
30189,56-ACS-05,2023-07-19,2023-07-19,abroge,,56,https://regleau.s3.gra.perf.cloud.ovh.net//arrete-cadre/30189/20230718_ACS_signe.pdf,"[11063,11053,11065,11054,11056,11058,11067,11072,11057,11068,11075,11062,11052,11076,11074,11080,11061,11059,11051,11070,11079,11078,11060,11066,11077,11055,11073,11071,11064,11069]","[""SUP"",""SUP"",""SUP"",""SUP"",""SUP"",""SUP"",""SOU"",""SOU"",""SUP"",""SOU"",""SOU"",""SUP"",""SUP"",""SOU"",""SOU"",""SOU"",""SUP"",""SUP"",""SUP"",""SOU"",""SOU"",""SOU"",""SUP"",""SOU"",""SOU"",""SUP"",""SOU"",""SOU"",""SUP"",""SOU""]","[""53_56_13"",""53_56_03"",""53_56_15"",""53_56_04"",""53_56_06"",""53_56_08"",""53_56_02"",""53_56_07"",""53_56_07"",""53_56_03"",""53_56_10"",""53_56_12"",""53_56_02"",""53_56_11"",""53_56_09"",""53_56_15"",""53_56_11"",""53_56_09"",""53_56_01"",""53_56_05"",""53_56_14"",""53_56_13"",""53_56_10"",""53_56_01"",""53_56_12"",""53_56_05"",""53_56_08"",""53_56_06"",""53_56_14"",""53_56_04""]","[""Houat"",""Elle"",""Blavet_canal"",""Evel"",""Littoral"",""Oust Amont"",""Blavet_rive_droite_SOUT"",""Oust_SOUT"",""Oust"",""Elle_SOUT"",""Blavet_rive_gauche_SOUT"",""Belle_ile"",""Blavet_rive_droite"",""Yvel et Ninian_SOUT"",""Scorff_SOUT"",""Blavet_canal_SOUT"",""Yvel et Ninian"",""Scorff"",""Aff"",""Groix_SOUT"",""Hoedic_SOUT"",""Houat_SOUT"",""Blavet_rive_gauche"",""Aff_SOUT"",""Belle_ile_SOUT"",""Groix"",""Oust Amont_SOUT"",""Littoral_SOUT"",""Hoedic"",""Evel_SOUT""]","[491,481,493,482,484,486,495,500,485,496,503,490,478,504,502,508,489,487,477,498,507,506,488,494,505,483,501,499,492,497]"
30149,ACD RM DDT-BIEF 2023-199-0003,2023-07-20,2023-07-19,abroge,,48,https://regleau.s3.gra.perf.cloud.ovh.net//arrete-cadre/30149/AP_DDT_BIEF_2023-199-0003_18072023_VF_RAAcomplet.pdf,"[10958,10960,10959,10957]","[""SUP"",""SUP"",""SUP"",""SUP""]","[""76_48_0014"",""76_48_0016"",""76_48_0015"",""76_48_0013""]","[""bassin de la Cèze"",""bassin de l'Hérault"",""bassin des Gardons"",""bassin du Chassezac""]","[107,1465,108,106]"
30330,ACD LB DDT-BIEF 2023-199-0002_18/07/2023,2023-07-20,2024-05-22,abroge,,48,https://regleau.s3.gra.perf.cloud.ovh.net//arrete-cadre/30330/AP_DDT_BIEF_2023-199-0002_18072023_VF_RAAcomplet.pdf,"[10956,10953,10955,10954]","[""SUP"",""SUP"",""SUP"",""SUP""]","[""76_48_0012"",""76_48_0009"",""76_48_0011"",""76_48_0010""]","[""cours d'eau Allier axe"",""bassin de l'Allier (source)"",""bassin de l'Allier moyen"",""bassin de l'Allier amont""]","[772,769,771,770]"
30331,Copie de ACD RM DDT-BIEF 2023-199-0003_18/07/2023,2023-07-20,2023-07-19,abroge,,48,https://regleau.s3.gra.perf.cloud.ovh.net//arrete-cadre/30331/AP_DDT_BIEF_2023-199-0003_18072023_VF_RAAcomplet.pdf,"[10958,10959,10960,10957]","[""SUP"",""SUP"",""SUP"",""SUP""]","[""76_48_0014"",""76_48_0015"",""76_48_0016"",""76_48_0013""]","[""bassin de la Cèze"",""bassin des Gardons"",""bassin de l'Hérault"",""bassin du Chassezac""]","[107,108,1465,106]"
30332,ACD RM DDT-BIEF 2023-199-0003_18/07/2023,2023-07-20,2024-05-22,abroge,,48,https://regleau.s3.gra.perf.cloud.ovh.net//arrete-cadre/30332/AP_DDT_BIEF_2023-199-0003_18072023_VF_RAAcomplet.pdf,"[10957,10960,10959,10958]","[""SUP"",""SUP"",""SUP"",""SUP""]","[""76_48_0013"",""76_48_0016"",""76_48_0015"",""76_48_0014""]","[""bassin du Chassezac"",""bassin de l'Hérault"",""bassin des Gardons"",""bassin de la Cèze""]","[106,1465,108,107]"
30150,ACD LB DDT-BIEF 2023-199-0002,2023-07-20,2023-07-19,abroge,,48,https://regleau.s3.gra.perf.cloud.ovh.net//arrete-cadre/30150/AP_DDT_BIEF_2023-199-0002_18072023_VF_RAAcomplet.pdf,"[10956,10954,10955,10953]","[""SUP"",""SUP"",""SUP"",""SUP""]","[""76_48_0012"",""76_48_0010"",""76_48_0011"",""76_48_0009""]","[""cours d'eau Allier axe"",""bassin de l'Allier amont"",""bassin de l'Allier moyen"",""bassin de l'Allier (source)""]","[772,770,771,769]"
30556,56-ACS-06,2023-07-20,2026-06-07,abroge,,56,https://regleau.s3.gra.perf.cloud.ovh.net/arrete-cadre/30556/20230718_ACS_signe.pdf,"[16193,16185,16186,16191,16187,16192,16173,16180,16171,16194,16197,16179,16170,16178,16177,16169,16195,16175,16188,16181,16182,16189,16183,16190,16184,16172,16176,16174,16196,16168]","[""SUP"",""SOU"",""SOU"",""SUP"",""SOU"",""SUP"",""SUP"",""SOU"",""SUP"",""SOU"",""SOU"",""SUP"",""SUP"",""SOU"",""SOU"",""SUP"",""SOU"",""SUP"",""SUP"",""SOU"",""SOU"",""SUP"",""SOU"",""SUP"",""SOU"",""SUP"",""SOU"",""SOU"",""SUP"",""SUP""]","[""53_56_12"",""53_56_13"",""53_56_14"",""53_56_14"",""53_56_15"",""53_56_15"",""53_56_08"",""53_56_08"",""53_56_07"",""53_56_07"",""53_56_06"",""53_56_06"",""53_56_05"",""53_56_05"",""53_56_04"",""53_56_04"",""53_56_02"",""53_56_13"",""53_56_09"",""53_56_09"",""53_56_10"",""53_56_10"",""53_56_11"",""53_56_11"",""53_56_12"",""53_56_03"",""53_56_03"",""53_56_01"",""53_56_02"",""53_56_01""]","[""Belle-Île-en-mer"",""Houat"",""Hoedic"",""Hoedic"",""Axe Blavet"",""Axe Blavet"",""Oust amont"",""Oust amont"",""Oust Aval"",""Oust Aval"",""Littoral"",""Littoral"",""Groix"",""Groix"",""Evel_SOUT"",""Evel"",""Blavet rive droite"",""Houat"",""Scorff"",""Scorff"",""Blavet rive gauche"",""Blavet rive gauche"",""Yvel"",""Yvel"",""Belle-Île-en-mer"",""Ellé"",""Ellé"",""Aff"",""Blavet rive droite"",""Aff""]","[3455,3449,3450,3456,3451,3457,3438,3444,3436,3459,3458,3435,3434,3443,3442,3433,3460,3439,3452,3445,3446,3453,3447,3454,3448,3437,3441,3440,3461,3432]"
30342,40 ACD hors zone réglementée étiage 2023,2023-07-24,2023-08-07,abroge,,40,https://regleau.s3.gra.perf.cloud.ovh.net//arrete-cadre/30342/40%20ACD%20hors%20ZRE.pdf,"[12226,12265,12301,12243,12256,12300,12250,12261,12284,12224,12275,12254,12293,12262,12236,12230,12264,12292,12306,12308,12259,12291,12268,12247,12246,12307,12260,12294,12298,12237,12302,12299,12295]","[""SUP"",""SUP"",""SUP"",""SUP"",""SUP"",""SUP"",""SUP"",""SUP"",""SUP"",""SUP"",""SUP"",""SUP"",""SUP"",""SUP"",""SUP"",""SUP"",""SUP"",""SUP"",""SUP"",""SUP"",""SUP"",""SUP"",""SUP"",""SUP"",""SUP"",""SUP"",""SUP"",""SUP"",""SUP"",""SUP"",""SUP"",""SUP"",""SUP""]","[""75_40_0004"",""75_40_0043"",""75_40_0079"",""75_40_0021"",""75_40_0034"",""75_40_0078"",""75_40_0028"",""75_40_0039"",""75_40_0062"",""75_40_0002"",""75_40_0053"",""75_40_0032"",""75_40_0071"",""75_40_0040"",""75_40_0014"",""75_40_0008"",""75_40_0042"",""75_40_0070"",""75_40_0084"",""75_40_0086"",""75_40_0037"",""75_40_0069"",""75_40_0046"",""75_40_0025"",""75_40_0024"",""75_40_0085"",""75_40_0038"",""75_40_0072"",""75_40_0076"",""75_40_0015"",""75_40_0080"",""75_40_0077"",""75_40_0073""]","[""Bassin de la Leyre (Leyre5-40)"",""Bassin de la Leyre (Leyre4)"",""Bassin AG2-b"",""Bassin du Gave de Pau-40"",""Bassin AG3"",""Bassin AG1-a"",""Bassin AG4-a"",""Bassin de la Leyre (Leyre2)"",""Bassin de Saint-Vincent des Gaves"",""Bassin de la Bidouze aval-40"",""Bassin de la Neste (Neste2-40)"",""Bassin AG0-40"",""Bassin de la Leyre (Leyre1)"",""Bassin de l'Adour à Dax"",""Bassin des Luys de Bearn median-40"",""Bassin des Gaves reunis-40"",""Bassin de la Neste (Neste1-40)"",""Bassin AG2-d"",""Bassin AG5-b"",""Bassin AG5-c"",""Bassin AG6-40"",""Bassin de la Leyre (Leyre6-40)"",""Bassin Adour-transition AG7-40"",""Bassin de la Neste (Neste3-40)"",""Bassin AG4-b"",""Bassin AG5-a"",""Bassin de la Leyre (Leyre3)"",""Bassin de la Leyre (Leyre7-40)"",""Bassin AG1-b"",""Bassin du Ciron-40"",""Bassin du Lespontes"",""Bassin AG2-c"",""Bassin AG2-a""]","[1642,1400,1696,1151,1675,1168,1154,1679,1691,1141,1689,1155,1695,1680,1144,1142,1157,1694,1710,1711,1156,1162,1683,942,905,1175,1356,1164,1667,1145,1172,1678,1165]"
30341,40 ACD adour 2017-1534,2023-07-24,2023-08-07,abroge,,40,https://regleau.s3.gra.perf.cloud.ovh.net/arrete-cadre/30341/ACD+adour+40.pdf,"[12281,12263,12240,12249,12287,12231,12282,12285,12276,12234,12253,12277,12229,12271,12233,12266,12273,12283,12241,12269,12223,12245,12296,12232,12267,12290,12251,12304,12227,12238,12244,12297,12225,12288,12289,12270,12286,12228,12255,12272,12257,12258,12248,12279,12252,12235,12303,12305,12278,12239,12280,12274,12242]","[""SUP"",""SUP"",""SUP"",""SUP"",""SUP"",""SUP"",""SUP"",""SUP"",""SUP"",""SUP"",""SUP"",""SUP"",""SUP"",""SUP"",""SUP"",""SUP"",""SUP"",""SUP"",""SUP"",""SUP"",""SUP"",""SUP"",""SUP"",""SUP"",""SUP"",""SUP"",""SUP"",""SUP"",""SUP"",""SUP"",""SUP"",""SUP"",""SUP"",""SUP"",""SUP"",""SUP"",""SUP"",""SUP"",""SUP"",""SUP"",""SUP"",""SUP"",""SUP"",""SUP"",""SUP"",""SUP"",""SUP"",""SUP"",""SUP"",""SUP"",""SUP"",""SUP"",""SUP""]","[""75_40_0059"",""75_40_0041"",""75_40_0018"",""75_40_0027"",""75_40_0065"",""75_40_0009"",""75_40_0060"",""75_40_0063"",""75_40_0054"",""75_40_0012"",""75_40_0031"",""75_40_0055"",""75_40_0007"",""75_40_0049"",""75_40_0011"",""75_40_0044"",""75_40_0051"",""75_40_0061"",""75_40_0019"",""75_40_0047"",""75_40_0001"",""75_40_0023"",""75_40_0074"",""75_40_0010"",""75_40_0045"",""75_40_0068"",""75_40_0029"",""75_40_0082"",""75_40_0005"",""75_40_0016"",""75_40_0022"",""75_40_0075"",""75_40_0003"",""75_40_0066"",""75_40_0067"",""75_40_0048"",""75_40_0064"",""75_40_0006"",""75_40_0033"",""75_40_0050"",""75_40_0035"",""75_40_0036"",""75_40_0026"",""75_40_0057"",""75_40_0030"",""75_40_0013"",""75_40_0081"",""75_40_0083"",""75_40_0056"",""75_40_0017"",""75_40_0058"",""75_40_0052"",""75_40_0020""]","[""Bassin de la Douze (Douze8)"",""Bassin des Luys1-d"",""Bassin du Louts (Louts2)"",""Bassin du Bès2"",""Bassin de la Douze( (Douze7)"",""Bassin de l'Adour (Adour5)"",""Bassin de la Midouze à Tartas"",""Bassin de la Douze (Douze5)"",""Bassin de l'Estrigon1"",""Bassin de l'Adour (Adour3)"",""Bassin du Geloux"",""Bassin de l'Estrigon3"",""Bassin de la Douze (Douze3-b)"",""Bassin des Luys1-a"",""Bassin du Louts (Louts3-40)"",""Bassin des Luys1-f"",""Bassin du Bahus-40"",""Bassin de la Douze (Douze4)"",""Bassin des Luys (Luys1-c-40)"",""Bassin des Luys1-b"",""Bassin de Mont de Marsan (MDM4-b-40)"",""Bassin Les Luys de France-a-40"",""Bassin des Luys de Bearn aval-40"",""Bassin de Mont de Marsan (MDM4-a)"",""Bassin des Luys1-e"",""Bassin du Gabas (Gabas1)"",""Bassin de l'Adour (Adour4-b)"",""Bassin de l'Adour (Adour1-40)"",""Bassin de Mont de Marsan (MDM3-40)"",""Bassin de la Douze (Douze2-b-40)"",""Bassin du Louts (Louts1)"",""Bassin de Campagne"",""Bassin de l'Adour à St Vincent de Paul"",""Bassin de la Douze (Douze6)"",""Bassin du Gabas (Gabas2-40)"",""Bassin Adour (Adour16-40)"",""Bassin de l'Adour à Pontonx"",""Bassin de Batanes - Grauche"",""Bassin du Retjons"",""Bassin de la Douze (Douze2-a-40)"",""Bassin du Bès1"",""Bassin de Mont de Marsan (MDM5)"",""Bassin de la Douze (Douze3-a-40)"",""Bassin de l'Estrigon2"",""Bassin de l'Adour (Adour4-a)"",""Bassin de Mont de Marsan (MDM1-40)"",""Bassin du Gabas (Gabas3-40)"",""Bassin du Bas"",""Bassin Les Luys de France-b-40"",""Bassin de l'Adour (Adour2-40)"",""Bassin de la Douze (Douze9)"",""Bassin de la Douze (Douze1-40)"",""Bassin Adour Bernède-40""]","[1457,1398,904,1673,1615,149,1538,1692,1690,1668,1123,1403,141,1686,1143,1681,1687,1561,1670,1684,1666,1152,1166,890,1682,1693,1108,1174,1643,1146,1671,1697,1640,1629,1161,1685,1613,84,1253,1158,1676,1677,1672,1424,1674,1669,1699,1709,1405,1147,1430,1688,1150]"
30124,ACD 47-2023-07-25-00009,2023-07-25,2024-06-16,abroge,,47,https://regleau.s3.gra.perf.cloud.ovh.net/ArretesCadres/AP_cadre-dept47_2023-Vdef_SR-NUM.pdf,"[11569,11581,11603,11577,11574,11596,11582,11608,11595,11564,11578,11612,11590,11572,11576,11613,11600,11566,11587,11592,11583,11575,11565,11579,11584,11605,11607,11598,11585,11610,11604,11593,11594,11597,11568,11611,11589,11601,11586,11599,11570,11580,11588,11591,11602,11563,11571,11567,11573,11609,11606]","[""SUP"",""SUP"",""SUP"",""SUP"",""SUP"",""SUP"",""SUP"",""SUP"",""SUP"",""SUP"",""SUP"",""SUP"",""SUP"",""SUP"",""SUP"",""SUP"",""SUP"",""SUP"",""SUP"",""SUP"",""SUP"",""SUP"",""SUP"",""SUP"",""SUP"",""SUP"",""SUP"",""SUP"",""SUP"",""SUP"",""SUP"",""SUP"",""SUP"",""SUP"",""SUP"",""SUP"",""SUP"",""SUP"",""SUP"",""SUP"",""SUP"",""SUP"",""SUP"",""SUP"",""SUP"",""SUP"",""SUP"",""SUP"",""SUP"",""SUP"",""SUP""]","[""72_47_15"",""72_47_26"",""72_47_46"",""72_47_22"",""72_47_2"",""72_47_4"",""72_47_27"",""72_47_50"",""72_47_39"",""72_47_10"",""72_47_23"",""72_47_8"",""72_47_34"",""72_47_18"",""72_47_21"",""72_47_9"",""72_47_43"",""72_47_12"",""72_47_31"",""72_47_36"",""72_47_28"",""72_47_20"",""72_47_11"",""72_47_24"",""72_47_29"",""72_47_48"",""72_47_5"",""72_47_41"",""72_47_3"",""72_47_6"",""72_47_47"",""72_47_37"",""72_47_38"",""72_47_40"",""72_47_14"",""72_47_7"",""72_47_33"",""72_47_44"",""72_47_30"",""72_47_42"",""72_47_16"",""72_47_25"",""72_47_32"",""72_47_35"",""72_47_45"",""72_47_1"",""72_47_17"",""72_47_13"",""72_47_19"",""72_47_51"",""72_47_49""]","[""96_ZA47_LA BAÏSE"",""70_ZA47_bassin versant du Tolzac"",""62_ZA47_bassin versant de la Masse de Prayssas"",""61_ZA47 axe principal Avance"",""88_ZA47_bassin versant du Boudouyssou-Tancanne"",""67_ZA47_bassin versant de la Séoune"",""80_ZA47_bassin versant de la Lède"",""60 ZA47 La Dourdène réalimentée"",""62_ZA47_Le Bourbon réalimenté"",""70_ZA47_Le Tolzac réalimenté"",""67_ZA47_La Séoune réalimenté"",""62_ZA47_La Masse d'Agen réalimentée"",""62_ZA47_bassin versant du Tareyre"",""93_ZA47_LE LOT"",""61_ZA47_LA GARONNE 47 aval"",""93_ZA47_Le Salabert réalimenté"",""ZA47_Bassin versant du Bournègue"",""62_ZA47_LA GARONNE 47 amont"",""96_ZA47_bassin versant de la Baise"",""62_ZA47_bassin versant de la Garonne amont"",""82_ZA47_bassin versant de la Thèze"",""81_ZA47_La Lémance réalimentée"",""97_ZA47_l'Auzoue réalimenté"",""94_ZA47_L'Auvignon réalimenté"",""62_ZA47_bassin versant du Bourbon"",""60_ZA47_Bassin versant du Dropt"",""61_ZA47_bassin versant du Ciron"",""61_ZA47_bassin versant de la Gupie"",""81_ZA47_bassin versant de la Lémance"",""96_ZA47_L'Osse réalimenté"",""96_ZA47_bassin versant de l'Osse"",""61_ZA47_bassin versant de la Garonne aval"",""61_ZA47_bassin versant de l'Avance"",""95_ZA47_bassin versant de l'Auroue"",""93_ZA47_La Masse de Pujols réalimentée"",""96_ZA47_Le Gers réalimenté"",""214_ZA47_Seignal"",""62_ZA47_bassin versant de la Masse d'Agen"",""61_ZA47_bassin versant du Lisos"",""97_ZA47_bassin versant de l'Auzoue"",""ZA47_LE CANAL"",""62_ZA47_La Masse de Prayssas réalimentée"",""97_ZA47_bassin versant de la Gélise"",""62_ZA47_bassin versant de l'Ourbise"",""93_ZA47_bassin versant du Lot aval"",""60_ZA47_Le Dropt amont réalimenté"",""88_ZA47_Le Boudouyssou réalimenté"",""80_ZA47_LA LEDE AVAL réalimentée"",""60_ZA47_Le Dropt aval réalimenté"",""94_ZA47_bassin versant des Auvignons"",""96_ZA47_bassin versant du Gers""]","[1542,1554,898,1550,1547,1565,1555,1571,1564,1536,1551,1575,1560,1545,1549,1576,1567,882,887,891,1556,1548,1537,1552,884,1568,1570,1566,885,1573,899,892,1563,1435,1541,1574,889,896,886,895,1543,1553,888,1562,897,1535,1544,1539,1546,1572,1569]"
30347,[BLV] 38-2023-07-25-00008_et_26-2023-07-25-00009,2023-07-25,null,publie,38,"[""38"",""26""]",https://regleau.s3.gra.perf.cloud.ovh.net//arrete-cadre/30347/APCIS_BLV_38-2023-07-25-00008_et_26-2023-07-25-00009_sign%C3%A9_avec_Annexes.pdf,"[12219,12200,10461,10434]","[""SOU"",""SUP"",""SOU"",""SUP""]","[""84_38_0028"",""84_38_0010"",""84_26_0012"",""84_26_0001""]","[""Bièvre-Liers-Valloire (spé sout.)"",""Bièvre-Liers-Valloire"",""Valloire"",""Valloire""]","[1927,1908,1870,893]"
30428,AP_ACS22_2023,2023-07-28,2026-06-18,abroge,,22,https://regleau.s3.gra.perf.cloud.ovh.net/arrete-cadre/30428/AP_cadre_secheresse_du_28juillet2023.pdf,"[10336,10335,10338,10334,10337,4607]","[""SUP"",""SUP"",""SUP"",""SUP"",""SUP"",""SOU""]","[""3"",""2"",""5"",""1"",""4"",""53_22_01""]","[""Zone sud-ouest"",""Zone centre"",""Zone est"",""Zone ouest"",""Zone sud"",""zone non couverte par l'arrêté cadre""]","[438,437,440,675,439,43]"
30392,Ille-et-Vilaine ACS 2023-07-28,2023-07-28,null,publie,,35,https://regleau.s3.gra.perf.cloud.ovh.net//arrete-cadre/30392/Ille-et-Vilaine%20ACS%202023-07-28-00002_compressed.pdf,"[12359,12351,12353,12348,12357,12354,12360,12355,12361,12352,12358,12349,12350,12356]","[""SOU"",""SUP"",""SUP"",""SUP"",""SOU"",""SUP"",""SOU"",""SOU"",""SOU"",""SUP"",""SOU"",""SUP"",""SUP"",""SOU""]","[""53_35_5"",""53_35_4"",""53_35_6"",""53_35_1"",""53_35_3"",""53_35_7"",""53_35_6"",""53_35_1"",""53_35_7"",""53_35_5"",""53_35_4"",""53_35_2"",""53_35_3"",""53_35_2""]","[""Secteur milieux aquatiques 5 - Bassin de la rive gauche de la Vilaine_ZA_ESO"",""Secteur milieux aquatiques 4 - Bassin de la Vilaine en amont de Rennes_ZA_ESO"",""Secteur milieux aquatiques 6 - Bassin de l'Aff_ZA_ESO"",""Secteur milieux aquatiques 1 - Bassin Côtier_ZA_ESO"",""Secteur milieux aquatiques 3 - Bassin de la Vilaine Nord-Meu_ZA_ESO"",""Secteur milieux aquatiques 7 - Bassin de la Chère_ZA_ESO"",""Secteur milieux aquatiques 6 - Bassin de l'Aff_ZA_ESO"",""Secteur milieux aquatiques 1 - Bassin Côtier_ZA_ESO"",""Secteur milieux aquatiques 7 - Bassin de la Chère_ZA_ESO"",""Secteur milieux aquatiques 5 - Bassin de la rive gauche de la Vilaine_ZA_ESO"",""Secteur milieux aquatiques 4 - Bassin de la Vilaine en amont de Rennes_ZA_ESO"",""Secteur milieux aquatiques 2 - Bassin du Couesnon_ZA_ESO"",""Secteur milieux aquatiques 3 - Bassin de la Vilaine Nord-Meu_ZA_ESO"",""Secteur milieux aquatiques 2 - Bassin du Couesnon_ZA_ESO""]","[1350,1342,1344,1190,1348,1345,1351,1346,1352,1343,1349,1340,1341,1347]"
30345,AP DDTM/SEBIO/2023-76,2023-07-28,2023-10-15,abroge,,83,https://regleau.s3.gra.perf.cloud.ovh.net//arrete-cadre/30345/AP%20Crise%20s%C3%A9cheresse%20Huveaune%20amont%20-%2028-07-23.pdf,"[11945,11952,11949,11951,11948,11955,11953,11944,11950,11954,11947,11946]","[""SUP"",""SUP"",""SUP"",""SUP"",""SUP"",""SOU"",""SUP"",""SUP"",""SUP"",""SOU"",""SUP"",""SUP""]","[""93_83_10"",""93_83_8"",""93_83_5"",""93_83_7"",""93_83_4"",""93_83_2"",""93_83_9"",""93_83_1"",""93_83_6"",""93_83_1"",""93_83_3"",""93_83_2""]","[""Zone Verdon"",""Zone Siagne Amont"",""Zone Fleuves côtiers ouest"",""Zone Huveaune Amont"",""Zone Durance"",""Zone Nappe Giscle - Môle"",""Zone Siagne Aval"",""Zone Arc Amont"",""Zone Gapeau"",""Zone Nappe basse vallée Argens"",""Zone Artuby-Jabron"",""Zone Argens""]","[110,116,114,1876,113,1795,1793,109,115,1794,112,111]"
30391,Copie de AIP_Neste_32-2023-07-31-00004,2023-07-30,2023-07-30,abroge,32,"[""31"",""32"",""82"",""40"",""65"",""47""]",https://regleau.s3.gra.perf.cloud.ovh.net//arrete-cadre/30391/32-2023-07-31-00004_ACI_Neste_RG_signeetannexes_numerote.pdf,"[12422,11599,12429,12448,12264,9935,12454,11604,12413,12430,12455,12438,12275,11569,11609,12426,11588,8072,12411,12436,12445,11719,12412,12447,12247,12449,12432,12419,12428,9934,12456,12431,12414,11597,8067,11606,12439,12425,12424,12416,12450,11717,12410,11610,8071,12423,12437,12417,11611,8073,11565,12458,12451,11587,8070,12457,11579,12427,12446,12452]","[""SUP"",""SUP"",""SUP"",""SUP"",""SUP"",""SUP"",""SUP"",""SUP"",""SUP"",""SUP"",""SUP"",""SUP"",""SUP"",""SUP"",""SUP"",""SUP"",""SUP"",""SUP"",""SUP"",""SUP"",""SUP"",""SUP"",""SUP"",""SUP"",""SUP"",""SUP"",""SUP"",""SUP"",""SUP"",""SUP"",""SUP"",""SUP"",""SUP"",""SUP"",""SUP"",""SUP"",""SUP"",""SUP"",""SUP"",""SUP"",""SUP"",""SUP"",""SUP"",""SUP"",""SUP"",""SUP"",""SUP"",""SUP"",""SUP"",""SUP"",""SUP"",""SUP"",""SUP"",""SUP"",""SUP"",""SUP"",""SUP"",""SUP"",""SUP"",""SUP""]","[""73_32_2"",""72_47_42"",""73_32_27"",""73_32_42"",""75_40_0042"",""76_31_28"",""73_32_5"",""72_47_47"",""73_32_12"",""73_32_28"",""73_32_6"",""73_32_34"",""75_40_0053"",""72_47_15"",""72_47_51"",""73_32_23"",""72_47_32"",""76_82_63"",""73_32_10"",""73_32_32"",""73_32_39"",""73_65_09"",""73_32_11"",""73_32_41"",""75_40_0025"",""73_32_43"",""73_32_3"",""73_32_18"",""73_32_26"",""76_31_26"",""73_32_7"",""73_32_29"",""73_32_13"",""72_47_40"",""76_82_48"",""72_47_49"",""73_32_35"",""73_32_22"",""73_32_21"",""73_32_15"",""73_32_44"",""73_65_07"",""73_32_1"",""72_47_6"",""76_82_62"",""73_32_20"",""73_32_33"",""73_32_16"",""72_47_7"",""76_82_64"",""72_47_11"",""73_32_9"",""73_32_45"",""72_47_31"",""76_82_61"",""73_32_8"",""72_47_24"",""73_32_24"",""73_32_4"",""73_32_46""]","[""Bassin versant de l'Aussoue non réalimenté"",""97_ZA47_bassin versant de l'Auzoue"",""Rivière La Douze réalimenté"",""Bassin versant Touch non réalimenté"",""Bassin de la Neste (Neste1-40)"",""Aussoue"",""Bassin versant de la Gimone non réalimenté"",""96_ZA47_bassin versant de l'Osse"",""Bassin versant de l'Auzoue non réalimenté"",""Rivière L'Arrats réalimenté"",""Bassin versant de l'Arrats non réalimenté"",""Rivière La Marcaoue réalimenté"",""Bassin de la Neste (Neste2-40)"",""96_ZA47_LA BAÏSE"",""94_ZA47_bassin versant des Auvignons"",""Rivière la Baise réalimenté"",""97_ZA47_bassin versant de la Gélise"",""Zone 63 - Rivière Gimone"",""Bassin versant de la Baïse non réalimenté"",""Rivière Guiroue aval baradee réalimenté"",""Rivière de l'Osse amont Lizet réalimenté"",""BV du système Neste"",""Bassin versant de la Guiroue non réalimenté"",""Canal de Monlaur"",""Bassin de la Neste (Neste3-40)"",""Bassin versant de l'Aussonnelle non réalimenté"",""Bassin versant de la Save non réalimenté"",""Rivière La Gélise réalimenté"",""Rivière la Save - Gesse réalimenté"",""Système Neste"",""Bassin versant du Gers non réalimenté"",""Rivière Le Bouès réalimenté"",""Bassin versant de la Gélise non réalimenté"",""95_ZA47_bassin versant de l'Auroue"",""Zone 48 - Bassin de l'Auroue"",""96_ZA47_bassin versant du Gers"",""Rivière L'Aussoue réalimenté"",""Rivière L'Auzoue réalimenté"",""Rivière Le Gers réalimenté"",""Bassin versant du Boues non réalimenté"",""Bassin versant Ayroux - Sère non réalimenté"",""BV du Bouès"",""Bassin versant de l'Auroue non réalimenté"",""96_ZA47_L'Osse réalimenté"",""Zone 62 - Arrats affluents"",""Rivière du Garaillon Auvignon réalimenté"",""Rivière L'Auloue réalimenté"",""Bassin versant de l'Osse non réalimenté"",""96_ZA47_Le Gers réalimenté"",""Zone 64 - Gimone affluents"",""97_ZA47_l'Auzoue réalimenté"",""Bassin versant de l'Auloue non réalimenté"",""Bassin versant de Garonne de l'Aussonnelle à la Barguelonne non réalimenté"",""96_ZA47_bassin versant de la Baise"",""Zone 61 - Rivière Arrats"",""Bassin versant des Auvignons non réalimenté"",""94_ZA47_L'Auvignon réalimenté"",""Rivière La Gimone réalimenté"",""Bassin versant de la Marcaoue non réalimenté"",""Bassin versant de Garonne de la Barguelonne au Dropt non réalimenté""]","[1757,895,1764,201,1157,1414,1224,899,1747,1765,1225,1212,1689,1542,1572,1761,888,1374,1745,1771,1219,1453,1746,1774,942,202,1767,1753,1763,637,1226,1766,1748,1435,1369,1569,1213,1760,1759,1750,208,1450,1744,1573,1373,1758,1772,1751,1574,1375,1537,1228,210,887,1372,1227,1552,1762,1773,235]"
30371,AIP_Neste_32-2023-07-31-00004,2023-07-30,2023-10-01,abroge,,"[""40"",""65"",""47"",""32"",""82"",""31""]",https://regleau.s3.gra.perf.cloud.ovh.net//arrete-cadre/30371/32-2023-07-31-00004_ACI_Neste_RG_signeetannexes_numerote.pdf,"[10707,8072,11717,12264,9934,8070,10674,10690,12247,11609,12275,9935,10671,11587,11610,10689,10679,10669,10677,8071,10673,10706,10693,10682,11611,11604,10680,10701,8067,10676,10688,10685,10695,10700,11599,11719,11606,11579,10675,10687,8073,10699,10696,11565,11597,11588,10702,10678,10670,10672,10668,10691,11569,10683]","[""SUP"",""SUP"",""SUP"",""SUP"",""SUP"",""SUP"",""SUP"",""SUP"",""SUP"",""SUP"",""SUP"",""SUP"",""SUP"",""SUP"",""SUP"",""SUP"",""SUP"",""SUP"",""SUP"",""SUP"",""SUP"",""SUP"",""SUP"",""SUP"",""SUP"",""SUP"",""SUP"",""SUP"",""SUP"",""SUP"",""SUP"",""SUP"",""SUP"",""SUP"",""SUP"",""SUP"",""SUP"",""SUP"",""SUP"",""SUP"",""SUP"",""SUP"",""SUP"",""SUP"",""SUP"",""SUP"",""SUP"",""SUP"",""SUP"",""SUP"",""SUP"",""SUP"",""SUP"",""SUP""]","[""73_32_40"",""76_82_63"",""73_65_07"",""75_40_0042"",""76_31_26"",""76_82_61"",""73_32_07"",""73_32_23"",""75_40_0025"",""72_47_51"",""75_40_0053"",""76_31_28"",""73_32_04"",""72_47_31"",""72_47_6"",""73_32_22"",""73_32_12"",""73_32_02"",""73_32_10"",""76_82_62"",""73_32_06"",""73_32_39"",""73_32_26"",""73_32_15"",""72_47_7"",""72_47_47"",""73_32_13"",""73_32_34"",""76_82_48"",""73_32_09"",""73_32_21"",""73_32_18"",""73_32_28"",""73_32_33"",""72_47_42"",""73_65_09"",""72_47_49"",""72_47_24"",""73_32_08"",""73_32_20"",""76_82_64"",""73_32_32"",""73_32_29"",""72_47_11"",""72_47_40"",""72_47_32"",""73_32_35"",""73_32_11"",""73_32_03"",""73_32_05"",""73_32_01"",""73_32_24"",""72_47_15"",""73_32_16""]","[""Rivière de l'Osse aval Lizet réalimenté"",""Zone 63 - Rivière Gimone"",""BV du Bouès"",""Bassin de la Neste (Neste1-40)"",""Système Neste"",""Zone 61 - Rivière Arrats"",""Bassin versant du Gers non réalimenté"",""Rivière la Baise réalimenté"",""Bassin de la Neste (Neste3-40)"",""94_ZA47_bassin versant des Auvignons"",""Bassin de la Neste (Neste2-40)"",""Aussoue"",""Bassin versant de la Marcaoue non réalimenté"",""96_ZA47_bassin versant de la Baise"",""96_ZA47_L'Osse réalimenté"",""Rivière L'Auzoue réalimenté"",""Bassin versant de l'Auzoue non réalimenté"",""Bassin versant de l'Aussoue non réalimenté"",""Bassin versant de la Baïse non réalimenté"",""Zone 62 - Arrats affluents"",""Bassin versant de l'Arrats non réalimenté"",""Rivière de l'Osse amont Lizet réalimenté"",""Rivière la Save - Gesse réalimenté"",""Bassin versant du Boues non réalimenté"",""96_ZA47_Le Gers réalimenté"",""96_ZA47_bassin versant de l'Osse"",""Bassin versant de la Gélise non réalimenté"",""Rivière La Marcaoue réalimenté"",""Zone 48 - Bassin de l'Auroue"",""Bassin versant de l'Auloue non réalimenté"",""Rivière Le Gers réalimenté"",""Rivière La Gélise réalimenté"",""Rivière L'Arrats réalimenté"",""Rivière L'Auloue réalimenté"",""97_ZA47_bassin versant de l'Auzoue"",""BV du système Neste"",""96_ZA47_bassin versant du Gers"",""94_ZA47_L'Auvignon réalimenté"",""Bassin versant des Auvignons non réalimenté"",""Rivière du Garaillon Auvignon réalimenté"",""Zone 64 - Gimone affluents"",""Rivière Guiroue aval baradee réalimenté"",""Rivière Le Bouès réalimenté"",""97_ZA47_l'Auzoue réalimenté"",""95_ZA47_bassin versant de l'Auroue"",""97_ZA47_bassin versant de la Gélise"",""Rivière L'Aussoue réalimenté"",""Bassin versant de la Guiroue non réalimenté"",""Bassin versant de la Save non réalimenté"",""Bassin versant de la Gimone non réalimenté"",""Bassin versant de l'Auroue non réalimenté"",""Rivière La Gimone réalimenté"",""96_ZA47_LA BAÏSE"",""Bassin versant de l'Osse non réalimenté""]","[null,1374,1450,1157,637,1372,null,null,942,1572,1689,1414,null,887,1573,null,null,null,null,1373,null,null,null,null,1574,899,null,null,1369,null,null,null,null,null,895,1453,1569,1552,null,null,1375,null,null,1537,1435,888,null,null,null,null,null,null,1542,null]"
30367,AIP_Neste_32-2023-07-31-00004,2023-07-30,2024-06-17,abroge,32,"[""82"",""65"",""31"",""40"",""47""]",https://regleau.s3.gra.perf.cloud.ovh.net//arrete-cadre/30367/32-2023-07-31-00004_ACI_Neste_RG_signeetannexes_numerote.pdf,"[8073,8072,11597,12275,8067,11579,12247,11609,12264,8070,11599,11604,11717,9934,11565,11611,11587,11610,11588,8071,11606,11719,11569]","[""SUP"",""SUP"",""SUP"",""SUP"",""SUP"",""SUP"",""SUP"",""SUP"",""SUP"",""SUP"",""SUP"",""SUP"",""SUP"",""SUP"",""SUP"",""SUP"",""SUP"",""SUP"",""SUP"",""SUP"",""SUP"",""SUP"",""SUP""]","[""76_82_64"",""76_82_63"",""72_47_40"",""75_40_0053"",""76_82_48"",""72_47_24"",""75_40_0025"",""72_47_51"",""75_40_0042"",""76_82_61"",""72_47_42"",""72_47_47"",""73_65_07"",""76_31_26"",""72_47_11"",""72_47_7"",""72_47_31"",""72_47_6"",""72_47_32"",""76_82_62"",""72_47_49"",""73_65_09"",""72_47_15""]","[""Zone 64 - Gimone affluents"",""Zone 63 - Rivière Gimone"",""95_ZA47_bassin versant de l'Auroue"",""Bassin de la Neste (Neste2-40)"",""Zone 48 - Bassin de l'Auroue"",""94_ZA47_L'Auvignon réalimenté"",""Bassin de la Neste (Neste3-40)"",""94_ZA47_bassin versant des Auvignons"",""Bassin de la Neste (Neste1-40)"",""Zone 61 - Rivière Arrats"",""97_ZA47_bassin versant de l'Auzoue"",""96_ZA47_bassin versant de l'Osse"",""BV du Bouès"",""Système Neste"",""97_ZA47_l'Auzoue réalimenté"",""96_ZA47_Le Gers réalimenté"",""96_ZA47_bassin versant de la Baise"",""96_ZA47_L'Osse réalimenté"",""97_ZA47_bassin versant de la Gélise"",""Zone 62 - Arrats affluents"",""96_ZA47_bassin versant du Gers"",""BV du système Neste"",""96_ZA47_LA BAÏSE""]","[1375,1374,1435,1689,1369,1552,942,1572,1157,1372,895,899,1450,637,1537,1574,887,1573,888,1373,1569,1453,1542]"
30427,AIP_Neste_32-2023-07-31-00004 ,2023-07-31,2024-06-16,abroge,32,"[""65"",""82"",""32"",""47"",""31"",""40""]",https://regleau.s3.gra.perf.cloud.ovh.net/arrete-cadre/30427/32-2023-07-31-00004_ACI_Neste_RG_signeetannexes_numerote.pdf,"[15663,15638,15615,15654,15674,15574,15670,15668,15651,15641,15636,15634,15643,15620,15652,15598,15624,15659,15666,15576,15626,15601,15646,15571,15665,15648,15642,15581,15590,15609,15649,15617,15656,15671,15625,15645,15669,15655,15579,11719,15660,15647,15664,15608,11717,11611,11610,11609,11606,11604,11599,11597,11588,11587,15582,15589,15657,15611,15583,15593,15637,15658,15604,15616,15607,15630,15573,15577,11579,11569,11565,12275,12264,12247,15672,15578,15639,15653,15623,15621,15572,15640,15644,15575,15610,15667,15584,15580,15622,15673,15619,15650,15627]","[""SUP"",""SOU"",""SUP"",""SUP"",""SOU"",""SUP"",""SUP"",""SUP"",""SOU"",""SOU"",""SOU"",""SUP"",""SOU"",""SOU"",""SUP"",""SOU"",""SUP"",""SUP"",""SUP"",""SUP"",""SOU"",""SOU"",""SUP"",""SUP"",""SUP"",""SOU"",""SUP"",""SUP"",""SOU"",""SOU"",""SOU"",""SOU"",""SOU"",""SOU"",""SUP"",""SUP"",""SUP"",""SUP"",""SOU"",""SUP"",""SUP"",""SOU"",""SUP"",""SOU"",""SUP"",""SUP"",""SUP"",""SUP"",""SUP"",""SUP"",""SUP"",""SUP"",""SUP"",""SUP"",""SOU"",""SOU"",""SUP"",""SUP"",""SOU"",""SUP"",""SOU"",""SOU"",""SUP"",""SUP"",""SUP"",""SOU"",""SUP"",""SUP"",""SUP"",""SUP"",""SUP"",""SUP"",""SUP"",""SUP"",""SUP"",""SOU"",""SOU"",""SUP"",""SUP"",""SOU"",""SUP"",""SOU"",""SOU"",""SUP"",""SOU"",""SUP"",""SOU"",""SOU"",""SUP"",""SOU"",""SOU"",""SOU"",""SOU""]","["""","""","""","""","""","""","""","""","""","""","""","""","""","""","""","""","""","""","""","""","""","""","""","""","""","""","""","""","""","""","""","""","""","""","""","""","""","""","""",""73_65_09"","""","""","""","""",""73_65_07"",""72_47_7"",""72_47_6"",""72_47_51"",""72_47_49"",""72_47_47"",""72_47_42"",""72_47_40"",""72_47_32"",""72_47_31"","""","""","""","""","""","""","""","""","""","""","""","""","""","""",""72_47_24"",""72_47_15"",""72_47_11"",""75_40_0053"",""75_40_0042"",""75_40_0025"","""","""","""","""","""","""","""","""","""","""","""","""","""","""","""","""","""","""",""""]","[""Bassin de l''Auloue non réalimenté"",""ZA1 - Rivière Petite Baïse réalimentée"",""Rivière Aussoue réalimentée"",""Rivière du Bouès réalimentée"",""Bassin versant Ayroux - Sère non réalimenté"",""Rigoles et rivières Gimone réalimentées"",""Bassin du Gers non réalimenté"",""Bassin de la Gélise non réalimenté"",""ZA3c - Rivière Auzoue réalimentée"",""ZA4g - Bassin de la Save et la Gesse non réalimenté"",""ZA2a - Rivière Marcaoue réalimentée"",""Bassin versant de l''Aussonnelle non réalimenté"",""Bassin versant de l'Aussonnelle non réalimenté"",""ZA1 - Rigoles et rivieres Arrats réalimentées"",""Rigoles et rivières Gesse réalimentées"",""ZA4f - Bassin de la Marcaoue non réalimenté"",""Bassin de la Baise non réalimenté"",""Canal de Monlaur réalimenté"",""Bassin de la Save et la Gesse non réalimenté"",""Rivière Le grand Auvignons - Bousquetara réalimentée"",""ZA1 - Rivière Baïse réalimentée"",""ZA4a - Bassin de l'Arrats non réalimenté"",""Bassin de l''Arrats non réalimenté"",""Bassin versant de Garonne de la Barguelonne au Dropt non réalimenté"",""Bassin de la Gimone non réalimenté"",""ZA3e - Rivière Auloue réalimentée"",""Rivière Gèze réalimentée"",""Rivière Save réalimentée"",""ZA1 - Rigoles et rivières Boues réalimentées"",""ZA1 - Rivière Baïsole réalimentée"",""ZA3d - Rivière Gélise réalimentée"",""ZA2b - Rivière Aussoue réalimentée"",""ZA4c - Bassin de l'Aussoue non réalimenté"",""ZA5b - Bassin de l'Auvignon non réalimenté"",""Rivière Gers réalimentée"",""Bassin de l''Auroue non réalimenté"",""Bassin versant Touch non réalimenté"",""Rigoles et rivieres Arrats réalimentées"",""Bassin versant Touch non réalimenté"",""BV du système Neste"",""Rivière Marcaoue réalimentée"",""ZA3f - Ruisseau de Cabournieu réalimenté"",""Bassin versant Ayroux - Sère non réalimenté"",""ZA5d - Bassin de l'Auzoue non réalimenté"",""BV du Bouès"",""96_ZA47_Le Gers réalimenté"",""96_ZA47_L'Osse réalimenté"",""94_ZA47_bassin versant des Auvignons"",""96_ZA47_bassin versant du Gers"",""96_ZA47_bassin versant de l'Osse"",""97_ZA47_bassin versant de l'Auzoue"",""95_ZA47_bassin versant de l'Auroue"",""97_ZA47_bassin versant de la Gélise"",""96_ZA47_bassin versant de la Baise"",""Bassin versant de Garonne de la Barguelonne au Dropt non réalimenté"",""ZA1 - Rigoles et rivières Gesse réalimentées"",""Rivière Gélise réalimentée"",""Bassin de la Marcaoue non réalimenté"",""ZA1 - Rivière Gèze réalimentée"",""Rivière Auzoue non réalimentée"",""ZA1 - Rivière Save réalimentée"",""ZA4b - Bassin de l'Auloue non réalimenté"",""Bassin de l''Auvignon non réalimenté"",""Bassin de l''Osse-Guiroue-Lizet non réalimenté"",""Rivière L''Osse réalimentée par Miélan et Lizet - la Guiroue réalimentée par la Baradée"",""ZA4e- Bassin de la Baise non réalimenté"",""Rivière Auloue réalimentée"",""Rivière Baïse réalimentée"",""94_ZA47_L'Auvignon réalimenté"",""96_ZA47_LA BAÏSE"",""97_ZA47_l'Auzoue réalimenté"",""Bassin de la Neste (Neste2-40)"",""Bassin de la Neste (Neste1-40)"",""Bassin de la Neste (Neste3-40)"",""Rivière du Cabournieu"",""ZA6 - Bassin de l'Auroue non réalimenté"",""ZA4h - Bassin du Bouès non réalimenté"",""Rivière Auzoue réalimentée"",""Bassin de l''Aussoue non réalimenté"",""ZA4d - Bassin de l'Osse-Guiroue-Lizet non réalimenté"",""Rivière Baïsole réalimentée"",""ZA4i - Bassin du Gers non réalimenté"",""Bassin versant de Garonne de l'Aussonnelle à la Barguelonne non réalimenté"",""Rivière Petite Baïse réalimentée"",""ZA1 - Rivière Gers réalimentée"",""Affluents du bassin versant du Bouès"",""ZA1 - Canal de Monlaur réalimenté"",""ZA5e - Bassin de la Gélise non réalimenté"",""Bassin versant de Garonne de l''Aussonnelle à la Barguelonne non réalimenté"",""ZA4j - Bassin de la Gimone non réalimenté"",""ZA2c - Rivière L'Osse réalimentée par Miélan et Lizet, la Guiroue réalimentée par la Baradée"",""ZA3a - Rivière Le grand Auvignons - Bousquetara réalimentée"",""ZA1 - Rigoles et rivières Gimone réalimentées""]","[2915,2890,2868,2906,2938,2928,2921,2922,2902,2893,2888,2887,2895,2872,2905,2850,2874,2911,2919,2933,2878,2852,2897,2917,2916,2900,2894,2932,2842,2862,2901,2870,2909,2924,2877,2898,2923,2907,2936,1453,2912,2899,2918,2860,1450,1574,1573,1572,1569,899,895,1435,888,887,2937,2841,2908,2863,2835,2844,2889,2910,2857,2867,2859,2881,2927,2929,1552,1542,1537,1689,1157,942,2926,2934,2892,2904,2876,2873,2930,2891,2896,2931,2861,2920,2836,2935,2875,2925,2869,2903,2879]"
30374,AP-interdep_SNa_2023,2023-07-31,null,publie,,"[""44"",""85"",""79"",""49""]",https://regleau.s3.gra.perf.cloud.ovh.net//arrete-cadre/30374/2023_07_31_ArreteInterDep_SevreNantaise_4signatures.pdf,"[9686,11745,11738,9685,10570,11740,11739,10589,11737,9408,10569,9684,9416,9710,9439]","[""SUP"",""SOU"",""SUP"",""SUP"",""SUP"",""SUP"",""SUP"",""SOU"",""SUP"",""SUP"",""SUP"",""SUP"",""SUP"",""SOU"",""SOU""]","[""52_49_16"",""52_44_SNaSout1"",""52_44_SNaSup2"",""52_49_15"",""52_85_000002"",""52_44_SNaSup4"",""52_44_SNaSup3"",""52_85_0006"",""52_44_SNaSup1"",""75_79_MoiSup"",""52_85_000001"",""52_49_14"",""75_79_SNaSup"",""52_49_17"",""75_79_SNaSou""]","[""SANGUEZE"",""Bassin Sèvre Nantaise\npour les usages de l'eau souterraine"",""Bassin de la Moine"",""MOINE"",""Maines"",""Bassin de la Maine"",""Bassin de la Sanguèze"",""Nappe de la Sèvre Nantaise"",""Bassin de la Sèvre Nantaise"",""Moine - eaux superficielles"",""Sèvre Nantaise"",""SEVRE NANTAISE"",""Sèvre Nantaise - eaux superficielles"",""Sevre-Nantaise"",""Sèvre Nantaise - eaux souterraines""]","[1295,959,953,1294,442,955,954,474,952,519,441,1293,1258,411,1271]"
30456,AIP_Neste_32-2023-07-31-00004,2023-08-01,null,publie,32,"[""82"",""32"",""47"",""31"",""40"",""65""]",https://regleau.s3.gra.perf.cloud.ovh.net/arrete-cadre/30456/ACI_Neste_RG_signeetannexes.pdf,"[15654,15669,15655,15925,15579,15660,15647,15664,15608,15582,15589,15657,15611,15593,15637,15658,15604,15616,15607,15630,15573,15577,15583,15904,15920,15908,15906,15926,15913,15911,15909,15907,15914,15567,15545,15376,15401,15386,15429,15425,15395,15411,15440,16112,16016,16040,16109,15791,15755,15802,15718,15731,15783,15785,15765,15772,15733,15775,15734,15786,15766,15771,15732,15784,15764,15763,15712,15803,15738,15722,15757,15672,15578,15620,15643,15641,15639,15653,15623,15621,15572,15640,15644,15575,15610,15667,15584,15580,15622,15673,15619,15650,15627,15663,15638,15615,15674,15574,15670,15668,15651,15636,15634,15652,15598,15624,15659,15666,15576,15626,15601,15646,15571,15665,15648,15642,15581,15590,15609,15649,15617,15656,15671,15625,15645]","[""SUP"",""SUP"",""SUP"",""SOU"",""SOU"",""SUP"",""SOU"",""SUP"",""SOU"",""SOU"",""SOU"",""SUP"",""SUP"",""SUP"",""SOU"",""SOU"",""SUP"",""SUP"",""SUP"",""SOU"",""SUP"",""SUP"",""SOU"",""SOU"",""SOU"",""SOU"",""SOU"",""SUP"",""SUP"",""SUP"",""SUP"",""SUP"",""SUP"",""SUP"",""SUP"",""SOU"",""SOU"",""SOU"",""SOU"",""SUP"",""SUP"",""SUP"",""SUP"",""SUP"",""SOU"",""SOU"",""SUP"",""SOU"",""SUP"",""SUP"",""SOU"",""SUP"",""SOU"",""SOU"",""SUP"",""SUP"",""SOU"",""SUP"",""SOU"",""SOU"",""SUP"",""SUP"",""SOU"",""SOU"",""SUP"",""SOU"",""SUP"",""SUP"",""SOU"",""SOU"",""SUP"",""SUP"",""SOU"",""SOU"",""SOU"",""SOU"",""SOU"",""SUP"",""SUP"",""SOU"",""SUP"",""SOU"",""SOU"",""SUP"",""SOU"",""SUP"",""SOU"",""SOU"",""SUP"",""SOU"",""SOU"",""SOU"",""SOU"",""SUP"",""SOU"",""SUP"",""SOU"",""SUP"",""SUP"",""SUP"",""SOU"",""SOU"",""SUP"",""SUP"",""SOU"",""SUP"",""SUP"",""SUP"",""SUP"",""SOU"",""SOU"",""SUP"",""SUP"",""SUP"",""SOU"",""SUP"",""SUP"",""SOU"",""SOU"",""SOU"",""SOU"",""SOU"",""SOU"",""SUP"",""SUP""]","["""","""","""",""38"","""","""","""","""","""","""","""","""","""","""","""","""","""","""","""","""","""","""","""",""37"",""35"",""33"",""32"",""19"",""18"",""16"",""14"",""13"",""10"",""76_31_28"",""76_31_26"",""76_82_1084"",""76_82_1083"",""76_82_1082"",""76_82_1081"",""76_82_0084"",""76_82_0083"",""76_82_0082"",""76_82_0081"",""75_040_0012"",""75_040_0012"",""75_040_0006"",""75_040_0006"",""72_47_7"",""72_47_7"",""72_47_6"",""72_47_6"",""72_47_51"",""72_47_51"",""72_47_49"",""72_47_49"",""72_47_47"",""72_47_47"",""72_47_42"",""72_47_42"",""72_47_40"",""72_47_40"",""72_47_32"",""72_47_32"",""72_47_31"",""72_47_31"",""72_47_24"",""72_47_24"",""72_47_15"",""72_47_15"",""72_47_11"",""72_47_11"","""","""","""","""","""","""","""","""","""","""","""","""","""","""","""","""","""","""","""","""","""","""","""","""","""","""","""","""","""","""","""","""","""","""","""","""","""","""","""","""","""","""","""","""","""","""","""","""","""","""","""","""","""",""""]","[""Rivière du Bouès réalimentée"",""Bassin versant Touch non réalimenté"",""Rigoles et rivieres Arrats réalimentées"",""BV de l'Arrats"",""Bassin versant Touch non réalimenté"",""Rivière Marcaoue réalimentée"",""ZA3f - Ruisseau de Cabournieu réalimenté"",""Bassin versant Ayroux - Sère non réalimenté"",""ZA5d - Bassin de l'Auzoue non réalimenté"",""Bassin versant de Garonne de la Barguelonne au Dropt non réalimenté"",""ZA1 - Rigoles et rivières Gesse réalimentées"",""Rivière Gélise réalimentée"",""Bassin de la Marcaoue non réalimenté"",""Rivière Auzoue non réalimentée"",""ZA1 - Rivière Save réalimentée"",""ZA4b - Bassin de l'Auloue non réalimenté"",""Bassin de l''Auvignon non réalimenté"",""Bassin de l''Osse-Guiroue-Lizet non réalimenté"",""Rivière L''Osse réalimentée par Miélan et Lizet - la Guiroue réalimentée par la Baradée"",""ZA4e- Bassin de la Baise non réalimenté"",""Rivière Auloue réalimentée"",""Rivière Baïse réalimentée"",""ZA1 - Rivière Gèze réalimentée"",""La Gimone"",""BV du Lavet"",""BV du système Neste"",""BV de l'Osse"",""BV de l'Arrats"",""La Gimone"",""BV du Lavet"",""BV du système Neste"",""BV de l'Osse"",""BV du Bouès"",""Aussoue"",""Système Neste"",""Part - Zone 84 - GIMONE  AFFLUENTS"",""Part - Zone 83 - GIMONE REAL"",""Part - Zone 82 - ARRATS  AFFLUENTS"",""Part - Zone 81 - ARRATS REAL"",""Zone 84 - GIMONE  AFFLUENTS"",""Zone 83 - GIMONE REAL"",""Zone 82 - ARRATS  AFFLUENTS"",""Zone 81 - ARRATS REAL"",""Bassin de la Gélise non réalimenté"",""Bassin de la Gélise non réalimenté"",""Gélise réalimentée-40"",""Gélise réalimentée-40"",""96_ZA47_Le Gers réalimenté"",""96_ZA47_Le Gers réalimenté"",""96_ZA47_L'Osse réalimenté"",""96_ZA47_L'Osse réalimenté"",""94_ZA47_bassin versant des Auvignons"",""94_ZA47_bassin versant des Auvignons"",""96_ZA47_bassin versant du Gers"",""96_ZA47_bassin versant du Gers"",""96_ZA47_bassin versant de l'Osse"",""96_ZA47_bassin versant de l'Osse"",""97_ZA47_bassin versant de l'Auzoue"",""97_ZA47_bassin versant de l'Auzoue"",""95_ZA47_bassin versant de l'Auroue"",""95_ZA47_bassin versant de l'Auroue"",""97_ZA47_bassin versant de la Gélise"",""97_ZA47_bassin versant de la Gélise"",""96_ZA47_bassin versant de la Baise"",""96_ZA47_bassin versant de la Baise"",""94_ZA47_L'Auvignon réalimenté"",""94_ZA47_L'Auvignon réalimenté"",""96_ZA47_La Baïse réalimentée"",""96_ZA47_La Baïse réalimentée"",""97_ZA47_l'Auzoue réalimenté"",""97_ZA47_l'Auzoue réalimenté"",""Rivière du Cabournieu"",""ZA6 - Bassin de l'Auroue non réalimenté"",""ZA1 - Rigoles et rivieres Arrats réalimentées"",""Bassin versant de l'Aussonnelle non réalimenté"",""ZA4g - Bassin de la Save et la Gesse non réalimenté"",""ZA4h - Bassin du Bouès non réalimenté"",""Rivière Auzoue réalimentée"",""Bassin de l''Aussoue non réalimenté"",""ZA4d - Bassin de l'Osse-Guiroue-Lizet non réalimenté"",""Rivière Baïsole réalimentée"",""ZA4i - Bassin du Gers non réalimenté"",""Bassin versant de Garonne de l'Aussonnelle à la Barguelonne non réalimenté"",""Rivière Petite Baïse réalimentée"",""ZA1 - Rivière Gers réalimentée"",""Affluents du bassin versant du Bouès"",""ZA1 - Canal de Monlaur réalimenté"",""ZA5e - Bassin de la Gélise non réalimenté"",""Bassin versant de Garonne de l''Aussonnelle à la Barguelonne non réalimenté"",""ZA4j - Bassin de la Gimone non réalimenté"",""ZA2c - Rivière L'Osse réalimentée par Miélan et Lizet, la Guiroue réalimentée par la Baradée"",""ZA3a - Rivière Le grand Auvignons - Bousquetara réalimentée"",""ZA1 - Rigoles et rivières Gimone réalimentées"",""Bassin de l''Auloue non réalimenté"",""ZA1 - Rivière Petite Baïse réalimentée"",""Rivière Aussoue réalimentée"",""Bassin versant Ayroux - Sère non réalimenté"",""Rigoles et rivières Gimone réalimentées"",""Bassin du Gers non réalimenté"",""Bassin de la Gélise non réalimenté"",""ZA3c - Rivière Auzoue réalimentée"",""ZA2a - Rivière Marcaoue réalimentée"",""Bassin versant de l''Aussonnelle non réalimenté"",""Rigoles et rivières Gesse réalimentées"",""ZA4f - Bassin de la Marcaoue non réalimenté"",""Bassin de la Baise non réalimenté"",""Canal de Monlaur réalimenté"",""Bassin de la Save et la Gesse non réalimenté"",""Rivière Le grand Auvignons - Bousquetara réalimentée"",""ZA1 - Rivière Baïse réalimentée"",""ZA4a - Bassin de l'Arrats non réalimenté"",""Bassin de l''Arrats non réalimenté"",""Bassin versant de Garonne de la Barguelonne au Dropt non réalimenté"",""Bassin de la Gimone non réalimenté"",""ZA3e - Rivière Auloue réalimentée"",""Rivière Gèze réalimentée"",""Rivière Save réalimentée"",""ZA1 - Rigoles et rivières Boues réalimentées"",""ZA1 - Rivière Baïsole réalimentée"",""ZA3d - Rivière Gélise réalimentée"",""ZA2b - Rivière Aussoue réalimentée"",""ZA4c - Bassin de l'Aussoue non réalimenté"",""ZA5b - Bassin de l'Auvignon non réalimenté"",""Rivière Gers réalimentée"",""Bassin de l''Auroue non réalimenté""]","[2906,2923,2907,3189,2936,2912,2899,2918,2860,2937,2841,2908,2863,2844,2889,2910,2857,2867,2859,2881,2927,2929,2835,3167,3184,3170,3171,3190,3177,3175,3173,3172,3179,2831,2809,2638,2663,2649,2692,2687,2658,2676,2705,3375,3271,3299,3372,3052,3016,3063,2979,2991,3044,3046,3026,3033,2994,3036,2995,3047,3027,3032,2993,3045,3025,3023,3067,3064,2999,2983,3018,2926,2934,2872,2895,2893,2892,2904,2876,2873,2930,2891,2896,2931,2861,2920,2836,2935,2875,2925,2869,2903,2879,2915,2890,2868,2938,2928,2921,2922,2902,2888,2887,2905,2850,2874,2911,2919,2933,2878,2852,2897,2917,2916,2900,2894,2932,2842,2862,2901,2870,2909,2924,2877,2898]"
30446,Arrêté ACI Adour 2023-1039 du 07/08/2023 ,2023-08-07,2026-07-07,abroge,40,"[""65"",""32"",""64"",""40""]",https://regleau.s3.gra.perf.cloud.ovh.net/arrete-cadre/30446/recueil-40-2023-179-recueil-des-actes-administratifs-special.pdf,"[15929,16039,16108,15998,16045,16008,16049,15973,16059,15970,16124,16087,16080,16036,16146,16047,15989,15986,16125,16097,15994,15993,16145,16127,16048,16055,16104,16014,15979,16010,15999,15976,16120,16119,16068,16041,16081,16060,16035,15965,16006,16012,16017,16001,15599,15661,15633,15606,15603,15662,15595,15596,15602,15588,15618,15628,15631,15605,15613,15592,15612,15600,15594,15586,15585,15629,15635,15632,15591,15597,15587,15614,15918,15927,15916,14762,14755,14749,14759,14734,14751,14745,14742,16069,16133,15903,16020,16011,16092,16027,16074,16147,16070,16091,15995,16023,16105,16114,16102,16121,15936,16044,15997,16136,16100,16072,16037,15992,16129,16000,15987,16007,16106,15968,16042,16150,16028,16019,15983,15991,16002,16003,15977,15935,16056,16032,16137,16126,16063,16067,15928,16132,16066,16033,16021,15982,15966,15972,16064,16071,16057,16130,16009,16078,16025,16046,16099,15996,16043,16148,16018,16073,16079,16131,16029,15985,15975,16101,16658,16660,14757,14754,14731,14727,14752,14726,14746,14739,14777,15915,15930,15933,15917,15921,15922,15924,16128,16075,15978,16103,16118,16005,16062,16116,16094,16138,15984,16113,15900,15971,16111,16134,16086,16143,16141,15974,15969,16031,16093,15980,16013,16115,16135,16664,16667,16663,16666,14756,16665,16659,14780,16061,16085,16662,14748,16661]","[""SUP"",""SOU"",""SUP"",""SOU"",""SUP"",""SOU"",""SOU"",""SUP"",""SOU"",""SUP"",""SOU"",""SUP"",""SUP"",""SOU"",""SOU"",""SUP"",""SUP"",""SOU"",""SOU"",""SUP"",""SUP"",""SOU"",""SUP"",""SOU"",""SOU"",""SUP"",""SUP"",""SOU"",""SOU"",""SUP"",""SUP"",""SOU"",""SUP"",""SOU"",""SOU"",""SUP"",""SUP"",""SOU"",""SUP"",""SOU"",""SOU"",""SUP"",""SOU"",""SUP"",""SOU"",""SOU"",""SUP"",""SOU"",""SUP"",""SOU"",""SOU"",""SOU"",""SUP"",""SOU"",""SOU"",""SOU"",""SUP"",""SUP"",""SUP"",""SUP"",""SUP"",""SUP"",""SUP"",""SOU"",""SOU"",""SUP"",""SUP"",""SUP"",""SUP"",""SOU"",""SOU"",""SOU"",""SUP"",""SUP"",""SUP"",""SUP"",""SOU"",""SOU"",""SUP"",""SUP"",""SOU"",""SUP"",""SOU"",""SOU"",""SUP"",""SOU"",""SOU"",""SUP"",""SOU"",""SUP"",""SOU"",""SUP"",""SOU"",""SUP"",""SOU"",""SUP"",""SUP"",""SOU"",""SUP"",""SOU"",""SOU"",""SUP"",""SOU"",""SOU"",""SUP"",""SUP"",""SOU"",""SUP"",""SOU"",""SUP"",""SOU"",""SUP"",""SOU"",""SOU"",""SUP"",""SOU"",""SUP"",""SOU"",""SUP"",""SOU"",""SUP"",""SOU"",""SUP"",""SOU"",""SUP"",""SOU"",""SUP"",""SOU"",""SUP"",""SOU"",""SOU"",""SUP"",""SOU"",""SOU"",""SUP"",""SUP"",""SOU"",""SUP"",""SOU"",""SUP"",""SOU"",""SUP"",""SOU"",""SOU"",""SUP"",""SOU"",""SUP"",""SUP"",""SOU"",""SUP"",""SOU"",""SOU"",""SUP"",""SUP"",""SOU"",""SUP"",""SOU"",""SUP"",""SUP"",""SUP"",""SOU"",""SUP"",""SUP"",""SOU"",""SOU"",""SUP"",""SUP"",""SOU"",""SOU"",""SUP"",""SUP"",""SUP"",""SUP"",""SOU"",""SOU"",""SOU"",""SUP"",""SOU"",""SOU"",""SUP"",""SOU"",""SUP"",""SUP"",""SOU"",""SOU"",""SUP"",""SOU"",""SUP"",""SOU"",""SOU"",""SUP"",""SUP"",""SOU"",""SOU"",""SUP"",""SOU"",""SUP"",""SUP"",""SOU"",""SUP"",""SOU"",""SOU"",""SUP"",""SUP"",""SUP"",""SUP"",""SUP"",""SOU"",""SUP"",""SUP"",""SUP"",""SUP"",""SOU"",""SUP"",""SUP"",""SOU""]","[""7"",""75_040_0029"",""75_040_0028"",""75_040_0028"",""75_040_0027"",""75_040_0027"",""75_040_0026"",""75_040_0026"",""75_040_0024"",""75_040_0024"",""75_040_0023"",""75_040_0023"",""75_040_0021"",""75_040_0021"",""75_040_0020"",""75_040_0020"",""75_040_0019"",""75_040_0019"",""75_040_0018"",""75_040_0018"",""75_040_0017"",""75_040_0017"",""75_040_0016"",""75_040_0016"",""75_040_0015"",""75_040_0015"",""75_040_0014"",""75_040_0014"",""75_040_0013"",""75_040_0013"",""75_040_0010"",""75_040_0010"",""75_040_0009"",""75_040_0009"",""75_040_0008"",""75_040_0008"",""75_040_0004"",""75_040_0004"",""75_040_0003"",""75_040_0003"",""75_040_0002"",""75_040_0002"",""75_040_0001"",""75_040_0001"","""","""","""","""","""","""","""","""","""","""","""","""","""","""","""","""","""","""","""","""","""","""","""","""","""","""","""","""",""4"",""5"",""9"",""75_64_0008"",""75_64_0008"",""75_64_0009"",""75_64_0009"",""75_64_0010"",""75_64_0010"",""75_64_0011"",""75_64_0011"",""75_040_0076"",""75_040_0076"",""26"",""75_040_0074"",""75_040_0074"",""75_040_0073"",""75_040_0073"",""75_040_0072"",""75_040_0072"",""75_040_0071"",""75_040_0071"",""75_040_0070"",""75_040_0070"",""75_040_0069"",""75_040_0069"",""75_040_0068"",""75_040_0068"",""28"",""75_040_0065"",""75_040_0065"",""75_040_0064"",""75_040_0064"",""75_040_0063"",""75_040_0063"",""75_040_0062"",""75_040_0062"",""75_040_0061"",""75_040_0061"",""75_040_0060"",""75_040_0060"",""75_040_0059"",""75_040_0059"",""75_040_0058"",""75_040_0058"",""75_040_0057"",""75_040_0057"",""75_040_0056"",""75_040_0056"",""75_040_0055"",""75_040_0055"",""30"",""75_040_0052"",""75_040_0052"",""75_040_0050"",""75_040_0050"",""75_040_0048"",""75_040_0048"",""31"",""75_040_0044"",""75_040_0044"",""75_040_0043"",""75_040_0043"",""75_040_0042"",""75_040_0042"",""75_040_0041"",""75_040_0041"",""75_040_0040"",""75_040_0040"",""75_040_0039"",""75_040_0039"",""75_040_0036"",""75_040_0036"",""75_040_0035"",""75_040_0035"",""75_040_0034"",""75_040_0034"",""75_040_0033"",""75_040_0033"",""75_040_0032"",""75_040_0032"",""75_040_0031"",""75_040_0031"",""75_040_0030"",""75_040_0030"",""75_040_0029"","""","""",""75_64_0013"",""75_64_0013"",""75_64_0014"",""75_64_0014"",""75_64_0015"",""75_64_0015"",""75_64_0016"",""75_64_0016"",""75_64_0025"",""1"",""11"",""12"",""2"",""20"",""21"",""23"",""75_040_0093"",""75_040_0093"",""75_040_0092"",""75_040_0092"",""75_040_0091"",""75_040_0091"",""75_040_0090"",""75_040_0090"",""75_040_0089"",""75_040_0089"",""75_040_0088"",""75_040_0088"",""24"",""75_040_0085"",""75_040_0085"",""75_040_0084"",""75_040_0084"",""75_040_0083"",""75_040_0083"",""75_040_0082"",""75_040_0082"",""75_040_0081"",""75_040_0081"",""75_040_0080"",""75_040_0080"",""75_040_0079"",""75_040_0079"","""","""","""","""","""","""","""",""75_64_0025"",""75_040_0078"",""75_040_0078"","""","""",""""]","[""BV des Lees"",""Bassin de l''Adour (Adour2-40)"",""Bassin de Saint-Vincent des Gaves"",""Bassin de Saint-Vincent des Gaves"",""Bassin de l''Adour (Adour1-40)"",""Bassin de l''Adour (Adour1-40)"",""Bassin de la Douze (Douze4)"",""Bassin de la Douze (Douze4)"",""Bassin de la Douze (Douze6)"",""Bassin de la Douze (Douze6)"",""Bassin de Mont de Marsan (MDM3-40)"",""Bassin de Mont de Marsan (MDM3-40)"",""Bassin de la Douze (Douze3-b)"",""Bassin de la Douze (Douze3-b)"",""Bassin des Luys de Bearn median-40"",""Bassin des Luys de Bearn median-40"",""Bassin de la Douze (Douze2-a-40)"",""Bassin de la Douze (Douze2-a-40)"",""Bassin Adour-transition AG7-40"",""Bassin Adour-transition AG7-40"",""Douze - Réalimentation Cazaubon"",""Douze - Réalimentation Cazaubon"",""Bassin de l’Adour à Dax"",""Bassin de l’Adour à Dax"",""Adour Aval non réalimenté"",""Adour Aval non réalimenté"",""Bassin de Mont de Marsan (MDM4-b-40)"",""Bassin de Mont de Marsan (MDM4-b-40)"",""Bas-Bahus réalimenté Miramont"",""Bas-Bahus réalimenté Miramont"",""Bassin du Bahus-40"",""Bassin du Bahus-40"",""Bassin du Gabas (Gabas2-40)"",""Bassin du Gabas (Gabas2-40)"",""Bassin du Louts (Louts2)"",""Bassin du Louts (Louts2)"",""Bassin de la Douze (Douze9)"",""Bassin de la Douze (Douze9)"",""Bassin de la Douze (Douze5)"",""Bassin de la Douze (Douze5)"",""Bassin de l''Adour (Adour4-a)"",""Bassin de l''Adour (Adour4-a)"",""Adour réalimenté Amont Lees"",""Adour réalimenté Amont Lees"",""Z1-222- 32 - Rivière L'Arros réalimenté"",""Z1-221-32 - Complexe Cassagnac - rivière Adour réalimentée"",""Z4-149-32 - Bassin versant de l'Estampon non réalimenté"",""Z1-221-32 - Bassin versant de l'Adour non réalimenté"",""Rivière Douze réalimentée"",""Z1-222-32 - Rivière Estous Alaric 32 réalimenté - Adour réalimenté"",""Z1-146-32 - Rivière Les Lées non réalimenté"",""Z1-221-32 - Rivière Adour réalimenté"",""Z1-222-32 - Rivière Estous Alaric 32 réalimenté - Adour réalimenté"",""Z4-151-32 - Bassin versant du Midour non réalimenté"",""Z4-149-32 - Bassin versant de l'Estampon non réalimenté"",""Z1-221-32 - Rivière Adour réalimenté - Canal de Tarsaguet"",""Z4-151-32 - Rivière Midour réalimenté"",""Bassin versant du Midour non réalimenté"",""Z1-222-32 - Bassin versant de l'Arros non réalimenté"",""Z1-221-32 - Complexe Cassagnac - rivière Adour réalimentée"",""Z1-221-32 - Bassin versant de l'Adour non réalimenté"",""Z4-151-32 - Rivière Le Petit Midour réalimenté"",""Z1-222- 32 - Rivière L'Arros réalimenté"",""Z4-151-32 - Rivière Le Petit Midour réalimenté"",""Z4-151-32 - Rivière Midour réalimenté"",""Z1-221-32 - Rivière Adour réalimenté - Canal de Tarsaguet"",""Bassin versant de la Douze non réalimenté"",""Z1-221-32 - Rivière Adour réalimenté"",""Rivière les Lées réalimentées"",""Z4-150-32 - Rivière La Douze réalimenté"",""Z4-150-32- Bassin versant de la Douze non réalimenté"",""Z1-222-32 - Bassin versant de l'Arros non réalimenté"",""BV de l'Arros et de l'Estéous"",""BV du Louet à l'amont confluence canal de Sombrun"",""BV de l'Echez"",""Bassin de Louts"",""Bassin de Louts"",""Bassin des Lées"",""Bassin des Lées"",""Bassin du Louet"",""Bassin du Louet"",""Bassin de l''Adour amont"",""Bassin de l''Adour amont"",""Bassin de Campagne"",""Bassin de Campagne"",""BV des Lees"",""Adour réalimenté Amont Saint-Vincent-de-Paul"",""Adour réalimenté Amont Saint-Vincent-de-Paul"",""Bassin de l''Adour (Adour5)"",""Bassin de l''Adour (Adour5)"",""Bassin des Luys (Luys1-c-40)"",""Bassin des Luys (Luys1-c-40)"",""Bassin du Grauche"",""Bassin du Grauche"",""Douze - Réalimentation Tailluret"",""Douze - Réalimentation Tailluret"",""Bassin de Mont de Marsan (MDM2)"",""Bassin de Mont de Marsan (MDM2)"",""Bassin du Bas"",""Bassin du Bas"",""BV de l'Echez"",""Bassin du Louts (Louts1)"",""Bassin du Louts (Louts1)"",""Bassin de la Douze (Douze8)"",""Bassin de la Douze (Douze8)"",""Bassin de la Douze (Douze3-a-40)"",""Bassin de la Douze (Douze3-a-40)"",""Louts réalimenté Hagetmau"",""Louts réalimenté Hagetmau"",""Bassin du Gabas (Gabas1)"",""Bassin du Gabas (Gabas1)"",""Bassin de la Douze (Douze2-b-40)"",""Bassin de la Douze (Douze2-b-40)"",""Bassin du Bès2"",""Bassin du Bès2"",""Bassin du Bès1"",""Bassin du Bès1"",""Bassin du Gabas (Gabas3-40)"",""Bassin du Gabas (Gabas3-40)"",""Gabas réalimenté"",""Gabas réalimenté"",""Bassin des Luys de Bearn aval-40"",""Bassin des Luys de Bearn aval-40"",""BV du canal d'Alaric"",""Bassin du Lespontes"",""Bassin du Lespontes"",""Bassin Adour Bernède-40"",""Bassin Adour Bernède-40"",""Bassin de la Douze (Douze1-40)"",""Bassin de la Douze (Douze1-40)"",""BV affluents de l'Echez amont"",""Bassin de l''Estrigon1"",""Bassin de l''Estrigon1"",""Bassin de l''Estrigon3"",""Bassin de l''Estrigon3"",""Bassin de Mont de Marsan (MDM4-a)"",""Bassin de Mont de Marsan (MDM4-a)"",""Bassin de l''Estrigon2"",""Bassin de l''Estrigon2"",""Bassin de l’Adour à Pontonx"",""Bassin de l’Adour à Pontonx"",""Luy de Béarn réalimenté-40"",""Luy de Béarn réalimenté-40"",""Bassin de la Midouze à Tartas"",""Bassin de la Midouze à Tartas"",""Bassin de l''Adour (Adour4-b)"",""Bassin de l''Adour (Adour4-b)"",""Midou réalimenté Charros"",""Midou réalimenté Charros"",""Bassin de la Douze (Douze7)"",""Bassin de la Douze (Douze7)"",""Bassin du Retjons"",""Bassin du Retjons"",""Bassin de Mont de Marsan (MDM1-40)"",""Bassin de Mont de Marsan (MDM1-40)"",""Bassin de l''Adour (Adour3)"",""Bassin de l''Adour (Adour3)"",""Bassin de l''Adour (Adour2-40)"",""L''Aubin réalimenté"",""Le Luy du Béarn amont réalimenté"",""Bassin du Gabas"",""Bassin du Gabas"",""Bassin du Luy de France"",""Bassin du Luy de France"",""Bassin du Luy de Béarn aval"",""Bassin du Luy de Béarn aval"",""Bassin du Luy de Béarn médian"",""Bassin du Luy de Béarn médian"",""Bassin du Luy de Béarn amont"",""BV du Gabas"",""BV du canal d'Alaric"",""BV affluents de l'Echez amont"",""BV de l'Adour"",""BV du Gabas"",""BV de l'Adour"",""BV de l'Arros et de l'Estéous"",""Bassin de Batanes"",""Bassin de Batanes"",""Bassin Les Luys de France-40"",""Bassin Les Luys de France-40"",""Adour réalimenté et autres axes influencés Amont Audon"",""Adour réalimenté et autres axes influencés Amont Audon"",""Lees réalimenté Bernède-40"",""Lees réalimenté Bernède-40"",""Bassin des Luys1-a"",""Bassin des Luys1-a"",""Luy de France réalimenté-40"",""Luy de France réalimenté-40"",""BV du Louet à l'amont confluence canal de Sombrun"",""Bassin des Luys1-b"",""Bassin des Luys1-b"",""Bassin de l’Adour à St Vincent de Paul"",""Bassin de l’Adour à St Vincent de Paul"",""Bassin des Luys1-e"",""Bassin des Luys1-e"",""Bassin du Louts (Louts3-40)"",""Bassin du Louts (Louts3-40)"",""Bassin des Luys1-d"",""Bassin des Luys1-d"",""Midou réalimenté Arthez"",""Midou réalimenté Arthez"",""Bassin des Luys1-f"",""Bassin des Luys1-f"",""Le Luy du Béarn médian réalimenté"",""Le Luy du Béarn aval réalimenté"",""Le Lées de Garlin réalimenté"",""Le Lées de Poundets réalimenté"",""Bassin de l''Adour de transition"",""Le Luy de France réalimenté"",""Le Lées de Lembeye réalimenté"",""Bassin du Luy de Béarn amont"",""Bassin du Geloux"",""Bassin du Geloux"",""Bassin du Larcis"",""Bassin de l''Adour de transition"",""Bassin du Larcis""]","[3194,3298,3371,3253,3304,3263,3308,3310,3321,3283,3388,3385,3343,3295,3410,3306,3244,3241,3389,3360,3249,3248,3409,3391,3307,3317,3367,3269,3234,3265,3254,3231,3383,3382,3331,3300,3344,3322,3294,3280,3261,3267,3272,3257,2851,2913,2885,2858,2856,2914,2847,2849,2855,2839,2871,2880,2882,2854,2865,2845,2864,2853,2846,2838,2837,2883,2886,2884,2843,2848,2840,2866,3183,3192,3178,1960,1954,1947,1957,1972,1949,1983,1980,3332,3397,3166,3278,3266,3355,3286,3337,3411,3333,3354,3250,3276,3368,3377,3365,3384,3198,3303,3252,3400,3363,3335,3296,3247,3393,3255,3242,3262,3369,3311,3301,3414,3287,3274,3238,3246,3256,3258,3232,3200,3318,3291,3401,3390,3326,3330,3191,3396,3329,3292,3279,3237,3281,3347,3327,3334,3319,3394,3264,3341,3284,3305,3362,3251,3302,3412,3273,3336,3342,3395,3288,3240,3230,3364,3879,3881,1955,1953,1967,1965,1951,1964,1984,1977,1997,3180,3195,3196,3181,3185,3186,3188,3392,3338,3233,3366,3381,3259,3324,3379,3357,3402,3239,3376,3164,3309,3374,3398,3349,3407,3405,3229,3325,3290,3356,3235,3268,3378,3399,3885,3888,3884,3887,1950,3886,3880,2000,3323,3350,3883,1946,3882]"
30359,ACI Adour 2023-1039 du 07/08/2023,2023-08-07,2024-06-11,abroge,40,"[""64"",""32"",""40"",""65""]",https://regleau.s3.gra.perf.cloud.ovh.net//arrete-cadre/30359/AP%20de%20crise%20adour%20sign%C3%A9%20complet.pdf,"[11126,11121,11715,12233,12227,11712,11722,12287,12245,11713,11125,12303,12229,12289,12296,12234,12242,11721,12236,12255,10684,11718,12262,10694,10698,12268,12228,10714,12253,11138,12240,12276,11124,12235,12282,12283,12225,12223,12297,12305,12279,12280,12277,12269,12263,12273,12267,12271,11119,12248,12239,12231,12241,12244,12290,12274,12251,11127,11122,12238,10703,12281,12304,12278,12249,11136,11120,12284,12286,12272,11714,10681,12270,12232,12288,10686,12252,10692,11716,12266,10697,12285,12302,12257,10704,12258,10705]","[""SUP"",""SUP"",""SUP"",""SUP"",""SUP"",""SUP"",""SUP"",""SUP"",""SUP"",""SUP"",""SUP"",""SUP"",""SUP"",""SUP"",""SUP"",""SUP"",""SUP"",""SUP"",""SUP"",""SUP"",""SUP"",""SUP"",""SUP"",""SUP"",""SUP"",""SUP"",""SUP"",""SUP"",""SUP"",""SUP"",""SUP"",""SUP"",""SUP"",""SUP"",""SUP"",""SUP"",""SUP"",""SUP"",""SUP"",""SUP"",""SUP"",""SUP"",""SUP"",""SUP"",""SUP"",""SUP"",""SUP"",""SUP"",""SUP"",""SUP"",""SUP"",""SUP"",""SUP"",""SUP"",""SUP"",""SUP"",""SUP"",""SUP"",""SUP"",""SUP"",""SUP"",""SUP"",""SUP"",""SUP"",""SUP"",""SUP"",""SUP"",""SUP"",""SUP"",""SUP"",""SUP"",""SUP"",""SUP"",""SUP"",""SUP"",""SUP"",""SUP"",""SUP"",""SUP"",""SUP"",""SUP"",""SUP"",""SUP"",""SUP"",""SUP"",""SUP"",""SUP""]","[""75_64_0015"",""75_64_0010"",""73_65_05"",""75_40_0011"",""75_40_0005"",""73_65_02"",""73_65_12"",""75_40_0065"",""75_40_0023"",""73_65_03"",""75_64_0014"",""75_40_0081"",""75_40_0007"",""75_40_0067"",""75_40_0074"",""75_40_0012"",""75_40_0020"",""73_65_11"",""75_40_0014"",""75_40_0033"",""73_32_17"",""73_65_08"",""75_40_0040"",""73_32_27"",""73_32_31"",""75_40_0046"",""75_40_0006"",""73_32_47"",""75_40_0031"",""75_64_0027"",""75_40_0018"",""75_40_0054"",""75_64_0013"",""75_40_0013"",""75_40_0060"",""75_40_0061"",""75_40_0003"",""75_40_0001"",""75_40_0075"",""75_40_0083"",""75_40_0057"",""75_40_0058"",""75_40_0055"",""75_40_0047"",""75_40_0041"",""75_40_0051"",""75_40_0045"",""75_40_0049"",""75_64_0008"",""75_40_0026"",""75_40_0017"",""75_40_0009"",""75_40_0019"",""75_40_0022"",""75_40_0068"",""75_40_0052"",""75_40_0029"",""75_64_0016"",""75_64_0011"",""75_40_0016"",""73_32_36"",""75_40_0059"",""75_40_0082"",""75_40_0056"",""75_40_0027"",""75_64_0025"",""75_64_0009"",""75_40_0062"",""75_40_0064"",""75_40_0050"",""73_65_04"",""73_32_14"",""75_40_0048"",""75_40_0010"",""75_40_0066"",""73_32_19"",""75_40_0030"",""73_32_25"",""73_65_06"",""75_40_0044"",""73_32_30"",""75_40_0063"",""75_40_0080"",""75_40_0035"",""73_32_37"",""75_40_0036"",""73_32_38""]","[""Bassin du Luy de Béarn aval"",""Bassin du Louet"",""BV du canal d'Alaric"",""Bassin du Louts (Louts3-40)"",""Bassin de Mont de Marsan (MDM3-40)"",""BV du Louet à l'amont confluence canal de Sombrun"",""BV des Lees"",""Bassin de la Douze( (Douze7)"",""Bassin Les Luys de France-a-40"",""BV de l'Echez"",""Bassin du Luy de France"",""Bassin du Gabas (Gabas3-40)"",""Bassin de la Douze (Douze3-b)"",""Bassin du Gabas (Gabas2-40)"",""Bassin des Luys de Bearn aval-40"",""Bassin de l'Adour (Adour3)"",""Bassin Adour Bernède-40"",""BV du Gabas"",""Bassin des Luys de Bearn median-40"",""Bassin du Retjons"",""Bassin versant de l'Arros non réalimenté"",""BV affluents de l'Echez amont"",""Bassin de l'Adour à Dax"",""Rivière La Douze réalimenté"",""Rivière Le Petit Midour réalimenté"",""Bassin Adour-transition AG7-40"",""Bassin de Batanes - Grauche"",""Bassin versant de l'Estampon non réalimenté"",""Bassin du Geloux"",""Bassin de l'Adour de transition"",""Bassin du Louts (Louts2)"",""Bassin de l'Estrigon1"",""Bassin du Gabas"",""Bassin de Mont de Marsan (MDM1-40)"",""Bassin de la Midouze à Tartas"",""Bassin de la Douze (Douze4)"",""Bassin de l'Adour à St Vincent de Paul"",""Bassin de Mont de Marsan (MDM4-b-40)"",""Bassin de Campagne"",""Bassin du Bas"",""Bassin de l'Estrigon2"",""Bassin de la Douze (Douze9)"",""Bassin de l'Estrigon3"",""Bassin des Luys1-b"",""Bassin des Luys1-d"",""Bassin du Bahus-40"",""Bassin des Luys1-e"",""Bassin des Luys1-a"",""Bassin de Louts"",""Bassin de la Douze (Douze3-a-40)"",""Bassin de l'Adour (Adour2-40)"",""Bassin de l'Adour (Adour5)"",""Bassin des Luys (Luys1-c-40)"",""Bassin du Louts (Louts1)"",""Bassin du Gabas (Gabas1)"",""Bassin de la Douze (Douze1-40)"",""Bassin de l'Adour (Adour4-b)"",""Bassin du Luy de Béarn médian"",""Bassin de l'Adour amont"",""Bassin de la Douze (Douze2-b-40)"",""Bassin versant du Midour non réalimenté"",""Bassin de la Douze (Douze8)"",""Bassin de l'Adour (Adour1-40)"",""Bassin Les Luys de France-b-40"",""Bassin du Bès2"",""Bassin du Luy de Béarn amont"",""Bassin des Lées"",""Bassin de Saint-Vincent des Gaves"",""Bassin de l'Adour à Pontonx"",""Bassin de la Douze (Douze2-a-40)"",""BV de l'Adour"",""Bassin versant de la Douze non réalimenté"",""Bassin Adour (Adour16-40)"",""Bassin de Mont de Marsan (MDM4-a)"",""Bassin de la Douze (Douze6)"",""Rivière L'Arros réalimenté"",""Bassin de l'Adour (Adour4-a)"",""Rivière Le Midour réalimenté"",""BV de l'Arros et de l'Estéous réalimentés"",""Bassin des Luys1-f"",""Rivière Les Lées non réalimenté"",""Bassin de la Douze (Douze5)"",""Bassin du Lespontes"",""Bassin du Bès1"",""Bassin versant de l'Adour non réalimenté"",""Bassin de Mont de Marsan (MDM5)"",""Rivière Estous Alaric 32 réalimenté""]","[null,null,1448,1143,1643,1445,1456,1615,1152,1446,null,1699,141,1161,1166,1668,1150,1455,1144,1253,null,1451,1680,null,null,1683,84,null,1123,null,904,1690,null,1669,1538,1561,1640,1666,1697,1709,1424,1430,1403,1684,1398,1687,1682,1686,null,1672,1147,149,1670,1671,1693,1688,1108,null,null,1146,null,1457,1174,1405,1673,null,null,1691,1613,1158,1447,null,1685,890,1629,null,1674,null,1449,1681,null,1692,1172,1676,null,1677,null]"
30364,40 ACD hors ACI étiage 2023,2023-08-07,2023-10-31,abroge,,40,https://regleau.s3.gra.perf.cloud.ovh.net//arrete-cadre/30364/hors%20ACI.pdf,"[12230,12307,12292,12224,12246,12243,12259,12295,12254,12226,12301,12265,12261,12300,12291,12308,12298,12250,12256,12306,12299,12293,12237,12294,12260]","[""SUP"",""SUP"",""SUP"",""SUP"",""SUP"",""SUP"",""SUP"",""SUP"",""SUP"",""SUP"",""SUP"",""SUP"",""SUP"",""SUP"",""SUP"",""SUP"",""SUP"",""SUP"",""SUP"",""SUP"",""SUP"",""SUP"",""SUP"",""SUP"",""SUP""]","[""75_40_0008"",""75_40_0085"",""75_40_0070"",""75_40_0002"",""75_40_0024"",""75_40_0021"",""75_40_0037"",""75_40_0073"",""75_40_0032"",""75_40_0004"",""75_40_0079"",""75_40_0043"",""75_40_0039"",""75_40_0078"",""75_40_0069"",""75_40_0086"",""75_40_0076"",""75_40_0028"",""75_40_0034"",""75_40_0084"",""75_40_0077"",""75_40_0071"",""75_40_0015"",""75_40_0072"",""75_40_0038""]","[""Bassin des Gaves reunis-40"",""Bassin AG5-a"",""Bassin AG2-d"",""Bassin de la Bidouze aval-40"",""Bassin AG4-b"",""Bassin du Gave de Pau-40"",""Bassin AG6-40"",""Bassin AG2-a"",""Bassin AG0-40"",""Bassin de la Leyre (Leyre5-40)"",""Bassin AG2-b"",""Bassin de la Leyre (Leyre4)"",""Bassin de la Leyre (Leyre2)"",""Bassin AG1-a"",""Bassin de la Leyre (Leyre6-40)"",""Bassin AG5-c"",""Bassin AG1-b"",""Bassin AG4-a"",""Bassin AG3"",""Bassin AG5-b"",""Bassin AG2-c"",""Bassin de la Leyre (Leyre1)"",""Bassin du Ciron-40"",""Bassin de la Leyre (Leyre7-40)"",""Bassin de la Leyre (Leyre3)""]","[1142,1175,1694,1141,905,1151,1156,1165,1155,1642,1696,1400,1679,1168,1162,1711,1667,1154,1675,1710,1678,1695,1145,1164,1356]"
30386,V2_ACI Adour 2023-1039 du 07/08/2023,2023-08-07,2024-06-12,abroge,40,"[""32"",""40"",""65"",""64""]",https://regleau.s3.gra.perf.cloud.ovh.net//arrete-cadre/30386/AP%20de%20crise%20adour%20signe%CC%81%20complet.pdf,"[11120,12418,12284,12236,11712,12241,12223,12290,12289,12231,12276,12443,12234,12442,12239,12268,12288,11127,12244,12286,12280,12421,12228,11718,12252,12242,12229,12296,11713,12240,12271,12235,12434,12282,12263,12267,12444,12285,12440,12233,12269,12441,11714,11124,12433,12266,12270,12251,12435,12281,11122,12249,12272,12304,12287,12305,11136,12283,12257,12225,11119,11138,11121,12278,11715,11721,12258,12277,11126,12429,12415,11716,12274,12238,12253,12279,12262,12420,12273,11722,12255,12297,11125,12248,12302,12245,12232,12227,12303]","[""SUP"",""SUP"",""SUP"",""SUP"",""SUP"",""SUP"",""SUP"",""SUP"",""SUP"",""SUP"",""SUP"",""SUP"",""SUP"",""SUP"",""SUP"",""SUP"",""SUP"",""SUP"",""SUP"",""SUP"",""SUP"",""SUP"",""SUP"",""SUP"",""SUP"",""SUP"",""SUP"",""SUP"",""SUP"",""SUP"",""SUP"",""SUP"",""SUP"",""SUP"",""SUP"",""SUP"",""SUP"",""SUP"",""SUP"",""SUP"",""SUP"",""SUP"",""SUP"",""SUP"",""SUP"",""SUP"",""SUP"",""SUP"",""SUP"",""SUP"",""SUP"",""SUP"",""SUP"",""SUP"",""SUP"",""SUP"",""SUP"",""SUP"",""SUP"",""SUP"",""SUP"",""SUP"",""SUP"",""SUP"",""SUP"",""SUP"",""SUP"",""SUP"",""SUP"",""SUP"",""SUP"",""SUP"",""SUP"",""SUP"",""SUP"",""SUP"",""SUP"",""SUP"",""SUP"",""SUP"",""SUP"",""SUP"",""SUP"",""SUP"",""SUP"",""SUP"",""SUP"",""SUP"",""SUP""]","[""75_64_0009"",""73_32_17"",""75_40_0062"",""75_40_0014"",""73_65_02"",""75_40_0019"",""75_40_0001"",""75_40_0068"",""75_40_0067"",""75_40_0009"",""75_40_0054"",""73_32_38_2"",""75_40_0012"",""73_32_38_1"",""75_40_0017"",""75_40_0046"",""75_40_0066"",""75_64_0016"",""75_40_0022"",""75_40_0064"",""75_40_0058"",""73_32_19_2"",""75_40_0006"",""73_65_08"",""75_40_0030"",""75_40_0020"",""75_40_0007"",""75_40_0074"",""73_65_03"",""75_40_0018"",""75_40_0049"",""75_40_0013"",""73_32_31_1"",""75_40_0060"",""75_40_0041"",""75_40_0045"",""73_32_38_3"",""75_40_0063"",""73_32_36"",""75_40_0011"",""75_40_0047"",""73_32_37"",""73_65_04"",""75_64_0013"",""73_32_30"",""75_40_0044"",""75_40_0048"",""75_40_0029"",""73_32_31_2"",""75_40_0059"",""75_64_0011"",""75_40_0027"",""75_40_0050"",""75_40_0082"",""75_40_0065"",""75_40_0083"",""75_64_0025"",""75_40_0061"",""75_40_0035"",""75_40_0003"",""75_64_0008"",""75_64_0027"",""75_64_0010"",""75_40_0056"",""73_65_05"",""73_65_11"",""75_40_0036"",""75_40_0055"",""75_64_0015"",""73_32_27"",""73_32_14"",""73_65_06"",""75_40_0052"",""75_40_0016"",""75_40_0031"",""75_40_0057"",""75_40_0040"",""73_32_19_1"",""75_40_0051"",""73_65_12"",""75_40_0033"",""75_40_0075"",""75_64_0014"",""75_40_0026"",""75_40_0080"",""75_40_0023"",""75_40_0010"",""75_40_0005"",""75_40_0081""]","[""Bassin des Lées"",""Bassin versant de l'Arros non réalimenté"",""Bassin de Saint-Vincent des Gaves"",""Bassin des Luys de Bearn median-40"",""BV du Louet à l'amont confluence canal de Sombrun"",""Bassin des Luys (Luys1-c-40)"",""Bassin de Mont de Marsan (MDM4-b-40)"",""Bassin du Gabas (Gabas1)"",""Bassin du Gabas (Gabas2-40)"",""Bassin de l'Adour (Adour5)"",""Bassin de l'Estrigon1"",""Rivière Estous Alaric 32 réalimenté - Adour réalimenté"",""Bassin de l'Adour (Adour3)"",""Rivière Adour réalimenté"",""Bassin de l'Adour (Adour2-40)"",""Bassin Adour-transition AG7-40"",""Bassin de la Douze (Douze6)"",""Bassin du Luy de Béarn médian"",""Bassin du Louts (Louts1)"",""Bassin de l'Adour à Pontonx"",""Bassin de la Douze (Douze9)"",""Rivière L'Arros réalimenté (complexe Cassagnac)"",""Bassin de Batanes - Grauche"",""BV affluents de l'Echez amont"",""Bassin de l'Adour (Adour4-a)"",""Bassin Adour Bernède-40"",""Bassin de la Douze (Douze3-b)"",""Bassin des Luys de Bearn aval-40"",""BV de l'Echez"",""Bassin du Louts (Louts2)"",""Bassin des Luys1-a"",""Bassin de Mont de Marsan (MDM1-40)"",""Rivière Midour réalimenté"",""Bassin de la Midouze à Tartas"",""Bassin des Luys1-d"",""Bassin des Luys1-e"",""Rivière Adour réalimenté - Canal de Tarsaguet"",""Bassin de la Douze (Douze5)"",""Bassin versant du Midour non réalimenté"",""Bassin du Louts (Louts3-40)"",""Bassin des Luys1-b"",""Bassin versant de l'Adour non réalimenté"",""BV de l'Adour"",""Bassin du Gabas"",""Rivière Les Lées non réalimenté"",""Bassin des Luys1-f"",""Bassin Adour (Adour16-40)"",""Bassin de l'Adour (Adour4-b)"",""Rivière Le Petit Midour réalimenté"",""Bassin de la Douze (Douze8)"",""Bassin de l'Adour amont"",""Bassin du Bès2"",""Bassin de la Douze (Douze2-a-40)"",""Bassin de l'Adour (Adour1-40)"",""Bassin de la Douze( (Douze7)"",""Bassin du Bas"",""Bassin du Luy de Béarn amont"",""Bassin de la Douze (Douze4)"",""Bassin du Bès1"",""Bassin de l'Adour à St Vincent de Paul"",""Bassin de Louts"",""Bassin de l'Adour de transition"",""Bassin du Louet"",""Bassin Les Luys de France-b-40"",""BV du canal d'Alaric"",""BV du Gabas"",""Bassin de Mont de Marsan (MDM5)"",""Bassin de l'Estrigon3"",""Bassin du Luy de Béarn aval"",""Rivière La Douze réalimenté"",""Bassin versant de la Douze non réalimenté"",""BV de l'Arros et de l'Estéous réalimentés"",""Bassin de la Douze (Douze1-40)"",""Bassin de la Douze (Douze2-b-40)"",""Bassin du Geloux"",""Bassin de l'Estrigon2"",""Bassin de l'Adour à Dax"",""Rivière L'Arros réalimenté"",""Bassin du Bahus-40"",""BV des Lees"",""Bassin du Retjons"",""Bassin de Campagne"",""Bassin du Luy de France"",""Bassin de la Douze (Douze3-a-40)"",""Bassin du Lespontes"",""Bassin Les Luys de France-a-40"",""Bassin de Mont de Marsan (MDM4-a)"",""Bassin de Mont de Marsan (MDM3-40)"",""Bassin du Gabas (Gabas3-40)""]","[null,1752,1691,1144,1445,1670,1666,1693,1161,149,1690,1217,1668,1216,1147,1683,1629,null,1671,1613,1430,1756,84,1451,1674,1150,141,1166,1446,904,1686,1669,1769,1538,1398,1682,1218,1692,1214,1143,1684,1215,1447,null,1768,1681,1685,1108,1770,1457,null,1673,1158,1174,1615,1709,null,1561,1676,1640,null,null,null,1405,1448,1455,1677,1403,null,1764,1749,1449,1688,1146,1123,1424,1680,1755,1687,1456,1253,1697,null,1672,1172,1152,890,1643,1699]"
30370,64-2023-08-18-00002 Soust,2023-08-18,2023-10-31,abroge,,64,https://regleau.s3.gra.perf.cloud.ovh.net//arrete-cadre/30370/64-2023-08-18-00002%20Soust%20interdiction.pdf,11137,SUP,75_64_0026,Bassin du Soust,
30380,64-2023-08-24-00004 Escou,2023-08-24,2023-10-31,abroge,,64,https://regleau.s3.gra.perf.cloud.ovh.net//arrete-cadre/30380/64-2023-08-24-00004%20Escou%20interdiction.pdf,11128,SUP,75_64_0017,Bassin de l'Escou,
30381,LET230873  Nive et Nivelle,2023-08-24,2023-10-31,abroge,,64,https://regleau.s3.gra.perf.cloud.ovh.net//arrete-cadre/30381/LET230873%20Vigilance%20Nive%20et%20Nivelle.pdf,"[11114,11115]","[""SUP"",""SUP""]","[""75_64_0003"",""75_64_0004""]","[""Bassin de la Nivelle et Côtiers basques"",""Bassin de la Nive""]",
30379,64-2023-08-24-00003 Mielle,2023-08-24,2023-10-31,abroge,,64,https://regleau.s3.gra.perf.cloud.ovh.net//arrete-cadre/30379/64-2023-08-24-00003%20Mielle%20interdiction.pdf,11129,SUP,75_64_0018,Bassin de la Mielle,
30372,65-2023-08-25-00001,2023-08-25,2023-10-31,abroge,,65,https://regleau.s3.gra.perf.cloud.ovh.net//arrete-cadre/30372/ap_crise_ousse.pdf,11723,SUP,73_65_13,BV de l'Ousse,1579
30387,[APCS Isère V2] N°38-2023-07-10-00009,2023-09-08,null,publie,,38,https://regleau.s3.gra.perf.cloud.ovh.net//arrete-cadre/30387/AP_N%C2%B038_38-2023-07-10-00009.pdf,"[12201,12206,12207,12222,12192,12211,12198,12216,12212,12196,12204,12203,12199,12209,12205,12215,12213,12193,12208,12214,12210,12217,12195,12221,12191,12194]","[""SUP"",""SOU"",""SOU"",""SOU"",""SUP"",""SOU"",""SUP"",""SOU"",""SOU"",""SUP"",""SUP"",""SUP"",""SUP"",""SOU"",""SOU"",""SOU"",""SOU"",""SUP"",""SOU"",""SOU"",""SOU"",""SOU"",""SUP"",""SOU"",""SUP"",""SUP""]","[""84_38_0011"",""84_38_0015"",""84_38_0016"",""84_38_0031"",""84_38_0002"",""84_38_0020"",""84_38_0008"",""84_38_0025"",""84_38_0021"",""84_38_0006"",""84_38_0014"",""84_38_0013"",""84_38_0009"",""84_38_0018"",""84_38_0014"",""84_38_0024"",""84_38_0022"",""84_38_0003"",""84_38_0017"",""84_38_0023"",""84_38_0019"",""84_38_0026"",""84_38_0005"",""84_38_0030"",""84_38_0001"",""84_38_0004""]","[""Oisans/Bonne"",""Belledonne (sout.)"",""Vercors (sout.)"",""Bourbre (spé sout.)"",""Vercors"",""Trièves/Matheysine (sout.)"",""Trièves/Matheysine"",""Nappes de Chambaran"",""Agglomération Grenobloise (sout.)"",""Paladru-Fure"",""Bourbre"",""Sanne-Varèze-4 Vallées"",""Agglomération Grenobloise"",""Isle Crémieu (sout.)"",""Bourbre (sout.)"",""Terrasses de l'Isère rive gauche"",""Oisans/Bonne (sout.)"",""Chartreuse-Guiers"",""Chartreuse-Guiers (sout.)"",""Sanne-Varèze-4 Vallées (sout.)"",""Paladru-Fure (sout.)"",""Isle Crémieu (spé sout.)"",""Isle Crémieu"",""Sanne-Varèze-4 Vallées (spé sout.)"",""Belledonne"",""Chambaran""]","[1909,1914,1915,1930,126,1919,1906,1924,1920,130,1912,1911,1907,1917,1913,1923,1921,127,1916,1922,1918,1925,129,1929,125,128]"
30393,2023-DEALM-SEPR-815,2023-10-09,null,publie,,976,https://regleau.s3.gra.perf.cloud.ovh.net//arrete-cadre/30393/Arr%C3%AAt%C3%A9%20N%C2%B02023-DEALM-SEPR-815-du-10-10-2023.pdf,"[12190,12189]","[""SOU"",""SUP""]","[""06_976_0001"",""06_976_0001""]","[""bassin de Mayotte"",""bassin de Mayotte""]","[846,845]"
30394,Vigilance Gave de Pau,2023-10-16,2023-10-31,abroge,,64,https://regleau.s3.gra.perf.cloud.ovh.net//arrete-cadre/30394/Communiqu%C3%A9%20de%20presse%20n7%20-%2016%20octobre.pdf,11139,SUP,75_64_0028,Bassin du Gave de Pau,
30407,ACS_Sarthe_20240109,2024-01-09,2025-04-01,abroge,,72,https://regleau.s3.gra.perf.cloud.ovh.net/arrete-cadre/30407/20240109%20ACS%20sign%C3%83%C2%A9%20EN%20VIGUEUR.pdf,"[14882,14899,14894,14867,14901,14898,14871,14896,14900,14892,14889,14866,14869,14893,14891,14895,14886,14872,14879,14876,14870,14883,14875,14874,14885,14884,14890,14868,14897,14877,14887,14888,14881,14873,14880,14878]","[""SUP"",""SOU"",""SOU"",""SOU"",""SOU"",""SOU"",""SOU"",""SOU"",""SOU"",""SOU"",""SOU"",""SOU"",""SOU"",""SOU"",""SOU"",""SOU"",""SUP"",""SUP"",""SUP"",""SUP"",""SUP"",""SUP"",""SUP"",""SUP"",""SUP"",""SUP"",""SOU"",""SOU"",""SOU"",""SUP"",""SUP"",""SUP"",""SUP"",""SUP"",""SUP"",""SUP""]","[""9"","""","""","""","""","""","""","""","""","""","""","""","""","""","""","""",""1"",""10"",""11"",""12"",""13"",""14"",""15"",""16"",""17"",""18"","""","""","""",""2"",""3"",""4"",""5"",""6"",""7"",""8""]","[""Gée"",""Sarthe aval"",""Vive Parence"",""Sarthe amont"",""Loir"",""Affluents de la Sarthe Médiane"",""Aune"",""Deux-Fonts"",""Gée"",""Végre"",""Braye Anille"",""Argance"",""Vaudelle-Merdereau-Orthe"",""Veuve-Tusson"",""Vaige-Taude-Erve"",""Orne Saosnoise"",""Sarthe amont"",""Vaige-Taude-Erve"",""Huisne"",""Vive Parence"",""Dué-Narais"",""Loir"",""Braye Anille"",""Veuve-Tusson"",""Aune"",""Argance"",""Dué-Narais"",""Bienne"",""Huisne"",""Orne Saosnoise"",""Vaudelle-Merdereau-Orthe"",""Bienne"",""Sarthe aval"",""Végre"",""Affluents de la Sarthe Médiane"",""Deux-Fonts""]","[2131,2147,2142,2151,2148,2146,2153,2144,2149,2140,2137,2150,2152,2141,2139,2143,2133,2121,2127,2124,2120,2130,2119,2123,2134,2132,2138,2154,2145,2125,2135,2136,2129,2122,2128,2126]"
30397,Ain - AC 20240325,2024-03-25,2026-03-02,abroge,,01,https://regleau.s3.gra.perf.cloud.ovh.net//arrete-cadre/30397/20240325ACSdVersionRAAAvecAnnexes.pdf,"[8792,9369,9371,9373,8789,8790,9370,9372,8791]","[""SUP"",""SOU"",""SOU"",""SOU"",""SUP"",""SUP"",""SOU"",""SOU"",""SUP""]","[""84_01_5"",""84_01_2"",""84_01_4"",""84_01_6"",""84_01_2"",""84_01_3"",""84_01_3"",""84_01_5"",""84_01_4""]","[""Rivières du Haut-Rhône"",""Null"",""Dombes - Certines - Nord"",""Pays de Gex"",""Rivières de Bresse"",""Rivières du Bugey"",""Plaine de l'Ain"",""Dombes - Sud"",""Rivières de Dombes""]","[375,68,70,1836,372,373,69,1835,374]"
30408,DDT/SEB/PREMA-2024115-0001,2024-04-24,2024-12-25,abroge,,10,https://regleau.s3.gra.perf.cloud.ovh.net/arrete-cadre/30408/240424_Arr%C3%83%C2%AAt%C3%83%C2%A9_cadre_s%C3%83%C2%A9cheresse_10.pdf,"[15084,15085,15079,15080,15081,15082,15076,15077,15078,15083]","[""SUP"",""SUP"",""SUP"",""SUP"",""SUP"",""SUP"",""SUP"",""SOU"",""SOU"",""SUP""]","[""44-10-06"",""44-10-05"",""44-10-04"",""44-10-03"",""44-10-02"",""44_10_01"",""44-10-10"",""44-10-09"",""44-10-08"",""44-10-07""]","[""Vanne"",""Affluents crayeux Aube et Seine"",""Corridor Aube"",""Aube amont"",""Corridor Seine"",""Seine amont"",""Nappe de Brienne"",""Craie de Champagne Sud et Centre"",""Craie du Senonais et pays d'Othe"",""Armance""]","[2338,2332,2334,2333,2335,2336,2331,2329,2330,2337]"
30437,26-2024-04-30-00001 (Drôme),2024-04-30,null,publie,,26,https://regleau.s3.gra.perf.cloud.ovh.net/arrete-cadre/30437/AP%20Cadre%2026-2024-04-30-00001_et_annexes.pdf,"[10440,10444,10466,10467,10471,10463,10464,10437,10465,10436,10438,10439]","[""SUP"",""SUP"",""SOU"",""SOU"",""SOU"",""SOU"",""SOU"",""SUP"",""SOU"",""SUP"",""SUP"",""SUP""]","[""84_26_0007"",""84_26_0011"",""84_26_0017"",""84_26_0018"",""84_26_0022"",""84_26_0014"",""84_26_0015"",""84_26_0004"",""84_26_0016"",""84_26_0003"",""84_26_0005"",""84_26_0006""]","[""Berre"",""Méouge"",""Roubion-Jabron"",""Berre"",""Méouge"",""Plaine de Valence"",""Royans-Vercors"",""Royans-Vercors"",""Bassin de la Drôme"",""Plaine de Valence"",""Bassin de la Drôme"",""Roubion-Jabron""]","[395,1855,79,1873,1875,1787,1872,1854,78,1780,677,77]"
30400,DDTM34-2024-04-14846,2024-04-30,2025-04-30,abroge,,34,https://regleau.s3.gra.perf.cloud.ovh.net/arrete-cadre/30400/ACD34_30-04-2024.pdf,"[14862,14848,14861,14846,14850,14847,14849,14855,14851,14857,14858,14852,14863,14860,14864,14865,14859,14853]","[""SUP"",""SUP"",""SUP"",""SUP"",""SUP"",""SUP"",""SUP"",""SUP"",""SUP"",""SUP"",""SUP"",""SUP"",""SUP"",""SOU"",""SUP"",""SOU"",""SUP"",""SUP""]","[""76_34_0010"","""",""76_34_0001"",""76_34_0002"",""76_34_0003"",""76_34_0004"",""76_34_0005"",""76_34_0006"",""76_34_0007"",""76_34_0008"",""76_34_0009"",""76_34_0013"",""76_34_0011"",""76_34_0014"",""76_34_0018"",""76_34_0017"",""76_34_0016"",""76_34_0015""]","[""Bassin versant du Jaur"",""Axe Orb aval Réals"",""Bassin versant du Vidourle"",""Bassin versant de la lagune de l''étang de l''Or"",""Bassin versant du Lez et de la Mosson hors axe Lez soutenu"",""Axe Lez soutenu, de sa source à son embouchure"",""Bassin versant de l''Hérault amont de la confluence avec la Vis jusqu’à la confluence avec la Lergue"",""Bassin versant de la Lergue"",""Bassin versant de l’Hérault aval de la confluence avec la Lergue jusqu’à l’embouchure"",""Bassin versant de l''Orb de la Source à l’amont de la confluence avec le Jaur hors axe Orb soutenu"",""Axe Orb soutenu à l’aval du barrage des Monts d’Orb jusqu''à Réals"",""Bassin versant de l’Aude aval"",""Affluents de l'Orb de la confluence avec le Jaur jusqu'à l'embouchure"",""Nappe des sables de l''Astien"",""Canal du Midi"",""Molasses miocènes du bassin de Castries"",""Bassin versant de la Cesse"",""Bassin versant de l’Argent double et de l’Ognon""]","[2115,2100,2114,2099,2101,2102,2103,2104,2105,2110,2111,2106,2116,2113,2117,2118,2112,2107]"
30487,74_DDT-2024-0474,2024-05-06,null,publie,,74,https://regleau.s3.gra.perf.cloud.ovh.net/arrete-cadre/30487/ARP_cadre_24_0474_240507.pdf,"[16326,16323,16324,16322,16321,16318,16312,16316,16315,16320,16319,16314,16317,16313,16325,16327,16328,16329]","[""SUP"",""SUP"",""SUP"",""SUP"",""SUP"",""SOU"",""SOU"",""SOU"",""SOU"",""SOU"",""SOU"",""SOU"",""SOU"",""SOU"",""SUP"",""SUP"",""SUP"",""SUP""]","[""82_74_6"",""82_74_4"",""82_74_3"",""82_74_2"",""82_74_1"","""","""","""","""","""","""","""","""","""",""82_74_5"",""82_74_7"",""82_74_8"",""82_74_9""]","[""Arve médian"",""Genevois"",""Usses"",""Fier"",""Chéran"",""Dranses"",""Arve amont"",""Genevois"",""Chéran"",""Usses"",""Sud-Ouest Lémanique"",""Arve médian"",""Fier"",""Arve aval"",""Arve aval"",""Arve amont"",""Sud-Ouest Lémanique"",""Dranses""]","[3608,3606,3605,3604,3603,3598,3595,3600,3594,3602,3601,3597,3599,3596,3607,3609,3610,3611]"
30429,74_DDT-2024-0474,2024-05-07,2024-08-15,abroge,,74,https://regleau.s3.gra.perf.cloud.ovh.net/arrete-cadre/30429/ARP_cadre_24_0474_240507.pdf,"[8658,8651,8652,8653,8654,8655,8656,8657,4621,8650]","[""SUP"",""SUP"",""SUP"",""SUP"",""SUP"",""SUP"",""SUP"",""SUP"",""SOU"",""SUP""]","[""82_74_0009"",""82_74_0002"",""82_74_0003"",""82_74_0004"",""82_74_0005"",""82_74_0006"",""82_74_0007"",""82_74_0008"",""82_74_01"",""82_74_0001""]","[""bassin des Dranses"",""bassin du Fier"",""bassin des Usses"",""bassin du Genevois"",""bassin de l Arve aval"",""bassin de l Arve médian"",""bassin du l Arve amont"",""bassin du Sud-Ouest Lémanique"",""zone non couverte par l'arrêté cadre"",""bassin du Chéran""]","[335,328,329,330,331,332,333,334,1834,327]"
30463,[GDC_2024] 26-2024-04-30-00004/38-2024-05-13-00013,2024-05-13,null,publie,26,"[""38"",""26""]",https://regleau.s3.gra.perf.cloud.ovh.net/arrete-cadre/30463/AP%20Cadre%20DDC_26-2024-04-30-00004%20et%2038-2024-05-13-00013_et_annexes.pdf,"[10435,10462,12202,12220]","[""SUP"",""SOU"",""SUP"",""SOU""]","[""84_26_0002"",""84_26_0013"",""84_38_0012"",""84_38_0029""]","[""Galaure - Drôme des Collines"",""Galaure - Drôme des Collines"",""Galaure-Drôme des Collines"",""Molasse Miocène Bas Dauphiné""]","[1779,1786,1910,1928]"
30406,ACD 48 Loire-Bretagne 18/07/2023,2024-05-23,null,publie,,48,https://regleau.s3.gra.perf.cloud.ovh.net/arrete-cadre/30406/AP_DDT_BIEF_2023-199-0002_18072023_VF_RAAcomplet.pdf,"[15040,15042,15039,15030,15028,15056,15054,15041]","[""SOU"",""SOU"",""SOU"",""SUP"",""SUP"",""SUP"",""SUP"",""SOU""]","["""","""","""",""76_48_0012"",""76_48_0011"",""76_48_0010"",""76_48_0009"",""""]","[""bassin de l'Allier moyen (sout)"",""cours d'eau Allier axe (sout)"",""bassin de l'Allier (source) (sout)"",""cours d'eau Allier axe"",""bassin de l'Allier moyen"",""bassin de l'Allier amont"",""bassin de l'Allier (source)"",""bassin de l'Allier amont (sout)""]","[2303,2304,2301,2291,2290,2289,2288,2302]"
30405,ACD 48 Rhône-Méditerranée 18/07/2023,2024-05-23,null,publie,,48,https://regleau.s3.gra.perf.cloud.ovh.net/arrete-cadre/30405/AP_DDT_BIEF_2023-199-0003_18072023_VF_RAAcomplet.pdf,"[15038,15036,15037,15055,15053,15052,15051,15058]","[""SOU"",""SOU"",""SOU"",""SOU"",""SUP"",""SUP"",""SUP"",""SUP""]","["""","""","""","""",""76_48_0013"",""76_48_0014"",""76_48_0015"",""76_48_0016""]","[""bassin du Chassezac (sout)"",""bassin des Gardons (sout)"",""bassin de la Cèze (sout)"",""bassin de l'Hérault (sout)"",""bassin du Chassezac"",""bassin de la Cèze"",""bassin des Gardons"",""bassin de l'Hérault""]","[2300,2298,2299,2309,2287,2286,2285,2311]"
30410,ACD 82-2022 modifié,2024-05-24,2025-06-24,abroge,,13,https://regleau.s3.gra.perf.cloud.ovh.net/arrete-cadre/30410/ACD%20Consolid%C3%83%C2%A9.pdf,"[15453,15464,15451,15461,15455,15444,15456,15457,15454,15448,15465,15445,15446,15458,15452,15463,15450,15462,15460,15449,15459,15447]","[""SUP"",""SOU"",""SUP"",""SOU"",""SOU"",""SUP"",""SOU"",""SOU"",""SUP"",""SUP"",""SOU"",""SUP"",""SUP"",""SOU"",""SUP"",""SOU"",""SUP"",""SOU"",""SOU"",""SUP"",""SOU"",""SUP""]","[""93_13_05"",""93_13_05"",""93_13_03"",""93_13_03"",""93_13_02"",""93_13_02"",""93_13_01"",""93_13_12"",""93_13_13"",""93_13_01"",""93_13_13"",""93_13_12"",""93_13_11"",""93_13_11"",""93_13_10"",""93_13_10"",""93_13_09"",""93_13_09"",""93_13_07"",""93_13_07"",""93_13_06"",""93_13_06""]","[""Réal de Jouques"",""Réal de Jouques"",""Huveaune"",""Huveaune"",""Arc aval"",""Arc aval"",""Arc amont"",""Crau Alpilles"",""Rhône Camargue"",""Arc amont"",""Rhône Camargue"",""Crau Alpilles"",""Crau"",""Crau"",""Durance"",""Durance"",""Littoral"",""Littoral"",""Touloubre aval"",""Touloubre aval"",""Touloubre amont"",""Touloubre amont""]","[2718,2729,2715,2726,2720,2709,2721,2723,2717,2710,2728,2712,2711,2722,2716,2727,2708,2719,2725,2714,2724,2713]"
30411,41-2024-05-29-00005,2024-05-29,2026-06-15,abroge,,41,https://regleau.s3.gra.perf.cloud.ovh.net/arrete-cadre/30411/20240529_APCSn%C3%82%C2%B041-2024-05-29-00005_Signe.pdf,"[15120,15112,15114,15102,15111,15106,15107,16622,15113,15104,15110,15105,15097,15098,15099,15121,15108,15096,15101,15118,15116,15095,15115,15103,15123,15117,15119,15109,15100,15122,15094]","[""SOU"",""SUP"",""SUP"",""SUP"",""SUP"",""SUP"",""SUP"",""SUP"",""SUP"",""SUP"",""SUP"",""SUP"",""SUP"",""SUP"",""SUP"",""SUP"",""SUP"",""SOU"",""SOU"",""SOU"",""SOU"",""SOU"",""SOU"",""SOU"",""SOU"",""SOU"",""SOU"",""SOU"",""SOU"",""SOU"",""SOU""]","[""24_41_0019"",""24_41_0001"",""24_41_0002"",""24_41_0003"",""24_41_0004"",""24_41_0005"",""24_41_0006"","""",""24_41_0007"",""24_41_0008"",""24_41_0009"",""24_41_0010"",""24_41_0011"",""24_41_0012"",""24_41_0013"",""24_41_0014"",""24_41_0015"",""24_41_0016"",""24_41_0017"",""24_41_0018"",""24_41_0020"",""24_41_0021"",""24_41_0022"",""24_41_0023"",""24_41_0024"",""24_41_0025"",""24_41_0026"",""24_41_0027"",""24_41_0028"",""24_41_0029"",""24_41_0030""]","[""Bassin du Beuvron"",""Affluents Loire amont"",""Aflluents Loire aval"",""Bassin de l'Aigre"",""Bassin du Beuvron"",""Bassin de la Brenne"",""Bassin du Cher"",""AXE_LOIRE41"",""Bassin de la Cisse"",""Bassin du Cosson"",""Bassin du Fouzon"",""Bassin de La Braye"",""Bassin du Loir amont"",""Bassin du Loir aval"",""Bassin de la Masse"",""Bassin des Mauves"",""Bassin de la Sauldre"",""Affluents Loire amont"",""Aflluents Loire aval"",""Bassin de l'Aigre"",""Bassin de la Brenne"",""Bassin du Cher"",""Bassin de la Cisse"",""Bassin du Cosson"",""Bassin du Fouzon"",""Bassin de la Braye"",""Bassin du Loir amont"",""Bassin du Loir aval"",""Bassin de la Masse"",""Bassin des Mauves"",""Bassin de la Sauldre""]","[2373,2365,2367,2355,2364,2359,2360,3855,2366,2357,2363,2358,2350,2351,2352,2374,2361,2349,2354,2371,2369,2348,2368,2356,2376,2370,2372,2362,2353,2375,2347]"
30845,ACD hors ZRE Livenne Ré Oléron,2024-06-03,null,publie,,17,https://regleau.s3.gra.perf.cloud.ovh.net/arrete-cadre/30845/ACD+hors+ZRE+LivenneReOleron_03-06-2024.pdf,"[16762,16760,16763,16758,16761,16759]","[""SUP"",""SUP"",""SOU"",""SOU"",""SOU"",""SUP""]",,"[""Ile de Ré"",""Ile d''Oléron"",""Ile d''Oléron"",""Bassin de la Livenne"",""Ile de Ré"",""Bassin de la Livenne""]","[3994,3992,3995,3990,3993,3991]"
30424,AP-N°2B-2024-06-05-00001 du 05 juin 2024,2024-06-05,null,publie,,2B,https://regleau.s3.gra.perf.cloud.ovh.net/arrete-cadre/30424/AP-N%C3%82%C2%B02B-2024-06-05-00001%20du%2005%20juin%202024.pdf,"[14716,14715,14714,14713]","[""SUP"",""SUP"",""SUP"",""SUP""]","[""94_2B_0004"",""94_2B_0002"",""94_2B_0003"",""94_2B_0001""]","[""Zone hydrographique Plaine Orientale"",""Zone hydrographique Cap Corse - Nebbio"",""Zone hydrographique Centre Corse"",""Zone hydrographique Balagne""]","[1945,1943,1944,1942]"
30414,ACi-Thouet-Thouaret-Argenton-08062023,2024-06-06,null,publie,79,"[""79"",""49""]",https://regleau.s3.gra.perf.cloud.ovh.net/arrete-cadre/30414/ACi_TTA_20230608_signe.pdf,"[9418,9443,9420,9419,9442,9441,9440,9417,9701,9700,16679,16678]","[""SUP"",""SOU"",""SUP"",""SUP"",""SOU"",""SOU"",""SOU"",""SUP"",""SUP"",""SUP"",""SOU"",""SOU""]","[""75_79_TTA2a"",""75_79_TTA3"",""75_79_TTA3"",""75_79_TTA2c"",""75_79_TTA2c"",""75_79_TTA2a"",""75_79_TTA1"",""75_79_TTA1"",""52_49_9"",""52_49_8"","""",""""]","[""Thouet Amont - eaux superficielles"",""Thouaret - eaux souterraines"",""Thouaret - eaux superficielles"",""Thouet Aval - eaux superficielles"",""Thouet Aval - eaux souterraines"",""Thouet Amont - eaux souterraines"",""Argenton - eaux souterraines"",""Argenton - eaux superficielles"",""ARGENTON"",""THOUET"",""Argenton"",""Thouet""]","[1260,1275,1262,1261,1274,1273,1272,1259,402,401,3901,3900]"
30417,2024-DDT-SE-212,2024-06-07,2025-06-02,abroge,,91,https://regleau.s3.gra.perf.cloud.ovh.net/arrete-cadre/30417/arrete-cadre_2024-212_sech%26eau_20240531.pdf,"[14939,14952,14937,14964,14935,14940,14954,14938,14949,14963,14948,14944,14941,14959,14961,14960,14943,14934,14950,14958,14936,14946,14942,14957,14955,14965,14945,14956,14962,14947,14951,14953]","[""SUP"",""SOU"",""SOU"",""SOU"",""SOU"",""SOU"",""SOU"",""SUP"",""SUP"",""SUP"",""SUP"",""SUP"",""SUP"",""SUP"",""SUP"",""SOU"",""SOU"",""SOU"",""SOU"",""SOU"",""SOU"",""SOU"",""SOU"",""SOU"",""SOU"",""SUP"",""SUP"",""SUP"",""SUP"",""SUP"",""SUP"",""SUP""]","[""11_91_01"",""11_91_32"",""11_91_31"",""11_91_30"",""11_91_29"",""11_91_28"",""11_91_27"",""11_91_04"",""11_91_02"",""11_91_10"",""11_91_09"",""11_91_08"",""11_91_07"",""11_91_15"",""11_91_16"",""11_91_17"",""11_91_18"",""11_91_19"",""11_91_20"",""11_91_21"",""11_91_22"",""11_91_23"",""11_91_24"",""11_91_25"",""11_91_26"",""11_91_14"",""11_91_13"",""11_91_12"",""11_91_11"",""11_91_06"",""11_91_05"",""11_91_03""]","[""Yvette-Bièvre – zone interconnectée agglomération parisienne"",""Seine essonnienne – nappe du Champigny – zone interconnectée agglomération parisienne"",""Seine essonnienne – Beauce centrale – zone interconnectée agglomération parisienne"",""Yerres & Seine essonnienne – nappe du Champigny – zone interconnectée agglomération parisienne"",""Yerres – nappe du Champigny – zone interconnectée agglomération parisienne"",""Essonne-École – Beauce centrale"",""Essonne-École & Seine essonnienne – Beauce centrale – zone interconnectée agglomération parisienne"",""Orge-Rémarde - hors Beauce centrale"",""Yvette-Bièvre & Orge-Rémarde – zone interconnectée agglomération parisienne"",""Essonne-École – Beauce centrale – zone interconnectée agglomération parisienne"",""Juine – Beauce centrale"",""Orge-Rémarde & Seine essonnienne – Beauce centrale – zone interconnectée agglomération parisienne"",""Orge-Rémarde – Beauce centrale"",""Seine essonnienne – Beauce centrale – zone interconnectée agglomération parisienne"",""Seine essonnienne – nappe du Champigny – zone interconnectée agglomération parisienne"",""Yvette-Bièvre – zone interconnectée agglomération parisienne"",""Yvette-Bièvre & Orge-Rémarde – zone interconnectée agglomération parisienne"",""Orge-Rémarde - hors Beauce centrale – zone interconnectée agglomération parisienne"",""Orge-Rémarde - hors Beauce centrale"",""Orge- Rémarde & Seine essonnienne – hors Beauce centrale – zone interconnectée agglo parisienne"",""Orge-Rémarde – Beauce centrale – zone interconnectée agglomération parisienne"",""Orge-Rémarde – Beauce centrale"",""Orge-Rémarde & Seine essonnienne – Beauce centrale – zone interconnectée agglomération parisienne"",""Juine – Beauce centrale"",""Essonne-École – Beauce centrale – zone interconnectée agglomération parisienne"",""Yerres & Seine essonnienne – nappe du Champigny – zone interconnectée agglomération parisienne"",""Yerres – nappe du Champigny – zone interconnectée agglomération parisienne"",""Essonne-École – Beauce centrale"",""Essonne-École & Seine essonnienne – Beauce centrale – zone interconnectée agglomération parisienne"",""Orge-Rémarde – Beauce centrale – zone interconnectée agglomération parisienne"",""Orge- Rémarde & Seine essonnienne – hors Beauce centrale – zone interconnectée agglo parisienne"",""Orge-Rémarde - hors Beauce centrale – zone interconnectée agglomération parisienne""]","[2165,2155,2167,2181,2162,2168,2157,2164,2183,2180,2182,2171,2169,2176,2178,2177,2170,2161,2184,2175,2163,2173,2166,2160,2158,2186,2172,2159,2179,2174,2185,2156]"
30421,AIP-DROPT-47-2022-07-20-00002,2024-06-10,2024-06-16,abroge,47,"[""24"",""33"",""47""]",https://regleau.s3.gra.perf.cloud.ovh.net/arrete-cadre/30421/2022-07-20_ACI-DROPT_num-min.pdf,"[11605,12142,11563,11573,11600,12117,15680,15681,12104,12097,12092,15690,11608]","[""SUP"",""SUP"",""SUP"",""SUP"",""SUP"",""SUP"",""SUP"",""SUP"",""SUP"",""SUP"",""SUP"",""SUP"",""SUP""]","[""72_47_48"",""75_24_0052"",""72_47_1"",""72_47_19"",""72_47_43"",""75_24_0026"",""75_33_9"",""75_33_35"",""75_24_0013"",""75_24_0006"",""75_24_0001"",""75_33_17"",""72_47_50""]","[""60_ZA47_Bassin versant du Dropt"",""Dropt - Escourou"",""60_ZA47_Le Dropt amont réalimenté"",""60_ZA47_Le Dropt aval réalimenté"",""ZA47_Bassin versant du Bournègue"",""Dropt - Banège"",""ZA Andouille"",""le Dropt"",""Dropt - Dropt amont"",""Dropt - Dropt aval"",""Dropt - Bournègue"",""ZA Vignague"",""60 ZA47 La Dourdène réalimentée""]","[1568,1648,1535,1546,1567,1626,2944,2945,1110,1105,1609,2954,1571]"
30422,22-06-2023 ACI Garonne,2024-06-10,2024-06-16,abroge,31,"[""31"",""47"",""33"",""65"",""82""]",https://regleau.s3.gra.perf.cloud.ovh.net/arrete-cadre/30422/ACI%20Garonne-26-06-23.pdf,"[11720,11592,15679]","[""SUP"",""SUP"",""SUP""]","[""73_65_10"",""72_47_36"",""75_33_1""]","[""BV de l'Ourse-Garonne"",""62_ZA47_bassin versant de la Garonne amont"",""ZA Garonne aval""]","[1454,891,2943]"
30434,AIP_Neste_32-2023-07-31-00004,2024-06-17,2024-07-08,abroge,32,"[""65"",""82"",""40"",""31"",""47"",""32""]",https://regleau.s3.gra.perf.cloud.ovh.net/arrete-cadre/30434/32-2023-07-31-00004_ACI_Neste_RG_signeetannexes_numerote.pdf,"[15664,15634,15577,15573,15630,15607,15616,15604,15658,15637,15593,15583,15611,15657,15589,15582,15608,15647,15660,15579,15655,15669,15645,15625,15671,15656,15617,15649,15609,15590,15581,15642,15648,15665,15571,15646,15601,15626,15576,15666,15659,15624,15598,15652,15636,15651,15668,15670,15574,15674,15654,15615,15638,15663,15627,15650,15619,15673,15622,15580,15584,15667,15610,15575,15644,15640,15572,15621,15623,15653,15639,15641,15643,15620,15578,15672,12247,12264,12275,15757,15722,15738,15803,15763,15712,15784,15764,15771,15732,15737,15801,15786,15766,15734,15775,15772,15733,15765,15785,15731,15783,15718,15802,15791,15755]","[""SUP"",""SUP"",""SUP"",""SUP"",""SOU"",""SUP"",""SUP"",""SUP"",""SOU"",""SOU"",""SUP"",""SOU"",""SUP"",""SUP"",""SOU"",""SOU"",""SOU"",""SOU"",""SUP"",""SOU"",""SUP"",""SUP"",""SUP"",""SUP"",""SOU"",""SOU"",""SOU"",""SOU"",""SOU"",""SOU"",""SUP"",""SUP"",""SOU"",""SUP"",""SUP"",""SUP"",""SOU"",""SOU"",""SUP"",""SUP"",""SUP"",""SUP"",""SOU"",""SUP"",""SOU"",""SOU"",""SUP"",""SUP"",""SUP"",""SOU"",""SUP"",""SUP"",""SOU"",""SUP"",""SOU"",""SOU"",""SOU"",""SOU"",""SUP"",""SOU"",""SOU"",""SUP"",""SOU"",""SUP"",""SOU"",""SOU"",""SUP"",""SOU"",""SUP"",""SUP"",""SOU"",""SOU"",""SOU"",""SOU"",""SOU"",""SUP"",""SUP"",""SUP"",""SUP"",""SUP"",""SOU"",""SOU"",""SUP"",""SOU"",""SUP"",""SOU"",""SUP"",""SUP"",""SOU"",""SOU"",""SUP"",""SOU"",""SUP"",""SOU"",""SUP"",""SUP"",""SOU"",""SUP"",""SOU"",""SUP"",""SOU"",""SOU"",""SUP"",""SOU"",""SUP""]","["""","""","""","""","""","""","""","""","""","""","""","""","""","""","""","""","""","""","""","""","""","""","""","""","""","""","""","""","""","""","""","""","""","""","""","""","""","""","""","""","""","""","""","""","""","""","""","""","""","""","""","""","""","""","""","""","""","""","""","""","""","""","""","""","""","""","""","""","""","""","""","""","""","""","""","""",""75_40_0025"",""75_40_0042"",""75_40_0053"",""72_47_11"",""72_47_11"",""72_47_15"",""72_47_15"",""72_47_24"",""72_47_24"",""72_47_31"",""72_47_31"",""72_47_32"",""72_47_32"",""72_47_35"",""72_47_35"",""72_47_40"",""72_47_40"",""72_47_42"",""72_47_42"",""72_47_47"",""72_47_47"",""72_47_49"",""72_47_49"",""72_47_51"",""72_47_51"",""72_47_6"",""72_47_6"",""72_47_7"",""72_47_7""]","[""Bassin versant Ayroux - Sère non réalimenté"",""Bassin versant de l''Aussonnelle non réalimenté"",""Rivière Baïse réalimentée"",""Rivière Auloue réalimentée"",""ZA4e- Bassin de la Baise non réalimenté"",""Rivière L''Osse réalimentée par Miélan et Lizet - la Guiroue réalimentée par la Baradée"",""Bassin de l''Osse-Guiroue-Lizet non réalimenté"",""Bassin de l''Auvignon non réalimenté"",""ZA4b - Bassin de l'Auloue non réalimenté"",""ZA1 - Rivière Save réalimentée"",""Rivière Auzoue non réalimentée"",""ZA1 - Rivière Gèze réalimentée"",""Bassin de la Marcaoue non réalimenté"",""Rivière Gélise réalimentée"",""ZA1 - Rigoles et rivières Gesse réalimentées"",""Bassin versant de Garonne de la Barguelonne au Dropt non réalimenté"",""ZA5d - Bassin de l'Auzoue non réalimenté"",""ZA3f - Ruisseau de Cabournieu réalimenté"",""Rivière Marcaoue réalimentée"",""Bassin versant Touch non réalimenté"",""Rigoles et rivieres Arrats réalimentées"",""Bassin versant Touch non réalimenté"",""Bassin de l''Auroue non réalimenté"",""Rivière Gers réalimentée"",""ZA5b - Bassin de l'Auvignon non réalimenté"",""ZA4c - Bassin de l'Aussoue non réalimenté"",""ZA2b - Rivière Aussoue réalimentée"",""ZA3d - Rivière Gélise réalimentée"",""ZA1 - Rivière Baïsole réalimentée"",""ZA1 - Rigoles et rivières Boues réalimentées"",""Rivière Save réalimentée"",""Rivière Gèze réalimentée"",""ZA3e - Rivière Auloue réalimentée"",""Bassin de la Gimone non réalimenté"",""Bassin versant de Garonne de la Barguelonne au Dropt non réalimenté"",""Bassin de l''Arrats non réalimenté"",""ZA4a - Bassin de l'Arrats non réalimenté"",""ZA1 - Rivière Baïse réalimentée"",""Rivière Le grand Auvignons - Bousquetara réalimentée"",""Bassin de la Save et la Gesse non réalimenté"",""Canal de Monlaur réalimenté"",""Bassin de la Baise non réalimenté"",""ZA4f - Bassin de la Marcaoue non réalimenté"",""Rigoles et rivières Gesse réalimentées"",""ZA2a - Rivière Marcaoue réalimentée"",""ZA3c - Rivière Auzoue réalimentée"",""Bassin de la Gélise non réalimenté"",""Bassin du Gers non réalimenté"",""Rigoles et rivières Gimone réalimentées"",""Bassin versant Ayroux - Sère non réalimenté"",""Rivière du Bouès réalimentée"",""Rivière Aussoue réalimentée"",""ZA1 - Rivière Petite Baïse réalimentée"",""Bassin de l''Auloue non réalimenté"",""ZA1 - Rigoles et rivières Gimone réalimentées"",""ZA3a - Rivière Le grand Auvignons - Bousquetara réalimentée"",""ZA2c - Rivière L'Osse réalimentée par Miélan et Lizet, la Guiroue réalimentée par la Baradée"",""ZA4j - Bassin de la Gimone non réalimenté"",""Bassin versant de Garonne de l''Aussonnelle à la Barguelonne non réalimenté"",""ZA5e - Bassin de la Gélise non réalimenté"",""ZA1 - Canal de Monlaur réalimenté"",""Affluents du bassin versant du Bouès"",""ZA1 - Rivière Gers réalimentée"",""Rivière Petite Baïse réalimentée"",""Bassin versant de Garonne de l'Aussonnelle à la Barguelonne non réalimenté"",""ZA4i - Bassin du Gers non réalimenté"",""Rivière Baïsole réalimentée"",""ZA4d - Bassin de l'Osse-Guiroue-Lizet non réalimenté"",""Bassin de l''Aussoue non réalimenté"",""Rivière Auzoue réalimentée"",""ZA4h - Bassin du Bouès non réalimenté"",""ZA4g - Bassin de la Save et la Gesse non réalimenté"",""Bassin versant de l'Aussonnelle non réalimenté"",""ZA1 - Rigoles et rivieres Arrats réalimentées"",""ZA6 - Bassin de l'Auroue non réalimenté"",""Rivière du Cabournieu"",""Bassin de la Neste (Neste3-40)"",""Bassin de la Neste (Neste1-40)"",""Bassin de la Neste (Neste2-40)"",""97_ZA47_l'Auzoue réalimenté"",""97_ZA47_l'Auzoue réalimenté"",""96_ZA47_La Baïse réalimentée"",""96_ZA47_La Baïse réalimentée"",""94_ZA47_L'Auvignon réalimenté"",""94_ZA47_L'Auvignon réalimenté"",""96_ZA47_bassin versant de la Baise"",""96_ZA47_bassin versant de la Baise"",""97_ZA47_bassin versant de la Gélise"",""97_ZA47_bassin versant de la Gélise"",""62_ZA47_bassin versant de l'Ourbise"",""62_ZA47_bassin versant de l'Ourbise"",""95_ZA47_bassin versant de l'Auroue"",""95_ZA47_bassin versant de l'Auroue"",""97_ZA47_bassin versant de l'Auzoue"",""97_ZA47_bassin versant de l'Auzoue"",""96_ZA47_bassin versant de l'Osse"",""96_ZA47_bassin versant de l'Osse"",""96_ZA47_bassin versant du Gers"",""96_ZA47_bassin versant du Gers"",""94_ZA47_bassin versant des Auvignons"",""94_ZA47_bassin versant des Auvignons"",""96_ZA47_L'Osse réalimenté"",""96_ZA47_L'Osse réalimenté"",""96_ZA47_Le Gers réalimenté"",""96_ZA47_Le Gers réalimenté""]","[2918,2887,2929,2927,2881,2859,2867,2857,2910,2889,2844,2835,2863,2908,2841,2937,2860,2899,2912,2936,2907,2923,2898,2877,2924,2909,2870,2901,2862,2842,2932,2894,2900,2916,2917,2897,2852,2878,2933,2919,2911,2874,2850,2905,2888,2902,2922,2921,2928,2938,2906,2868,2890,2915,2879,2903,2869,2925,2875,2935,2836,2920,2861,2931,2896,2891,2930,2873,2876,2904,2892,2893,2895,2872,2934,2926,942,1157,1689,3018,2983,2999,3064,3023,3067,3045,3025,3032,2993,2998,3062,3047,3027,2995,3036,3033,2994,3026,3046,2991,3044,2979,3063,3052,3016]"
30430,ACD47-2023-07-25-00009,2024-06-17,null,publie,,47,https://regleau.s3.gra.perf.cloud.ovh.net/arrete-cadre/30430/AP_cadre-dept47_2023-Vdef_SR-NUM.pdf,"[15715,15780,15810,15806,15757,15722,15792,15756,15807,15804,15758,15724,15803,15738,15740,15795,15739,15797,15751,15794,15716,15781,15787,15767,15809,15805,15789,15717,15720,15760,15808,15811,15712,15763,15725,15754,15726,15799,15727,15800,15741,15752,15770,15730,15743,15728,15768,15747,15764,15784,15732,15771,15719,15773,15782,15762,15737,15801,15779,15714,15777,15746,15729,15744,15759,15790,15713,15778,15786,15766,15710,15798,15775,15734,15750,15774,15776,15735,15753,15742,15769,15748,15733,15772,15749,15796,15765,15785,15745,15711,15721,15761,15783,15731,15802,15718,15755,15791,15788,15736,15723,15793]","[""SOU"",""SUP"",""SOU"",""SUP"",""SUP"",""SOU"",""SOU"",""SUP"",""SOU"",""SUP"",""SUP"",""SOU"",""SUP"",""SOU"",""SOU"",""SUP"",""SOU"",""SUP"",""SOU"",""SUP"",""SOU"",""SUP"",""SOU"",""SUP"",""SOU"",""SUP"",""SOU"",""SUP"",""SOU"",""SUP"",""SUP"",""SOU"",""SUP"",""SOU"",""SOU"",""SUP"",""SOU"",""SUP"",""SOU"",""SUP"",""SOU"",""SUP"",""SUP"",""SOU"",""SOU"",""SUP"",""SUP"",""SOU"",""SUP"",""SOU"",""SOU"",""SUP"",""SOU"",""SUP"",""SOU"",""SUP"",""SOU"",""SUP"",""SUP"",""SOU"",""SUP"",""SOU"",""SUP"",""SOU"",""SUP"",""SOU"",""SOU"",""SUP"",""SOU"",""SUP"",""SOU"",""SUP"",""SUP"",""SOU"",""SOU"",""SUP"",""SUP"",""SOU"",""SUP"",""SOU"",""SUP"",""SOU"",""SOU"",""SUP"",""SUP"",""SOU"",""SUP"",""SOU"",""SUP"",""SOU"",""SOU"",""SUP"",""SOU"",""SUP"",""SUP"",""SOU"",""SUP"",""SOU"",""SOU"",""SUP"",""SUP"",""SOU""]","[""72_47_1"",""72_47_1"",""72_47_10"",""72_47_10"",""72_47_11"",""72_47_11"",""72_47_12"",""72_47_12"",""72_47_13"",""72_47_13"",""72_47_14"",""72_47_14"",""72_47_15"",""72_47_15"",""72_47_16"",""72_47_16"",""72_47_17"",""72_47_17"",""72_47_18"",""72_47_18"",""72_47_19"",""72_47_19"",""72_47_2"",""72_47_2"",""72_47_20"",""72_47_20"",""72_47_21"",""72_47_21"",""72_47_22"",""72_47_22"",""72_47_23"",""72_47_23"",""72_47_24"",""72_47_24"",""72_47_25"",""72_47_25"",""72_47_26"",""72_47_26"",""72_47_27"",""72_47_27"",""72_47_28"",""72_47_28"",""72_47_29"",""72_47_29"",""72_47_3"",""72_47_3"",""72_47_30"",""72_47_30"",""72_47_31"",""72_47_31"",""72_47_32"",""72_47_32"",""72_47_33"",""72_47_33"",""72_47_34"",""72_47_34"",""72_47_35"",""72_47_35"",""72_47_36"",""72_47_36"",""72_47_37"",""72_47_37"",""72_47_38"",""72_47_38"",""72_47_39"",""72_47_39"",""72_47_4"",""72_47_4"",""72_47_40"",""72_47_40"",""72_47_41"",""72_47_41"",""72_47_42"",""72_47_42"",""72_47_43"",""72_47_43"",""72_47_44"",""72_47_44"",""72_47_45"",""72_47_45"",""72_47_46"",""72_47_46"",""72_47_47"",""72_47_47"",""72_47_48"",""72_47_48"",""72_47_49"",""72_47_49"",""72_47_5"",""72_47_5"",""72_47_50"",""72_47_50"",""72_47_51"",""72_47_51"",""72_47_6"",""72_47_6"",""72_47_7"",""72_47_7"",""72_47_8"",""72_47_8"",""72_47_9"",""72_47_9""]","[""60_ZA47_Le Dropt amont réalimenté"",""60_ZA47_Le Dropt amont réalimenté"",""70_ZA47_Le Tolzac réalimenté"",""70_ZA47_Le Tolzac réalimenté"",""97_ZA47_l'Auzoue réalimenté"",""97_ZA47_l'Auzoue réalimenté"",""62_ZA47_La Garonne 47 amont"",""62_ZA47_La Garonne 47 amont"",""80_ZA47_La Lède aval réalimentée"",""80_ZA47_La Lède aval réalimentée"",""93_ZA47_La Masse de Pujols réalimentée"",""93_ZA47_La Masse de Pujols réalimentée"",""96_ZA47_La Baïse réalimentée"",""96_ZA47_La Baïse réalimentée"",""ZA47_Le canal latéral"",""ZA47_Le canal latéral"",""88_ZA47_Le Boudouyssou réalimenté"",""88_ZA47_Le Boudouyssou réalimenté"",""93_ZA47_Le Lot"",""93_ZA47_Le Lot"",""60_ZA47_Le Dropt aval réalimenté"",""60_ZA47_Le Dropt aval réalimenté"",""88_ZA47_bassin versant du Boudouyssou-Tancanne"",""88_ZA47_bassin versant du Boudouyssou-Tancanne"",""81_ZA47_La Lémance réalimentée"",""81_ZA47_La Lémance réalimentée"",""61_ZA47_La Garonne 47 aval"",""61_ZA47_La Garonne 47 aval"",""61_ZA47 axe principal Avance"",""61_ZA47 axe principal Avance"",""67_ZA47_La Séoune réalimenté"",""67_ZA47_La Séoune réalimenté"",""94_ZA47_L'Auvignon réalimenté"",""94_ZA47_L'Auvignon réalimenté"",""62_ZA47_La Masse de Prayssas réalimentée"",""62_ZA47_La Masse de Prayssas réalimentée"",""70_ZA47_bassin versant du Tolzac"",""70_ZA47_bassin versant du Tolzac"",""80_ZA47_bassin versant de la Lède"",""80_ZA47_bassin versant de la Lède"",""82_ZA47_bassin versant de la Thèze"",""82_ZA47_bassin versant de la Thèze"",""62_ZA47_bassin versant du Bourbon"",""62_ZA47_bassin versant du Bourbon"",""81_ZA47_bassin versant de la Lémance"",""81_ZA47_bassin versant de la Lémance"",""61_ZA47_bassin versant du Lisos"",""61_ZA47_bassin versant du Lisos"",""96_ZA47_bassin versant de la Baise"",""96_ZA47_bassin versant de la Baise"",""97_ZA47_bassin versant de la Gélise"",""97_ZA47_bassin versant de la Gélise"",""214_ZA47_bassin versant du Seignal"",""214_ZA47_bassin versant du Seignal"",""62_ZA47_bassin versant du Tareyre"",""62_ZA47_bassin versant du Tareyre"",""62_ZA47_bassin versant de l'Ourbise"",""62_ZA47_bassin versant de l'Ourbise"",""62_ZA47_bassin versant de la Garonne amont"",""62_ZA47_bassin versant de la Garonne amont"",""61_ZA47_bassin versant de la Garonne aval"",""61_ZA47_bassin versant de la Garonne aval"",""61_ZA47_bassin versant de l'Avance"",""61_ZA47_bassin versant de l'Avance"",""62_ZA47_Le Bourbon réalimenté"",""62_ZA47_Le Bourbon réalimenté"",""67_ZA47_bassin versant de la Séoune"",""67_ZA47_bassin versant de la Séoune"",""95_ZA47_bassin versant de l'Auroue"",""95_ZA47_bassin versant de l'Auroue"",""61_ZA47_bassin versant de la Gupie"",""61_ZA47_bassin versant de la Gupie"",""97_ZA47_bassin versant de l'Auzoue"",""97_ZA47_bassin versant de l'Auzoue"",""60_ZA47_bassin versant de la Bournègue"",""60_ZA47_bassin versant de la Bournègue"",""62_ZA47_bassin versant de la Masse d'Agen"",""62_ZA47_bassin versant de la Masse d'Agen"",""93_ZA47_bassin versant du Lot aval"",""93_ZA47_bassin versant du Lot aval"",""62_ZA47_bassin versant de la Masse de Prayssas"",""62_ZA47_bassin versant de la Masse de Prayssas"",""96_ZA47_bassin versant de l'Osse"",""96_ZA47_bassin versant de l'Osse"",""60_ZA47_bassin versant du Dropt"",""60_ZA47_bassin versant du Dropt"",""96_ZA47_bassin versant du Gers"",""96_ZA47_bassin versant du Gers"",""61_ZA47_bassin versant du Ciron"",""61_ZA47_bassin versant du Ciron"",""60 ZA47 La Dourdène réalimentée"",""60 ZA47 La Dourdène réalimentée"",""94_ZA47_bassin versant des Auvignons"",""94_ZA47_bassin versant des Auvignons"",""96_ZA47_L'Osse réalimenté"",""96_ZA47_L'Osse réalimenté"",""96_ZA47_Le Gers réalimenté"",""96_ZA47_Le Gers réalimenté"",""62_ZA47_La Masse d'Agen réalimentée"",""62_ZA47_La Masse d'Agen réalimentée"",""93_ZA47_Le Salabert réalimenté"",""93_ZA47_Le Salabert réalimenté""]","[2976,3041,3074,3070,3018,2983,3053,3017,3072,3068,3019,2985,3064,2999,3001,3057,3000,3058,3012,3055,2977,3042,3048,3028,3073,3069,3050,2978,2981,3021,3071,3075,3067,3023,2986,3015,2987,3060,2988,3061,3002,3013,3031,2992,3004,2989,3029,3009,3025,3045,2993,3032,2980,3034,3043,3024,2998,3062,3040,2975,3038,3008,2990,3005,3020,3051,2974,3039,3047,3027,3065,3059,3036,2995,3011,3035,3037,2996,3014,3003,3030,3010,2994,3033,3006,3056,3026,3046,3007,3066,2982,3022,3044,2991,3063,2979,3016,3052,3049,2997,2984,3054]"
30431,AIP-DROPT-47-2022-07-20-00002,2024-06-17,null,publie,47,"[""24"",""33"",""47""]",https://regleau.s3.gra.perf.cloud.ovh.net/arrete-cadre/30431/2022-07-20_ACI-DROPT_num-min.pdf,"[12092,12097,12104,12117,12142,15690,15681,15680,15715,15780,15716,15781,15750,15774,15749,15796,15721,15761]","[""SUP"",""SUP"",""SUP"",""SUP"",""SUP"",""SUP"",""SUP"",""SUP"",""SOU"",""SUP"",""SOU"",""SUP"",""SOU"",""SUP"",""SUP"",""SOU"",""SOU"",""SUP""]","[""75_24_0001"",""75_24_0006"",""75_24_0013"",""75_24_0026"",""75_24_0052"",""75_33_17"",""75_33_35"",""75_33_9"",""72_47_1"",""72_47_1"",""72_47_19"",""72_47_19"",""72_47_43"",""72_47_43"",""72_47_48"",""72_47_48"",""72_47_50"",""72_47_50""]","[""Dropt - Bournègue"",""Dropt - Dropt aval"",""Dropt - Dropt amont"",""Dropt - Banège"",""Dropt - Escourou"",""ZA Vignague"",""le Dropt"",""ZA Andouille"",""60_ZA47_Le Dropt amont réalimenté"",""60_ZA47_Le Dropt amont réalimenté"",""60_ZA47_Le Dropt aval réalimenté"",""60_ZA47_Le Dropt aval réalimenté"",""60_ZA47_bassin versant de la Bournègue"",""60_ZA47_bassin versant de la Bournègue"",""60_ZA47_bassin versant du Dropt"",""60_ZA47_bassin versant du Dropt"",""60 ZA47 La Dourdène réalimentée"",""60 ZA47 La Dourdène réalimentée""]","[1609,1105,1110,1626,1648,2954,2945,2944,2976,3041,2977,3042,3011,3035,3006,3056,2982,3022]"
30432,22-06-2023 ACI Garonne,2024-06-17,null,publie,31,"[""82"",""65"",""33"",""47"",""31""]",https://regleau.s3.gra.perf.cloud.ovh.net/arrete-cadre/30432/ACI%20Garonne-26-06-23.pdf,"[15679,15756,15792,15795,15740,15789,15717]","[""SUP"",""SUP"",""SOU"",""SUP"",""SOU"",""SOU"",""SUP""]","[""75_33_1"",""72_47_12"",""72_47_12"",""72_47_16"",""72_47_16"",""72_47_21"",""72_47_21""]","[""ZA Garonne aval"",""62_ZA47_La Garonne 47 amont"",""62_ZA47_La Garonne 47 amont"",""ZA47_Le canal latéral"",""ZA47_Le canal latéral"",""61_ZA47_La Garonne 47 aval"",""61_ZA47_La Garonne 47 aval""]","[2943,3017,3053,3057,3001,3050,2978]"
30433,ACI BASSIN DU LOT 2023-176,2024-06-17,2026-05-28,abroge,46,"[""24"",""82"",""12"",""15"",""48"",""47"",""46""]",https://regleau.s3.gra.perf.cloud.ovh.net/arrete-cadre/30433/ACI_SS-Bassin-du-Lot_E-2023-176_du%2020juin2023_avec_annexes.pdf,"[14817,14823,14794,14832,14795,14812,14819,14809,14845,14793,14821,14805,14814,14830,14840,14843,14831,14810,12112,12143,15804,15807,15724,15758,15739,15797,15751,15794,15767,15787,15805,15809,15727,15800,15752,15741,15743,15728,15753,15742,15793,15723,15024,14982,14978,14968,15005,15003,15026,15012,14983,14993,14970,15015,14988,15017,15021,15004,15034,15033,15057,15031,15047,15045,15050,15043,15046,15059,15157,15174,15164,15169,15170,15173,15163,15158,15168,15176,15166,15175,15161,15162]","[""SOU"",""SUP"",""SOU"",""SUP"",""SUP"",""SOU"",""SOU"",""SUP"",""SOU"",""SUP"",""SUP"",""SOU"",""SUP"",""SOU"",""SOU"",""SUP"",""SUP"",""SOU"",""SUP"",""SUP"",""SUP"",""SOU"",""SOU"",""SUP"",""SOU"",""SUP"",""SOU"",""SUP"",""SUP"",""SOU"",""SUP"",""SOU"",""SOU"",""SUP"",""SUP"",""SOU"",""SOU"",""SUP"",""SUP"",""SOU"",""SOU"",""SUP"",""SUP"",""SOU"",""SOU"",""SOU"",""SOU"",""SUP"",""SUP"",""SUP"",""SOU"",""SUP"",""SOU"",""SUP"",""SUP"",""SOU"",""SOU"",""SUP"",""SOU"",""SOU"",""SOU"",""SOU"",""SOU"",""SUP"",""SUP"",""SUP"",""SUP"",""SUP"",""SUP"",""SOU"",""SOU"",""SUP"",""SOU"",""SUP"",""SOU"",""SUP"",""SOU"",""SUP"",""SUP"",""SOU"",""SUP"",""SOU""]","[""76_12_0001"",""76_12_0001"",""76_12_0002"",""76_12_0002"",""76_12_0003a"",""76_12_0003a"",""76_12_0003b"",""76_12_0003b"",""76_12_0004"",""76_12_0004"",""76_12_0005"",""76_12_0005"",""76_12_0006"",""76_12_0006"",""76_12_0007"",""76_12_0007"",""76_12_0008"",""76_12_0008"",""75_24_0021"",""75_24_0053"",""72_47_13"",""72_47_13"",""72_47_14"",""72_47_14"",""72_47_17"",""72_47_17"",""72_47_18"",""72_47_18"",""72_47_2"",""72_47_2"",""72_47_20"",""72_47_20"",""72_47_27"",""72_47_27"",""72_47_28"",""72_47_28"",""72_47_3"",""72_47_3"",""72_47_45"",""72_47_45"",""72_47_9"",""72_47_9"",""76_46_07"","""","""","""","""",""76_46_30"",""76_46_41"",""76_46_31"","""",""76_46_34"","""",""76_46_35"",""76_46_42"","""","""",""76_46_33"","""","""","""","""","""",""76_48_0001"",""76_48_0002"",""76_48_0003"",""76_48_0004"",""76_48_0005"",""84_15_0001"",""84_15_0001"",""84_15_0003"",""84_15_0003"",""84_15_0004"",""84_15_0004"",""84_15_0005"",""84_15_0005"",""84_15_0010"",""84_15_0010"",""84_15_0012"",""84_15_0012"",""84_15_0013"",""84_15_0013""]","[""Lot amont et Truyère"",""Lot amont et Truyère"",""Affluents du Lot amont"",""Affluents du Lot amont"",""Affluents rive gauche Truyère"",""Affluents rive gauche Truyère"",""Affluents rive droite Truyère"",""Affluents rive droite Truyère"",""Lot domanial amont"",""Lot domanial amont"",""Affluents du Lot domanial amont"",""Affluents du Lot domanial amont"",""Dourdou de Conques"",""Dourdou de Conques"",""Diège"",""Diège"",""Célé"",""Célé"",""Lémance"",""Lède"",""80_ZA47_La Lède aval réalimentée"",""80_ZA47_La Lède aval réalimentée"",""93_ZA47_La Masse de Pujols réalimentée"",""93_ZA47_La Masse de Pujols réalimentée"",""88_ZA47_Le Boudouyssou réalimenté"",""88_ZA47_Le Boudouyssou réalimenté"",""93_ZA47_Le Lot"",""93_ZA47_Le Lot"",""88_ZA47_bassin versant du Boudouyssou-Tancanne"",""88_ZA47_bassin versant du Boudouyssou-Tancanne"",""81_ZA47_La Lémance réalimentée"",""81_ZA47_La Lémance réalimentée"",""80_ZA47_bassin versant de la Lède"",""80_ZA47_bassin versant de la Lède"",""82_ZA47_bassin versant de la Thèze"",""82_ZA47_bassin versant de la Thèze"",""81_ZA47_bassin versant de la Lémance"",""81_ZA47_bassin versant de la Lémance"",""93_ZA47_bassin versant du Lot aval"",""93_ZA47_bassin versant du Lot aval"",""93_ZA47_Le Salabert réalimenté"",""93_ZA47_Le Salabert réalimenté"",""Le Vert Amont"",""Le Vert Aval - La Masse"",""Les affluents de Célé"",""Le Célé"",""Les affluents du Lot"",""La Thèze"",""Le Vers - La Rauze - La Sagne"",""Le Vert Aval - La Masse"",""La Thèze"",""La rivière Lot"",""La rivière Lot"",""Le Célé"",""Les affluents du Célé"",""Le Vert Amont"",""Le Vers - La Rauze - La Sagne"",""Les affluents du Lot"",""bassin de la Truyère (sout)"",""bassin du Lot (sout)"",""bassin du Bramont (sout)"",""cours d'eau Colagne (sout)"",""bassin de la Colagne (sout)"",""bassin de la Truyère"",""bassin de la Colagne"",""cours d'eau Colagne"",""bassin du Lot"",""bassin du Bramont"",""Affluents_Lot"",""Affluents_Lot"",""Ander_Margeride"",""Ander_Margeride"",""Aubrac"",""Aubrac"",""Cele_hors_Veyre"",""Cele_hors_Veyre"",""Riviere_Lot"",""Riviere_Lot"",""Truyere-aval"",""Truyere-aval"",""Veyre"",""Veyre""]","[2069,2075,2046,2084,2052,2065,2072,2062,2098,2051,2073,2058,2067,2083,2094,2096,2085,2063,1114,1649,3068,3072,2985,3019,3000,3058,3012,3055,3028,3048,3069,3073,2988,3061,3013,3002,3004,2989,3014,3003,3054,2984,2277,2245,2241,2231,2224,2269,2279,2253,2246,2261,2233,2255,2257,2271,2274,2223,2293,2296,2310,2292,2308,2306,2284,2305,2281,2312,2421,2438,2428,2433,2434,2437,2427,2422,2432,2440,2430,2439,2425,2426]"
30439,26-06-2023_ACD31_V2024,2024-06-20,2026-06-10,abroge,,31,https://regleau.s3.gra.perf.cloud.ovh.net/arrete-cadre/30439/20230626_AP_complet_sign%C3%83%C2%A9.pdf,"[15546,15565,15548,15549,15560,15556,15564,15557,15555,15563,15553,15554,15558,15568,15547,15570,15569,15552,15561,15545,15567,15559,15562,15551,15550,15566]","[""SUP"",""SUP"",""SUP"",""SUP"",""SUP"",""SUP"",""SUP"",""SUP"",""SUP"",""SUP"",""SUP"",""SUP"",""SUP"",""SUP"",""SUP"",""SUP"",""SUP"",""SUP"",""SUP"",""SUP"",""SUP"",""SUP"",""SUP"",""SUP"",""SUP"",""SUP""]","[""76_31_03"",""76_31_05"",""76_31_06"",""76_31_07"",""76_31_09"",""76_31_10"",""76_31_11"",""76_31_12"",""76_31_14"",""76_31_15"",""76_31_16"",""76_31_17"",""76_31_18"",""76_31_19"",""76_31_21"",""76_31_22"",""76_31_23"",""76_31_24"",""76_31_25"",""76_31_26"",""76_31_28"",""76_31_29"",""76_31_30"",""76_31_31"",""76_31_32"",""76_31_01""]","[""Hers-Mort"",""Saune"",""Bassin du Sor"",""Tarn"",""Tescou"",""Lèze"",""Hers-Vif"",""Ariège"",""Bassin de l'Arize"",""Bassin du Volp"",""Garonne aval"",""Garonne médiane"",""Touch amont"",""Aussonnelle"",""Garonne amont"",""Bassin du Salat"",""Bassin de l'Arbas"",""Bassin du Ger"",""Ruisseau de Maudan"",""Système Neste"",""Aussoue"",""Système canal de Saint-Martory"",""Secteur sud du département des petits cours d'eau non réalimentés non instrumentés"",""Secteur rive droite Garonne des petits cours d'eau non réalimentés non instrumentés"",""Secteur rive gauche Garonne des petits cours d'eau non réalimentés non instrumentés"",""Girou réalimenté""]","[2810,2829,2814,2815,2824,2820,2828,2821,2819,2827,2817,2818,2822,2832,2811,2834,2833,2813,2825,2809,2831,2823,2826,2816,2812,2830]"
30438,63-20241045,2024-06-20,null,publie,,63,https://regleau.s3.gra.perf.cloud.ovh.net/arrete-cadre/30438/APCS_Secheresse_2024_n%C3%82%C2%B020241045.pdf,"[15941,15939,15943,15950,15951,15954,15948,15945,15938,15957,15940,15942,15947,15955,15964,15946,15953,15949,15952,15963,15956,15944,15961,15958,15962]","[""SOU"",""SOU"",""SUP"",""SUP"",""SOU"",""SOU"",""SOU"",""SOU"",""SOU"",""SOU"",""SOU"",""SOU"",""SUP"",""SOU"",""SUP"",""SUP"",""SOU"",""SUP"",""SUP"",""SUP"",""SUP"",""SUP"",""SUP"",""SUP"",""SUP""]",,"[""M - Volcanique Cézallier"",""I - Volcanique Sancy"",""8 - Dore amont"",""10 - Sioule aval"",""K - Volcanique Combrailles ouest"",""B - Socle Combrailles"",""F - Socle Forez"",""E - Socle Dore amont"",""G - Volcanique Chaîne des Puys nord"",""D - Socle Dore aval"",""L - Volcanique Combrailles nord"",""A - Nappe Allier"",""7 - Dore aval"",""H - Volcanique Chaîne des Puys sud"",""11 - Sioule amont"",""1 - Axe Allier"",""C - Socle Cher amont"",""2 - Allier aval"",""3 - Morge"",""4 - Allier rive gauche moyen"",""5 - Allier rive gauche amont"",""6 - Allier rive droite"",""12 - Cher amont"",""9 - Ance"",""14 - Alagnon""]","[3205,3202,3206,3213,3215,3218,3212,3209,3203,3221,3204,3207,3211,3219,3228,3210,3217,3214,3216,3227,3220,3208,3225,3222,3226]"
30454,ACD_82-2023-07-31,2024-07-01,null,publie,,82,https://regleau.s3.gra.perf.cloud.ovh.net/arrete-cadre/30454/ap-cadre_20230731_sdpe82_aad82-secheresse-2023-07-31-00004.pdf,"[15368,15401,15386,15429,15403,15377,15400,15404,15393,15432,15431,15397,15430,15399,15395,15425,15409,15370,15374,15375,15388,15381,15422,15367,15387,15379,15384,15385,15366,15389,15428,15421,15443,15415,15396,15437,15440,15411,15382,15376,15402,15391,15398,15380,15371,15419,15392,15424,15407,15434,15433,15426,15410,15441,15373,15416,15417,15412,15413,15438,15414,15369,15442,15408,15436,15435,15423,15427,15394,15406,15405,15372,15383,15378,15439,15418,15390,15420]","[""SUP"",""SOU"",""SOU"",""SOU"",""SOU"",""SOU"",""SOU"",""SOU"",""SOU"",""SOU"",""SOU"",""SOU"",""SOU"",""SOU"",""SUP"",""SUP"",""SOU"",""SOU"",""SOU"",""SOU"",""SOU"",""SOU"",""SOU"",""SOU"",""SOU"",""SOU"",""SOU"",""SOU"",""SOU"",""SOU"",""SOU"",""SUP"",""SUP"",""SUP"",""SUP"",""SUP"",""SUP"",""SUP"",""SOU"",""SOU"",""SOU"",""SOU"",""SOU"",""SOU"",""SOU"",""SUP"",""SUP"",""SUP"",""SUP"",""SUP"",""SUP"",""SUP"",""SUP"",""SUP"",""SUP"",""SUP"",""SUP"",""SUP"",""SUP"",""SUP"",""SUP"",""SUP"",""SUP"",""SUP"",""SUP"",""SUP"",""SUP"",""SUP"",""SUP"",""SOU"",""SOU"",""SOU"",""SOU"",""SUP"",""SUP"",""SUP"",""SUP"",""SUP""]","[""76_82_0020"",""76_82_1083"",""76_82_1082"",""76_82_1081"",""76_82_1031"",""76_82_1073"",""76_82_1072"",""76_82_1071"",""76_82_1059"",""76_82_1058"",""76_82_1057"",""76_82_1056"",""76_82_1055"",""76_82_1054"",""76_82_0083"",""76_82_0084"",""76_82_1011"",""76_82_1053"",""76_82_1052"",""76_82_1051"",""76_82_1044"",""76_82_1043"",""76_82_1042"",""76_82_1041"",""76_82_1037"",""76_82_1036"",""76_82_1035"",""76_82_1034"",""76_82_1033"",""76_82_1032"",""76_82_1012"",""76_82_0058"",""76_82_0059"",""76_82_0071"",""76_82_0072"",""76_82_0073"",""76_82_0081"",""76_82_0082"",""76_82_1029"",""76_82_1084"",""76_82_1020"",""76_82_1021"",""76_82_1022"",""76_82_1023"",""76_82_1024"",""76_82_0021"",""76_82_0022"",""76_82_0023"",""76_82_0024"",""76_82_0025"",""76_82_0026"",""76_82_0027"",""76_82_0028"",""76_82_0029"",""76_82_0031"",""76_82_0032"",""76_82_0033"",""76_82_0034"",""76_82_0035"",""76_82_0036"",""76_82_0037"",""76_82_0041"",""76_82_0042"",""76_82_0043"",""76_82_0044"",""76_82_0051"",""76_82_0052"",""76_82_0053"",""76_82_0054"",""76_82_1025"",""76_82_1026"",""76_82_1027"",""76_82_1028"",""76_82_0011"",""76_82_0012"",""76_82_0055"",""76_82_0056"",""76_82_0057""]","[""Zone 20 - LERE REAL"",""Part - Zone 83 - GIMONE REAL"",""Part - Zone 82 - ARRATS  AFFLUENTS"",""Part - Zone 81 - ARRATS REAL"",""Part - Zone 31 - TARN + NAC"",""Part - Zone 73 - LOT AFFLUENTS"",""Part - Zone 72 - BOUDOUYSSOU"",""Part - Zone 71 - BOUDOUYSSOU REAL"",""Part - Zone 59 - GARONNE AFFLUENTS"",""Part - Zone 58 - AUROUE"",""Part - Zone 57 - SEOUNE"",""Part - Zone 56 - PETITE BARGUELONNE"",""Part - Zone 55 - LENDOU"",""Part - Zone 54 - BARGUELONNE AVAL"",""Zone 83 - GIMONE REAL"",""Zone 84 - GIMONE  AFFLUENTS"",""Part - Zone 11 - AVEYRON + NAC"",""Part - Zone 53 - BARGUELONNE AMONT"",""Part - Zone 52 - LAMBON"",""Part - Zone 51 - SERE"",""Part - Zone 44 - CANAL LATERAL + MONTECH + COURS D'EAU REAL"",""Part - Zone 43 - GARONNE AVAL + NAC"",""Part - Zone 42 - GARONNE MEDIANE + NAC"",""Part - Zone 41 - GARONNE AMONT + NAC"",""Part - Zone 37 - TARN AFFLUENTS"",""Part - Zone 36 - LUPTE-LEMBOUS"",""Part - Zone 35 - LEMBOULAS AVAL"",""Part - Zone 34 - LEMBOULAS AMONT"",""Part - Zone 33 - TESCOU NON REAL"",""Part - Zone 32 - TESCOU REAL"",""Part - Zone 12 - AVEYRON MEDIAN"",""Zone 58 - AUROUE"",""Zone 59 - GARONNE AFFLUENTS"",""Zone 71 - BOUDOUYSSOU REAL"",""Zone 72 - BOUDOUYSSOU"",""Zone 73 - LOT AFFLUENTS"",""Zone 81 - ARRATS REAL"",""Zone 82 - ARRATS  AFFLUENTS"",""Part - Zone 29 - AVEYRON AFFLUENTS"",""Part - Zone 84 - GIMONE  AFFLUENTS"",""Part - Zone 20 - LERE REAL"",""Part - Zone 21 - LERE NON REAL"",""Part - Zone 22 - BONNETTE"",""Part - Zone 23 - SEYE"",""Part - Zone 24 - BAYE"",""Zone 21 - LERE NON REAL"",""Zone 22 - BONNETTE"",""Zone 23 - SEYE"",""Zone 24 - BAYE"",""Zone 25 - VIAUR REAL"",""Zone 26 - VIAUR AFFLUENTS"",""Zone 27 - VERE REAL"",""Zone 28 - VERE AFFLUENTS"",""Zone 29 - AVEYRON AFFLUENTS"",""Zone 31 - TARN + NAC"",""Zone 32 - TESCOU REAL"",""Zone 33 - TESCOU NON REAL"",""Zone 34 - LEMBOULAS AMONT"",""Zone 35 - LEMBOULAS AVAL"",""Zone 36 - LUPTE-LEMBOUS"",""Zone 37 - TARN AFFLUENTS"",""Zone 41 - GARONNE AMONT + NAC"",""Zone 42 - GARONNE MEDIANE + NAC"",""Zone 43 - GARONNE AVAL + NAC"",""Zone 44 - CANAL LATERAL + MONTECH + COURS D'EAU REAL"",""Zone 51 - SERE"",""Zone 52 - LAMBON"",""Zone 53 - BARGUELONNE AMONT"",""Zone 54 - BARGUELONNE AVAL"",""Part - Zone 25 - VIAUR REAL"",""Part - Zone 26 - VIAUR AFFLUENTS"",""Part - Zone 27 - VERE REAL"",""Part - Zone 28 - VERE AFFLUENTS"",""Zone 11 - AVEYRON + NAC"",""Zone 12 - AVEYRON MEDIAN"",""Zone 55 - LENDOU"",""Zone 56 - PETITE BARGUELONNE"",""Zone 57 - SEOUNE""]","[2632,2663,2649,2692,2667,2642,2665,2669,2653,2696,2695,2661,2694,2664,2658,2687,2668,2636,2639,2640,2652,2646,2679,2630,2647,2644,2651,2650,2631,2655,2693,2686,2707,2680,2660,2702,2705,2676,2643,2638,2666,2654,2662,2645,2637,2681,2657,2689,2672,2698,2697,2690,2675,2701,2633,2682,2683,2677,2678,2703,2674,2634,2706,2673,2699,2700,2688,2691,2659,2671,2670,2635,2648,2641,2704,2684,2656,2685]"
30459,2A-2024-07-02-00005,2024-07-01,2024-08-13,abroge,,2A,https://regleau.s3.gra.perf.cloud.ovh.net/arrete-cadre/30459/20240703_Arr%C3%83%C2%AAt%C3%83%C2%A9Vigilance.pdf,"[3238,3237]","[""SUP"",""SUP""]","[""94_2A_2"",""94_2A_1""]","[""Zone nord"",""Zone sud""]","[3,273]"
30441,L240713-Ousse des bois,2024-07-02,2024-07-09,abroge,,64,https://regleau.s3.gra.perf.cloud.ovh.net/arrete-cadre/30441/Vigilance_Oussedesbois_02-07-2024.pdf,"[14778,14773]","[""SOU"",""SUP""]","[""75_64_0019"",""75_64_0019""]","[""Bassin de l''Ousse des Bois"",""Bassin de l''Ousse des Bois""]","[1998,1993]"
30484,78-2024-07-02-00001,2024-07-02,null,publie,,78,https://regleau.s3.gra.perf.cloud.ovh.net/arrete-cadre/30484/APC_secheresse_Yvelines_78-2024-07-02-00001.pdf,"[16199,16201,16202,16200,16198,16203,16723,16722,16719,16721,16720,16718]","[""SUP"",""SUP"",""SUP"",""SUP"",""SUP"",""SUP"",""SOU"",""SOU"",""SOU"",""SOU"",""SOU"",""SOU""]","[""11_78_1"",""11_78_4"",""11_78_4"",""11_78_2"",""11_78_2"",""11_78_3"","""","""","""","""","""",""""]","[""Zone Seine"",""Zone Est"",""Zone Sud-Est"",""Zone Centre"",""Zone Ouest"",""Zone Sud-Ouest"",""Zone Ouest"",""Zone Sud-Ouest"",""Zone Seine"",""Zone Centre"",""Zone Sud-Est"",""Zone Est""]","[3462,3465,3466,3464,3463,3467,3940,3945,3942,3944,3943,3941]"
30448,AC-ACIS-MP-2023,2024-07-03,null,publie,85,"[""79"",""17"",""86"",""85""]",https://regleau.s3.gra.perf.cloud.ovh.net/arrete-cadre/30448/0-ARRETE_InterDepartemental_22_05_23-1_marais_poitevin.pdf,"[12319,12337,12317,12318,10575,9438,9415,9437,9414,9436,9413,12330,12310,9412,9435,9434,9411,9433,9410,9432,9409,12339,12321,8738,8766,10590,10588,10587,10586,10585,10584,10582,10580,10579,10578,10577,10576]","[""SUP"",""SOU"",""SUP"",""SUP"",""SUP"",""SOU"",""SUP"",""SOU"",""SUP"",""SOU"",""SUP"",""SOU"",""SUP"",""SUP"",""SOU"",""SOU"",""SUP"",""SOU"",""SUP"",""SOU"",""SUP"",""SOU"",""SUP"",""SOU"",""SUP"",""SOU"",""SOU"",""SOU"",""SOU"",""SOU"",""SOU"",""SUP"",""SUP"",""SUP"",""SUP"",""SUP"",""SUP""]","[""75_17_18"",""75_17_17"",""75_17_16"",""75_17_17"",""52_85_000007"",""75_79_MP9"",""75_79_MP9"",""75_79_MP8"",""75_79_MP8"",""75_79_MP7"",""75_79_MP7"",""75_17_1"",""75_17_1"",""75_79_MP5-3"",""75_79_MP5-3"",""75_79_MP3"",""75_79_MP3"",""75_79_MP2"",""75_79_MP2"",""75_79_MP1"",""75_79_MP1"",""75_17_3"",""75_17_3"",""75_86_0015"",""75_86_0015"",""52_85_0007"",""52_85_0005"",""52_85_0004"",""52_85_0003"",""52_85_0002"",""52_85_0001"",""52_85_000014"",""52_85_000012"",""52_85_000011"",""52_85_000010"",""52_85_000009"",""52_85_000008""]","[""Marais Vendée"",""Marais Sèvre Niortaise"",""Marais Nord Aunis"",""Marais Sèvre Niortaise"",""Lay"",""Vendée - eaux souterraines"",""Vendée - eaux superficielles"",""Autize - eaux souterraines"",""Autize - eaux superficielles"",""Mignon Courance - eaux souterraines"",""Mignon Courance - eaux superficielles"",""Bassin du Curé - Sèvre Niortaise"",""Bassin du Curé - Sèvre Niortaise"",""Marais Mouillé Sèvre Niortaise - eaux superficielles"",""Marais Mouillé Sèvre Niortaise - eaux souterraines"",""Lambon - eaux souterraines"",""Lambon - eaux superficielles"",""Sèvre Niortaise Moyenne - eaux souterraines"",""Sèvre Niortaise Moyenne - eaux superficielles"",""Sèvre Niortaise Amont - eaux souterraines"",""Sèvre Niortaise Amont - eaux superficielles"",""Bassin Le Mignon"",""Bassin Le Mignon"",""Bassin de la Sèvre Niortaise - secteur amont MP1"",""Bassin de la Sèvre Niortaise - secteur amont MP1"",""Nappe des Autises"",""Nappe du Lay Est"",""Nappe du Lay Ouest"",""Nappe de la Vendée Centre"",""Nappe de la Vendée Ouest"",""Nappe de la Vendée Est"",""Marais Sèvre Niortaise"",""Autize superficiel"",""Marais Vendée"",""Vendée superficiel"",""Lay réalimenté"",""Marais Lay""]","[1338,1186,1179,1337,447,1270,1257,1269,1256,1268,1255,1181,1176,524,1267,1266,1254,538,521,537,520,1187,1339,203,566,475,473,472,471,470,469,464,462,461,450,449,448]"
30447,ACi BV Charente Seudre Fl.cotiers 162023042400001,2024-07-03,null,publie,16,"[""24"",""86"",""87"",""16"",""79"",""17""]",https://regleau.s3.gra.perf.cloud.ovh.net/arrete-cadre/30447/ACi2023-ChteSeudFlCot-sign%C3%83%C2%A9.pdf,"[9179,9178,9177,9176,9175,9174,9173,9172,9171,9165,9164,9163,9162,9161,9160,12333,12313,12336,9181,9180,12316,9182,9183,12331,12311,12332,11825,11816,9159,9187,9186,9185,12320,12338,9404,9427,12329,12347,12346,12328,12327,12345,12326,12344,12325,12343,12342,12324,12341,12323,12322,12340,9405,9428,9406,9429,9407,9430,8728,8756,11823,11814,11824,11815,12312,12132,12124,12144]","[""SUP"",""SUP"",""SUP"",""SUP"",""SUP"",""SUP"",""SUP"",""SUP"",""SUP"",""SUP"",""SUP"",""SUP"",""SUP"",""SUP"",""SUP"",""SOU"",""SUP"",""SOU"",""SUP"",""SUP"",""SUP"",""SUP"",""SUP"",""SOU"",""SUP"",""SOU"",""SOU"",""SUP"",""SUP"",""SOU"",""SOU"",""SOU"",""SUP"",""SOU"",""SUP"",""SOU"",""SUP"",""SOU"",""SOU"",""SUP"",""SUP"",""SOU"",""SUP"",""SOU"",""SUP"",""SOU"",""SOU"",""SUP"",""SOU"",""SUP"",""SUP"",""SOU"",""SUP"",""SOU"",""SUP"",""SOU"",""SUP"",""SOU"",""SOU"",""SUP"",""SOU"",""SUP"",""SOU"",""SUP"",""SUP"",""SUP"",""SUP"",""SOU""]","[""75_16_0051"",""75_16_0050"",""75_16_0049"",""75_16_0048"",""75_16_0047"",""75_16_0046"",""75_16_0045"",""75_16_0044"",""75_16_0043"",""75_16_0028"",""75_16_0022"",""75_16_0021"",""75_16_0020"",""75_16_0019"",""75_16_0018"",""75_17_12"",""75_17_12"",""75_17_15"",""75_16_0053"",""75_16_0052"",""75_17_15"",""75_16_0054"",""75_16_0055"",""75_17_10"",""75_17_10"",""75_17_11"",""75_87_0005"",""75_87_0005"",""75_16_0017"",""75_16_0004"",""75_16_0003"",""75_16_0002"",""75_17_2"",""75_17_2"",""75_79_6a"",""75_79_6a"",""75_17_9"",""75_17_9"",""75_17_8"",""75_17_8"",""75_17_7"",""75_17_7"",""75_17_63"",""75_17_63"",""75_17_62"",""75_17_62"",""75_17_61"",""75_17_61"",""75_17_5"",""75_17_5"",""75_17_4"",""75_17_4"",""75_79_6b"",""75_79_6b"",""75_79_7"",""75_79_7"",""75_79_8a"",""75_79_8a"",""75_86_0002"",""75_86_0002"",""75_87_0003"",""75_87_0003"",""75_87_0004"",""75_87_0004"",""75_17_11"",""75_24_0041"",""75_24_0033"",""75_24_0054""]","[""OUGC Cogesteau /  Zone d'alerte : Nouère"",""OUGC Cogesteau /  Zone d'alerte : Né"",""OUGC Cogesteau /  Zone d'alerte : Charente-Moyenne"",""OUGC Cogesteau /  Zone d'alerte : Charente-Amont"",""OUGC Cogesteau /  Zone d'alerte : Bief"",""OUGC Cogesteau /  Zone d'alerte : Aume-Couture"",""OUGC Cogesteau /  Zone d'alerte : Auge"",""OUGC Cogesteau /  Zone d'alerte : Argent-Or_Lizonne"",""OUGC Cogesteau /  Zone d'alerte : Argence"",""OUGC Saintonge /  Zone d'alerte : L'Antenne"",""OUGC Karst /  Zone d'alerte : Touvre"",""OUGC Karst /  Zone d'alerte : Tardoire"",""OUGC Karst /  Zone d'alerte : Échelle-Lèche"",""OUGC Karst /  Zone d'alerte : Bonnieure_Aval"",""OUGC Karst /  Zone d'alerte : Bonnieure"",""Bassin des Fleuves côtiers de Gironde"",""Bassin des Fleuves côtiers de Gironde"",""Bassin du Bruant"",""OUGC Cogesteau /  Zone d'alerte : Son-Sonnette"",""OUGC Cogesteau /  Zone d'alerte : Péruse"",""Bassin du Bruant"",""OUGC Cogesteau /  Zone d'alerte : Sud-Angoumois"",""OUGC Saintonge /  Zone d'alerte : Seugne"",""Bassin du Né"",""Bassin du Né"",""Bassin de l'Arnoult"",""Bassin Tardoire"",""Bassin Tardoire"",""OUGC Karst /  Zone d'alerte : Bandiat"",""ESO_COGESTEAU"",""ESO_Karst"",""ESO_Saintonge"",""Bassin de la Géres-Devise"",""Bassin de la Géres-Devise"",""Charente - eaux superficielles"",""Charente - eaux souterraines"",""Bassin de la Seugne"",""Bassin de la Seugne"",""Bassin de Charente-aval"",""Bassin de Charente-aval"",""Bassin de l'Aume-Couture"",""Bassin de l'Aume-Couture"",""Bassin de la Seudre amont"",""Bassin de la Seudre amont"",""Bassin de la Seudre moyenne"",""Bassin de la Seudre moyenne"",""Bassin de la Seudre aval"",""Bassin de la Seudre aval"",""Bassin de l'Antenne-Rouzille"",""Bassin de l'Antenne-Rouzille"",""Bassin de la Boutonne aval et moyenne"",""Bassin de la Boutonne aval et moyenne"",""Charente Péruse - eaux superficielles"",""Charente Péruse - eaux souterraines"",""Aume Couture - eaux superficielles"",""Aume Couture - eaux souterraines"",""Boutonne - eaux superficielles"",""Boutonne - eaux souterraines"",""Bassin de la Charente - secteur Charente Amont"",""Bassin de la Charente - secteur Charente Amont"",""Bassin Bandiat"",""Bassin Bandiat"",""Bassin Charente"",""Bassin Charente"",""Bassin de l'Arnoult"",""Charente amont - Bandiat"",""Charente amont - Tardoire"",""Grand Karst de La Rochefoucauld""]","[1384,83,82,81,1383,1382,1381,1380,59,1318,1317,1211,1210,1027,389,1723,1713,1726,1387,1385,1716,1388,1389,1185,1178,1722,1501,1494,388,1393,1392,1391,1717,1727,1394,1397,1184,1703,1702,1183,1182,1701,1698,1700,1721,1730,1729,1720,1728,1719,1718,1188,1396,1399,522,539,523,540,326,1376,1499,1492,1500,1493,1712,1126,1122,1650]"
30443,ACI BV Dordogne - DDT/SEER/2023-001,2024-07-03,2024-07-30,abroge,24,"[""23"",""46"",""87"",""24"",""47"",""15"",""16"",""33"",""63"",""17"",""19""]",https://regleau.s3.gra.perf.cloud.ovh.net/arrete-cadre/30443/ACI_sous-bassin-Dordogne_20230627_publieRAA_et_Annexes_1-3-4.pdf,"[12138,12137,12136,12135,11650,11649,11648,11647,11646,11645,11644,11643,11642,11641,15149,11820,12314,9158,9157,9156,9154,9153,9152,15703,15159,15171,15155,15172,15701,15694,15698,15675,14991,15023,15002,14992,14989,15016,15013,15010,14987,15018,15025,15014,15011,15000,15773,11817,11818,11819,12140,12141,15677,15676,15959,15960,15705,15688,15700,15689,12134,12133,12131,12130,12129,12128,12127,12126,12125,12123,12122,12121,12120,12119,12118,12116,12115,12114,12113,12111,12110,12109,12108,12107,12106,12105,12103,12102,12101,12100,12099,12098,12095,12094,12093,15150,11639,11638,11637,11636,11635,11634,11633,11632,11631,11630,12315]","[""SUP"",""SUP"",""SUP"",""SUP"",""SOU"",""SOU"",""SOU"",""SOU"",""SOU"",""SOU"",""SOU"",""SOU"",""SOU"",""SOU"",""SOU"",""SUP"",""SUP"",""SUP"",""SUP"",""SUP"",""SUP"",""SUP"",""SUP"",""SUP"",""SUP"",""SUP"",""SUP"",""SUP"",""SUP"",""SUP"",""SUP"",""SUP"",""SUP"",""SUP"",""SUP"",""SUP"",""SUP"",""SUP"",""SUP"",""SUP"",""SUP"",""SUP"",""SUP"",""SUP"",""SUP"",""SUP"",""SUP"",""SUP"",""SUP"",""SUP"",""SUP"",""SUP"",""SUP"",""SUP"",""SOU"",""SUP"",""SUP"",""SUP"",""SUP"",""SUP"",""SUP"",""SUP"",""SUP"",""SUP"",""SUP"",""SUP"",""SUP"",""SUP"",""SUP"",""SUP"",""SUP"",""SUP"",""SUP"",""SUP"",""SUP"",""SUP"",""SUP"",""SUP"",""SUP"",""SUP"",""SUP"",""SUP"",""SUP"",""SUP"",""SUP"",""SUP"",""SUP"",""SUP"",""SUP"",""SUP"",""SUP"",""SUP"",""SUP"",""SUP"",""SUP"",""SUP"",""SUP"",""SUP"",""SUP"",""SUP"",""SUP"",""SUP"",""SUP"",""SUP"",""SUP"",""SUP"",""SUP""]","[""75_24_0048"",""75_24_0047"",""75_24_0046"",""75_24_0045"",""75_19_000010"",""75_19_000009"",""75_19_000008"",""75_19_000007"",""75_19_000006"",""75_19_000005"",""75_19_000004"",""75_19_000003"",""75_19_000002"",""75_19_000001"","""",""75_87_0009"",""75_17_13"",""75_16_0016"",""75_16_0015"",""75_16_0014"",""75_16_0012"",""75_16_0011"",""75_16_0009"",""75_33_33"",""84_15_0011"",""84_15_0009"",""84_15_0008"",""84_15_0006"",""75_33_34"",""75_33_36"",""75_33_37"",""75_33_6"",""76_46_05"",""76_46_17"","""",""76_46_03"","""",""76_46_45"","""",""76_46_19"",""76_46_01"",""76_46_04"",""76_46_16"","""","""","""",""72_47_33"",""75_87_0006"",""75_87_0007"",""75_87_0008"",""75_24_0050"",""75_24_0051"",""75_33_15"",""75_33_16"","""","""",""75_33_25"",""75_33_27"",""75_33_29"",""75_33_31"",""75_24_0044"",""75_24_0042"",""75_24_0040"",""75_24_0039"",""75_24_0038"",""75_24_0037"",""75_24_0036"",""75_24_0035"",""75_24_0034"",""75_24_0032"",""75_24_0031"",""75_24_0030"",""75_24_0029"",""75_24_0028"",""75_24_0027"",""75_24_0025"",""75_24_0024"",""75_24_0023"",""75_24_0022"",""75_24_0020"",""75_24_0019"",""75_24_0018"",""75_24_0017"",""75_24_0016"",""75_24_0015"",""75_24_0014"",""75_24_0012"",""75_24_0011"",""75_24_0010"",""75_24_0009"",""75_24_0008"",""75_24_0007"",""75_24_0004"",""75_24_0003"",""75_24_0002"","""",""75_19_000010"",""75_19_000009"",""75_19_000008"",""75_19_000007"",""75_19_000006"",""75_19_000005"",""75_19_000004"",""75_19_000003"",""75_19_000002"",""75_19_000001"",""75_17_14""]","[""Dordogne amont - Tournefeuille"",""Dordogne amont - Germaine"",""Dordogne aval"",""Dordogne amont - Céou amont"",""rivière Dordogne (19)"",""zone Vézère karstique (19)"",""zone Vézère cristalline aval (19)"",""zone Vézère cristalline amont (19)"",""zone Dordogne karstique (19)"",""zone Dordogne des grands barrages aval rive gauche (19)"",""zone Dordogne des grands barrages amont (19)"",""zone Corrèze aval"",""zone Corrèze amont"",""zone Auvézère (19)"",""Dordogne"",""Bassin Vézère"",""Bassin d'Isle bassin aval (Lary-Palais)"",""OUGC Isle-Dronne /  Zone d'alerte : Le Voultron"",""OUGC Isle-Dronne /  Zone d'alerte : Lary, Pousonne, Palais"",""OUGC Isle-Dronne /  Zone d'alerte : La Tude"",""OUGC Isle-Dronne /  Zone d'alerte : La Lizonne"",""OUGC Isle-Dronne /  Zone d'alerte : La Dronne"",""OUGC Isle-Dronne /  Zone d'alerte : L'Auzonne"",""ZA Isle aval confluence"",""Sumene"",""Rhue"",""Maronne"",""Cere"",""ZA Dordogne aval"",""ZA Fongaband - Langrane"",""ZA Engranne - Canaudonne"",""ZA Saye – Meudon – Lary"",""La Sourdoire"",""Le Tolerme"",""La riviere Dordogne"",""La Borrèze"",""Les affluents de la Dordogne - Rive Gauche"",""La Germaine - La Marcillande - Le Lizabel"",""Le Cère"",""Le Tournefeuille"",""La Tourmente"",""Le Mamoul"",""La Bave"",""Les affluents de la Dordogne - Rive Droite"",""L'Alzou - Le ruisseau d'Aynac - L'Ouysse"",""Le Céou - Le Bléou - L'Ourajoux"",""214_ZA47_bassin versant du Seignal"",""Bassin Dronne amont"",""Bassin Isle amont"",""Bassin Auvézère"",""Dronne - Dronne Moyenne"",""Vézère"",""ZA Dronne aval"",""ZA Isle aval"",""J - Volcanique Dordogne amont"",""13 - Dordogne amont"",""ZA Barbanne - Lavié - Palais"",""ZA Gravouse – Durèze - Soulège"",""ZA Gamage - Escouach"",""ZA Lidoire"",""Dordogne amont - Céou aval"",""Dordogne amont - Énéa"",""Dronne - Dronne aval"",""Isle aval - Beauronne de Chancelade"",""Isle aval - Manoire"",""Dordogne aval - Gardonnette"",""Isle aval - Beauronne des Lèches"",""Vézère - Chironde - Coly"",""Dordogne aval - Caudeau"",""Isle aval - Beauronne de St-Vincent"",""Dordogne aval - Louyre"",""Dordogne aval - Conne"",""Dronne - Euche"",""Isle aval - Crempse"",""Vézère - Cern"",""Dordogne amont"",""Dordogne aval - Gravouse Seignal"",""Dronne - Boulou"",""Isle aval - Vern"",""Isle amont - Auvézère aval"",""Isle amont - Auvézère amont"",""Isle amont - Blâme"",""Dordogne amont - Nauze"",""Isle amont - Loue"",""Lizonne - Sauvanie"",""Dordogne aval - Eyraud"",""Dordogne aval - Couze-Couzeau"",""Dordogne amont - Borrèze"",""Dordogne aval - Estrop"",""Lizonne - Pude"",""Isle amont"",""Lizonne"",""Isle - Isle moyenne"",""Dordogne aval - Lidoire"",""Lizonne - Belle"",""Dordogne"",""rivière Dordogne (19)"",""zone Vézère karstique (19)"",""zone Vézère cristalline aval (19)"",""zone Vézère cristalline amont (19)"",""zone Dordogne karstique (19)"",""zone Dordogne des grands barrages aval rive gauche (19)"",""zone Dordogne des grands barrages amont (19)"",""zone Corrèze aval"",""zone Corrèze amont"",""zone Auvézère (19)"",""Bassin de la Dronne aval""]","[1646,1129,1128,1127,1443,1442,1441,1440,1439,1438,1437,1578,926,925,2413,982,1714,883,1379,1378,881,370,880,2967,2423,2435,2419,2436,2965,2958,2962,2939,2260,2276,2222,2262,2258,2256,2254,2251,2250,2272,2278,2267,2252,2220,3034,1496,1497,1498,1131,1647,2941,2940,3223,3224,2969,2952,2964,2953,1645,1644,1125,1641,1639,1633,1631,1637,1636,1634,1632,1625,1630,1628,1627,1118,1117,1624,1623,1601,1112,1622,1621,1111,1620,1619,1618,1109,1617,1616,1107,1106,1612,1611,1610,2414,924,923,922,921,920,919,918,1577,907,906,1715]"
30478,ACI_8juillet2024,2024-07-08,2026-07-26,abroge,09,"[""11"",""31"",""09""]",https://regleau.s3.gra.perf.cloud.ovh.net/arrete-cadre/30478/20240613_Corps_ACI_2024_mentionsigne.pdf,"[16295,16336,16345,16351,16349,16338,16332,16344,16346,16350,16347,16348,16298,16340,16335,16342,16337,15555,15557,15564,15556,16334,16341,16343,16333,16339,16296,16730,16725]","[""SOU"",""SUP"",""SUP"",""SUP"",""SUP"",""SOU"",""SUP"",""SUP"",""SUP"",""SOU"",""SUP"",""SUP"",""SUP"",""SUP"",""SUP"",""SUP"",""SUP"",""SUP"",""SUP"",""SUP"",""SUP"",""SUP"",""SUP"",""SUP"",""SUP"",""SOU"",""SUP"",""SOU"",""SOU""]","[""76_11_0019"",""76_09_5.2"",""76_09_5.4"",""76_09_5.5"",""76_09_5.1"",""76_09_5.1"",""76_09_4.4"",""76_09_4.3"",""76_09_4.2"",""76_09_4.1"",""76_09_4.1"",""76_09_3.2"",""76_11_0018"",""76_09_3.1"",""76_09_2.2"",""76_09_2.1"",""76_09_1"",""76_31_14"",""76_31_12"",""76_31_11"",""76_31_10"",""76_09_5.3"",""76_09_6"",""76_09_7"",""76_09_8"",""76_09_9"",""76_11_0003"","""",""""]","[""Nappe déconnectée de l''Hers-Vif"",""Zone d''alerte n°5.2_L''Hers-vif non réalimenté et autres affluents"",""Zone d''alerte n°5.4_Le Douctouyre"",""Zone d''alerte n°5.5_Le Touyre"",""Zone d''alerte n°5.1_L''Hers-vif réalimenté"",""zone d''alerte n°5.1_Nappe d''accompagnement (connectée) de l''Hers-Vif réalimenté\n"",""Zone d''alerte n°4.4_Le Sios"",""Zone d''alerte n°4.3_Les affluents de l''Ariège aval"",""Zone d''alerte n°4.2_L''Ariège amont et ses affluents"",""zone d''alerte n°4.1_Nappe d''accompagnement (connectée) de l''Ariège en aval de Foix"",""Zone d''alerte n°4.1_L''Ariège réalimentée en aval de Foix"",""Zone d''alerte n°3.2_Les affluents de la Lèze"",""14. Hers-Vif réalimenté"",""Zone d''alerte n°3.1_La Lèze réalimentée"",""Zone d''alerte n°2.2_Arize réalimenté aval"",""Zone d''alerte n°2.1_Arize réalimenté amont"",""Zone d''alerte n°1_Arize (non réalimenté)"",""Bassin de l'Arize"",""Ariège"",""Hers-Vif"",""Lèze"",""Zone d''alerte n°5.3_Le Contirou"",""Zone d''alerte n°6_Le Salat"",""Zone d''alerte n°7_Le Volp"",""Zone d''alerte n°8_L''aude (Donezan)"",""Zone d''alerte n°9_Nappe_alluviale_déconnectée"",""15. Hers-Vif non réalimenté et autres affluents"",""14. Hers-Vif réalimenté"",""15. Hers-Vif non réalimenté et autres affluents""]","[3578,3620,3625,3632,3629,3621,3624,3619,3626,3630,3627,3628,3577,3615,3622,3617,3623,2819,2821,2828,2820,3633,3616,3618,3631,3614,3575,3962,3958]"
30458,ACI_2024_266_bassin_de_la_Vienne,2024-07-08,null,publie,86,"[""86"",""16""]",https://regleau.s3.gra.perf.cloud.ovh.net/arrete-cadre/30458/ACI_2024_DDT_266_Vienne.pdf,"[8747,8775,8774,8746,8773,8745,8772,8744,8743,8771,8742,8770,8769,8741,9168,9167,9166]","[""SOU"",""SUP"",""SUP"",""SOU"",""SUP"",""SOU"",""SUP"",""SOU"",""SOU"",""SUP"",""SOU"",""SUP"",""SUP"",""SOU"",""SUP"",""SUP"",""SUP""]","[""75_86_0024"",""75_86_0024"",""75_86_0023"",""75_86_0023"",""75_86_0022"",""75_86_0022"",""75_86_0021"",""75_86_0021"",""75_86_0020"",""75_86_0020"",""75_86_0019"",""75_86_0019"",""75_86_0018"",""75_86_0018"",""75_16_0035"",""75_16_0033"",""75_16_0032""]","[""Bassin de la Vienne - sous-bassin des Blourdes"",""Bassin de la Vienne - sous-bassin des Blourdes"",""Bassin de la Vienne - sous-bassin Issoire - Blourde"",""Bassin de la Vienne - sous-bassin Issoire - Blourde"",""Bassin de la Vienne - sous-bassin Blourde-Talbat"",""Bassin de la Vienne - sous-bassin Blourde-Talbat"",""Bassin de la Vienne - sous-bassin Talbat - Clain"",""Bassin de la Vienne - sous-bassin Talbat - Clain"",""Bassin de la Vienne - sous-bassin de l'Ozon"",""Bassin de la Vienne - sous-bassin de l'Ozon"",""Bassin de la Vienne - sous-bassin Clain - Creuse"",""Bassin de la Vienne - sous-bassin Clain - Creuse"",""Bassin de la Vienne - sous-bassin de l'Envigne"",""Bassin de la Vienne - sous-bassin de l'Envigne"",""BV Vienne /  Zone d'alerte : Issoire-Blourde"",""BV Vienne /  Zone d'alerte : Goire"",""BV Vienne /  Zone d'alerte : Vienne-Amont""]","[205,575,574,204,573,349,572,348,347,571,346,570,569,345,392,391,390]"
30462,05-2024-07-08-00004,2024-07-08,null,publie,,05,https://regleau.s3.gra.perf.cloud.ovh.net/arrete-cadre/30462/20240708SEC_ACD05_AP_signe.pdf,"[15071,15069,15073,15067,15065,15063,15066,15060,15072,15074,15070,15061,15075,15062]","[""SOU"",""SUP"",""SUP"",""SOU"",""SUP"",""SOU"",""SUP"",""SOU"",""SOU"",""SUP"",""SOU"",""SUP"",""SOU"",""SUP""]","[""93_05_0001"",""93_05_0001"",""93_05_0002"",""93_05_0002"",""93_05_0003"",""93_05_0003"",""93_05_0005"",""93_05_0005"",""93_05_0006"",""93_05_0006"",""93_05_0007"",""93_05_0007"",""93_05_0008"",""93_05_0008""]","[""Bassin du Drac-Gapencais"",""Bassin du Drac-Gapencais"",""Bassin du Buech partie 05"",""Bassin du Buech partie 05"",""Bassin Meouge partie 05"",""Bassin Meouge partie 05"",""Bassin Moyenne Durance amont partie 05"",""Bassin Moyenne Durance amont partie 05"",""Bassin de la Haute-Durance"",""Bassin de la Haute-Durance"",""Bassin Souloise-Severaisse"",""Bassin Souloise-Severaisse"",""Bassin Haute-Romanche"",""Bassin Haute-Romanche""]","[2319,2317,2321,2315,2328,2326,2314,2324,2320,2322,2318,2325,2323,2313]"
30467,ACI_2024_268_Bassin du Clain,2024-07-09,null,publie,86,"[""79"",""16"",""86""]",https://regleau.s3.gra.perf.cloud.ovh.net/arrete-cadre/30467/ACI_2024_DDT_268_Clain.pdf,"[9425,9402,9426,9403,8760,8732,8761,8733,8734,8762,8763,8735,8764,8736,8765,8737,8781,8753,8754,8782,9169,9170,9423,9400,9424,9401]","[""SOU"",""SUP"",""SOU"",""SUP"",""SUP"",""SOU"",""SUP"",""SOU"",""SOU"",""SUP"",""SUP"",""SOU"",""SUP"",""SOU"",""SUP"",""SOU"",""SUP"",""SOU"",""SOU"",""SUP"",""SUP"",""SUP"",""SOU"",""SUP"",""SOU"",""SUP""]","[""75_79_5a3"",""75_79_5a3"",""75_79_5b"",""75_79_5b"",""75_86_0009"",""75_86_0009"",""75_86_0010"",""75_86_0010"",""75_86_0011"",""75_86_0011"",""75_86_0012"",""75_86_0012"",""75_86_0013"",""75_86_0013"",""75_86_0014"",""75_86_0014"",""75_86_0030"",""75_86_0030"",""75_86_0031"",""75_86_0031"",""75_16_0041"",""75_16_0042"",""75_79_5a1"",""75_79_5a1"",""75_79_5a2"",""75_79_5a2""]","[""Vonne - eaux souterraines"",""Vonne - eaux superficielles"",""Dive du Sud - eaux souterraines"",""Dive du Sud - eaux superficielles"",""Bassin du Clain - sous bassin de l'Auxance"",""Bassin du Clain - sous bassin de l'Auxance"",""Bassin du Clain - sous bassin de la Clouère"",""Bassin du Clain - sous bassin de la Clouère"",""Bassin du Clain - sous bassin de la Pallu"",""Bassin du Clain - sous bassin de la Pallu"",""Bassin du Clain - sous bassin de la Vonne"",""Bassin du Clain - sous bassin de la Vonne"",""Bassin du Clain - sous bassin de la Boivre"",""Bassin du Clain - sous bassin de la Boivre"",""Bassin du Clain - sous bassin de la Dive du Sud et de la Bouleure"",""Bassin du Clain - sous bassin de la Dive du Sud et de la Bouleure"",""Bassin du Clain - sous bassin du Clain Aval"",""Bassin du Clain - sous bassin du Clain Aval"",""Bassin du Clain - sous bassin du Clain Amont"",""Bassin du Clain - sous bassin du Clain Amont"",""OUGC Clain /  Zone d'alerte : Clain-Amont"",""OUGC Clain /  Zone d'alerte : Clouère"",""Auxance  - eaux souterraines"",""Auxance - eaux superficielles"",""Boivre  - eaux souterraines"",""Boivre - eaux superficielles""]","[525,479,526,480,351,320,1240,321,322,457,458,323,459,324,460,325,1243,1234,1235,1244,393,1252,1265,467,396,196]"
30468,AC_2024_269_Veude_Négron-Creuse-Gartempe-Anglin,2024-07-09,null,publie,,86,https://regleau.s3.gra.perf.cloud.ovh.net/arrete-cadre/30468/AC_2024_DDT_SEB_269_HorsOUGC.pdf,"[8727,8755,8757,8729,8758,8730,8759,8731]","[""SOU"",""SUP"",""SUP"",""SOU"",""SUP"",""SOU"",""SUP"",""SOU""]","[""75_86_0001"",""75_86_0001"",""75_86_0003"",""75_86_0003"",""75_86_0006"",""75_86_0006"",""75_86_0008"",""75_86_0008""]","[""Bassin de la Gartempe - sous bassin de l'Anglin"",""Bassin de la Gartempe - sous bassin de l'Anglin"",""Bassin de la Creuse"",""Bassin de la Creuse"",""Bassin de la Gartempe"",""Bassin de la Gartempe"",""Bassin de la Vienne Tourangelle - sous bassin de la Veude et du Négron"",""Bassin de la Vienne Tourangelle - sous bassin de la Veude et du Négron""]","[316,1236,1237,317,1238,318,1239,319]"
30461,ACI 64-2024-07-09-00005 Gaves et Cotiers basques,2024-07-09,null,publie,64,"[""65"",""40"",""64""]",https://regleau.s3.gra.perf.cloud.ovh.net/arrete-cadre/30461/ACI_64-2024-07-09-00005_Gaves+et+C%C3%83%C2%B4tiers+basques%2BAnnexes.pdf,"[14778,14781,14784,14779,14774,14740,14764,14776,14785,14750,14743,14766,14769,14729,14741,15905,15932,15931,15937,16144,16038,16026,15967,16052,16117,16110,16084,16095,16022,14768,14737,14736,14771,14765,14760,14744,14732,14761,14738,14753,14763,14728,14747,14758,14735,14730,14733,14770,14767,14783,14772,14782,14775,14773]","[""SOU"",""SOU"",""SUP"",""SOU"",""SUP"",""SUP"",""SOU"",""SUP"",""SOU"",""SUP"",""SOU"",""SOU"",""SUP"",""SOU"",""SUP"",""SOU"",""SOU"",""SUP"",""SUP"",""SOU"",""SUP"",""SOU"",""SUP"",""SOU"",""SUP"",""SUP"",""SOU"",""SUP"",""SOU"",""SOU"",""SUP"",""SOU"",""SUP"",""SUP"",""SOU"",""SOU"",""SUP"",""SOU"",""SUP"",""SUP"",""SOU"",""SOU"",""SUP"",""SOU"",""SUP"",""SUP"",""SOU"",""SOU"",""SUP"",""SUP"",""SOU"",""SOU"",""SUP"",""SUP""]","[""75_64_0019"",""75_64_0020"",""75_64_0020"",""75_64_0021"",""75_64_0021"",""75_64_0022"",""75_64_0022"",""75_64_0023"",""75_64_0023"",""75_64_0024"",""75_64_0024"",""75_64_0026"",""75_64_0026"",""75_64_0028"",""75_64_0028"",""25"",""27"",""6"",""8"",""75_040_0011"",""75_040_0011"",""75_040_0037"",""75_040_0037"",""75_040_0054"",""75_040_0054"",""75_040_0066"",""75_040_0066"",""75_040_0067"",""75_040_0067"","""","""","""","""",""75_64_0001"",""75_64_0001"",""75_64_0002"",""75_64_0002"",""75_64_0003"",""75_64_0003"",""75_64_0004"",""75_64_0004"",""75_64_0005"",""75_64_0005"",""75_64_0006"",""75_64_0006"",""75_64_0007"",""75_64_0007"",""75_64_0012"",""75_64_0012"",""75_64_0017"",""75_64_0017"",""75_64_0018"",""75_64_0018"",""75_64_0019""]","[""Bassin de l''Ousse des Bois"",""Bassin du Lausset"",""Bassin du Lausset"",""Bassin du Saleys"",""Bassin du Saleys"",""Bassin de l''Ousse"",""Bassin de l''Ousse"",""Bassin de la Bayse"",""Bassin de la Bayse"",""Bassin du Gave d''Oloron"",""Bassin du Gave d''Oloron"",""Bassin du Soust"",""Bassin du Soust"",""Bassin du Gave de Pau"",""Bassin du Gave de Pau"",""BV du Gave de Pau"",""BV de l'Ousse"",""BV du Gave de Pau"",""BV de l'Ousse"",""Bassin Adour-maritime AG7-40"",""Bassin Adour-maritime AG7-40"",""Bassin du Gave d''Oloron-40"",""Bassin du Gave d''Oloron-40"",""Bassin du Gave de Pau-40"",""Bassin du Gave de Pau-40"",""Bassin de la Bidouze aval-40"",""Bassin de la Bidouze aval-40"",""Bassin des Gaves reunis-40"",""Bassin des Gaves reunis-40"",""Bassin de l''Ardanavy et de l''Aran"",""Bassin de l''Adour maritime"",""Bassin de l''Adour maritime"",""Bassin de l''Ardanavy et de l''Aran"",""Bassin de la Bidassoa"",""Bassin de la Bidassoa"",""Bassin des Gaves réunis"",""Bassin des Gaves réunis"",""Bassin de la Nivelle et Côtiers basques"",""Bassin de la Nivelle et Côtiers basques"",""Bassin de la Nive"",""Bassin de la Nive"",""Bassin du Saison"",""Bassin du Saison"",""Bassin de la Bidouze amont"",""Bassin de la Bidouze amont"",""Bassin de la Bidouze aval"",""Bassin de la Bidouze aval"",""Bassin de la Joyeuse"",""Bassin de la Joyeuse"",""Bassin de l''Escou"",""Bassin de l''Escou"",""Bassin de la Mielle"",""Bassin de la Mielle"",""Bassin de l''Ousse des Bois""]","[1998,2001,2004,1999,1994,1978,1962,1996,2005,1948,1981,1986,1989,1969,1979,3165,3197,3193,3201,3408,3297,3285,3282,3314,3380,3373,3348,3358,3275,1988,1975,1974,1991,1963,1958,1982,1971,1959,1976,1952,1961,1966,1985,1956,1973,1970,1968,1990,1987,2003,1992,2002,1995,1993]"
30466,ACI_2024_267_Bassin Dive du Nord,2024-07-09,null,publie,86,"[""49"",""79"",""86""]",https://regleau.s3.gra.perf.cloud.ovh.net/arrete-cadre/30466/ACI_2024_DDT_267_Dive_du_Nord.pdf,"[9680,9709,9422,9399,8739,8767,8768,8740,8776,8748,8749,8777,8750,8778,8751,8779,8752,8780]","[""SUP"",""SOU"",""SOU"",""SUP"",""SOU"",""SUP"",""SUP"",""SOU"",""SUP"",""SOU"",""SOU"",""SUP"",""SOU"",""SUP"",""SOU"",""SUP"",""SOU"",""SUP""]","[""52_49_10"",""52_49_16"",""75_79_4"",""75_79_4"",""75_86_0016"",""75_86_0016"",""75_86_0017"",""75_86_0017"",""75_86_0025"",""75_86_0025"",""75_86_0026"",""75_86_0026"",""75_86_0027"",""75_86_0027"",""75_86_0028"",""75_86_0028"",""75_86_0029"",""75_86_0029""]","[""DIVE DU NORD"",""Dive du Nord"",""Dive du Nord - eaux souterraines"",""Dive du Nord - eaux superficielles"",""Bassin de la Dive du Nord - secteur de La Grimaudière"",""Bassin de la Dive du Nord - secteur de La Grimaudière"",""Bassin de la Dive du Nord - secteur du Prepson"",""Bassin de la Dive du Nord - secteur du Prepson"",""Bassin de la Dive du Nord - secteur de la Petite Maine"",""Bassin de la Dive du Nord - secteur de la Petite Maine"",""Bassin de la Dive du Nord - secteur de  la Dive canalisée"",""Bassin de la Dive du Nord - secteur de  la Dive canalisée"",""Bassin de la Dive du Nord - secteur des sources de la Dive"",""Bassin de la Dive du Nord - secteur des sources de la Dive"",""Bassin de la Dive du Nord - secteur de la Briande"",""Bassin de la Dive du Nord - secteur de la Briande"",""Bassin de la Dive du Nord - secteur du Marais de la Dive"",""Bassin de la Dive du Nord - secteur du Marais de la Dive""]","[1289,410,1264,466,343,567,568,344,576,206,207,577,455,1241,350,352,1233,1242]"
30472,AP_Cadre_DDTM_SAFEB_2024_010_crise2,2024-07-10,2026-06-07,abroge,,11,https://regleau.s3.gra.perf.cloud.ovh.net/arrete-cadre/30472/AP%20CADRE%20DDTM-SAFEB-2024-010%20plan%20action%20s%C3%83%C2%A9cheresse%20SIGNE.pdf,"[16304,16301,16308,16309,16305,16303,16311,16299,16302,16310,16306,16294,16293]","[""SUP"",""SUP"",""SUP"",""SUP"",""SUP"",""SUP"",""SUP"",""SUP"",""SUP"",""SUP"",""SUP"",""SOU"",""SOU""]","[""76_11_0013"",""76_11_0012"",""76_11_0011"",""76_11_0010"",""76_11_0009"",""76_11_0007"",""76_11_0006"",""76_11_0005"",""76_11_0002"",""76_11_0001"",""76_11_0022"",""76_11_0021"",""76_11_0020""]","[""Bassin versant du Fresquel"",""2. Axe réalimenté Aude médiane et aval et canal du Midi, y compris ses annexes (canal de Jonction, canal de la Robine)"",""1. Axe réalimenté Aude amont"",""Secteur Cesse et affluents rive gauche de l?Aude sur ce secteur"",""Secteur Orbiel et affluents rive gauche de l?Aude sur ce secteur"",""Secteur Orbieu et affluents rive droite de l?Aude sur ce secteur"",""Secteur Argent-Double et affluents rive gauche de l?Aude sur ce secteur"",""4. Secteur Aude aval (hors axe réalimenté)"",""13. Bassin versant de l''Agly"",""3. Secteur Aude amont (hors axe réalimenté)"",""5. Secteur Berre et Rieu"",""12. Nappes plioquaternaires du Roussillon"",""11. Nappe astienne""]","[3584,3581,3587,3590,3585,3583,3591,3579,3582,3589,3586,3593,3592]"
30471,AP_Cadre_DDTM_SAFEB_2024_010_crise1,2024-07-10,2026-06-07,abroge,,11,https://regleau.s3.gra.perf.cloud.ovh.net/arrete-cadre/30471/AP%20CADRE%20DDTM-SAFEB-2024-010%20plan%20action%20s%C3%83%C2%A9cheresse%20SIGNE.pdf,"[16294,16293,16304,16301,16308,16306,16309,16305,16303,16311,16299,16302,16310]","[""SOU"",""SOU"",""SUP"",""SUP"",""SUP"",""SUP"",""SUP"",""SUP"",""SUP"",""SUP"",""SUP"",""SUP"",""SUP""]","[""76_11_0021"",""76_11_0020"",""76_11_0013"",""76_11_0012"",""76_11_0011"",""76_11_0022"",""76_11_0010"",""76_11_0009"",""76_11_0007"",""76_11_0006"",""76_11_0005"",""76_11_0002"",""76_11_0001""]","[""12. Nappes plioquaternaires du Roussillon"",""11. Nappe astienne"",""Bassin versant du Fresquel"",""2. Axe réalimenté Aude médiane et aval et canal du Midi, y compris ses annexes (canal de Jonction, canal de la Robine)"",""1. Axe réalimenté Aude amont"",""5. Secteur Berre et Rieu"",""Secteur Cesse et affluents rive gauche de l?Aude sur ce secteur"",""Secteur Orbiel et affluents rive gauche de l?Aude sur ce secteur"",""Secteur Orbieu et affluents rive droite de l?Aude sur ce secteur"",""Secteur Argent-Double et affluents rive gauche de l?Aude sur ce secteur"",""4. Secteur Aude aval (hors axe réalimenté)"",""13. Bassin versant de l''Agly"",""3. Secteur Aude amont (hors axe réalimenté)""]","[3593,3592,3584,3581,3587,3586,3590,3585,3583,3591,3579,3582,3589]"
30460,1179,2024-07-16,null,publie,21,"[""21"",""71"",""70"",""69"",""01"",""88""]",https://regleau.s3.gra.perf.cloud.ovh.net/arrete-cadre/30460/20240715_ACI-1179_axe_Saone_avec-annexes.pdf,"[11107,11099,11531,11526,9974,7341,16573,16542,16674,8788,9368,9354]","[""SOU"",""SUP"",""SOU"",""SUP"",""SUP"",""SUP"",""SOU"",""SOU"",""SOU"",""SUP"",""SOU"",""SUP""]","[""84_69_0002"",""84_69_0002"",""27_70_0004"",""27_70_0004"",""8"",""44_88_04"","""","""","""",""84_01_1"",""84_01_1"",""27_21_01""]","[""ZONE 2 - axe Saône - ESO"",""ZONE 2 - axe Saône"",""sout_Saône Amont 70"",""sup_Saône Amont 70"",""SAÔNE AVAL"",""Saône amont"",""Saône moyenne (SOU)"",""SAONE AVAL"",""Saône amont"",""Saône Aval"",""Saône Aval"",""Saône moyenne""]","[558,550,101,96,1847,282,3810,3780,3897,1777,67,701]"
30457,1180,2024-07-16,null,publie,,21,https://regleau.s3.gra.perf.cloud.ovh.net/arrete-cadre/30457/AP_CADRE_SECH_COTE_DOR_avec_ANNEXES.pdf,"[16571,16578,16567,16568,16580,16574,16572,16577,16570,16575,16569,16576,16579,9355,9356,9357,9358,9359,9360,9361,9362,9363,9364,9365,9366,9367]","[""SOU"",""SOU"",""SOU"",""SOU"",""SOU"",""SOU"",""SOU"",""SOU"",""SOU"",""SOU"",""SOU"",""SOU"",""SOU"",""SUP"",""SUP"",""SUP"",""SUP"",""SUP"",""SUP"",""SUP"",""SUP"",""SUP"",""SUP"",""SUP"",""SUP"",""SUP""]","["""","""","""","""","""","""","""","""","""","""","""","""","""",""27_21_02"",""27_21_03"",""27_21_04"",""27_21_05"",""27_21_06"",""27_21_07"",""27_21_08"",""27_21_09"",""27_21_10"",""27_21_11"",""27_21_12"",""27_21_13"",""27_21_14""]","[""Bouzaise (SOU)"",""Vouge, Biètre, Cent-Fonts (SOU)"",""Tille aval (SOU)"",""Dheune (SOU)"",""Armançon amont (SOU)"",""Châtillonnais (SOU)"",""Arroux (SOU)"",""Vingeanne (SOU)"",""Ouche aval (SOU)"",""Tille amont (SOU)"",""Ouche amont (SOU)"",""Bèze (SOU)"",""Serein amont (SOU)"",""Tille amont"",""Vingeanne"",""Bèze"",""Tille aval"",""Vouge, Biètre, Cent-Fonts"",""Bouzaise"",""Dheune"",""Ouche amont"",""Ouche aval"",""Serein amont"",""Armançon amont"",""Châtillonnais"",""Arroux""]","[3808,3815,3804,3805,3817,3811,3809,3814,3807,3812,3806,3813,3816,56,57,60,61,62,63,64,65,66,451,452,453,456]"
30470,2024-10198,2024-07-18,null,publie,,55,https://regleau.s3.gra.perf.cloud.ovh.net/arrete-cadre/30470/AP_cadre_2024-10198_secheresse.pdf,"[7323,7324,16598,16599,16597,16600,16601,7320,7321,7322]","[""SUP"",""SUP"",""SOU"",""SOU"",""SOU"",""SOU"",""SOU"",""SUP"",""SUP"",""SUP""]","[""44_55_04"",""44_55_05"","""","""","""","""","""",""44_55_01"",""44_55_02"",""44_55_03""]","[""Moselle aval, Orne, Nied et Seille partie du département 55"",""Meuse aval et Chiers partie du département 55"",""Bassin de l''Aisne partie du département 55"",""Meuse amont et médiane partie du département 55"",""Moselle aval, Orne, Nied et Seille partie du département 55"",""Meuse aval et Chiers partie du département 55"",""Bassin Saulx-Ornain partie du département 55"",""Meuse amont et médiane partie du département 55"",""Bassin Saulx-Ornain partie du département 55"",""Bassin de l'Aisne partie du département 55""]","[44,45,3834,3833,3832,3830,3831,42,212,215]"
30473,arrêté prefectoral du 11 juillet 2024,2024-07-21,null,publie,,84,https://regleau.s3.gra.perf.cloud.ovh.net/arrete-cadre/30473/ACD_84_11-juillet-2024.pdf,"[10065,10057,8957,8958,8965,10058,10061,8960,10060,10059,8959,10064,8964,10063,8963,8962,10062,8961]","[""SOU"",""SOU"",""SUP"",""SUP"",""SUP"",""SOU"",""SOU"",""SUP"",""SOU"",""SOU"",""SUP"",""SOU"",""SUP"",""SOU"",""SUP"",""SUP"",""SOU"",""SUP""]","[""93_84_0010"",""93_84_0002"",""93_84_0002"",""93_84_0003"",""93_84_0010"",""93_84_0003"",""93_84_0006"",""93_84_0005"",""93_84_0005"",""93_84_0004"",""93_84_0004"",""93_84_0009"",""93_84_0009"",""93_84_0008"",""93_84_0008"",""93_84_0007"",""93_84_0007"",""93_84_0006""]","[""Bassin versant des Sorgues"",""Bassin du Calavon Median"",""Bassin du Calavon Median"",""Bassin de la Meyne"",""Bassin versant des Sorgues"",""Bassin de la Meyne"",""Bassin du Rhône"",""Durance nappe d’accompagnement"",""Durance nappe d’accompagnement"",""Bassin du Calavon Amont"",""Bassin du Calavon Amont"",""Bassin du sud-ouest du Mont Ventoux"",""Bassin du sud-ouest du Mont Ventoux"",""Bassin de la Nesque"",""Bassin de la Nesque"",""Bassin du Sud Luberon"",""Bassin du Sud Luberon"",""Bassin du Rhône""]","[74,1849,385,386,53,1850,1853,1778,1852,1851,394,73,52,72,680,679,71,678]"
30564,AP_DDT_SENR_2024_B103,2024-07-24,null,publie,,69,https://regleau.s3.gra.perf.cloud.ovh.net/arrete-cadre/30564/20240724_AC_69_DDT_SENR_2024_B103_compressed.pdf,"[11103,11100,11101,11108,11102,11098]","[""SUP"",""SUP"",""SUP"",""SOU"",""SUP"",""SUP""]","[""84_69_0006"",""84_69_0003"",""84_69_0004"",""84_69_0005"",""84_69_0005"",""84_69_0001""]","[""ZONE 6"",""ZONE 3"",""ZONE 4"",""ZONE 5 - ESO"",""ZONE 5"",""ZONE 1""]","[554,551,552,559,553,549]"
30481,2350-23-0018 modifié,2024-08-01,null,publie,,61,https://regleau.s3.gra.perf.cloud.ovh.net/arrete-cadre/30481/20240801_ACS%2Bmodifie.pdf,"[9850,9851,9852,9853,9854,9855,9845,9846,9847,9848,9849]","[""SUP"",""SUP"",""SUP"",""SUP"",""SUP"",""SUP"",""SUP"",""SUP"",""SUP"",""SUP"",""SUP""]","[""28_61_0006"",""28_61_0007"",""28_61_0008"",""28_61_0009"",""28_61_0010"",""28_61_0011"",""28_61_0001"",""28_61_0002"",""28_61_0003"",""28_61_0004"",""28_61_0005""]","[""ORNE AMONT"",""ORNE MOYENNE"",""RISLE - CHARENTONNE - GUIEL"",""SARTHE"",""TOUQUES"",""AVRE"",""DIVES - VIE"",""EGRENNE - VARENNE"",""HUISNE"",""ITON"",""MAYENNE AMONT""]","[614,615,616,432,617,618,612,608,609,613,610]"
30483,71-2024-08-02-00001,2024-08-02,null,publie,,71,https://regleau.s3.gra.perf.cloud.ovh.net/arrete-cadre/30483/AP%20cadre%202024%20signe%20et%20numerote%20avec%20annexes%20-%20vRAA-3.pdf,"[9970,9972,9973,16538,16544,16539,16543,16537,9969,9968,9967,16541,16540,9971]","[""SUP"",""SUP"",""SUP"",""SOU"",""SOU"",""SOU"",""SOU"",""SOU"",""SUP"",""SUP"",""SUP"",""SOU"",""SOU"",""SUP""]","[""4"",""6"",""7"","""","""","""","""","""",""3"",""2"",""1"","""","""",""5""]","[""SEILLE ET GUYOTTE"",""BOURBINCE"",""GROSNE"",""VALLEE DE LA LOIRE"",""ARROUX MORVAN"",""DHEUNE"",""ARCONCE ET SORNIN"",""GROSNE"",""ARCONCE ET SORNIN"",""VALLÉE DE LA LOIRE"",""ARROUX MORVAN"",""BOURBINCE"",""SEILLE ET GUYOTTE"",""DHEUNE""]","[1844,436,1846,3775,3777,3779,3778,3774,435,434,433,3781,3776,1845]"
30482,ACI DORDOGNE n°DDT/SEER/2024-005 - 30072024,2024-08-03,2026-06-22,abroge,24,"[""15"",""47"",""24"",""87"",""46"",""23"",""19"",""17"",""63"",""33"",""16""]",https://regleau.s3.gra.perf.cloud.ovh.net/arrete-cadre/30482/20240730_R%C3%83%C2%A9vision_ACI_Dordogne%20sans%20annexe.pdf,"[11818,11819,11820,11826,11827,11828,11829,15719,12139,15027,15160,15167,15156,15165,12096,11631,11642,11632,11643,11644,11633,11645,11634,11635,11646,11647,11636,11648,11637,11638,11649,11639,11650,15150,15149,12093,12094,12095,12098,12099,12100,12101,12102,12103,12105,12106,12107,12108,12109,12110,12111,12113,12114,12115,12116,12118,12119,12120,12121,12122,12123,12125,12126,12127,12128,12129,12130,12131,12133,12134,12135,12136,12137,12138,12140,12141,15677,15676,15705,15688,15700,15689,15703,15701,15694,15698,15675,14991,15023,15002,14992,14989,15016,15010,14987,15018,15025,15014,15011,15000,15013,15773,15959,15960,11817,15172,15155,15171,15159,9152,9153,9154,9156,9157,9158,12314,12315,11641,11630]","[""SUP"",""SUP"",""SUP"",""SOU"",""SOU"",""SOU"",""SOU"",""SOU"",""SUP"",""SUP"",""SOU"",""SOU"",""SOU"",""SOU"",""SUP"",""SUP"",""SOU"",""SUP"",""SOU"",""SOU"",""SUP"",""SOU"",""SUP"",""SUP"",""SOU"",""SOU"",""SUP"",""SOU"",""SUP"",""SUP"",""SOU"",""SUP"",""SOU"",""SUP"",""SOU"",""SUP"",""SUP"",""SUP"",""SUP"",""SUP"",""SUP"",""SUP"",""SUP"",""SUP"",""SUP"",""SUP"",""SUP"",""SUP"",""SUP"",""SUP"",""SUP"",""SUP"",""SUP"",""SUP"",""SUP"",""SUP"",""SUP"",""SUP"",""SUP"",""SUP"",""SUP"",""SUP"",""SUP"",""SUP"",""SUP"",""SUP"",""SUP"",""SUP"",""SUP"",""SUP"",""SUP"",""SUP"",""SUP"",""SUP"",""SUP"",""SUP"",""SUP"",""SUP"",""SUP"",""SUP"",""SUP"",""SUP"",""SUP"",""SUP"",""SUP"",""SUP"",""SUP"",""SUP"",""SUP"",""SUP"",""SUP"",""SUP"",""SUP"",""SUP"",""SUP"",""SUP"",""SUP"",""SUP"",""SUP"",""SUP"",""SUP"",""SUP"",""SOU"",""SUP"",""SUP"",""SUP"",""SUP"",""SUP"",""SUP"",""SUP"",""SUP"",""SUP"",""SUP"",""SUP"",""SUP"",""SUP"",""SUP"",""SOU"",""SUP""]","[""75_87_0007"",""75_87_0008"",""75_87_0009"",""75_87_0006"",""75_87_0007"",""75_87_0008"",""75_87_0009"",""72_47_33"",""75_24_0049"",""76_46_18"",""84_15_0006"",""84_15_0008"",""84_15_0009"",""84_15_0011"",""75_24_0005"",""75_19_000002"",""75_19_000002"",""75_19_000003"",""75_19_000003"",""75_19_000004"",""75_19_000004"",""75_19_000005"",""75_19_000005"",""75_19_000006"",""75_19_000006"",""75_19_000007"",""75_19_000007"",""75_19_000008"",""75_19_000008"",""75_19_000009"",""75_19_000009"",""75_19_000010"",""75_19_000010"","""","""",""75_24_0002"",""75_24_0003"",""75_24_0004"",""75_24_0007"",""75_24_0008"",""75_24_0009"",""75_24_0010"",""75_24_0011"",""75_24_0012"",""75_24_0014"",""75_24_0015"",""75_24_0016"",""75_24_0017"",""75_24_0018"",""75_24_0019"",""75_24_0020"",""75_24_0022"",""75_24_0023"",""75_24_0024"",""75_24_0025"",""75_24_0027"",""75_24_0028"",""75_24_0029"",""75_24_0030"",""75_24_0031"",""75_24_0032"",""75_24_0034"",""75_24_0035"",""75_24_0036"",""75_24_0037"",""75_24_0038"",""75_24_0039"",""75_24_0040"",""75_24_0042"",""75_24_0044"",""75_24_0045"",""75_24_0046"",""75_24_0047"",""75_24_0048"",""75_24_0050"",""75_24_0051"",""75_33_15"",""75_33_16"",""75_33_25"",""75_33_27"",""75_33_29"",""75_33_31"",""75_33_33"",""75_33_34"",""75_33_36"",""75_33_37"",""75_33_6"",""76_46_05"",""76_46_17"","""",""76_46_03"","""",""76_46_45"",""76_46_19"",""76_46_01"",""76_46_04"",""76_46_16"","""","""","""","""",""72_47_33"","""","""",""75_87_0006"",""84_15_0006"",""84_15_0008"",""84_15_0009"",""84_15_0011"",""75_16_0009"",""75_16_0011"",""75_16_0012"",""75_16_0014"",""75_16_0015"",""75_16_0016"",""75_17_13"",""75_17_14"",""75_19_000001"",""75_19_000001""]","[""Bassin Isle amont"",""Bassin Auvézère"",""Bassin Vézère"",""Bassin Dronne amont"",""Bassin Isle amont"",""Bassin Auvézère"",""Bassin Vézère"",""214_ZA47_bassin versant du Seignal"",""Dronne - Dronne amont"",""La Melve"",""Cere"",""Maronne"",""Rhue"",""Sumene"",""Vézère - Beune"",""zone Corrèze amont"",""zone Corrèze amont"",""zone Corrèze aval"",""zone Corrèze aval"",""zone Dordogne des grands barrages amont (19)"",""zone Dordogne des grands barrages amont (19)"",""zone Dordogne des grands barrages aval rive gauche (19)"",""zone Dordogne des grands barrages aval rive gauche (19)"",""zone Dordogne karstique (19)"",""zone Dordogne karstique (19)"",""zone Vézère cristalline amont (19)"",""zone Vézère cristalline amont (19)"",""zone Vézère cristalline aval (19)"",""zone Vézère cristalline aval (19)"",""zone Vézère karstique (19)"",""zone Vézère karstique (19)"",""rivière Dordogne (19)"",""rivière Dordogne (19)"",""Dordogne"",""Dordogne"",""Lizonne - Belle"",""Dordogne aval - Lidoire"",""Isle - Isle moyenne"",""Lizonne"",""Isle amont"",""Lizonne - Pude"",""Dordogne aval - Estrop"",""Dordogne amont - Borrèze"",""Dordogne aval - Couze-Couzeau"",""Dordogne aval - Eyraud"",""Lizonne - Sauvanie"",""Isle amont - Loue"",""Dordogne amont - Nauze"",""Isle amont - Blâme"",""Isle amont - Auvézère amont"",""Isle amont - Auvézère aval"",""Isle aval - Vern"",""Dronne - Boulou"",""Dordogne aval - Gravouse Seignal"",""Dordogne amont"",""Vézère - Cern"",""Isle aval - Crempse"",""Dronne - Euche"",""Dordogne aval - Conne"",""Dordogne aval - Louyre"",""Isle aval - Beauronne de St-Vincent"",""Dordogne aval - Caudeau"",""Vézère - Chironde - Coly"",""Isle aval - Beauronne des Lèches"",""Dordogne aval - Gardonnette"",""Isle aval - Manoire"",""Isle aval - Beauronne de Chancelade"",""Dronne - Dronne aval"",""Dordogne amont - Énéa"",""Dordogne amont - Céou aval"",""Dordogne amont - Céou amont"",""Dordogne aval"",""Dordogne amont - Germaine"",""Dordogne amont - Tournefeuille"",""Dronne - Dronne Moyenne"",""Vézère"",""ZA Dronne aval"",""ZA Isle aval"",""ZA Barbanne - Lavié - Palais"",""ZA Gravouse – Durèze - Soulège"",""ZA Gamage - Escouach"",""ZA Lidoire"",""ZA Isle aval confluence"",""ZA Dordogne aval"",""ZA Fongaband - Langrane"",""ZA Engranne - Canaudonne"",""ZA Saye – Meudon – Lary"",""La Sourdoire"",""Le Tolerme"",""La riviere Dordogne"",""La Borrèze"",""Les affluents de la Dordogne - Rive Gauche"",""La Germaine - La Marcillande - Le Lizabel"",""Le Tournefeuille"",""La Tourmente"",""Le Mamoul"",""La Bave"",""Les affluents de la Dordogne - Rive Droite"",""L'Alzou - Le ruisseau d'Aynac - L'Ouysse"",""Le Céou - Le Bléou - L'Ourajoux"",""Le Cère"",""214_ZA47_bassin versant du Seignal"",""J - Volcanique Dordogne amont"",""13 - Dordogne amont"",""Bassin Dronne amont"",""Cere"",""Maronne"",""Rhue"",""Sumene"",""OUGC Isle-Dronne /  Zone d'alerte : L'Auzonne"",""OUGC Isle-Dronne /  Zone d'alerte : La Dronne"",""OUGC Isle-Dronne /  Zone d'alerte : La Lizonne"",""OUGC Isle-Dronne /  Zone d'alerte : La Tude"",""OUGC Isle-Dronne /  Zone d'alerte : Lary, Pousonne, Palais"",""OUGC Isle-Dronne /  Zone d'alerte : Le Voultron"",""Bassin d'Isle bassin aval (Lary-Palais)"",""Bassin de la Dronne aval"",""zone Auvézère (19)"",""zone Auvézère (19)""]","[1497,1498,982,1502,1503,1504,985,2980,1130,2280,2424,2431,2420,2429,1614,907,926,1577,1578,1437,918,1438,919,920,1439,1440,921,1441,922,923,1442,924,1443,2414,2413,1610,1611,1612,1106,1107,1616,1617,1109,1618,1619,1620,1111,1621,1622,1112,1601,1623,1624,1117,1118,1627,1628,1630,1625,1632,1634,1636,1637,1631,1633,1639,1641,1125,1644,1645,1127,1128,1129,1646,1131,1647,2941,2940,2969,2952,2964,2953,2967,2965,2958,2962,2939,2260,2276,2222,2262,2258,2256,2251,2250,2272,2278,2267,2252,2220,2254,3034,3223,3224,1496,2436,2419,2435,2423,880,370,881,1378,1379,883,1714,1715,925,906]"
30576,2A-2024-08-14-00003,2024-08-14,null,publie,,2A,https://regleau.s3.gra.perf.cloud.ovh.net/arrete-cadre/30576/20240814_ART_Secheresse_Annexes.pdf,"[16581,16582,16583,16584]","[""SOU"",""SUP"",""SOU"",""SUP""]",,"[""Zone 2"",""Zone 2"",""Zone 1"",""Zone 1""]","[3739,3741,3738,3740]"
30490,ACD83-modif-DDTM/SEBIO/2024 Provisoire,2024-08-22,2025-06-30,abroge,,83,https://regleau.s3.gra.perf.cloud.ovh.net/arrete-cadre/30490/ACD_modificatif_12-08-2022.pdf,"[16398,16388,16405,16384,16400,16395,16394,16385,16389,16399,16383,16393,16386,16397,16387,16390,16396,16401,16402,16403,16392,16404,16391]","[""SUP"",""SUP"",""SUP"",""SOU"",""SOU"",""SUP"",""SUP"",""SOU"",""SOU"",""SOU"",""SUP"",""SOU"",""SOU"",""SOU"",""SUP"",""SUP"",""SOU"",""SOU"",""SUP"",""SOU"",""SUP"",""SUP"",""SOU""]","[""93_83_1"",""93_83_3"",""93_83_2"",""93_83_4"",""93_83_2"",""93_83_2"",""93_83_10"",""93_83_10"",""93_83_1"",""93_83_2"",""93_83_4"",""93_83_3"",""93_83_1"",""93_83_7"",""93_83_7"",""93_83_8"",""93_83_8"",""93_83_9"",""93_83_9"",""93_83_6"",""93_83_6"",""93_83_5"",""93_83_5""]","[""Arc amont"",""Arturby-Jabron"",""Zone Argens"",""Durance"",""Nappe Giscle-Môle"",""Zone Nappe Alluviale Giscle-Môle"",""Verdon"",""Verdon"",""Arc amont"",""Zone Argens"",""Durance"",""Arturby-Jabron"",""Zone Nappe Alluviale Basse Vallée Argens"",""Huveaune amont"",""Huveaune amont"",""Siagne amont"",""Siagne amont"",""Siagne aval"",""Siagne aval"",""Gapeau"",""Gapeau"",""Fleuves côtiers Ouest"",""Fleuves côtiers Ouest""]","[3681,3669,3687,3666,3682,3676,3677,3667,3674,3679,3665,3675,3668,3680,3673,3670,3678,3684,3685,3683,3671,3686,3672]"
30581,AP2024-364 ,2024-09-11,2026-06-14,abroge,,06,https://regleau.s3.gra.perf.cloud.ovh.net/arrete-cadre/30581/20240911_AP_n%C3%82%C2%B02024-364_arr%C3%83%C2%AAt%C3%83%C2%A9_cadre_s%C3%83%C2%A9cheresse_vf.pdf,"[16428,16441,16429,16438,16436,16439,16426,16424,16433,16431,16434,16432,16444,16450,16442,16430,16452,16449,16447,16446]","[""SUP"",""SUP"",""SUP"",""SUP"",""SUP"",""SUP"",""SUP"",""SUP"",""SUP"",""SUP"",""SUP"",""SUP"",""SUP"",""SUP"",""SUP"",""SUP"",""SUP"",""SUP"",""SUP"",""SUP""]",,"[""Zone dépendant des bassins Cagne, Var et Esteron"",""Zone dépendant des bassins de la Siagne amont et  Loup"",""Bassin versant de l''Estéron"",""Bassin versant des Paillons"",""Bassin versant du Loup"",""Zone dépendant des bassins Roya, Var amont et Var aval"",""Zone dépendant des bassins Brague et Var aval"",""Bassin versant de l''Artuby"",""Zone dépendant des bassins  Loup et Siagne amont"",""Zone dépendant des bassins Loup et Esteron"",""Zone dépendant des bassins Loup et Var aval"",""Zone dépendant des bassins Cagne et Loup"",""Bassin versant de la Siagne amont"",""Zone dépendant des bassins Var Central et Estéron"",""Bassin versant de la Roya"",""Zone dépendant des bassins Cagne et Esteron"",""Bassin versant du Var amont"",""Bassin versant du Var central"",""Bassin versant du Var aval"",""Zone dépendant des bassins de la Siagne aval, Siagne amont et Loup""]","[3709,3724,3713,3720,3718,3721,3708,3706,3715,3714,3716,3711,3726,3732,3723,3710,3734,3731,3729,3728]"
30565,ACI_DDT-SENR-2024-B_104_Isère_N38-2024-09-17-00003,2024-09-17,null,publie,69,"[""38"",""69""]",https://regleau.s3.gra.perf.cloud.ovh.net/arrete-cadre/30565/API_cadre_DDT_SEN_2016_06_06_B35+et+38-2024-09-17-00003_sign%C3%83%C2%A9.pdf,"[12197,12218,11109,11104,11110,11105,11111,11106]","[""SUP"",""SOU"",""SOU"",""SUP"",""SOU"",""SUP"",""SOU"",""SUP""]","[""84_38_0007"",""84_38_0027"",""84_69_0007"",""84_69_0007"",""84_69_0008"",""84_69_0008"",""84_69_0010"",""84_69_0010""]","[""Est-Lyonnais"",""Nappes de l'Est Lyonnais"",""ZONE 7 - ESO"",""ZONE 7"",""ZONE 8 - ESO"",""ZONE 8"",""ZONE 9 - ESO"",""ZONE 9""]","[131,1926,560,555,561,556,562,557]"
30493,2024-2657,2024-12-12,null,publie,,974,https://regleau.s3.gra.perf.cloud.ovh.net/arrete-cadre/30493/Arr%C3%83%C2%AAt%C3%83%C2%A9%20n%C3%82%C2%B02024-2657%20du%2011%2012%202024.pdf,"[12049,12012,12046,12017,12047,12010,12023,12034,12028,12025,12042,12036,12030,12037,12051,12033,12008,12007,12029,12043,12027,12053,12035,12013,12048,12050,12015,12040,12021,12014,12011,12032,12045,12022,12024,12009,12031,12018,12054,12016,12041,12039,12020,12019,12052,12044,12026,12038]","[""SOU"",""SUP"",""SOU"",""SUP"",""SOU"",""SUP"",""SUP"",""SOU"",""SUP"",""SUP"",""SOU"",""SOU"",""SUP"",""SOU"",""SOU"",""SOU"",""SUP"",""SUP"",""SUP"",""SOU"",""SUP"",""SOU"",""SOU"",""SUP"",""SOU"",""SOU"",""SUP"",""SOU"",""SUP"",""SUP"",""SUP"",""SOU"",""SOU"",""SUP"",""SUP"",""SUP"",""SOU"",""SUP"",""SOU"",""SUP"",""SOU"",""SOU"",""SUP"",""SUP"",""SOU"",""SOU"",""SUP"",""SOU""]","[""04_974_19"",""04_974_06"",""04_974_16"",""04_974_11"",""04_974_17"",""04_974_04"",""04_974_17"",""04_974_04"",""04_974_22"",""04_974_19"",""04_974_12"",""04_974_06"",""04_974_24"",""04_974_07"",""04_974_21"",""04_974_03"",""04_974_02"",""04_974_01"",""04_974_23"",""04_974_13"",""04_974_21"",""04_974_23"",""04_974_05"",""04_974_07"",""04_974_18"",""04_974_20"",""04_974_09"",""04_974_10"",""04_974_15"",""04_974_08"",""04_974_05"",""04_974_02"",""04_974_15"",""04_974_16"",""04_974_18"",""04_974_03"",""04_974_01"",""04_974_12"",""04_974_24"",""04_974_10"",""04_974_11"",""04_974_09"",""04_974_14"",""04_974_13"",""04_974_22"",""04_974_14"",""04_974_20"",""04_974_08""]","[""nappe de l'est Sainte Rose"",""bassin de l'est La Plaine des Palmistes"",""nappe du sud Saint Pierre"",""bassin du nord Saint Denis"",""nappe du sud Saint Philippe"",""bassin du sud L'Etang Sale"",""bassin du sud Saint Philippe"",""nappe du sud l'Etang Sale"",""bassin du sud Le Tampon"",""bassin de l'est Sainte Rose"",""nappe du sud Saint Joseph"",""nappe de l'est La Plaine des Palmistes"",""bassin du sud Cilaos"",""nappe de l'ouest Le Port"",""nappe de l'est Salazie"",""nappe du sud Entre Deux"",""bassin de l'est Bras-Panon"",""bassin de l'ouest Les Avirons"",""bassin de l'ouest les Trois Bassins"",""nappe de l'ouest Saint Leu"",""bassin de l'est Salazie"",""nappe de l'ouest Les Trois Bassins"",""nappe du sud Petite Ile"",""bassin de l'ouest Le Port"",""nappe du nord Sainte Marie"",""nappe du nord Sainte Suzanne"",""bassin de l'est Saint Andre"",""nappe de l'est Saint Benoit"",""bassin de l'ouest Saint Paul"",""bassin de l'ouest La Possession"",""bassin du sud Petite Ile"",""nappe de l'est Bras Panon"",""nappe de l'ouest Saint Paul"",""bassin du sud Saint Pierre"",""bassin du nord Sainte Marie"",""bassin du sud Entre Deux"",""nappe de l'ouest Les Avirons"",""bassin du sud Saint Joseph"",""nappe du sud Cilaos"",""bassin de l'est Saint Benoit"",""nappe du nord Saint Denis"",""nappe de l'est Saint Andre"",""bassin du sud Saint Louis"",""bassin de l'ouest Saint Leu"",""nappe du sud Le Tampon"",""nappe du sud Saint Louis"",""bassin du nord Sainte Suzanne"",""nappe de l'ouest La Possession""]","[838,1824,835,744,836,1822,750,781,755,752,831,783,757,784,841,780,1820,1819,756,832,754,843,782,1825,837,839,1827,829,748,1826,1823,779,834,749,751,1821,778,745,844,1828,830,828,747,746,842,833,753,785]"
30495,DDT/SEB/PREMA_2024361-0001,2024-12-26,null,publie,,10,https://regleau.s3.gra.perf.cloud.ovh.net/arrete-cadre/30495/241226Arret%C3%83%C2%A9cadreAube.pdf,"[15077,15083,15084,15081,15080,15078,15079,15085,15076,15082]","[""SOU"",""SUP"",""SUP"",""SUP"",""SUP"",""SOU"",""SUP"",""SUP"",""SUP"",""SUP""]","[""44-10-09"",""44-10-07"",""44-10-06"",""44-10-02"",""44-10-03"",""44-10-08"",""44-10-04"",""44-10-05"",""44-10-10"",""44_10_01""]","[""Craie de Champagne Sud et Centre"",""Armance"",""Vanne"",""Corridor Seine"",""Aube amont"",""Craie du Senonais et pays d'Othe"",""Corridor Aube"",""Affluents crayeux Aube et Seine"",""Nappe de Brienne"",""Seine amont""]","[2329,2337,2338,2335,2333,2330,2334,2332,2331,2336]"
30536,ACD Landes n°2025-195,2025-03-10,null,publie,,40,https://regleau.s3.gra.perf.cloud.ovh.net/arrete-cadre/30536/Arrete_cadre_departemental_signe.pdf,"[16520,16519,16515,16517,16512,16508,16513,16505,16518,16516,16507,16510,16514,16509,16511,16506,16053,16058]","[""SUP"",""SOU"",""SOU"",""SUP"",""SOU"",""SUP"",""SOU"",""SUP"",""SOU"",""SUP"",""SOU"",""SOU"",""SOU"",""SUP"",""SUP"",""SUP"",""SUP"",""SOU""]","["""","""","""","""","""",""75_040_0046"","""","""","""","""","""","""","""","""","""","""",""75_040_0005"",""75_040_0005""]","[""Bassin AG6a"",""Bassin AG2"",""Bassin de la Leyre"",""Bassin AG2"",""Bassin AG5"",""Bassin AG4"",""Bassin AG6b"",""Bassin AG6b"",""Bassin AG1"",""Bassin de la Leyre"",""Bassin AG3"",""Bassin AG6a"",""Bassin AG4"",""Bassin AG3"",""Bassin AG1"",""Bassin AG5"",""Bassin du Ciron-40"",""Bassin du Ciron-40""]","[3756,3755,3752,3753,3749,3745,3750,3742,3754,3757,3744,3747,3751,3746,3748,3743,3315,3320]"
30550,036-2025-03-20-00004,2025-03-20,null,publie,,36,https://regleau.s3.gra.perf.cloud.ovh.net/arrete-cadre/30550/Arr%C3%83%C2%AAt%C3%83%C2%A9+Cadre+S%C3%83%C2%A9cheresse+n%C3%82%C2%B036-2025-03-20-00004+de+mars+2025.pdf,"[14904,14908,14910,14920,14928,14923,14921,14919,14913,14907,14918,14925,14909,14927,14922,14933,14931,14902,14916,14924,14930,14914,14911,14903,14929,14915,14932,14905,14917,14926,14906,14912]","[""SUP"",""SOU"",""SUP"",""SOU"",""SUP"",""SUP"",""SOU"",""SOU"",""SUP"",""SUP"",""SOU"",""SUP"",""SOU"",""SUP"",""SOU"",""SOU"",""SOU"",""SOU"",""SUP"",""SUP"",""SUP"",""SUP"",""SUP"",""SOU"",""SOU"",""SOU"",""SOU"",""SUP"",""SUP"",""SOU"",""SOU"",""SUP""]",,"[""Cher"",""Arnon"",""Anglin aval"",""Cher"",""Trégonce"",""Théols"",""Anglin aval"",""Trégonce"",""Claise"",""Creuse"",""Anglin amont"",""Ringoire"",""Théols"",""Gartempe"",""Indre amont"",""Modon"",""Bouzanne"",""Claise"",""Anglin amont"",""Bouzanne"",""Modon"",""Arnon"",""Indrois-Tourmente"",""Fouzon"",""Gartempe"",""Indrois-Tourmente"",""Indre aval"",""Fouzon"",""Indre amont"",""Ringoire"",""Creuse"",""Indre aval""]","[2190,2192,2194,2204,2212,2207,2205,2203,2197,2189,2202,2209,2193,2211,2206,2218,2215,2217,2200,2208,2214,2198,2195,2187,2213,2199,2216,2188,2201,2210,2191,2196]"
30546,ACS 72-2025-04-02-00001,2025-04-02,2026-06-08,abroge,,72,https://regleau.s3.gra.perf.cloud.ovh.net/arrete-cadre/30546/20250402_ACS_avec_annexes_RAA.pdf,"[14873,14898,14880,14882,14878,14881,14888,14887,14877,14884,14885,14874,14875,14883,14870,14876,14879,14872,14886,14891,14893,14869,14866,14889,14892,14900,14896,14901,14871,14899,14897,14868,14890,14895,14867,14894]","[""SUP"",""SOU"",""SUP"",""SUP"",""SUP"",""SUP"",""SUP"",""SUP"",""SUP"",""SUP"",""SUP"",""SUP"",""SUP"",""SUP"",""SUP"",""SUP"",""SUP"",""SUP"",""SUP"",""SOU"",""SOU"",""SOU"",""SOU"",""SOU"",""SOU"",""SOU"",""SOU"",""SOU"",""SOU"",""SOU"",""SOU"",""SOU"",""SOU"",""SOU"",""SOU"",""SOU""]","[""6"","""",""7"",""9"",""8"",""5"",""4"",""3"",""2"",""18"",""17"",""16"",""15"",""14"",""13"",""12"",""11"",""10"",""1"","""","""","""","""","""","""","""","""","""","""","""","""","""","""","""","""",""""]","[""Végre"",""Affluents de la Sarthe Médiane"",""Affluents de la Sarthe Médiane"",""Gée"",""Deux-Fonts"",""Sarthe aval"",""Bienne"",""Vaudelle-Merdereau-Orthe"",""Orne Saosnoise"",""Argance"",""Aune"",""Veuve-Tusson"",""Braye Anille"",""Loir"",""Dué-Narais"",""Vive Parence"",""Huisne"",""Vaige-Taude-Erve"",""Sarthe amont"",""Vaige-Taude-Erve"",""Veuve-Tusson"",""Vaudelle-Merdereau-Orthe"",""Argance"",""Braye Anille"",""Végre"",""Gée"",""Deux-Fonts"",""Loir"",""Aune"",""Sarthe aval"",""Huisne"",""Bienne"",""Dué-Narais"",""Orne Saosnoise"",""Sarthe amont"",""Vive Parence""]","[2122,2146,2128,2131,2126,2129,2136,2135,2125,2132,2134,2123,2119,2130,2120,2124,2127,2121,2133,2139,2141,2152,2150,2137,2140,2149,2144,2148,2153,2147,2145,2154,2138,2143,2151,2142]"
30530,Yonne DDT/SEE/2025/0023,2025-04-17,2025-04-17,abroge,,89,https://regleau.s3.gra.perf.cloud.ovh.net/arrete-cadre/30530/20250418_APC_89_corrige.pdf,"[15543,15533,15534,15537,15531,15536,15538,15544,15542,15532,15530,15535,15541,15540,15539]","[""SUP"",""SUP"",""SUP"",""SUP"",""SUP"",""SUP"",""SUP"",""SUP"",""SUP"",""SUP"",""SUP"",""SUP"",""SUP"",""SUP"",""SUP""]","[""26_89_0015"",""26_89_0001"",""26_89_0002"",""26_89_0003"",""26_89_0004"",""26_89_0005"",""26_89_0006"",""26_89_0007"",""26_89_0008"",""26_89_0009"","""",""26_89_0011"",""26_89_0012"",""26_89_0013"",""26_89_0014""]","[""Zone de gestion Loing"",""Zone de gestion Cousin"",""Zone de gestion Vanne"",""Zone de gestion Seine Est"",""Zone de gestion Serein"",""Zone de gestion Armançon Amont"",""Zone de gestion Yonne Aval"",""Zone de gestion Yonne Moyenne"",""Zone de gestion Tholon-Ravillon-Vrin-d''''Ocques"",""Zone de gestion Cure"",""Zone de gestion Loire"",""Zone de gestion Ouanne"",""Zone de gestion Seine"",""Zone de gestion Armançon Aval"",""Zone de gestion Nord Yonne""]","[2807,2797,2798,2801,2795,2800,2802,2808,2806,2796,2794,2799,2805,2804,2803]"
30554,Yonne DDT/SEE/2025/0023,2025-04-18,2026-05-28,abroge,,89,https://regleau.s3.gra.perf.cloud.ovh.net/arrete-cadre/30554/2025_04_18_APC_89_vf.pdf,"[15544,16534,16532,16527,16530,16531,16536,16535,16533,16526,16525,16528,16621,16620,15543,15539,15540,15541,15535,15530,15532,15542,15536,15531,15537,15534,15533,15538,16529,16524,16522,16523]","[""SUP"",""SOU"",""SOU"",""SOU"",""SOU"",""SOU"",""SOU"",""SOU"",""SOU"",""SOU"",""SOU"",""SOU"",""SOU"",""SUP"",""SUP"",""SUP"",""SUP"",""SUP"",""SUP"",""SUP"",""SUP"",""SUP"",""SUP"",""SUP"",""SUP"",""SUP"",""SUP"",""SUP"",""SOU"",""SOU"",""SOU"",""SOU""]","[""26_89_0007"","""","""","""","""","""","""","""","""","""","""","""","""","""",""26_89_0015"",""26_89_0014"",""26_89_0013"",""26_89_0012"",""26_89_0011"","""",""26_89_0009"",""26_89_0008"",""26_89_0005"",""26_89_0004"",""26_89_0003"",""26_89_0002"",""26_89_0001"",""26_89_0006"","""","""","""",""""]","[""Zone de gestion Yonne Moyenne"",""Zone de gestion Seine"",""Zone de gestion Armançon Aval"",""Zone de gestion Yonne Aval"",""Zone de gestion Tholon-Ravillon-;Vrin-d''''Ocques"",""Zone de gestion Seine Est"",""Zone de gestion Loing"",""Zone de gestion Cure"",""Zone de gestion Nord Yonne"",""Zone de gestion Armançon Amont"",""Zone de gestion Vanne"",""Zone de gestion Yonne Moyenne"",""Nièvre"",""Nièvre"",""Zone de gestion Loing"",""Zone de gestion Nord Yonne"",""Zone de gestion Armançon Aval"",""Zone de gestion Seine"",""Zone de gestion Ouanne"",""Zone de gestion Loire"",""Zone de gestion Cure"",""Zone de gestion Tholon-Ravillon-Vrin-d''''Ocques"",""Zone de gestion Armançon Amont"",""Zone de gestion Serein"",""Zone de gestion Seine Est"",""Zone de gestion Vanne"",""Zone de gestion Cousin"",""Zone de gestion Yonne Aval"",""Zone de gestion Cousin"",""Zone de gestion Serein"",""Zone de gestion Loire"",""Zone de gestion Ouanne""]","[2808,3771,3769,3766,3768,3764,3773,3772,3770,3765,3762,3767,3854,3838,2807,2803,2804,2805,2799,2794,2796,2806,2800,2795,2801,2798,2797,2802,3763,3761,3759,3760]"
30531,DDTM34-2025-04-15839,2025-05-01,2026-04-30,abroge,,34,https://regleau.s3.gra.perf.cloud.ovh.net/arrete-cadre/30531/AP_DDTM34-2025-04-22_light.pdf,"[14861,14848,14846,14850,14847,14849,14855,14851,14864,14865,14859,14853,14860,14852,14862,14858,14856,16485,14857,14854,14863]","[""SUP"",""SUP"",""SUP"",""SUP"",""SUP"",""SUP"",""SUP"",""SUP"",""SUP"",""SOU"",""SUP"",""SUP"",""SOU"",""SUP"",""SUP"",""SUP"",""SUP"",""SUP"",""SUP"",""SUP"",""SUP""]","[""76_34_0001"","""",""76_34_0002"",""76_34_0003"",""76_34_0004"",""76_34_0005"",""76_34_0006"",""76_34_0007"",""76_34_0018"",""76_34_0017"",""76_34_0016"",""76_34_0015"",""76_34_0014"",""76_34_0013"",""76_34_0010"",""76_34_0009"",""76_34_0012"","""",""76_34_0008"",""76_34_0019"",""76_34_0011""]","[""Bassin versant du Vidourle"",""Axe Orb aval Réals"",""Bassin versant de la lagune de l''étang de l''Or"",""Bassin versant du Lez et de la Mosson hors axe Lez soutenu"",""Axe Lez soutenu, de sa source à son embouchure"",""Bassin versant de l''Hérault amont de la confluence avec la Vis jusqu’à la confluence avec la Lergue"",""Bassin versant de la Lergue"",""Bassin versant de l’Hérault aval de la confluence avec la Lergue jusqu’à l’embouchure"",""Canal du Midi"",""Molasses miocènes du bassin de Castries"",""Bassin versant de la Cesse"",""Bassin versant de l’Argent double et de l’Ognon"",""Nappe des sables de l''Astien"",""Bassin versant de l’Aude aval"",""Bassin versant du Jaur"",""Axe Orb soutenu à l’aval du barrage des Monts d’Orb jusqu''à Réals"",""Bassin versant de l''Agout"",""Zone karstique centre Hérault - Orb"",""Bassin versant de l''Orb de la Source à l’amont de la confluence avec le Jaur hors axe Orb soutenu"",""Bassin versant du Thoré amont"",""Affluents de l'Orb de la confluence avec le Jaur jusqu'à l'embouchure""]","[2114,2100,2099,2101,2102,2103,2104,2105,2117,2118,2112,2107,2113,2106,2115,2111,2109,3736,2110,2108,2116]"
30575,2025-132-001,2025-05-12,null,publie,,04,https://regleau.s3.gra.perf.cloud.ovh.net/arrete-cadre/30575/AP_2025-132-001_ACD_2025.pdf,"[15502,15494,15518,15515,15500,15513,15522,15504,15523,15505,15526,15519,15512,15499,15529,15528,15511,15497,15514,15509,15496,15507,15525,15495,15508,15510,15506,15524,15503,15516,15520,15527,15521,15492,15493,15517]","[""SUP"",""SUP"",""SOU"",""SOU"",""SUP"",""SOU"",""SUP"",""SOU"",""SUP"",""SOU"",""SOU"",""SUP"",""SOU"",""SUP"",""SUP"",""SOU"",""SOU"",""SUP"",""SOU"",""SOU"",""SUP"",""SOU"",""SUP"",""SUP"",""SOU"",""SOU"",""SOU"",""SUP"",""SUP"",""SOU"",""SUP"",""SOU"",""SUP"",""SOU"",""SUP"",""SOU""]","[""93_04_0022"",""93_04_0023"",""93_04_0023"",""93_04_0022"",""93_04_0021"",""93_04_0021"",""93_04_0018"",""93_04_0018"",""93_04_0017"",""93_04_0017"",""93_04_0016"",""93_04_0016"",""93_04_0015"",""93_04_0015"",""93_04_0014"",""93_04_0014"",""93_04_0013"",""93_04_0013"",""93_04_0012"",""93_04_0011"",""93_04_0011"",""93_04_0010"",""93_04_0010"",""93_04_0009"",""93_04_0009"",""93_04_0008"",""93_04_0007"",""93_04_0007"",""93_04_0006"",""93_04_0006"",""93_04_0004"",""93_04_0004"",""93_04_0003"",""93_04_0003"",""93_04_0002"",""93_04_0002""]","[""Buëch"",""Artuby-Jabron"",""Artuby-Jabron"",""Buëch"",""Esteron"",""Esteron"",""Verdon amont"",""Verdon amont"",""Var"",""Var"",""Vançon"",""Vançon"",""Ubaye"",""Ubaye"",""Nesque"",""Nesque"",""Sasse"",""Sasse"",""Durance"",""Lauzon"",""Lauzon"",""Largue"",""Largue"",""Jabron"",""Jabron"",""Verdon aval"",""Colostre"",""Colostre"",""Calavon"",""Calavon"",""Bléone"",""Bléone"",""Blanche"",""Blanche"",""Asse"",""Asse""]","[2766,2758,2782,2779,2765,2778,2786,2768,2787,2769,2790,2783,2776,2763,2793,2792,2775,2762,2777,2773,2760,2771,2789,2759,2772,2774,2770,2788,2767,2780,2784,2791,2785,2756,2757,2781]"
30551,2025-ACD_Gartempe_Vienne_Aval _87-2025-05-23-00001,2025-05-23,null,publie,,87,https://regleau.s3.gra.perf.cloud.ovh.net/arrete-cadre/30551/AC_Gartempe_Vienne-aval_signe_23052025.pdf,"[11813,11822]","[""SUP"",""SOU""]","[""75_87_0002"",""75_87_0002""]","[""Bassin Gartempe et Vienne aval"",""Bassin Gartempe et Vienne aval""]","[981,984]"
30529,2024/DDT/SEPR/191,2025-05-28,null,publie,,77,https://regleau.s3.gra.perf.cloud.ovh.net/arrete-cadre/30529/AP%202024%20DDT%20SEPR%20191%20du%2012%2012%202024.pdf,"[5633,5632,5631,5636,5630,5629,5628,5627,4330,5646,4331,5645,5644,5643,5642,5641,5640,5639,5638,5637,5635,4329,5634,16757,16756]","[""SUP"",""SUP"",""SUP"",""SUP"",""SUP"",""SUP"",""SUP"",""SUP"",""SOU"",""SUP"",""SOU"",""SUP"",""SUP"",""SUP"",""SUP"",""SUP"",""SUP"",""SUP"",""SUP"",""SUP"",""SUP"",""SOU"",""SUP"",""SOU"",""SUP""]","[""11_77_007"",""11_77_006"",""11_77_005"",""11_77_010"",""11_77_004"",""11_77_003"",""11_77_002"",""11_77_001"",""11_77_03"",""11_77_020"",""11_77_02"",""11_77_019"",""11_77_018"",""11_77_017"",""11_77_016"",""11_77_015"",""11_77_014"",""11_77_013"",""11_77_012"",""11_77_011"",""11_77_009"",""11_77_01"",""11_77_008"","""",""11_77_021""]","[""Bassin du Grand Morin"",""Bassin de la Gondoire"",""Bassin de l'Ourcq"",""Bassin de l'Auxence"",""Bassin de la Thérouanne"",""Bassin de la Beuvronne"",""Bassin du Réveillon"",""Bassin du Fusin"",""Nappe de Beauce Centrale"",""Bassin de la Seine"",""Nappe du Champigny Est"",""Bassin du Loing"",""Bassin de l'Ecole"",""Bassin de l'Yerres"",""Bassin de l'Ancoeur"",""Bassin de la Marne"",""Bassin du Petit Morin"",""Bassin de l'Orvanne"",""Bassin du Lunain"",""Bassin de l'Yonne"",""Bassin de la Voulzie"",""Nappe du Champigny Ouest"",""Bassin de l'Essonne"",""Beauce_Fusain"",""Bassin de la Nonette""]","[166,163,162,172,140,161,139,160,153,182,154,181,180,179,178,177,176,175,174,173,168,152,167,3989,3735]"
30537,2025-SEC,2025-05-28,null,publie,,51,https://regleau.s3.gra.perf.cloud.ovh.net/arrete-cadre/30537/44-2025-SEC-APC%20departemental%20%C3%A2%C2%80%C2%93%20mesures%20de%20secheresse.pdf,"[16267,16290,16265,16291,16288,16264,16287,16266,16289,16274,16281,16277,16263,16284,16279,16271,16280,16286,16283,16268,16275,16270,16278,16292,16273,16272,16285,16282,16276,16269]","[""SUP"",""SUP"",""SOU"",""SUP"",""SOU"",""SOU"",""SOU"",""SUP"",""SUP"",""SOU"",""SUP"",""SOU"",""SOU"",""SUP"",""SUP"",""SUP"",""SOU"",""SUP"",""SOU"",""SUP"",""SOU"",""SOU"",""SUP"",""SUP"",""SUP"",""SOU"",""SOU"",""SOU"",""SUP"",""SOU""]","[""44_51_11 - SUP"",""44_51_14 - SUP"",""44_51_03 - SOU"",""44_51_08 - SUP"",""44_51_02 - SOU"",""44_51_08 - SOU"",""44_51_13 - SOU"",""44_51_05 - SUP"",""44_51_02 - SUP"",""44_51_05 - SOU"",""44_51_06 - SUP"",""44_51_09 - SOU"",""44_51_01 - SOU"",""44_51_04 - SUP"",""44_51_07 - SUP"",""44_51_10 - SUP"",""44_51_10 - SOU"",""44_51_15 - SUP"",""44_51_12 - SOU"",""44_51_12 - SUP"",""44_51_15 - SOU"",""44_51_07 - SOU"",""44_51_13 - SUP"",""44_51_03 - SUP"",""44_51_09 - SUP"",""44_51_14 - SOU"",""44_51_11 - SOU"",""44_51_04 - SOU"",""44_51_01 - SUP"",""44_51_06 - SOU""]","[""Seine Corridor - SUP"",""Calcaires de Brie et de Champigny - SUP"",""Aube Amont - SOU"",""Marne Corridor Perthois - SUP"",""Aisne Amont - SOU"",""Marne Corridor Perthois - SOU"",""Craie de Champagne Nord - SOU"",""Blaise - SUP"",""Aisne Amont - SUP"",""Blaise - SOU"",""Brie et Tardenois - SUP"",""Petit Morin - SOU"",""Affluents Crayeux Marne et Aisne Aval - SOU"",""Aube Corridor - SUP"",""Grand Morin - SUP"",""Saulx et Omain - SUP"",""Saulx et Omain - SOU"",""Craie de Champagne Sud et Centre - SUP"",""Surmelin - SOU"",""Surmelin - SUP"",""Craie de Champagne Sud et Centre - SOU"",""Grand Morin - SOU"",""Craie de Champagne Nord - SUP"",""Aube Amont - SUP"",""Petit Morin - SUP"",""Calcaires de Brie et de Champigny - SOU"",""Seine Corridor - SOU"",""Aube Corridor - SOU"",""Affluents Crayeux Marne et Aisne Aval - SUP"",""Brie et Tardenois - SOU""]","[3549,3573,3551,3572,3570,3548,3569,3550,3571,3546,3563,3558,3545,3566,3561,3552,3562,3568,3565,3547,3557,3554,3560,3574,3556,3555,3567,3564,3559,3553]"
30540,2024-DDT-SE-212_v2,2025-06-03,null,publie,,91,https://regleau.s3.gra.perf.cloud.ovh.net/arrete-cadre/30540/arrete-cadre_2024-212_sech%26eau_20240531.pdf,"[14947,14960,14943,14934,14950,14958,14936,14946,14942,14957,14955,14954,14940,14935,14964,14959,14937,14952,14965,14945,14956,14962,14963,14948,14944,14941,14951,14938,14953,14949,14939,14961]","[""SUP"",""SOU"",""SOU"",""SOU"",""SOU"",""SOU"",""SOU"",""SOU"",""SOU"",""SOU"",""SOU"",""SOU"",""SOU"",""SOU"",""SOU"",""SUP"",""SOU"",""SOU"",""SUP"",""SUP"",""SUP"",""SUP"",""SUP"",""SUP"",""SUP"",""SUP"",""SUP"",""SUP"",""SUP"",""SUP"",""SUP"",""SUP""]","[""11_91_06"",""11_91_17"",""11_91_18"",""11_91_19"",""11_91_20"",""11_91_21"",""11_91_22"",""11_91_23"",""11_91_24"",""11_91_25"",""11_91_26"",""11_91_27"",""11_91_28"",""11_91_29"",""11_91_30"",""11_91_15"",""11_91_31"",""11_91_32"",""11_91_14"",""11_91_13"",""11_91_12"",""11_91_11"",""11_91_10"",""11_91_09"",""11_91_08"",""11_91_07"",""11_91_05"",""11_91_04"",""11_91_03"",""11_91_02"",""11_91_01"",""11_91_16""]","[""Orge-Rémarde – Beauce centrale – zone interconnectée agglomération parisienne"",""Yvette-Bièvre – zone interconnectée agglomération parisienne"",""Yvette-Bièvre & Orge-Rémarde – zone interconnectée agglomération parisienne"",""Orge-Rémarde - hors Beauce centrale – zone interconnectée agglomération parisienne"",""Orge-Rémarde - hors Beauce centrale"",""Orge- Rémarde & Seine essonnienne – hors Beauce centrale – zone interconnectée agglo parisienne"",""Orge-Rémarde – Beauce centrale – zone interconnectée agglomération parisienne"",""Orge-Rémarde – Beauce centrale"",""Orge-Rémarde & Seine essonnienne – Beauce centrale – zone interconnectée agglomération parisienne"",""Juine – Beauce centrale"",""Essonne-École – Beauce centrale – zone interconnectée agglomération parisienne"",""Essonne-École & Seine essonnienne – Beauce centrale – zone interconnectée agglomération parisienne"",""Essonne-École – Beauce centrale"",""Yerres – nappe du Champigny – zone interconnectée agglomération parisienne"",""Yerres & Seine essonnienne – nappe du Champigny – zone interconnectée agglomération parisienne"",""Seine essonnienne – Beauce centrale – zone interconnectée agglomération parisienne"",""Seine essonnienne – Beauce centrale – zone interconnectée agglomération parisienne"",""Seine essonnienne – nappe du Champigny – zone interconnectée agglomération parisienne"",""Yerres & Seine essonnienne – nappe du Champigny – zone interconnectée agglomération parisienne"",""Yerres – nappe du Champigny – zone interconnectée agglomération parisienne"",""Essonne-École – Beauce centrale"",""Essonne-École & Seine essonnienne – Beauce centrale – zone interconnectée agglomération parisienne"",""Essonne-École – Beauce centrale – zone interconnectée agglomération parisienne"",""Juine – Beauce centrale"",""Orge-Rémarde & Seine essonnienne – Beauce centrale – zone interconnectée agglomération parisienne"",""Orge-Rémarde – Beauce centrale"",""Orge- Rémarde & Seine essonnienne – hors Beauce centrale – zone interconnectée agglo parisienne"",""Orge-Rémarde - hors Beauce centrale"",""Orge-Rémarde - hors Beauce centrale – zone interconnectée agglomération parisienne"",""Yvette-Bièvre & Orge-Rémarde – zone interconnectée agglomération parisienne"",""Yvette-Bièvre – zone interconnectée agglomération parisienne"",""Seine essonnienne – nappe du Champigny – zone interconnectée agglomération parisienne""]","[2174,2177,2170,2161,2184,2175,2163,2173,2166,2160,2158,2157,2168,2162,2181,2176,2167,2155,2186,2172,2159,2179,2180,2182,2171,2169,2185,2164,2156,2183,2165,2178]"
30553,23-2025-06-03-00005,2025-06-03,null,publie,,23,https://regleau.s3.gra.perf.cloud.ovh.net/arrete-cadre/30553/ARR_250603_secheresse_cadre_dep.pdf,"[15143,15152,15146,15151,15148,15145]","[""SUP"",""SOU"",""SOU"",""SUP"",""SUP"",""SOU""]",,"[""Cher"",""Cher"",""Creuse aval"",""Creuse aval"",""Creuse amont"",""Creuse amont""]","[2407,2416,2410,2415,2412,2409]"
30096,29-2025_ACS_FINISTERE,2025-06-13,null,publie,,29,https://regleau.s3.gra.perf.cloud.ovh.net/arrete-cadre/30096/ACS_2025.pdf,"[8266,8275,8273,8274,8257,8267,8269,8255,8265,8258,8254,8263,8272,8261,8268,8260,8256,8259,8271,8264,8270,8262]","[""SOU"",""SOU"",""SOU"",""SOU"",""SUP"",""SOU"",""SOU"",""SUP"",""SOU"",""SUP"",""SUP"",""SUP"",""SOU"",""SUP"",""SOU"",""SUP"",""SUP"",""SUP"",""SOU"",""SUP"",""SOU"",""SUP""]","[""53_29_10"",""53_29_9"",""53_29_7"",""53_29_8"",""53_29_2"",""53_29_11"",""53_29_3"",""53_29_10"",""53_29_1"",""53_29_3"",""53_29_1"",""53_29_8"",""53_29_6"",""53_29_6"",""53_29_2"",""53_29_5"",""53_29_11"",""53_29_4"",""53_29_5"",""53_29_9"",""53_29_4"",""53_29_7""]","[""AULNE"",""SUD CORNOUAILLE - ISOLE"",""BAIE DE DOUARNENEZ - OUEST CORNOUAILLE"",""HAUT LEON - TREGOR"",""OUESSANT"",""ODET"",""ILE-DE-SEIN"",""AULNE"",""ILE-DE-BATZ"",""ILE-DE-SEIN"",""ILE-DE-BATZ"",""HAUT LEON - TREGOR"",""ELORN"",""ELORN"",""OUESSANT"",""BAS LEON"",""ODET"",""ILE-MOLENE"",""BAS LEON"",""SUD CORNOUAILLE - ISOLE"",""ILE-MOLENE"",""BAIE DE DOUARNENEZ - OUEST CORNOUAILLE""]","[304,195,313,194,1223,305,193,1221,192,303,1220,9,312,7,306,6,1222,5,311,10,310,8]"
30555,IDF-2025-06-16-00006,2025-06-16,null,publie,75,"[""94"",""75"",""92"",""93""]",https://regleau.s3.gra.perf.cloud.ovh.net/arrete-cadre/30555/ACI_PPC_2024_sign%C3%83%C2%A9_VF.pdf,"[9957,9961,9960,9959,9958,10055]","[""SUP"",""SOU"",""SUP"",""SUP"",""SUP"",""SUP""]","[""11_92_01"",""11_94_03"",""11_94_02"",""11_94_01"",""11_93_01"",""11_75_01""]","[""Bassins de la Marne et de la Seine"",""Communes alimentées par la nappe du Champigny"",""Bassins du Réveillon et du Morbras"",""Bassins de la Marne et de la Seine"",""Bassins de la Marne et de la Seine"",""Bassins de la Marne et de la Seine""]","[644,648,647,646,645,674]"
30558,ACD_BV_ORB_ARRE_2025,2025-06-18,null,publie,,12,https://regleau.s3.gra.perf.cloud.ovh.net/arrete-cadre/30558/20250618_ACD+Orb+et+Arre_Aveyron_IDE.pdf,"[14798,14828,14829,14813]","[""SUP"",""SUP"",""SOU"",""SOU""]","[""76_12_0029"",""76_12_0028"",""76_12_0028"",""76_12_0029""]","[""Orb"",""Arre"",""Arre"",""Orb""]","[2041,2081,2082,2066]"
30566,N°52-2025-06-00141,2025-06-19,null,publie,,52,https://regleau.s3.gra.perf.cloud.ovh.net/arrete-cadre/30566/250619_AC_SECHERESSE_SIGNE.pdf,"[9090,9091,4612,9086,9085,9084,9088,9087,9089]","[""SUP"",""SUP"",""SOU"",""SUP"",""SUP"",""SUP"",""SUP"",""SUP"",""SUP""]","[""7"",""8"",""21_52_01"",""3"",""2"",""1"",""5"",""4"",""6""]","[""TILLE VINGEANNE"",""SAONE AMONT"",""zone non couverte par l'arrêté cadre"",""MEUSE AMONT"",""SAULX ORNAIN"",""MARNE AMONT"",""BLAISE"",""AUBE AMONT"",""SEINE AMONT""]","[699,700,47,364,366,365,368,367,371]"
30552,2025-ACIS_Vienne_amont_87-2025-06-19-00002,2025-06-19,2025-06-19,abroge,87,"[""23"",""19"",""87""]",https://regleau.s3.gra.perf.cloud.ovh.net/arrete-cadre/30552/ACIS_Vienne_amont_sign_19-23-87_19062025.pdf,"[11640,11651,11821,11812,15144,15147]","[""SUP"",""SOU"",""SOU"",""SUP"",""SOU"",""SUP""]","[""75_19_000011"",""75_19_000011"",""75_87_0001"",""75_87_0001"","""",""""]","[""zone Vienne amont (19)"",""zone Vienne amont (19)"",""Bassin Vienne amont"",""Bassin Vienne amont"",""Vienne"",""Vienne""]","[917,516,983,980,2408,2411]"
30833,2025-acis-vienne-amont-87-2025-06-19-00002,2025-06-20,null,publie,87,"[""87"",""23"",""19""]",https://regleau.s3.gra.perf.cloud.ovh.net/arrete-cadre/30833/ACIS_Vienne_amont_sign_19-23-87_19062025.pdf,"[16688,15147,11812,11821,16690,15144]","[""SOU"",""SUP"",""SUP"",""SOU"",""SUP"",""SOU""]","["""","""",""75_87_0001"",""75_87_0001"","""",""""]","[""zone Vienne amont (19)"",""Vienne"",""Bassin Vienne amont"",""Bassin Vienne amont"",""zone Vienne amont (19)"",""Vienne""]","[3913,2411,980,983,3914,2408]"
30560,DDT53_ACS_20/04/2023_modifié,2025-06-24,2026-04-30,abroge,,53,https://regleau.s3.gra.perf.cloud.ovh.net/arrete-cadre/30560/20250617_Arrete_cadre_secheresse_modif_20230420_Arrete_cadre_secheresse_Annexes.pdf,"[15814,15816,15819,15817,15820,15812,15821,15815,15818,15823,15813,15822]","[""SUP"",""SOU"",""SOU"",""SUP"",""SOU"",""SUP"",""SOU"",""SUP"",""SUP"",""SOU"",""SUP"",""SOU""]","[""52_53_8"",""52_53_7"",""52_53_8"",""52_53_9"",""52_53_9"",""52_53_7"",""52_53_1"",""52_53_1"",""52_53_3"",""52_53_3"",""52_53_6"",""52_53_6""]","[""bassin Sarthe amont"",""bassin Mayenne amont ouest"",""bassin Sarthe amont"",""bassin Sarthe aval"",""bassin Sarthe aval"",""bassin Mayenne amont ouest"",""bassin Mayenne médiane et aval"",""bassin Mayenne médiane et aval"",""bassin Oudon"",""bassin Oudon"",""bassin Mayenne amont est"",""bassin Mayenne amont est""]","[3078,3082,3083,3080,3085,3076,3084,3081,3079,3087,3077,3086]"
30561,60-2025,2025-06-25,null,publie,,13,https://regleau.s3.gra.perf.cloud.ovh.net/arrete-cadre/30561/AP_ACD_20250625.pdf,"[15448,15454,15465,15445,15457,15458,15446,15463,15452,15450,15462,15460,15449,15459,15447,15453,15464,15461,15451,15455,15444,15456]","[""SUP"",""SUP"",""SOU"",""SUP"",""SOU"",""SOU"",""SUP"",""SOU"",""SUP"",""SUP"",""SOU"",""SOU"",""SUP"",""SOU"",""SUP"",""SUP"",""SOU"",""SOU"",""SUP"",""SOU"",""SUP"",""SOU""]","[""93_13_01"",""93_13_13"",""93_13_13"",""93_13_12"",""93_13_12"",""93_13_11"",""93_13_11"",""93_13_10"",""93_13_10"",""93_13_09"",""93_13_09"",""93_13_07"",""93_13_07"",""93_13_06"",""93_13_06"",""93_13_05"",""93_13_05"",""93_13_03"",""93_13_03"",""93_13_02"",""93_13_02"",""93_13_01""]","[""Arc amont"",""Rhône Camargue"",""Rhône Camargue"",""Crau Alpilles"",""Crau Alpilles"",""Crau"",""Crau"",""Durance"",""Durance"",""Littoral"",""Littoral"",""Touloubre aval"",""Touloubre aval"",""Touloubre amont"",""Touloubre amont"",""Réal de Jouques"",""Réal de Jouques"",""Huveaune"",""Huveaune"",""Arc aval"",""Arc aval"",""Arc amont""]","[2710,2717,2728,2712,2723,2722,2711,2727,2716,2708,2719,2725,2714,2724,2713,2718,2729,2726,2715,2720,2709,2721]"
30573,2023_002,2025-06-26,null,publie,,14,https://regleau.s3.gra.perf.cloud.ovh.net/arrete-cadre/30573/ACS_20230627_Modifi%C3%83%C2%A9_20250626.pdf,"[11995,11996,12003,12002,11993,11994,12006,12001,12000,11999,12005,12004,11998,11997]","[""SUP"",""SUP"",""SOU"",""SOU"",""SUP"",""SUP"",""SOU"",""SOU"",""SOU"",""SUP"",""SOU"",""SOU"",""SUP"",""SUP""]","[""28_14_0003"",""28_14_0004"",""28_14_0104"",""28_14_0103"",""28_14_0001"",""28_14_0002"",""28_14_0107"",""28_14_0102"",""28_14_0101"",""28_14_0007"",""28_14_0106"",""28_14_0105"",""28_14_0006"",""28_14_0005""]","[""Secteur Dives Aval - ESU"",""Secteur Orne Aval - ESU"",""Secteur Orne Aval - ESO"",""Secteur Dives Aval - ESO"",""Secteur Bessin - ESU"",""Secteur Dives Amont - ESU"",""Secteur Virois - ESO"",""Secteur Dives Amont - ESO"",""Secteur Bessin - ESO"",""Secteur Virois - ESU"",""Secteur Touques - ESO"",""Secteur Orne Moyenne - ESO"",""Secteur Touques - ESU"",""Secteur Orne Moyenne - ESU""]","[1086,1087,1094,1093,1084,1085,1097,1092,1091,1090,1096,1095,1089,1088]"
30399,ENV/PPE/2025/002,2025-06-27,null,publie,,02,https://regleau.s3.gra.perf.cloud.ovh.net/arrete-cadre/30399/ARRETE_CADRE_REVISION_2025.pdf,"[11475,11487,11474,11486,11473,11485,11496,11484,11483,11482,11495,11494,11481,11493,11480,11492,11479,11491,11490,11477,11478,11489,11488,11476]","[""SUP"",""SOU"",""SUP"",""SOU"",""SUP"",""SOU"",""SOU"",""SUP"",""SUP"",""SUP"",""SOU"",""SOU"",""SUP"",""SOU"",""SUP"",""SOU"",""SUP"",""SOU"",""SOU"",""SUP"",""SUP"",""SOU"",""SOU"",""SUP""]","[""32_02_0003"",""32_02_0003"",""32_02_0002"",""32_02_0002"",""32_02_0001"",""32_02_0001"",""32_02_0012"",""32_02_0012"",""32_02_0011"",""32_02_0010"",""32_02_0011"",""32_02_0010"",""32_02_0009"",""32_02_0009"",""32_02_0008"",""32_02_0008"",""32_02_0007"",""32_02_0007"",""32_02_0006"",""32_02_0005"",""32_02_0006"",""32_02_0005"",""32_02_0004"",""32_02_0004""]","[""Automne"",""Automne souterraine"",""Petit Morin"",""Petit Morin souterraine"",""Ourcq"",""Ourcq souterraine"",""Surmelin souterraine"",""Surmelin"",""Escaut"",""Somme"",""Escaut souterraine"",""Somme souterraine"",""Oise Amont - Sambre"",""Oise Amont - Sambre souterraine"",""Marne"",""Marne souterraine"",""Aisne Amont"",""Aisne Amont souterraine"",""Oise Moyenne - Ailette souterraine"",""Serre"",""Oise Moyenne - Ailette"",""Serre souterraine"",""Aisne Aval souterraine"",""Aisne Aval""]","[852,866,851,865,850,864,873,863,857,856,859,858,862,872,861,871,860,870,869,854,855,868,867,853]"
30569,ACD-83-DDTM/SEBIO/2025-65,2025-07-01,2025-07-01,abroge,,83,https://regleau.s3.gra.perf.cloud.ovh.net/arrete-cadre/30569/Arr%C3%83%C2%AAt%C3%83%C2%A9_Cadre_D%C3%83%C2%A9partemental_S%C3%83%C2%A9cheresse_2025_.pdf,"[16404,16401,16396,16397,16403,16391,16384,16393,16399,16385,16389,16402,16390,16387,16392,16383,16388,16400,16405,16394,16398,16386]","[""SUP"",""SOU"",""SOU"",""SOU"",""SOU"",""SOU"",""SOU"",""SOU"",""SOU"",""SOU"",""SOU"",""SUP"",""SUP"",""SUP"",""SUP"",""SUP"",""SUP"",""SOU"",""SUP"",""SUP"",""SUP"",""SOU""]","[""93_83_5"",""93_83_9"",""93_83_8"",""93_83_7"",""93_83_6"",""93_83_5"",""93_83_4"",""93_83_3"",""93_83_2"",""93_83_10"",""93_83_1"",""93_83_9"",""93_83_8"",""93_83_7"",""93_83_6"",""93_83_4"",""93_83_3"",""93_83_2"",""93_83_2"",""93_83_10"",""93_83_1"",""93_83_1""]","[""Fleuves côtiers Ouest"",""Siagne aval"",""Siagne amont"",""Huveaune amont"",""Gapeau"",""Fleuves côtiers Ouest"",""Durance"",""Arturby-Jabron"",""Zone Argens"",""Verdon"",""Arc amont"",""Siagne aval"",""Siagne amont"",""Huveaune amont"",""Gapeau"",""Durance"",""Arturby-Jabron"",""Nappe Giscle-Môle"",""Zone Argens"",""Verdon"",""Arc amont"",""Zone Nappe Alluviale Basse Vallée Argens""]","[3686,3684,3678,3680,3683,3672,3666,3675,3679,3667,3674,3685,3670,3673,3671,3665,3669,3682,3687,3677,3681,3668]"
30568,63-20251053,2025-07-02,null,publie,,63,https://regleau.s3.gra.perf.cloud.ovh.net/arrete-cadre/30568/20250630_Arrete_ACS.pdf,"[15955,15954,15948,15945,15957,15962,15946,15949,15952,15963,15958,15940,15942,15947,15961,15944,15956,15941,15938,15960,15959,15939,15943,15950,15951,15953,15964]","[""SOU"",""SOU"",""SOU"",""SOU"",""SOU"",""SUP"",""SUP"",""SUP"",""SUP"",""SUP"",""SUP"",""SOU"",""SOU"",""SUP"",""SUP"",""SUP"",""SUP"",""SOU"",""SOU"",""SUP"",""SOU"",""SOU"",""SUP"",""SUP"",""SOU"",""SOU"",""SUP""]",,"[""H - Volcanique Chaîne des Puys sud"",""B - Socle Combrailles"",""F - Socle Forez"",""E - Socle Dore amont"",""D - Socle Dore aval"",""14 - Alagnon"",""1 - Axe Allier"",""2 - Allier aval"",""3 - Morge"",""4 - Allier rive gauche moyen"",""9 - Ance"",""L - Volcanique Combrailles nord"",""A - Nappe Allier"",""7 - Dore aval"",""12 - Cher amont"",""6 - Allier rive droite"",""5 - Allier rive gauche amont"",""M - Volcanique Cézallier"",""G - Volcanique Chaîne des Puys nord"",""13 - Dordogne amont"",""J - Volcanique Dordogne amont"",""I - Volcanique Sancy"",""8 - Dore amont"",""10 - Sioule aval"",""K - Volcanique Combrailles ouest"",""C - Socle Cher amont"",""11 - Sioule amont""]","[3219,3218,3212,3209,3221,3226,3210,3214,3216,3227,3222,3204,3207,3211,3225,3208,3220,3205,3203,3224,3223,3202,3206,3213,3215,3217,3228]"
30585,ACD-83-DDTM/SEBIO/2025-65,2025-07-02,null,publie,,83,https://regleau.s3.gra.perf.cloud.ovh.net/arrete-cadre/30585/Arr%C3%83%C2%AAt%C3%83%C2%A9_Cadre_D%C3%83%C2%A9partemental_S%C3%83%C2%A9cheresse_2025_.pdf,"[16401,16387,16397,16394,16404,16384,16403,16398,16604,16396,16602,16393,16402,16389,16385,16392,16400,16388,16391,16603,16383,16390]","[""SOU"",""SUP"",""SOU"",""SUP"",""SUP"",""SOU"",""SOU"",""SUP"",""SOU"",""SOU"",""SUP"",""SOU"",""SUP"",""SOU"",""SOU"",""SUP"",""SOU"",""SUP"",""SOU"",""SOU"",""SUP"",""SUP""]","[""93_83_9"",""93_83_7"",""93_83_7"",""93_83_10"",""93_83_5"",""93_83_4"",""93_83_6"",""93_83_1"","""",""93_83_8"","""",""93_83_3"",""93_83_9"",""93_83_1"",""93_83_10"",""93_83_6"",""93_83_2"",""93_83_3"",""93_83_5"","""",""93_83_4"",""93_83_8""]","[""Siagne aval"",""Huveaune amont"",""Huveaune amont"",""Verdon"",""Fleuves côtiers Ouest"",""Durance"",""Gapeau"",""Arc amont"",""Argens"",""Siagne amont"",""Argens"",""Arturby-Jabron"",""Siagne aval"",""Arc amont"",""Verdon"",""Gapeau"",""Nappe Giscle-Môle"",""Arturby-Jabron"",""Fleuves côtiers Ouest"",""Nappe basse vallée de l''Argens"",""Durance"",""Siagne amont""]","[3684,3673,3680,3677,3686,3666,3683,3681,3837,3678,3836,3675,3685,3674,3667,3671,3682,3669,3672,3835,3665,3670]"
30626,DEAL-RN N°971-2025-07-07-00009,2025-07-07,null,publie,,971,https://regleau.s3.gra.perf.cloud.ovh.net/arrete-cadre/30626/Arr%C3%83%C2%AAt%C3%83%C2%A9%20n%C3%82%C2%B0971-2025-07-07-00009.pdf,"[16406,15180,15181,15179,15184,15185,15182,15183]","[""SOU"",""SOU"",""SUP"",""SUP"",""SUP"",""SUP"",""SUP"",""SUP""]","[""01_971_00006"",""01_971_00007"",""01_971_00003"",""01_971_00002"",""01_971_00005"",""01_971_00006"",""01_971_00004"",""01_971_00001""]","[""Grande-Terre - La Désirade"",""Marie-Galante"",""Côte-sous-le-vent Sud"",""Côte-sous-le-vent Centre"",""Côte-au-vent Nord"",""Grande-Terre - La Désirade"",""Côte-au-vent Sud - Les Saintes"",""Côte-sous-le-vent Nord""]","[3688,2443,2445,2444,2449,2447,2446,2448]"
30542,Arrêté n°DDTM/SEBF/2025-062,2025-07-08,null,publie,,27,https://regleau.s3.gra.perf.cloud.ovh.net/arrete-cadre/30542/20250707-ACS_+2025-62_sign%C3%83%C2%A9%2Bannexes.pdf,"[14702,14712,14691,14684,14683,14706,14710,14705,14699,14694,14700,14686,14708,14685,14689,14698,14703,14697,14690,14711,14707,14688,14687,14695,14709,14696,14704,14692,14701,14693]","[""SOU"",""SUP"",""SUP"",""SOU"",""SUP"",""SOU"",""SOU"",""SUP"",""SUP"",""SOU"",""SOU"",""SUP"",""SOU"",""SOU"",""SUP"",""SUP"",""SOU"",""SUP"",""SOU"",""SUP"",""SOU"",""SOU"",""SUP"",""SOU"",""SUP"",""SUP"",""SOU"",""SOU"",""SUP"",""SUP""]","[""28_27_0005"",""28_27_0005"",""28_27_0006"",""28_27_0006"",""28_27_0007"",""28_27_0012"",""28_27_0013"",""28_27_0013"",""28_27_0014"",""28_27_0014"",""28_27_0015"",""28_27_0015"",""28_27_0007"",""28_27_0001"",""28_27_0001"",""28_27_0002"",""28_27_0008"",""28_27_0008"",""28_27_0009"",""28_27_0009"",""28_27_0002"",""28_27_0003"",""28_27_0003"",""28_27_0004"",""28_27_0004"",""28_27_0010"",""28_27_0010"",""28_27_0011"",""28_27_0011"",""28_27_0012""]","[""EPTE"",""EPTE"",""ITON AVAL"",""ITON AVAL"",""OISON"",""ITON AMONT"",""EURE MOYENNE"",""EURE MOYENNE"",""EURE AVAL"",""EURE AVAL"",""MARAIS VERNIER"",""MARAIS VERNIER"",""OISON"",""ANDELLE"",""ANDELLE"",""AVRE AMONT"",""CALONNE"",""CALONNE"",""CHARENTONNE"",""CHARENTONNE"",""AVRE AMONT"",""AVRE AVAL"",""AVRE AVAL"",""AVRE MOYEN"",""AVRE MOYEN"",""RISLE AMONT"",""RISLE AMONT"",""RISLE AVAL"",""RISLE AVAL"",""ITON AMONT""]","[2025,2035,2014,2007,2006,2029,2033,2028,2022,2017,2023,2008,2031,2010,2012,2021,2026,2020,2013,2034,2030,2009,2011,2018,2032,2019,2027,2015,2024,2016]"
30574,26EBAEP-ModeleACiCharente,2025-07-10,2026-07-11,abroge,,17,https://regleau.s3.gra.perf.cloud.ovh.net/arrete-cadre/30574/AP%2026EB473%20Alerte%20AEP%20-%2010072026.pdf,"[12312,12341,12322,12332,12331,12311,12320,12338,12330,12310,12309,12340,12339,12321,12325,12342,12324,12319,12337,12318,12317,12347,12329,12328,12316,12336,12335,12315,12314,12334,12313,12333,12343,12326,12344,12327,12345,12346,12323]","[""SUP"",""SOU"",""SUP"",""SOU"",""SOU"",""SUP"",""SUP"",""SOU"",""SOU"",""SUP"",""SUP"",""SOU"",""SOU"",""SUP"",""SUP"",""SOU"",""SUP"",""SUP"",""SOU"",""SUP"",""SUP"",""SOU"",""SUP"",""SUP"",""SUP"",""SOU"",""SOU"",""SUP"",""SUP"",""SOU"",""SUP"",""SOU"",""SOU"",""SUP"",""SOU"",""SUP"",""SOU"",""SOU"",""SUP""]","[""75_17_11"",""75_17_5"",""75_17_4"",""75_17_11"",""75_17_10"",""75_17_10"",""75_17_2"",""75_17_2"",""75_17_1"",""75_17_1"",""75_17_0"",""75_17_4"",""75_17_3"",""75_17_3"",""75_17_62"",""75_17_61"",""75_17_61"",""75_17_18"",""75_17_17"",""75_17_17"",""75_17_16"",""75_17_9"",""75_17_9"",""75_17_8"",""75_17_15"",""75_17_15"",""75_17_14"",""75_17_14"",""75_17_13"",""75_17_13"",""75_17_12"",""75_17_12"",""75_17_62"",""75_17_63"",""75_17_63"",""75_17_7"",""75_17_7"",""75_17_8"",""75_17_5""]","[""Bassin de l'Arnoult"",""Bassin de l'Antenne-Rouzille"",""Bassin de la Boutonne aval et moyenne"",""Bassin de l'Arnoult"",""Bassin du Né"",""Bassin du Né"",""Bassin de la Géres-Devise"",""Bassin de la Géres-Devise"",""Bassin du Curé - Sèvre Niortaise"",""Bassin du Curé - Sèvre Niortaise"",""Hors ZRE"",""Bassin de la Boutonne aval et moyenne"",""Bassin Le Mignon"",""Bassin Le Mignon"",""Bassin de la Seudre moyenne"",""Bassin de la Seudre aval"",""Bassin de la Seudre aval"",""Marais Vendée"",""Marais Sèvre Niortaise"",""Marais Sèvre Niortaise"",""Marais Nord Aunis"",""Bassin de la Seugne"",""Bassin de la Seugne"",""Bassin de Charente-aval"",""Bassin du Bruant"",""Bassin du Bruant"",""Bassin de la Dronne aval"",""Bassin de la Dronne aval"",""Bassin d'Isle bassin aval (Lary-Palais)"",""Bassin d'Isle bassin aval (Lary-Palais)"",""Bassin des Fleuves côtiers de Gironde"",""Bassin des Fleuves côtiers de Gironde"",""Bassin de la Seudre moyenne"",""Bassin de la Seudre amont"",""Bassin de la Seudre amont"",""Bassin de l'Aume-Couture"",""Bassin de l'Aume-Couture"",""Bassin de Charente-aval"",""Bassin de l'Antenne-Rouzille""]","[1712,1728,1718,1722,1185,1178,1717,1727,1181,1176,1177,1188,1187,1339,1721,1729,1720,1338,1186,1337,1179,1703,1184,1183,1716,1726,1725,1715,1714,1724,1713,1723,1730,1698,1700,1182,1701,1702,1719]"
30563,76_20250710_ACS_V1,2025-07-10,null,publie,,76,https://regleau.s3.gra.perf.cloud.ovh.net/arrete-cadre/30563/76_20250710_ACS_V1_FormatNatif_AvecAnnexes.pdf,"[10961,10962,10978,10977,10979,10976,10975,10974,10973,10972,10971,10970,10980,10969,10968,10967,10966,10965,10964,10963]","[""SUP"",""SUP"",""SOU"",""SOU"",""SOU"",""SOU"",""SOU"",""SOU"",""SOU"",""SOU"",""SOU"",""SUP"",""SOU"",""SUP"",""SUP"",""SUP"",""SUP"",""SUP"",""SUP"",""SUP""]","[""28_76_0001"",""28_76_0002"",""28_76_0108"",""28_76_0107"",""28_76_0109"",""28_76_0106"",""28_76_0105"",""28_76_0104"",""28_76_0103"",""28_76_0102"",""28_76_0101"",""28_76_0010"",""28_76_0110"",""28_76_0009"",""28_76_0008"",""28_76_0007"",""28_76_0006"",""28_76_0005"",""28_76_0004"",""28_76_0003""]","[""BRESLE"",""YERES - AULNE"",""ANDELLE HORS ZONE 10 BRAY"",""CAILLY - AUBETTE - ROBEC - VALLEE DE LA SEINE"",""EPTE HORS ZONE 10 BRAY"",""AUSTRBERTHE - VAL DES NOYERS - VALLEE DE LA SEINE"",""ETRETAT - YPORT - POINTE DE CAUX - CAUX SEINE - COMMERCE - EMBOUCHURE SEINE"",""DURDENT - DUN - VEULES - VALMONT - GANZEVILLE"",""SAANE - VIENNE - SCIE - VARENNE - ARQUES"",""YERES - AULNE"",""BRESLE"",""BRAY"",""BRAY"",""EPTE HORS ZONE 10 BRAY"",""ANDELLE HORS ZONE 10 BRAY"",""CAILLY - AUBETTE - ROBEC - VALLEE DE LA SEINE"",""AUSTRBERTHE - VAL DES NOYERS - VALLEE DE LA SEINE"",""ETRETAT - YPORT - POINTE DE CAUX - CAUX SEINE - COMMERCE - EMBOUCHURE SEINE"",""DURDENT - DUN - VEULES - VALMONT - GANZEVILLE"",""SAANE - VIENNE - SCIE - VARENNE - ARQUES""]","[786,787,803,802,804,801,800,799,798,797,796,795,805,794,793,792,791,790,789,788]"
30578,ACS Est et Sud Loiret 2025-2027,2025-07-22,null,publie,,45,https://regleau.s3.gra.perf.cloud.ovh.net/arrete-cadre/30578/ACS_Est-Sud_Loiret_2025-2027.pdf,"[16549,11853,16551,11859,16562,11857,11856,16561,16565,16557,11844,16558,16547,16554,11851,11854,11848,11858,11842,16550,16553,16555,16552,11855,16559,16566,16564,11849,16560,16556,11841,11843,11845,11846,11852,11847,16563,11850]","[""SOU"",""SUP"",""SOU"",""SUP"",""SOU"",""SUP"",""SUP"",""SOU"",""SOU"",""SOU"",""SUP"",""SOU"",""SOU"",""SOU"",""SUP"",""SUP"",""SUP"",""SUP"",""SUP"",""SOU"",""SOU"",""SOU"",""SOU"",""SUP"",""SOU"",""SOU"",""SOU"",""SUP"",""SOU"",""SOU"",""SUP"",""SUP"",""SUP"",""SUP"",""SUP"",""SUP"",""SOU"",""SUP""]","["""",""24_45_24"","""",""24_45_30"","""",""24_45_28"",""24_45_27"","""","""","""",""24_45_15"","""","""","""",""24_45_22"",""24_45_25"",""24_45_19"",""24_45_29"",""24_45_13"","""","""","""","""",""24_45_26"","""","""","""",""24_45_20"","""","""",""24_45_12"",""24_45_14"",""24_45_16"",""24_45_17"",""24_45_23"",""24_45_18"","""",""24_45_21""]","[""Beuvron"",""Loiret-Dhuy"",""Loing amont"",""Trezee-Ousson"",""Clery"",""Ru de Pont Chevron"",""Ouanne"",""Loing aval"",""Betz"",""Trezee-Ousson"",""Aveyron"",""Loire amont"",""Avenelle-Ethelin"",""Aquiaulne"",""Loing aval"",""Milleron"",""Clery"",""Sange"",""Ardoux"",""Ouanne"",""Notreure"",""Cosson"",""Sange"",""Notreure"",""Ru de Pont Chevron"",""Milleron"",""Loiret-Dhuy"",""Cosson"",""Aveyron"",""Ardoux"",""Aquiaulne"",""Avenelle-Ethelin"",""Bec d''Able"",""Betz"",""Loire amont"",""Beuvron"",""Bec d''Able"",""Loing amont""]","[3786,997,3788,1001,3799,737,999,3798,3802,3794,990,3795,3785,3791,994,293,992,1336,732,3787,3790,3792,3789,998,3796,3803,3801,736,3797,3793,731,733,734,991,996,735,3800,993]"
30577,ACS Beauce loirétaine 2025-2027,2025-07-22,null,publie,,45,https://regleau.s3.gra.perf.cloud.ovh.net/arrete-cadre/30577/ACS_Beauce_2025-2027.pdf,"[11836,16548,11839,16545,11835,16546,11830,11832,11834,11840,11838,11837,11831,11833]","[""SUP"",""SOU"",""SUP"",""SOU"",""SUP"",""SOU"",""SUP"",""SUP"",""SUP"",""SUP"",""SUP"",""SUP"",""SUP"",""SUP""]","[""24_45_07"","""",""24_45_10"","""",""24_45_06"","""",""24_45_01"",""24_45_03"",""24_45_05"",""24_45_11"",""24_45_09"",""24_45_08"",""24_45_02"",""24_45_04""]","[""Loire-aval"",""Beauce Centrale"",""Solin"",""Fusain ESO"",""Juine"",""Montargois"",""Bezonde"",""Conie"",""Fusain"",""Vernisson"",""Puiseaux"",""Mauves"",""Bonnée"",""Essonne""]","[988,3784,283,3782,978,3783,975,987,977,989,274,730,986,976]"
30579,ACS zone d'alerte Loire,2025-07-22,null,publie,,45,https://regleau.s3.gra.perf.cloud.ovh.net/arrete-cadre/30579/ACS_Loire_2025-2027.pdf,16585,SUP,,La Loire,3818
30586,2025-DDTM-SE-148,2025-08-20,null,publie,,50,https://regleau.s3.gra.perf.cloud.ovh.net/arrete-cadre/30586/RAA%20sp%C3%83%C2%A9cial%2050-2025-059.pdf,"[11920,11919,11918,11917,11916,11912,11913,11914,11915,11910,11911,11909]","[""SOU"",""SOU"",""SOU"",""SOU"",""SOU"",""SUP"",""SUP"",""SUP"",""SOU"",""SUP"",""SUP"",""SUP""]","[""28_050_0106"",""28_050_0105"",""28_050_0104"",""28_050_0103"",""28_050_0102"",""28_050_0004"",""28_050_0005"",""28_050_0006"",""28_050_0101"",""28_050_0002"",""28_050_0003"",""28_050_0001""]","[""VI - Sélune - ESO"",""V - Sée - côtiers granvillais - ESO"",""IV - Sienne - Soulles - ESO"",""III - Vire - ESO"",""II - Douve - Taute - côtiers nord-est - ESO"",""IV - Sienne - Soulles - ESU"",""V - Sée - côtiers granvillais - ESU"",""VI - Sélune - ESU"",""I - Nord Cotentin - ESO"",""II - Douve - Taute - côtiers nord-est - ESU"",""III - Vire - ESU"",""I - Nord Cotentin - ESU""]","[1043,1042,1041,1040,1039,1035,1036,1037,1038,1033,1034,1032]"
30587,2022-0360-V4,2025-08-22,null,publie,,18,https://regleau.s3.gra.perf.cloud.ovh.net/arrete-cadre/30587/AP%20n%C3%82%C2%B00360%20-%20arr%C3%83%C2%AAt%C3%83%C2%A9%20cadre%20s%C3%83%C2%A9cheresse%20du%20Cher%20-%2011042022.pdf,"[9463,9460,9457,16605,16619,16611,16616,9464,9458,9461,16614,9462,16612,16607,16618,9466,16608,16617,16610,16613,16609,9459,9454,9465,9455,9453,16606,9456,9467,16615]","[""SUP"",""SUP"",""SUP"",""SOU"",""SOU"",""SOU"",""SOU"",""SUP"",""SUP"",""SUP"",""SOU"",""SUP"",""SOU"",""SOU"",""SOU"",""SUP"",""SOU"",""SOU"",""SOU"",""SOU"",""SOU"",""SUP"",""SUP"",""SUP"",""SUP"",""SUP"",""SOU"",""SUP"",""SUP"",""SOU""]","[""24_18_0011"",""24_18_0008"",""24_18_0005"","""","""","""","""",""24_18_0012"",""24_18_0006"",""24_18_0009"","""",""24_18_0010"","""","""","""",""24_18_0014"","""","""","""","""","""",""24_18_0007"",""24_18_0002"",""24_18_0013"",""24_18_0003"",""24_18_0001"","""",""24_18_0004"",""24_18_0015"",""""]","[""Bassin de la Petite Sauldre et de la Rère"",""Bassin de la Grande Sauldre et du Beuvron"",""Bassin du Cher"",""Bassin de l''Aubois"",""Bassin de la Loire et de ses affluents"",""Bassin de l''Indre amont"",""Bassin de l''Arnon aval"",""Bassin de la Théols"",""Bassin du Colin, de l'Ouatier et du Langis"",""Bassin de l'Indre amont"",""Bassin de la Vauvise"",""Bassin de la Loire et de ses affluents"",""Bassin de la Petite Sauldre et de la Rère"",""Bassin du Colin, de l''Ouatier et du Langis"",""Bassin de l''Yèvre aval"",""Bassin de l'Yèvre amont"",""Bassin du Cher"",""Bassin de l''Yèvre amont"",""Bassin de l''Arnon amont"",""Bassin de la Théols"",""Bassin de la Grande Sauldre et du Beuvron"",""Bassin du Fouzon"",""Bassin de l'Arnon aval"",""Bassin de la Vauvise"",""Bassin de l'Aubois"",""Bassin de l'Arnon amont"",""Bassin de l''Auron, de l''Airain et des Rampennes"",""Bassin de l'Auron, de l'Airain et des Rampennes"",""Bassin de l'Yèvre aval"",""Bassin du Fouzon""]","[1283,578,399,3839,3850,3845,3847,1284,400,1281,3853,1282,3851,3842,3849,1286,3841,3848,3844,3852,3843,1280,1279,1285,397,1278,3840,398,1287,3846]"
30621,Arrêté n°2025-796,2025-11-25,null,publie,,08,https://regleau.s3.gra.perf.cloud.ovh.net/arrete-cadre/30621/AP-cadre-2025-796_sign%C3%83%C2%A9_2025-25-11.pdf,"[9767,9765,9766,9768,9769,9771,9770]","[""SUP"",""SUP"",""SUP"",""SUP"",""SUP"",""SOU"",""SOU""]","[""3"",""1"",""2"",""4"",""5"",""2"",""1""]","[""Aisne Ardennaise"",""Meuse et Chiers"",""Oise"",""Affluents crayeux de l'Aisne aval"",""Aisne et Aire"",""Craie de Champagne Nord"",""Calcaires de l'Oxfordien des Ardennes""]","[582,579,581,583,584,586,585]"
30695,ACI 59-62 du 09-12-2025 VR,2025-12-10,null,publie,59,"[""59"",""62""]",https://regleau.s3.gra.perf.cloud.ovh.net/arrete-cadre/30695/ACI_59_62_09122025.pdf,"[11991,11974,11977,11984,11987,11965,11968,11972,11975,11986,11989,11964,11985,11982,11988,11990,11992,11983,11963,11971,11967,11966,11978,11970,11969,11976,11980,16668,11979,11981,16669,11973]","[""SOU"",""SOU"",""SOU"",""SUP"",""SOU"",""SUP"",""SUP"",""SOU"",""SOU"",""SOU"",""SOU"",""SUP"",""SUP"",""SUP"",""SOU"",""SOU"",""SOU"",""SUP"",""SUP"",""SOU"",""SUP"",""SUP"",""SOU"",""SUP"",""SUP"",""SOU"",""SUP"",""SOU"",""SUP"",""SUP"",""SUP"",""SOU""]","[""32_62_00006"",""32_59_00004"",""32_59_00007"",""32_62_00006"",""32_62_00002"",""32_59_00003"",""32_59_00006"",""32_59_00002"",""32_59_00005"",""32_62_00001"",""32_62_00004"",""32_59_00002"",""32_62_00007"",""32_62_00004"",""32_62_00003"",""32_62_00005"",""32_62_00007"",""32_62_00005"",""32_59_00001"",""32_59_00001"",""32_59_00005"",""32_59_00004"",""32_59_00008"",""32_59_00008"",""32_59_00007"",""32_59_00006"",""32_62_00002"","""",""32_62_00001"",""32_62_00003"","""",""32_59_00003""]","[""Bassins versants de la Marque et de la Deûle"",""Bassin versant de la Sambre"",""Bassins versants de la Marque et de la Deûle"",""Bassins versants de la Marque et de la Deûle"",""Bassin versant de la Canche"",""Bassin versant de la Lys"",""Bassins versants de l''Audomarois et du Delta de l''Aa"",""Bassin versant de l''Yser"",""Bassin versant de la Scarpe aval"",""Bassin versant de l’Authie"",""Bassins versants des fleuves côtiers du Boulonnais"",""Bassin versant de l''Yser"",""Bassins versants de la Scarpe amont et de la Sensée"",""Bassins versants des fleuves côtiers du Boulonnais"",""Bassin versant de la Lys"",""Bassins versants de l’Audomarois et du delta de l''Aa"",""Bassins versants de la Scarpe amont et de la Sensée"",""Bassins versants de l’Audomarois et du delta de l''Aa"",""Bassin versant de l''Escaut"",""Bassin versant de l''Escaut"",""Bassin versant de la Scarpe aval"",""Bassin versant de la Sambre"",""Bassins versants de la Scarpe amont et de la Sensée"",""Bassins versants de la Scarpe amont et de la Sensée"",""Bassins versants de la Marque et de la Deûle"",""Bassins versants de l''Audomarois et du Delta de l''Aa"",""Bassin versant de la Canche"",""Bassin versant de l''Escaut"",""Bassin versant de l’Authie"",""Bassin versant de la Lys"",""Bassin versant de l''Escaut"",""Bassin versant de la Lys""]","[1082,25,28,1075,1078,1065,1071,23,26,1077,1080,1064,1076,1073,1079,1081,1083,1074,1063,22,1070,1069,29,21,1072,27,31,3891,30,32,3892,24]"
30694,ACI 59-62 du 09-12-2025,2025-12-10,null,publie,59,"[""59"",""62""]",https://regleau.s3.gra.perf.cloud.ovh.net/arrete-cadre/30694/ACI_59_62_09122025.pdf,"[11980,16668,11979,11981,16669,11986,11989,11985,11982,11988,11991,11990,11992,11983,11987,11984,11977,11974,11976,11975,11964,11963,11966,11978,11970,11969,11971,11967,11973,11965,11968,11972]","[""SUP"",""SOU"",""SUP"",""SUP"",""SUP"",""SOU"",""SOU"",""SUP"",""SUP"",""SOU"",""SOU"",""SOU"",""SOU"",""SUP"",""SOU"",""SUP"",""SOU"",""SOU"",""SOU"",""SOU"",""SUP"",""SUP"",""SUP"",""SOU"",""SUP"",""SUP"",""SOU"",""SUP"",""SOU"",""SUP"",""SUP"",""SOU""]","[""32_62_00002"","""",""32_62_00001"",""32_62_00003"","""",""32_62_00001"",""32_62_00004"",""32_62_00007"",""32_62_00004"",""32_62_00003"",""32_62_00006"",""32_62_00005"",""32_62_00007"",""32_62_00005"",""32_62_00002"",""32_62_00006"",""32_59_00007"",""32_59_00004"",""32_59_00006"",""32_59_00005"",""32_59_00002"",""32_59_00001"",""32_59_00004"",""32_59_00008"",""32_59_00008"",""32_59_00007"",""32_59_00001"",""32_59_00005"",""32_59_00003"",""32_59_00003"",""32_59_00006"",""32_59_00002""]","[""Bassin versant de la Canche"",""Bassin versant de l''Escaut"",""Bassin versant de l’Authie"",""Bassin versant de la Lys"",""Bassin versant de l''Escaut"",""Bassin versant de l’Authie"",""Bassins versants des fleuves côtiers du Boulonnais"",""Bassins versants de la Scarpe amont et de la Sensée"",""Bassins versants des fleuves côtiers du Boulonnais"",""Bassin versant de la Lys"",""Bassins versants de la Marque et de la Deûle"",""Bassins versants de l’Audomarois et du delta de l''Aa"",""Bassins versants de la Scarpe amont et de la Sensée"",""Bassins versants de l’Audomarois et du delta de l''Aa"",""Bassin versant de la Canche"",""Bassins versants de la Marque et de la Deûle"",""Bassins versants de la Marque et de la Deûle"",""Bassin versant de la Sambre"",""Bassins versants de l''Audomarois et du Delta de l''Aa"",""Bassin versant de la Scarpe aval"",""Bassin versant de l''Yser"",""Bassin versant de l''Escaut"",""Bassin versant de la Sambre"",""Bassins versants de la Scarpe amont et de la Sensée"",""Bassins versants de la Scarpe amont et de la Sensée"",""Bassins versants de la Marque et de la Deûle"",""Bassin versant de l''Escaut"",""Bassin versant de la Scarpe aval"",""Bassin versant de la Lys"",""Bassin versant de la Lys"",""Bassins versants de l''Audomarois et du Delta de l''Aa"",""Bassin versant de l''Yser""]","[31,3891,30,32,3892,1077,1080,1076,1073,1079,1082,1081,1083,1074,1078,1075,28,25,27,26,1064,1063,1069,29,21,1072,22,1070,24,1065,1071,23]"
30660,Ain - AC 20260303,2026-03-03,null,publie,,01,https://regleau.s3.gra.perf.cloud.ovh.net/arrete-cadre/30660/20260303ACSdSansAnnexesSigneRaaAvecAnnexe_Compress.pdf,"[9373,9372,8792,8791,9371,9370,8790,8789,9369,8788,9368]","[""SOU"",""SOU"",""SUP"",""SUP"",""SOU"",""SOU"",""SUP"",""SUP"",""SOU"",""SUP"",""SOU""]","[""84_01_6"",""84_01_5"",""84_01_5"",""84_01_4"",""84_01_4"",""84_01_3"",""84_01_3"",""84_01_2"",""84_01_2"",""84_01_1"",""84_01_1""]","[""Pays de Gex"",""Dombes - Sud"",""Rivières du Haut-Rhône"",""Rivières de Dombes"",""Dombes - Certines - Nord"",""Plaine de l'Ain"",""Rivières du Bugey"",""Rivières de Bresse"",""Null"",""Saône Aval"",""Saône Aval""]","[1836,1835,375,374,70,69,373,372,68,1777,67]"
30693,2026/SEE/0071,2026-03-31,null,publie,,44,https://regleau.s3.gra.perf.cloud.ovh.net/arrete-cadre/30693/AP_S%C3%83%C2%A9cheresse%20cadre%20sign%C3%83%C2%A9.pdf,"[11744,11729,11735,11730,11742,11733,11741,16656,11734,11731,16657,11725,11726,11728,11732,11736,11743]","[""SOU"",""SUP"",""SUP"",""SUP"",""SOU"",""SUP"",""SOU"",""SUP"",""SUP"",""SUP"",""SUP"",""SUP"",""SUP"",""SUP"",""SUP"",""SUP"",""SOU""]","[""52_44_6c"",""52_44_3b"",""52_44_6a"",""52_44_3c"",""52_44_08"",""52_44_3f"",""52_44_07"","""",""52_44_5r"",""52_44_3d"","""",""52_44_01"",""52_44_02"",""52_44_3a"",""52_44_3e"",""52_44_6b"",""52_44_09""]","[""Nappe en relation avec le lac de Grand-Lieu\n(St Philbert et Chevrolière)"",""Zone 3b - Erdre Aval"",""Zone 6a -  Logne, Boulogne, Ognon, Grand-lieu"",""Zone 3c - Affluents Nord Loire"",""Nappe Nort-sur-Erdre"",""Zone 3f - Brière Brivet"",""Nappe Machecoul"",""Zone 3g - Boivre et haute perche"",""Zone 5b - Côtiers Bretons réalimenté"",""Zone 3d - Affluents Sud Loire"",""Zone 5a - Côtiers Bretons"",""Zone 1 - Vilaine"",""Zone 2 - Oudon"",""Bassin de l'Erdre Amont"",""Zone 3e - Loire"",""Zone 6b - Lac de Grand-Lieu"",""Nappes de Massérac, Saint-Gildas-des-Bois, Soulvache""]","[723,1333,950,1334,957,948,956,3889,949,1335,3890,1329,1330,1332,947,951,958]"
30765,DDT42_DT-25-0299_ARRETE-CADRE-SECHERESSE-LOIRE-26,2026-04-23,null,publie,,42,https://regleau.s3.gra.perf.cloud.ovh.net/arrete-cadre/30765/20260422_acs_modif_consolide_annexes_compresse.pdf,"[15205,15207,15204,15186,15202,15189,15195,15191,15197,15209,15192,15201,15208,15199,15198,15188,15194,15200,15203,15187,15193,15196,15190,15206]","[""SOU"",""SUP"",""SOU"",""SUP"",""SOU"",""SUP"",""SOU"",""SUP"",""SOU"",""SOU"",""SUP"",""SOU"",""SUP"",""SOU"",""SOU"",""SUP"",""SUP"",""SOU"",""SOU"",""SUP"",""SUP"",""SOU"",""SUP"",""SUP""]","[""82_42_0009a"",""82_42_0010"",""82_42_0010a"",""82_42_0011"",""82_42_0011a"",""82_42_0001"",""82_42_0001a"",""82_42_0002"",""82_42_0002a"",""82_42_0012a"",""82_42_0003"",""82_42_0003a"",""82_42_0012"",""82_42_0005a"",""82_42_0007a"",""82_42_0007"",""82_42_0008"",""82_42_0008a"",""82_42_0006a"",""82_42_0006"",""82_42_0005"",""82_42_0004a"",""82_42_0004"",""82_42_0009""]","[""Pilat SudSOU"",""Gier"",""GierSOU"",""Isable Aix"",""Isable AixSOU"",""Fleuve Loire amont"",""Fleuve Loire amontSOU"",""Sud Loire"",""Sud LoireSOU"",""Fleuve RhôneSOU"",""Fleuve Loire aval"",""Fleuve Loire avalSOU"",""Fleuve Rhône"",""Forez Lignon - VizezySOU"",""Rhins SorninSOU"",""Rhins Sornin"",""Monts du Lyonnais"",""Monts du LyonnaisSOU"",""Roannais AixSOU"",""Roannais Aix"",""Forez Lignon - Vizezy"",""Forez Ance - Mare - BonsonSOU"",""Forez Ance - Mare - Bonson"",""Pilat Sud""]","[2469,2471,2468,2450,2466,2453,2459,2455,2461,2473,2456,2465,2472,2463,2462,2452,2458,2464,2467,2451,2457,2460,2454,2470]"
30696,DDTM/SER/2026-117-0007,2026-04-28,2026-05-19,abroge,,66,https://regleau.s3.gra.perf.cloud.ovh.net/arrete-cadre/30696/2026-117-0007_compress.pdf,"[12064,12062,12070,12063,12072,12065,12066,12071,12069,12060,12067,12068,12061]","[""SUP"",""SUP"",""SOU"",""SUP"",""SOU"",""SUP"",""SUP"",""SOU"",""SOU"",""SUP"",""SOU"",""SOU"",""SUP""]","[""76_66_5"",""76_66_3"",""76_66_4"",""76_66_4"",""76_66_6"",""76_66_6"",""76_66_7"",""76_66_5"",""76_66_3"",""76_66_1"",""76_66_1"",""76_66_2"",""76_66_2""]","[""Tech - Albères"",""Aude amont"",""Nappes Aspres-Réart"",""Sègre - Carol"",""Nappes Têt"",""Têt amont"",""Têt aval"",""Nappes Tech"",""Nappes Salanque"",""Agly amont et affluents"",""Côte nord"",""Côte sud"",""Agly aval""]","[121,119,1877,120,1879,122,123,1878,1797,117,124,1796,118]"
30697,DDT53_ACS_27/04/2026,2026-05-01,null,publie,,53,https://regleau.s3.gra.perf.cloud.ovh.net/arrete-cadre/30697/AP_ACS_2026_SIGNE_20260427.pdf,"[15818,15822,15813,15816,15812,15819,15814,15820,15817,15815,15821,15823]","[""SUP"",""SOU"",""SUP"",""SOU"",""SUP"",""SOU"",""SUP"",""SOU"",""SUP"",""SUP"",""SOU"",""SOU""]","[""52_53_3"",""52_53_6"",""52_53_6"",""52_53_7"",""52_53_7"",""52_53_8"",""52_53_8"",""52_53_9"",""52_53_9"",""52_53_1"",""52_53_1"",""52_53_3""]","[""bassin Oudon"",""bassin Mayenne amont est"",""bassin Mayenne amont est"",""bassin Mayenne amont ouest"",""bassin Mayenne amont ouest"",""bassin Sarthe amont"",""bassin Sarthe amont"",""bassin Sarthe aval"",""bassin Sarthe aval"",""bassin Mayenne médiane et aval"",""bassin Mayenne médiane et aval"",""bassin Oudon""]","[3079,3086,3077,3082,3076,3083,3078,3085,3080,3081,3084,3087]"
30698,DDTM34-2026-04-16998,2026-05-01,null,publie,,34,https://regleau.s3.gra.perf.cloud.ovh.net/arrete-cadre/30698/AP_DDTM34-2026-04-16998_ACD_2026.pdf,"[16485,14857,14848,14861,14851,14846,14850,14847,14849,14855,14856,14854,14864,14865,14859,14853,14860,14852,14863,14862,14858]","[""SUP"",""SUP"",""SUP"",""SUP"",""SUP"",""SUP"",""SUP"",""SUP"",""SUP"",""SUP"",""SUP"",""SUP"",""SUP"",""SOU"",""SUP"",""SUP"",""SOU"",""SUP"",""SUP"",""SUP"",""SUP""]","["""",""76_34_0008"","""",""76_34_0001"",""76_34_0007"",""76_34_0002"",""76_34_0003"",""76_34_0004"",""76_34_0005"",""76_34_0006"",""76_34_0012"",""76_34_0019"",""76_34_0018"",""76_34_0017"",""76_34_0016"",""76_34_0015"",""76_34_0014"",""76_34_0013"",""76_34_0011"",""76_34_0010"",""76_34_0009""]","[""Zone karstique centre Hérault - Orb"",""Bassin versant de l''Orb de la Source à l’amont de la confluence avec le Jaur hors axe Orb soutenu"",""Axe Orb aval Réals"",""Bassin versant du Vidourle"",""Bassin versant de l’Hérault aval de la confluence avec la Lergue jusqu’à l’embouchure"",""Bassin versant de la lagune de l''étang de l''Or"",""Bassin versant du Lez et de la Mosson hors axe Lez soutenu"",""Axe Lez soutenu, de sa source à son embouchure"",""Bassin versant de l''Hérault amont de la confluence avec la Vis jusqu’à la confluence avec la Lergue"",""Bassin versant de la Lergue"",""Bassin versant de l''Agout"",""Bassin versant du Thoré amont"",""Canal du Midi"",""Molasses miocènes du bassin de Castries"",""Bassin versant de la Cesse"",""Bassin versant de l’Argent double et de l’Ognon"",""Nappe des sables de l''Astien"",""Bassin versant de l’Aude aval"",""Affluents de l'Orb de la confluence avec le Jaur jusqu'à l'embouchure"",""Bassin versant du Jaur"",""Axe Orb soutenu à l’aval du barrage des Monts d’Orb jusqu''à Réals""]","[3736,2110,2100,2114,2105,2099,2101,2102,2103,2104,2109,2108,2117,2118,2112,2107,2113,2106,2116,2115,2111]"
30784,RAA 39-2026-05-19-00001,2026-05-19,null,publie,,39,https://regleau.s3.gra.perf.cloud.ovh.net/arrete-cadre/30784/Arr%C3%83%C2%AAt%C3%83%C2%A9+Cadre+S%C3%83%C2%A9cheresse+-+n%C3%82%C2%B0+2026-05-05-001-+19+mai+2026.pdf,"[15088,15091,15089,15086,15092,15090,15093,15087]","[""SUP"",""SUP"",""SOU"",""SOU"",""SUP"",""SUP"",""SOU"",""SOU""]","[""27_39_0004"",""27_39_0001"",""27_39_0003"",""27_39_0004"",""27_39_0003"",""27_39_0002"",""27_39_0002"",""27_39_0001""]","[""Haute chaîne"",""Nord Jura"",""Plateau calcaire"",""Haute chaîne"",""Plateau calcaire"",""Seille"",""Seille"",""Nord Jura""]","[2339,2340,2345,2343,2341,2346,2342,2344]"
30699,DDTM/SER/2026-117-0007_modifié,2026-05-21,null,publie,,66,https://regleau.s3.gra.perf.cloud.ovh.net/arrete-cadre/30699/2026-117-0007_compress.pdf,"[12062,12070,12066,12065,12071,12061,12064,16671,12069,12068,12067,12063,12060,16670]","[""SUP"",""SOU"",""SUP"",""SUP"",""SOU"",""SUP"",""SUP"",""SOU"",""SOU"",""SOU"",""SOU"",""SUP"",""SUP"",""SOU""]","[""76_66_3"",""76_66_4"",""76_66_7"",""76_66_6"",""76_66_5"",""76_66_2"",""76_66_5"","""",""76_66_3"",""76_66_2"",""76_66_1"",""76_66_4"",""76_66_1"",""""]","[""Aude amont"",""Nappes Aspres-Réart"",""Têt aval"",""Têt amont"",""Nappes Tech"",""Agly aval"",""Tech - Albères"",""Nappes Têt aval"",""Nappes Salanque"",""Côte sud"",""Côte nord"",""Sègre - Carol"",""Agly amont et affluents"",""Nappes Têt amont""]","[119,1877,123,122,1878,118,121,3894,1797,1796,124,120,117,3893]"
30775,DDT/SEE/2026/0029,2026-05-28,null,publie,,89,https://regleau.s3.gra.perf.cloud.ovh.net/arrete-cadre/30775/APC_89.pdf,"[15537,15543,15539,15540,15532,16523,16534,16532,15542,16527,16530,15534,15533,16529,16531,16536,16535,15544,16533,16526,16525,16528,16675,16676,16524,15541,15535,15538,15536,15531]","[""SUP"",""SUP"",""SUP"",""SUP"",""SUP"",""SOU"",""SOU"",""SOU"",""SUP"",""SOU"",""SOU"",""SUP"",""SUP"",""SOU"",""SOU"",""SOU"",""SOU"",""SUP"",""SOU"",""SOU"",""SOU"",""SOU"",""SUP"",""SOU"",""SOU"",""SUP"",""SUP"",""SUP"",""SUP"",""SUP""]","[""26_89_0003"",""26_89_0015"",""26_89_0014"",""26_89_0013"",""26_89_0009"","""","""","""",""26_89_0008"","""","""",""26_89_0002"",""26_89_0001"","""","""","""","""",""26_89_0007"","""","""","""","""","""","""","""",""26_89_0012"",""26_89_0011"",""26_89_0006"",""26_89_0005"",""26_89_0004""]","[""Zone de gestion Seine Est"",""Zone de gestion Loing"",""Zone de gestion Nord Yonne"",""Zone de gestion Armançon Aval"",""Zone de gestion Cure"",""Zone de gestion Ouanne"",""Zone de gestion Seine"",""Zone de gestion Armançon Aval"",""Zone de gestion Tholon-Ravillon-Vrin-d''''Ocques"",""Zone de gestion Yonne Aval"",""Zone de gestion Tholon-Ravillon-;Vrin-d''''Ocques"",""Zone de gestion Vanne"",""Zone de gestion Cousin"",""Zone de gestion Cousin"",""Zone de gestion Seine Est"",""Zone de gestion Loing"",""Zone de gestion Cure"",""Zone de gestion Yonne Moyenne"",""Zone de gestion Nord Yonne"",""Zone de gestion Armançon Amont"",""Zone de gestion Vanne"",""Zone de gestion Yonne Moyenne"",""Zone de gestion de la Vrille"",""Zone de gestion de la Vrille"",""Zone de gestion Serein"",""Zone de gestion Seine"",""Zone de gestion Ouanne"",""Zone de gestion Yonne Aval"",""Zone de gestion Armançon Amont"",""Zone de gestion Serein""]","[2801,2807,2803,2804,2796,3760,3771,3769,2806,3766,3768,2798,2797,3763,3764,3773,3772,2808,3770,3765,3762,3767,3898,3899,3761,2805,2799,2802,2800,2795]"
30772,ACI Bassin du LOT E-2026-127 du 29/05/2026,2026-05-29,null,publie,46,"[""15"",""46"",""47"",""48"",""12"",""82"",""24""]",https://regleau.s3.gra.perf.cloud.ovh.net/arrete-cadre/30772/AP_E_2026_127_ACI_Lot_signe.pdf,"[15158,12113,12111,12110,12109,12108,12107,12106,12105,12104,12103,12102,12101,12100,12099,12098,12097,12096,12095,12094,12093,12092,15377,15437,15059,15046,15043,15050,15045,15034,15033,15057,15031,15047,15742,15753,15743,15728,15752,15741,15727,15800,15805,15809,15767,15787,15751,15794,15739,15797,15807,15804,15004,15005,14968,14978,14982,15024,15021,15017,14988,15015,14970,14993,14983,15012,15026,15003,12143,12112,15162,15161,15175,15166,15176,15168,15163,15173,15170,15164,15169,15157,15174,14831,14810,14840,14843,14830,14814,14821,14805,14845,14793,14819,14809,14812,14795,14794,14832,14823,14817,12130,12129,12128,12127,12126,12125,12124,12123,12122,12121,12120,12119,12118,12117,12116,12115,12114,12131,12132,12133,12134,12135,12136,12137,12138,12139,12140,12141,12142,12144]","[""SUP"",""SUP"",""SUP"",""SUP"",""SUP"",""SUP"",""SUP"",""SUP"",""SUP"",""SUP"",""SUP"",""SUP"",""SUP"",""SUP"",""SUP"",""SUP"",""SUP"",""SUP"",""SUP"",""SUP"",""SUP"",""SUP"",""SOU"",""SUP"",""SUP"",""SUP"",""SUP"",""SUP"",""SUP"",""SOU"",""SOU"",""SOU"",""SOU"",""SOU"",""SOU"",""SUP"",""SOU"",""SUP"",""SUP"",""SOU"",""SOU"",""SUP"",""SUP"",""SOU"",""SUP"",""SOU"",""SOU"",""SUP"",""SOU"",""SUP"",""SOU"",""SUP"",""SUP"",""SOU"",""SOU"",""SOU"",""SOU"",""SUP"",""SOU"",""SOU"",""SUP"",""SUP"",""SOU"",""SUP"",""SOU"",""SUP"",""SUP"",""SUP"",""SUP"",""SUP"",""SOU"",""SUP"",""SOU"",""SUP"",""SUP"",""SOU"",""SOU"",""SUP"",""SOU"",""SOU"",""SUP"",""SUP"",""SOU"",""SUP"",""SOU"",""SOU"",""SUP"",""SOU"",""SUP"",""SUP"",""SOU"",""SOU"",""SUP"",""SOU"",""SUP"",""SOU"",""SUP"",""SOU"",""SUP"",""SUP"",""SOU"",""SUP"",""SUP"",""SUP"",""SUP"",""SUP"",""SUP"",""SUP"",""SUP"",""SUP"",""SUP"",""SUP"",""SUP"",""SUP"",""SUP"",""SUP"",""SUP"",""SUP"",""SUP"",""SUP"",""SUP"",""SUP"",""SUP"",""SUP"",""SUP"",""SUP"",""SUP"",""SUP"",""SUP"",""SUP"",""SOU""]","[""84_15_0005"",""75_24_0022"",""75_24_0020"",""75_24_0019"",""75_24_0018"",""75_24_0017"",""75_24_0016"",""75_24_0015"",""75_24_0014"",""75_24_0013"",""75_24_0012"",""75_24_0011"",""75_24_0010"",""75_24_0009"",""75_24_0008"",""75_24_0007"",""75_24_0006"",""75_24_0005"",""75_24_0004"",""75_24_0003"",""75_24_0002"",""75_24_0001"",""76_82_1073"",""76_82_0073"",""76_48_0005"",""76_48_0004"",""76_48_0003"",""76_48_0002"",""76_48_0001"","""","""","""","""","""",""72_47_45"",""72_47_45"",""72_47_3"",""72_47_3"",""72_47_28"",""72_47_28"",""72_47_27"",""72_47_27"",""72_47_20"",""72_47_20"",""72_47_2"",""72_47_2"",""72_47_18"",""72_47_18"",""72_47_17"",""72_47_17"",""72_47_13"",""72_47_13"",""76_46_33"","""","""","""","""",""76_46_07"","""","""",""76_46_42"",""76_46_35"","""",""76_46_34"","""",""76_46_31"",""76_46_41"",""76_46_30"",""75_24_0053"",""75_24_0021"",""84_15_0013"",""84_15_0013"",""84_15_0012"",""84_15_0012"",""84_15_0010"",""84_15_0010"",""84_15_0005"",""84_15_0004"",""84_15_0004"",""84_15_0003"",""84_15_0003"",""84_15_0001"",""84_15_0001"",""76_12_0008"",""76_12_0008"",""76_12_0007"",""76_12_0007"",""76_12_0006"",""76_12_0006"",""76_12_0005"",""76_12_0005"",""76_12_0004"",""76_12_0004"",""76_12_0003b"",""76_12_0003b"",""76_12_0003a"",""76_12_0003a"",""76_12_0002"",""76_12_0002"",""76_12_0001"",""76_12_0001"",""75_24_0039"",""75_24_0038"",""75_24_0037"",""75_24_0036"",""75_24_0035"",""75_24_0034"",""75_24_0033"",""75_24_0032"",""75_24_0031"",""75_24_0030"",""75_24_0029"",""75_24_0028"",""75_24_0027"",""75_24_0026"",""75_24_0025"",""75_24_0024"",""75_24_0023"",""75_24_0040"",""75_24_0041"",""75_24_0042"",""75_24_0044"",""75_24_0045"",""75_24_0046"",""75_24_0047"",""75_24_0048"",""75_24_0049"",""75_24_0050"",""75_24_0051"",""75_24_0052"",""75_24_0054""]","[""Cele_hors_Veyre"",""Isle aval - Vern"",""Isle amont - Auvézère aval"",""Isle amont - Auvézère amont"",""Isle amont - Blâme"",""Dordogne amont - Nauze"",""Isle amont - Loue"",""Lizonne - Sauvanie"",""Dordogne aval - Eyraud"",""Dropt - Dropt amont"",""Dordogne aval - Couze-Couzeau"",""Dordogne amont - Borrèze"",""Dordogne aval - Estrop"",""Lizonne - Pude"",""Isle amont"",""Lizonne"",""Dropt - Dropt aval"",""Vézère - Beune"",""Isle - Isle moyenne"",""Dordogne aval - Lidoire"",""Lizonne - Belle"",""Dropt - Bournègue"",""Part - Zone 73 - LOT AFFLUENTS"",""Zone 73 - LOT AFFLUENTS"",""bassin du Bramont"",""bassin du Lot"",""cours d'eau Colagne"",""bassin de la Colagne"",""bassin de la Truyère"",""bassin de la Truyère (sout)"",""bassin du Lot (sout)"",""bassin du Bramont (sout)"",""cours d'eau Colagne (sout)"",""bassin de la Colagne (sout)"",""93_ZA47_bassin versant du Lot aval"",""93_ZA47_bassin versant du Lot aval"",""81_ZA47_bassin versant de la Lémance"",""81_ZA47_bassin versant de la Lémance"",""82_ZA47_bassin versant de la Thèze"",""82_ZA47_bassin versant de la Thèze"",""80_ZA47_bassin versant de la Lède"",""80_ZA47_bassin versant de la Lède"",""81_ZA47_La Lémance réalimentée"",""81_ZA47_La Lémance réalimentée"",""88_ZA47_bassin versant du Boudouyssou-Tancanne"",""88_ZA47_bassin versant du Boudouyssou-Tancanne"",""93_ZA47_Le Lot"",""93_ZA47_Le Lot"",""88_ZA47_Le Boudouyssou réalimenté"",""88_ZA47_Le Boudouyssou réalimenté"",""80_ZA47_La Lède aval réalimentée"",""80_ZA47_La Lède aval réalimentée"",""Les affluents du Lot"",""Les affluents du Lot"",""Le Célé"",""Les affluents de Célé"",""Le Vert Aval - La Masse"",""Le Vert Amont"",""Le Vers - La Rauze - La Sagne"",""Le Vert Amont"",""Les affluents du Célé"",""Le Célé"",""La rivière Lot"",""La rivière Lot"",""La Thèze"",""Le Vert Aval - La Masse"",""Le Vers - La Rauze - La Sagne"",""La Thèze"",""Lède"",""Lémance"",""Veyre"",""Veyre"",""Truyere-aval"",""Truyere-aval"",""Riviere_Lot"",""Riviere_Lot"",""Cele_hors_Veyre"",""Aubrac"",""Aubrac"",""Ander_Margeride"",""Ander_Margeride"",""Affluents_Lot"",""Affluents_Lot"",""Célé"",""Célé"",""Diège"",""Diège"",""Dourdou de Conques"",""Dourdou de Conques"",""Affluents du Lot domanial amont"",""Affluents du Lot domanial amont"",""Lot domanial amont"",""Lot domanial amont"",""Affluents rive droite Truyère"",""Affluents rive droite Truyère"",""Affluents rive gauche Truyère"",""Affluents rive gauche Truyère"",""Affluents du Lot amont"",""Affluents du Lot amont"",""Lot amont et Truyère"",""Lot amont et Truyère"",""Isle aval - Beauronne de Chancelade"",""Isle aval - Manoire"",""Dordogne aval - Gardonnette"",""Isle aval - Beauronne des Lèches"",""Vézère - Chironde - Coly"",""Dordogne aval - Caudeau"",""Charente amont - Tardoire"",""Isle aval - Beauronne de St-Vincent"",""Dordogne aval - Louyre"",""Dordogne aval - Conne"",""Dronne - Euche"",""Isle aval - Crempse"",""Vézère - Cern"",""Dropt - Banège"",""Dordogne amont"",""Dordogne aval - Gravouse Seignal"",""Dronne - Boulou"",""Dronne - Dronne aval"",""Charente amont - Bandiat"",""Dordogne amont - Énéa"",""Dordogne amont - Céou aval"",""Dordogne amont - Céou amont"",""Dordogne aval"",""Dordogne amont - Germaine"",""Dordogne amont - Tournefeuille"",""Dronne - Dronne amont"",""Dronne - Dronne Moyenne"",""Vézère"",""Dropt - Escourou"",""Grand Karst de La Rochefoucauld""]","[2422,1623,1601,1112,1622,1621,1111,1620,1619,1110,1618,1109,1617,1616,1107,1106,1105,1614,1612,1611,1610,1609,2642,2702,2312,2281,2305,2284,2306,2293,2296,2310,2292,2308,3003,3014,3004,2989,3013,3002,2988,3061,3069,3073,3028,3048,3012,3055,3000,3058,3072,3068,2223,2224,2231,2241,2245,2277,2274,2271,2257,2255,2233,2261,2246,2253,2279,2269,1649,1114,2426,2425,2439,2430,2440,2432,2427,2437,2434,2428,2433,2421,2438,2085,2063,2094,2096,2083,2067,2073,2058,2098,2051,2072,2062,2065,2052,2046,2084,2075,2069,1641,1639,1633,1631,1637,1636,1122,1634,1632,1625,1630,1628,1627,1626,1118,1117,1624,1125,1126,1644,1645,1127,1128,1129,1646,1130,1131,1647,1648,1650]"
30777,AP-Cadre-DDT-ERC-2026-001,2026-06-01,null,publie,,54,https://regleau.s3.gra.perf.cloud.ovh.net/arrete-cadre/30777/20260601_AP_DDT_ERC_2026_001%20-%20Copie-compressed.pdf,"[14721,14724,14722,14720,14725,14723]","[""SUP"",""SUP"",""SOU"",""SOU"",""SOU"",""SUP""]","[""2"",""1"",""6"",""5"",""4"",""3""]","[""Moselle aval, Orne, Nied et Seille - eaux superficielles"",""Meuse aval et Chiers - eaux superficielles"",""Moselle amont et Meurthe - eaux souterraines"",""Moselle aval, Orne, Nied et Seille - eaux souterraines"",""Meuse aval et Chiers - eaux souterraines"",""Moselle amont et Meurthe - eaux superficielles""]","[1941,1939,1937,1938,1936,1940]"
30776,ACD 88,2026-06-03,null,publie,,88,https://regleau.s3.gra.perf.cloud.ovh.net/arrete-cadre/30776/AP_2023_262_cadre.pdf,"[16672,16673,7339,7340]","[""SOU"",""SOU"",""SUP"",""SUP""]","["""","""",""44_88_01"",""44_88_02""]","[""Meuse amont et médiane partie du département 88"",""Moselle amont et Meurthe partie du département 88"",""Moselle amont et Meurthe partie du département 88"",""Meuse amont et médiane partie du département 88""]","[3895,3896,133,209]"
30781,DDTM-SAFEB-2026-003_CRISE1,2026-06-08,null,publie,,11,https://regleau.s3.gra.perf.cloud.ovh.net/arrete-cadre/30781/DDTM-SAFEB-2026-003_CADRE_SECHERESSE.pdf,"[16293,16294,16306,16310,16302,16299,16311,16303,16305,16309,16308,16301,16304,16736,16738,16728,16737,16735,16732,16739,16731,16734,16733,16740]","[""SOU"",""SOU"",""SUP"",""SUP"",""SUP"",""SUP"",""SUP"",""SUP"",""SUP"",""SUP"",""SUP"",""SUP"",""SUP"",""SOU"",""SOU"",""SOU"",""SOU"",""SOU"",""SOU"",""SOU"",""SOU"",""SOU"",""SOU"",""SOU""]","[""76_11_0020"",""76_11_0021"",""76_11_0022"",""76_11_0001"",""76_11_0002"",""76_11_0005"",""76_11_0006"",""76_11_0007"",""76_11_0009"",""76_11_0010"",""76_11_0011"",""76_11_0012"",""76_11_0013"","""","""","""","""","""","""","""","""","""","""",""""]","[""11. Nappe astienne"",""12. Nappes plioquaternaires du Roussillon"",""5. Secteur Berre et Rieu"",""3. Secteur Aude amont (hors axe réalimenté)"",""13. Bassin versant de l''Agly"",""4. Secteur Aude aval (hors axe réalimenté)"",""Secteur Argent-Double et affluents rive gauche de l?Aude sur ce secteur"",""Secteur Orbieu et affluents rive droite de l?Aude sur ce secteur"",""Secteur Orbiel et affluents rive gauche de l?Aude sur ce secteur"",""Secteur Cesse et affluents rive gauche de l?Aude sur ce secteur"",""1. Axe réalimenté Aude amont"",""2. Axe réalimenté Aude médiane et aval et canal du Midi, y compris ses annexes (canal de Jonction, canal de la Robine)"",""Bassin versant du Fresquel"",""7. Secteur Cesse et affluents rive gauche de l''Aude sur ce secteur"",""9. Secteur Orbiel et affluents rive gauche de l''Aude sur ce secteur"",""1. Axe réalimenté Aude amont"",""8. Secteur Argent-Double et affluents rive gauche de l’Aude sur ce secteur"",""6. Secteur Orbieu et affluents rive droite de l''Aude sur ce secteur"",""10. Bassin versant du Fresquel"",""5. Secteur Berre et Rieu"",""3. Secteur Aude amont (hors axe réalimenté)"",""4. Secteur Aude aval (hors axe réalimenté)"",""2. Axe réalimenté Aude médiane et aval et canal du Midi, y compris ses annexes (canal de Jonction, canal de la Robine)"",""13. Bassin versant de l''Agly""]","[3592,3593,3586,3589,3582,3579,3591,3583,3585,3590,3587,3581,3584,3953,3955,3964,3954,3952,3949,3956,3963,3951,3950,3957]"
30822,56-ACS-07,2026-06-08,null,publie,,56,https://regleau.s3.gra.perf.cloud.ovh.net/arrete-cadre/30822/20260608_ACS_56_vs_comprim.pdf,"[16175,16185,16186,16193,16191,16184,16190,16183,16189,16182,16181,16188,16680,16681,16192,16187,16174,16173,16180,16171,16194,16197,16179,16170,16178,16172,16176,16195,16196,16168]","[""SUP"",""SOU"",""SOU"",""SUP"",""SUP"",""SOU"",""SUP"",""SOU"",""SUP"",""SOU"",""SOU"",""SUP"",""SOU"",""SUP"",""SUP"",""SOU"",""SOU"",""SUP"",""SOU"",""SUP"",""SOU"",""SOU"",""SUP"",""SUP"",""SOU"",""SUP"",""SOU"",""SOU"",""SUP"",""SUP""]","[""53_56_13"",""53_56_13"",""53_56_14"",""53_56_12"",""53_56_14"",""53_56_12"",""53_56_11"",""53_56_11"",""53_56_10"",""53_56_10"",""53_56_09"",""53_56_09"","""","""",""53_56_15"",""53_56_15"",""53_56_01"",""53_56_08"",""53_56_08"",""53_56_07"",""53_56_07"",""53_56_06"",""53_56_06"",""53_56_05"",""53_56_05"",""53_56_03"",""53_56_03"",""53_56_02"",""53_56_02"",""53_56_01""]","[""Houat"",""Houat"",""Hoedic"",""Belle-Île-en-mer"",""Hoedic"",""Belle-Île-en-mer"",""Yvel"",""Yvel"",""Blavet rive gauche"",""Blavet rive gauche"",""Scorff"",""Scorff"",""Axe Vilaine"",""Axe Vilaine"",""Axe Blavet"",""Axe Blavet"",""Aff"",""Oust amont"",""Oust amont"",""Oust Aval"",""Oust Aval"",""Littoral"",""Littoral"",""Groix"",""Groix"",""Ellé"",""Ellé"",""Blavet rive droite"",""Blavet rive droite"",""Aff""]","[3439,3449,3450,3455,3456,3448,3454,3447,3453,3446,3445,3452,3902,3903,3457,3451,3440,3438,3444,3436,3459,3458,3435,3434,3443,3437,3441,3460,3461,3432]"
30780,DDTM-SAFEB-2026-003_CRISE2,2026-06-08,null,publie,,11,https://regleau.s3.gra.perf.cloud.ovh.net/arrete-cadre/30780/DDTM-SAFEB-2026-003_CADRE_SECHERESSE.pdf,"[16311,16299,16302,16310,16303,16305,16309,16308,16301,16304,16293,16294,16306,16739,16731,16734,16736,16733,16740,16732,16735,16737,16728,16738]","[""SUP"",""SUP"",""SUP"",""SUP"",""SUP"",""SUP"",""SUP"",""SUP"",""SUP"",""SUP"",""SOU"",""SOU"",""SUP"",""SOU"",""SOU"",""SOU"",""SOU"",""SOU"",""SOU"",""SOU"",""SOU"",""SOU"",""SOU"",""SOU""]","[""76_11_0006"",""76_11_0005"",""76_11_0002"",""76_11_0001"",""76_11_0007"",""76_11_0009"",""76_11_0010"",""76_11_0011"",""76_11_0012"",""76_11_0013"",""76_11_0020"",""76_11_0021"",""76_11_0022"","""","""","""","""","""","""","""","""","""","""",""""]","[""Secteur Argent-Double et affluents rive gauche de l?Aude sur ce secteur"",""4. Secteur Aude aval (hors axe réalimenté)"",""13. Bassin versant de l''Agly"",""3. Secteur Aude amont (hors axe réalimenté)"",""Secteur Orbieu et affluents rive droite de l?Aude sur ce secteur"",""Secteur Orbiel et affluents rive gauche de l?Aude sur ce secteur"",""Secteur Cesse et affluents rive gauche de l?Aude sur ce secteur"",""1. Axe réalimenté Aude amont"",""2. Axe réalimenté Aude médiane et aval et canal du Midi, y compris ses annexes (canal de Jonction, canal de la Robine)"",""Bassin versant du Fresquel"",""11. Nappe astienne"",""12. Nappes plioquaternaires du Roussillon"",""5. Secteur Berre et Rieu"",""5. Secteur Berre et Rieu"",""3. Secteur Aude amont (hors axe réalimenté)"",""4. Secteur Aude aval (hors axe réalimenté)"",""7. Secteur Cesse et affluents rive gauche de l''Aude sur ce secteur"",""2. Axe réalimenté Aude médiane et aval et canal du Midi, y compris ses annexes (canal de Jonction, canal de la Robine)"",""13. Bassin versant de l''Agly"",""10. Bassin versant du Fresquel"",""6. Secteur Orbieu et affluents rive droite de l''Aude sur ce secteur"",""8. Secteur Argent-Double et affluents rive gauche de l’Aude sur ce secteur"",""1. Axe réalimenté Aude amont"",""9. Secteur Orbiel et affluents rive gauche de l''Aude sur ce secteur""]","[3591,3579,3582,3589,3583,3585,3590,3587,3581,3584,3592,3593,3586,3956,3963,3951,3953,3950,3957,3949,3952,3954,3964,3955]"
30785,72-2026-06-09-00003 - Arrêté Cadre Sécheresse ,2026-06-09,null,publie,,72,https://regleau.s3.gra.perf.cloud.ovh.net/arrete-cadre/30785/20260609_arr%C3%83%C2%AAt%C3%83%C2%A9_cadre_s%C3%83%C2%A9cheresse_72_compresse.pdf,"[14886,14879,14882,14878,14876,14892,14870,14883,14875,14874,14885,14872,14884,14877,14887,14888,14881,14873,14880,14889,14866,14894,14869,14898,14893,14891,14867,14901,14895,14890,14868,14897,14899,14871,14896,14900]","[""SUP"",""SUP"",""SUP"",""SUP"",""SUP"",""SOU"",""SUP"",""SUP"",""SUP"",""SUP"",""SUP"",""SUP"",""SUP"",""SUP"",""SUP"",""SUP"",""SUP"",""SUP"",""SUP"",""SOU"",""SOU"",""SOU"",""SOU"",""SOU"",""SOU"",""SOU"",""SOU"",""SOU"",""SOU"",""SOU"",""SOU"",""SOU"",""SOU"",""SOU"",""SOU"",""SOU""]","[""1"",""11"",""9"",""8"",""12"","""",""13"",""14"",""15"",""16"",""17"",""10"",""18"",""2"",""3"",""4"",""5"",""6"",""7"","""","""","""","""","""","""","""","""","""","""","""","""","""","""","""","""",""""]","[""Sarthe amont"",""Huisne"",""Gée"",""Deux-Fonts"",""Vive Parence"",""Végre"",""Dué-Narais"",""Loir"",""Braye Anille"",""Veuve-Tusson"",""Aune"",""Vaige-Taude-Erve"",""Argance"",""Orne Saosnoise"",""Vaudelle-Merdereau-Orthe"",""Bienne"",""Sarthe aval"",""Végre"",""Affluents de la Sarthe Médiane"",""Braye Anille"",""Argance"",""Vive Parence"",""Vaudelle-Merdereau-Orthe"",""Affluents de la Sarthe Médiane"",""Veuve-Tusson"",""Vaige-Taude-Erve"",""Sarthe amont"",""Loir"",""Orne Saosnoise"",""Dué-Narais"",""Bienne"",""Huisne"",""Sarthe aval"",""Aune"",""Deux-Fonts"",""Gée""]","[2133,2127,2131,2126,2124,2140,2120,2130,2119,2123,2134,2121,2132,2125,2135,2136,2129,2122,2128,2137,2150,2142,2152,2146,2141,2139,2151,2148,2143,2138,2154,2145,2147,2153,2144,2149]"
30782,ACD31_10-06-2026,2026-06-11,null,publie,,31,https://regleau.s3.gra.perf.cloud.ovh.net/arrete-cadre/30782/ACD31_20260610_v2.pdf,"[15568,15558,15554,15553,15563,15555,15557,15564,15556,15560,15551,15562,15559,15567,15545,15561,15550,15552,15569,15570,15547,15566,15546,15565,15548,15549]","[""SUP"",""SUP"",""SUP"",""SUP"",""SUP"",""SUP"",""SUP"",""SUP"",""SUP"",""SUP"",""SUP"",""SUP"",""SUP"",""SUP"",""SUP"",""SUP"",""SUP"",""SUP"",""SUP"",""SUP"",""SUP"",""SUP"",""SUP"",""SUP"",""SUP"",""SUP""]","[""76_31_19"",""76_31_18"",""76_31_17"",""76_31_16"",""76_31_15"",""76_31_14"",""76_31_12"",""76_31_11"",""76_31_10"",""76_31_09"",""76_31_31"",""76_31_30"",""76_31_29"",""76_31_28"",""76_31_26"",""76_31_25"",""76_31_32"",""76_31_24"",""76_31_23"",""76_31_22"",""76_31_21"",""76_31_01"",""76_31_03"",""76_31_05"",""76_31_06"",""76_31_07""]","[""Aussonnelle"",""Touch amont"",""Garonne médiane"",""Garonne aval"",""Bassin du Volp"",""Bassin de l'Arize"",""Ariège"",""Hers-Vif"",""Lèze"",""Tescou"",""Secteur rive droite Garonne des petits cours d'eau non réalimentés non instrumentés"",""Secteur sud du département des petits cours d'eau non réalimentés non instrumentés"",""Système canal de Saint-Martory"",""Aussoue"",""Système Neste"",""Ruisseau de Maudan"",""Secteur rive gauche Garonne des petits cours d'eau non réalimentés non instrumentés"",""Bassin du Ger"",""Bassin de l'Arbas"",""Bassin du Salat"",""Garonne amont"",""Girou réalimenté"",""Hers-Mort"",""Saune"",""Bassin du Sor"",""Tarn""]","[2832,2822,2818,2817,2827,2819,2821,2828,2820,2824,2816,2826,2823,2831,2809,2825,2812,2813,2833,2834,2811,2830,2810,2829,2814,2815]"
30840,ACD06-084-15juin-2026,2026-06-15,null,publie,,06,https://regleau.s3.gra.perf.cloud.ovh.net/arrete-cadre/30840/2026_ACD_AR_AM_VFFFF_valid%C3%83%C2%A9_sign%C3%83%C2%A9.pdf,"[16750,16451,16755,16751,16752,16431,16434,16753,16432,16435,16444,16450,16452,16449,16447,16446,16441,16429,16438,16436,16426,16424,16433,16629,16631,16448,16443,16445,16754,16427,16425,16437]","[""SUP"",""SOU"",""SOU"",""SUP"",""SUP"",""SUP"",""SUP"",""SOU"",""SUP"",""SOU"",""SUP"",""SUP"",""SUP"",""SUP"",""SUP"",""SUP"",""SUP"",""SUP"",""SUP"",""SUP"",""SUP"",""SUP"",""SUP"",""SUP"",""SUP"",""SOU"",""SOU"",""SOU"",""SUP"",""SOU"",""SOU"",""SOU""]",,"[""Zone dépendant des bassins Cagne et Esteron"",""Bassin versant du Var amont"",""Bassin versant de la Roya aval"",""Bassin versant de la Roya aval"",""Bassin versant de la Roya amont"",""Zone dépendant des bassins Loup et Esteron"",""Zone dépendant des bassins Loup et Var aval"",""Bassin versant de la Roya amont"",""Zone dépendant des bassins Cagne et Loup"",""Bassin versant du Loup"",""Bassin versant de la Siagne amont"",""Zone dépendant des bassins Var Central et Estéron"",""Bassin versant du Var amont"",""Bassin versant du Var central"",""Bassin versant du Var aval"",""Zone dépendant des bassins de la Siagne aval, Siagne amont et Loup"",""Zone dépendant des bassins de la Siagne amont et  Loup"",""Bassin versant de l''Estéron"",""Bassin versant des Paillons"",""Bassin versant du Loup"",""Zone dépendant des bassins Brague et Var aval"",""Bassin versant de l''Artuby"",""Zone dépendant des bassins  Loup et Siagne amont"",""Saint Cassien"",""Saint Cassien"",""Bassin versant du Var central"",""Bassin versant de la Siagne amont"",""Bassin versant du Var aval"",""Zone dépendant des bassins Roya aval et Vésubie"",""Bassin versant de l''Estéron"",""Bassin versant de l''Artuby"",""Bassin versant des Paillons""]","[3983,3733,3988,3985,3984,3714,3716,3987,3711,3717,3726,3732,3734,3731,3729,3728,3724,3713,3720,3718,3708,3706,3715,3862,3860,3730,3725,3727,3986,3712,3707,3719]"
30819,41-2026-06-16-00003,2026-06-16,null,publie,,41,https://regleau.s3.gra.perf.cloud.ovh.net/arrete-cadre/30819/20260616_APcadreSecheresse+n%C3%82%C2%B041-2026-06-16-00003.pdf,"[15097,15099,15115,15121,15108,15098,15096,15101,15118,15094,15120,15111,16622,15116,15106,15103,15123,15117,15119,15109,15100,15122,15112,15114,15102,15095,15107,15113,15104,15110,15105]","[""SUP"",""SUP"",""SOU"",""SUP"",""SUP"",""SUP"",""SOU"",""SOU"",""SOU"",""SOU"",""SOU"",""SUP"",""SUP"",""SOU"",""SUP"",""SOU"",""SOU"",""SOU"",""SOU"",""SOU"",""SOU"",""SOU"",""SUP"",""SUP"",""SUP"",""SOU"",""SUP"",""SUP"",""SUP"",""SUP"",""SUP""]","[""24_41_0011"",""24_41_0013"",""24_41_0022"",""24_41_0014"",""24_41_0015"",""24_41_0012"",""24_41_0016"",""24_41_0017"",""24_41_0018"",""24_41_0030"",""24_41_0019"",""24_41_0004"","""",""24_41_0020"",""24_41_0005"",""24_41_0023"",""24_41_0024"",""24_41_0025"",""24_41_0026"",""24_41_0027"",""24_41_0028"",""24_41_0029"",""24_41_0001"",""24_41_0002"",""24_41_0003"",""24_41_0021"",""24_41_0006"",""24_41_0007"",""24_41_0008"",""24_41_0009"",""24_41_0010""]","[""Bassin du Loir amont"",""Bassin de la Masse"",""Bassin de la Cisse"",""Bassin des Mauves"",""Bassin de la Sauldre"",""Bassin du Loir aval"",""Affluents Loire amont"",""Aflluents Loire aval"",""Bassin de l'Aigre"",""Bassin de la Sauldre"",""Bassin du Beuvron"",""Bassin du Beuvron"",""AXE_LOIRE41"",""Bassin de la Brenne"",""Bassin de la Brenne"",""Bassin du Cosson"",""Bassin du Fouzon"",""Bassin de la Braye"",""Bassin du Loir amont"",""Bassin du Loir aval"",""Bassin de la Masse"",""Bassin des Mauves"",""Affluents Loire amont"",""Aflluents Loire aval"",""Bassin de l'Aigre"",""Bassin du Cher"",""Bassin du Cher"",""Bassin de la Cisse"",""Bassin du Cosson"",""Bassin du Fouzon"",""Bassin de La Braye""]","[2350,2352,2368,2374,2361,2351,2349,2354,2371,2347,2373,2364,3855,2369,2359,2356,2376,2370,2372,2362,2353,2375,2365,2367,2355,2348,2360,2366,2357,2363,2358]"
30820,Arrêté cadre sécheresse 2026,2026-06-19,null,publie,,22,https://regleau.s3.gra.perf.cloud.ovh.net/arrete-cadre/30820/2026-06-19_ACS-2026.pdf,"[10338,10337,10336,10335,10334,4607]","[""SUP"",""SUP"",""SUP"",""SUP"",""SUP"",""SOU""]","[""5"",""4"",""3"",""2"",""1"",""53_22_01""]","[""Zone est"",""Zone sud"",""Zone sud-ouest"",""Zone centre"",""Zone ouest"",""zone non couverte par l'arrêté cadre""]","[440,439,438,437,675,43]"
30828,ACI BV Dordogne n° DDT/SEER/2026-002,2026-06-23,2026-06-23,abroge,24,"[""23"",""63"",""33"",""16"",""15"",""47"",""24"",""87"",""46"",""19"",""17""]",https://regleau.s3.gra.perf.cloud.ovh.net/arrete-cadre/30828/20260623_ACI-BV-Dordogne_final_diffusion%20vigieau.pdf,"[12094,15159,15165,9152,9153,9154,9156,9157,9158,12314,12315,15150,15149,12122,12128,16713,12136,12126,12098,12096,12131,12115,12095,12123,12141,12140,12139,12138,12137,12135,12134,12133,12130,12116,12129,12127,12125,12121,12120,12119,12118,12114,12113,12111,12110,12109,12108,12107,12106,12105,12103,12102,12101,12100,12099,12093,16712,15677,15676,15705,15688,15700,15689,15703,15701,15694,15698,15675,15000,14991,15027,14989,15016,15010,14987,15018,15025,15014,15011,15013,14992,15002,15023,15719,15773,15960,15959,11826,11817,11818,11827,11828,11819,11820,11829,15172,15160,15167,15155,15171,15156]","[""SUP"",""SUP"",""SOU"",""SUP"",""SUP"",""SUP"",""SUP"",""SUP"",""SUP"",""SUP"",""SUP"",""SUP"",""SOU"",""SUP"",""SUP"",""SUP"",""SUP"",""SUP"",""SUP"",""SUP"",""SUP"",""SUP"",""SUP"",""SUP"",""SUP"",""SUP"",""SUP"",""SUP"",""SUP"",""SUP"",""SUP"",""SUP"",""SUP"",""SUP"",""SUP"",""SUP"",""SUP"",""SUP"",""SUP"",""SUP"",""SUP"",""SUP"",""SUP"",""SUP"",""SUP"",""SUP"",""SUP"",""SUP"",""SUP"",""SUP"",""SUP"",""SUP"",""SUP"",""SUP"",""SUP"",""SUP"",""SUP"",""SUP"",""SUP"",""SUP"",""SUP"",""SUP"",""SUP"",""SUP"",""SUP"",""SUP"",""SUP"",""SUP"",""SUP"",""SUP"",""SUP"",""SUP"",""SUP"",""SUP"",""SUP"",""SUP"",""SUP"",""SUP"",""SUP"",""SUP"",""SUP"",""SUP"",""SUP"",""SOU"",""SUP"",""SUP"",""SOU"",""SOU"",""SUP"",""SUP"",""SOU"",""SOU"",""SUP"",""SUP"",""SOU"",""SUP"",""SOU"",""SOU"",""SUP"",""SUP"",""SOU""]","[""75_24_0003"",""84_15_0011"",""84_15_0011"",""75_16_0009"",""75_16_0011"",""75_16_0012"",""75_16_0014"",""75_16_0015"",""75_16_0016"",""75_17_13"",""75_17_14"","""","""",""75_24_0031"",""75_24_0037"","""",""75_24_0046"",""75_24_0035"",""75_24_0007"",""75_24_0005"",""75_24_0040"",""75_24_0024"",""75_24_0004"",""75_24_0032"",""75_24_0051"",""75_24_0050"",""75_24_0049"",""75_24_0048"",""75_24_0047"",""75_24_0045"",""75_24_0044"",""75_24_0042"",""75_24_0039"",""75_24_0025"",""75_24_0038"",""75_24_0036"",""75_24_0034"",""75_24_0030"",""75_24_0029"",""75_24_0028"",""75_24_0027"",""75_24_0023"",""75_24_0022"",""75_24_0020"",""75_24_0019"",""75_24_0018"",""75_24_0017"",""75_24_0016"",""75_24_0015"",""75_24_0014"",""75_24_0012"",""75_24_0011"",""75_24_0010"",""75_24_0009"",""75_24_0008"",""75_24_0002"","""",""75_33_15"",""75_33_16"",""75_33_25"",""75_33_27"",""75_33_29"",""75_33_31"",""75_33_33"",""75_33_34"",""75_33_36"",""75_33_37"",""75_33_6"","""",""76_46_05"",""76_46_18"","""",""76_46_45"",""76_46_19"",""76_46_01"",""76_46_04"",""76_46_16"","""","""","""",""76_46_03"","""",""76_46_17"",""72_47_33"",""72_47_33"","""","""",""75_87_0006"",""75_87_0006"",""75_87_0007"",""75_87_0007"",""75_87_0008"",""75_87_0008"",""75_87_0009"",""75_87_0009"",""84_15_0006"",""84_15_0006"",""84_15_0008"",""84_15_0008"",""84_15_0009"",""84_15_0009""]","[""Dordogne aval - Lidoire"",""Sumene"",""Sumene"",""OUGC Isle-Dronne /  Zone d'alerte : L'Auzonne"",""OUGC Isle-Dronne /  Zone d'alerte : La Dronne"",""OUGC Isle-Dronne /  Zone d'alerte : La Lizonne"",""OUGC Isle-Dronne /  Zone d'alerte : La Tude"",""OUGC Isle-Dronne /  Zone d'alerte : Lary, Pousonne, Palais"",""OUGC Isle-Dronne /  Zone d'alerte : Le Voultron"",""Bassin d'Isle bassin aval (Lary-Palais)"",""Bassin de la Dronne aval"",""Dordogne"",""Dordogne"",""Dordogne aval - Louyre"",""Dordogne aval - Gardonnette"",""Isle amont - L''Isle entre Loue et Auvézère"",""Dordogne aval"",""Vézère - Chironde - Coly"",""Lizonne"",""Vézère - Beune"",""Dronne - Dronne aval"",""Dordogne aval - Gravouse Seignal"",""Isle - Isle moyenne"",""Isle aval - Beauronne de St-Vincent"",""Vézère"",""Dronne - Dronne Moyenne"",""Dronne - Dronne amont"",""Dordogne amont - Tournefeuille"",""Dordogne amont - Germaine"",""Dordogne amont - Céou amont"",""Dordogne amont - Céou aval"",""Dordogne amont - Énéa"",""Isle aval - Beauronne de Chancelade"",""Dordogne amont"",""Isle aval - Manoire"",""Isle aval - Beauronne des Lèches"",""Dordogne aval - Caudeau"",""Dordogne aval - Conne"",""Dronne - Euche"",""Isle aval - Crempse"",""Vézère - Cern"",""Dronne - Boulou"",""Isle aval - Vern"",""Isle amont - Auvézère aval"",""Isle amont - Auvézère amont"",""Isle amont - Blâme"",""Dordogne amont - Nauze"",""Isle amont - Loue"",""Lizonne - Sauvanie"",""Dordogne aval - Eyraud"",""Dordogne aval - Couze-Couzeau"",""Dordogne amont - Borrèze"",""Dordogne aval - Estrop"",""Lizonne - Pude"",""Isle amont"",""Lizonne - Belle"",""Vézère - Elle"",""ZA Dronne aval"",""ZA Isle aval"",""ZA Barbanne - Lavié - Palais"",""ZA Gravouse – Durèze - Soulège"",""ZA Gamage - Escouach"",""ZA Lidoire"",""ZA Isle aval confluence"",""ZA Dordogne aval"",""ZA Fongaband - Langrane"",""ZA Engranne - Canaudonne"",""ZA Saye – Meudon – Lary"",""Le Céou - Le Bléou - L'Ourajoux"",""La Sourdoire"",""La Melve"",""Les affluents de la Dordogne - Rive Gauche"",""La Germaine - La Marcillande - Le Lizabel"",""Le Tournefeuille"",""La Tourmente"",""Le Mamoul"",""La Bave"",""Les affluents de la Dordogne - Rive Droite"",""L'Alzou - Le ruisseau d'Aynac - L'Ouysse"",""Le Cère"",""La Borrèze"",""La riviere Dordogne"",""Le Tolerme"",""214_ZA47_bassin versant du Seignal"",""214_ZA47_bassin versant du Seignal"",""13 - Dordogne amont"",""J - Volcanique Dordogne amont"",""Bassin Dronne amont"",""Bassin Dronne amont"",""Bassin Isle amont"",""Bassin Isle amont"",""Bassin Auvézère"",""Bassin Auvézère"",""Bassin Vézère"",""Bassin Vézère"",""Cere"",""Cere"",""Maronne"",""Maronne"",""Rhue"",""Rhue""]","[1611,2423,2429,880,370,881,1378,1379,883,1714,1715,2414,2413,1632,1633,3935,1128,1637,1106,1614,1125,1117,1612,1634,1647,1131,1130,1646,1129,1127,1645,1644,1641,1118,1639,1631,1636,1625,1630,1628,1627,1624,1623,1601,1112,1622,1621,1111,1620,1619,1618,1109,1617,1616,1107,1610,3934,2941,2940,2969,2952,2964,2953,2967,2965,2958,2962,2939,2220,2260,2280,2258,2256,2251,2250,2272,2278,2267,2252,2254,2262,2222,2276,2980,3034,3224,3223,1502,1496,1497,1503,1504,1498,982,985,2436,2424,2431,2419,2435,2420]"
30831,ACI BV DORDOGNE N°DDT/SEER/2026-002,2026-06-24,null,publie,24,"[""47"",""19"",""17"",""63"",""33"",""16"",""15"",""24"",""87"",""46"",""23""]",https://regleau.s3.gra.perf.cloud.ovh.net/arrete-cadre/30831/20260623_ACI-BV-Dordogne_final_diffusion%20vigieau.pdf,"[12120,16683,16704,16696,16692,15149,15150,12136,12126,12098,12128,12094,16712,12130,12116,12129,12127,12125,12121,12133,12119,12118,12114,12113,12111,12110,12109,12108,12093,12107,12106,12105,12103,12102,12101,12096,12100,12099,15172,15160,15155,15167,15171,15156,15159,15165,9152,9153,9154,9156,9157,9158,12314,12315,16695,16682,16703,16698,16701,16700,16702,16711,16709,16691,16707,16705,16689,16697,16687,16694,16684,16686,16685,16693,16710,16699,16706,16708,15000,15773,15719,15960,15959,11826,11828,11820,16717,11817,16714,11829,11819,16716,16715,12134,12135,12137,12138,12139,12140,12141,12123,12095,12115,12131,16713,12122,15677,15676,15705,15688,15700,15689,15703,15701,15694,15698,15675,15027,15023,15002,14992,15013,15011,15014,15025,15018,14987,15010,15016,14989,14991]","[""SUP"",""SUP"",""SUP"",""SUP"",""SUP"",""SOU"",""SUP"",""SUP"",""SUP"",""SUP"",""SUP"",""SUP"",""SUP"",""SUP"",""SUP"",""SUP"",""SUP"",""SUP"",""SUP"",""SUP"",""SUP"",""SUP"",""SUP"",""SUP"",""SUP"",""SUP"",""SUP"",""SUP"",""SUP"",""SUP"",""SUP"",""SUP"",""SUP"",""SUP"",""SUP"",""SUP"",""SUP"",""SUP"",""SUP"",""SOU"",""SUP"",""SOU"",""SUP"",""SOU"",""SUP"",""SOU"",""SUP"",""SUP"",""SUP"",""SUP"",""SUP"",""SUP"",""SUP"",""SUP"",""SOU"",""SOU"",""SOU"",""SUP"",""SOU"",""SUP"",""SUP"",""SOU"",""SOU"",""SOU"",""SOU"",""SOU"",""SUP"",""SUP"",""SOU"",""SUP"",""SUP"",""SOU"",""SOU"",""SOU"",""SOU"",""SUP"",""SUP"",""SUP"",""SUP"",""SUP"",""SOU"",""SUP"",""SOU"",""SOU"",""SOU"",""SUP"",""SOU"",""SUP"",""SOU"",""SOU"",""SUP"",""SUP"",""SUP"",""SUP"",""SUP"",""SUP"",""SUP"",""SUP"",""SUP"",""SUP"",""SUP"",""SUP"",""SUP"",""SUP"",""SUP"",""SUP"",""SUP"",""SUP"",""SUP"",""SUP"",""SUP"",""SUP"",""SUP"",""SUP"",""SUP"",""SUP"",""SUP"",""SUP"",""SUP"",""SUP"",""SUP"",""SUP"",""SUP"",""SUP"",""SUP"",""SUP"",""SUP"",""SUP"",""SUP"",""SUP"",""SUP""]","[""75_24_0029"","""","""","""","""","""","""",""75_24_0046"",""75_24_0035"",""75_24_0007"",""75_24_0037"",""75_24_0003"","""",""75_24_0039"",""75_24_0025"",""75_24_0038"",""75_24_0036"",""75_24_0034"",""75_24_0030"",""75_24_0042"",""75_24_0028"",""75_24_0027"",""75_24_0023"",""75_24_0022"",""75_24_0020"",""75_24_0019"",""75_24_0018"",""75_24_0017"",""75_24_0002"",""75_24_0016"",""75_24_0015"",""75_24_0014"",""75_24_0012"",""75_24_0011"",""75_24_0010"",""75_24_0005"",""75_24_0009"",""75_24_0008"",""84_15_0006"",""84_15_0006"",""84_15_0008"",""84_15_0008"",""84_15_0009"",""84_15_0009"",""84_15_0011"",""84_15_0011"",""75_16_0009"",""75_16_0011"",""75_16_0012"",""75_16_0014"",""75_16_0015"",""75_16_0016"",""75_17_13"",""75_17_14"","""","""",""75_19_000001"","""","""","""",""75_19_000007"","""",""75_19_000003"","""","""","""",""75_19_000001"","""","""","""","""",""75_19_000007"",""75_19_000002"","""","""","""",""75_19_000002"",""75_19_000003"","""",""72_47_33"",""72_47_33"","""","""",""75_87_0006"",""75_87_0008"",""75_87_0009"",""75_87_0007"",""75_87_0006"","""",""75_87_0009"",""75_87_0008"",""75_87_0007"","""",""75_24_0044"",""75_24_0045"",""75_24_0047"",""75_24_0048"",""75_24_0049"",""75_24_0050"",""75_24_0051"",""75_24_0032"",""75_24_0004"",""75_24_0024"",""75_24_0040"","""",""75_24_0031"",""75_33_15"",""75_33_16"",""75_33_25"",""75_33_27"",""75_33_29"",""75_33_31"",""75_33_33"",""75_33_34"",""75_33_36"",""75_33_37"",""75_33_6"",""76_46_18"",""76_46_17"","""",""76_46_03"","""","""","""",""76_46_16"",""76_46_04"",""76_46_01"",""76_46_19"",""76_46_45"","""",""76_46_05""]","[""Dronne - Euche"",""zone Dordogne des grands barrages rive droite (19)"",""zone Logne"",""zone Dordogne karstique (19)"",""zone Couze"",""Dordogne"",""Dordogne"",""Dordogne aval"",""Vézère - Chironde - Coly"",""Lizonne"",""Dordogne aval - Gardonnette"",""Dordogne aval - Lidoire"",""Vézère - Elle"",""Isle aval - Beauronne de Chancelade"",""Dordogne amont"",""Isle aval - Manoire"",""Isle aval - Beauronne des Lèches"",""Dordogne aval - Caudeau"",""Dordogne aval - Conne"",""Dordogne amont - Énéa"",""Isle aval - Crempse"",""Vézère - Cern"",""Dronne - Boulou"",""Isle aval - Vern"",""Isle amont - Auvézère aval"",""Isle amont - Auvézère amont"",""Isle amont - Blâme"",""Dordogne amont - Nauze"",""Lizonne - Belle"",""Isle amont - Loue"",""Lizonne - Sauvanie"",""Dordogne aval - Eyraud"",""Dordogne aval - Couze-Couzeau"",""Dordogne amont - Borrèze"",""Dordogne aval - Estrop"",""Vézère - Beune"",""Lizonne - Pude"",""Isle amont"",""Cere"",""Cere"",""Maronne"",""Maronne"",""Rhue"",""Rhue"",""Sumene"",""Sumene"",""OUGC Isle-Dronne /  Zone d'alerte : L'Auzonne"",""OUGC Isle-Dronne /  Zone d'alerte : La Dronne"",""OUGC Isle-Dronne /  Zone d'alerte : La Lizonne"",""OUGC Isle-Dronne /  Zone d'alerte : La Tude"",""OUGC Isle-Dronne /  Zone d'alerte : Lary, Pousonne, Palais"",""OUGC Isle-Dronne /  Zone d'alerte : Le Voultron"",""Bassin d'Isle bassin aval (Lary-Palais)"",""Bassin de la Dronne aval"",""rivière Vézère (19)"",""zone Dordogne des grands barrages rive gauche (19)"",""zone Auvézère (19)"",""rivière Dordogne (19)"",""zone Couze"",""zone Vézère cristalline aval rive gauche"",""zone Vézère cristalline amont (19)"",""zone Elle (19)"",""zone Corrèze aval"",""zone Dordogne karstique (19)"",""zone Vézère cristalline aval rive gauche"",""zone Logne"",""zone Auvézère (19)"",""rivière Vézère (19)"",""rivière Dordogne (19)"",""zone Vézère cristalline aval rive droite"",""zone Dordogne des grands barrages rive gauche (19)"",""zone Vézère cristalline amont (19)"",""zone Corrèze amont"",""zone Dordogne des grands barrages rive droite (19)"",""zone Vézère cristalline aval rive droite"",""zone Elle (19)"",""zone Corrèze amont"",""zone Corrèze aval"",""Le Céou - Le Bléou - L'Ourajoux"",""214_ZA47_bassin versant du Seignal"",""214_ZA47_bassin versant du Seignal"",""13 - Dordogne amont"",""J - Volcanique Dordogne amont"",""Bassin Dronne amont"",""Bassin Auvézère"",""Bassin Vézère"",""Isle Amont"",""Bassin Dronne amont"",""Loue"",""Bassin Vézère"",""Bassin Auvézère"",""Isle Amont"",""Loue"",""Dordogne amont - Céou aval"",""Dordogne amont - Céou amont"",""Dordogne amont - Germaine"",""Dordogne amont - Tournefeuille"",""Dronne - Dronne amont"",""Dronne - Dronne Moyenne"",""Vézère"",""Isle aval - Beauronne de St-Vincent"",""Isle - Isle moyenne"",""Dordogne aval - Gravouse Seignal"",""Dronne - Dronne aval"",""Isle amont - L''Isle entre Loue et Auvézère"",""Dordogne aval - Louyre"",""ZA Dronne aval"",""ZA Isle aval"",""ZA Barbanne - Lavié - Palais"",""ZA Gravouse – Durèze - Soulège"",""ZA Gamage - Escouach"",""ZA Lidoire"",""ZA Isle aval confluence"",""ZA Dordogne aval"",""ZA Fongaband - Langrane"",""ZA Engranne - Canaudonne"",""ZA Saye – Meudon – Lary"",""La Melve"",""Le Tolerme"",""La riviere Dordogne"",""La Borrèze"",""Le Cère"",""L'Alzou - Le ruisseau d'Aynac - L'Ouysse"",""Les affluents de la Dordogne - Rive Droite"",""La Bave"",""Le Mamoul"",""La Tourmente"",""Le Tournefeuille"",""La Germaine - La Marcillande - Le Lizabel"",""Les affluents de la Dordogne - Rive Gauche"",""La Sourdoire""]","[1630,3906,3926,3919,3916,2413,2414,1128,1637,1106,1633,1611,3934,1641,1118,1639,1631,1636,1625,1644,1628,1627,1624,1623,1601,1112,1622,1621,1610,1111,1620,1619,1618,1109,1617,1614,1616,1107,2436,2424,2419,2431,2435,2420,2423,2429,880,370,881,1378,1379,883,1714,1715,3917,3905,3904,3921,3924,3922,3925,3933,3931,3915,3929,3927,3911,3920,3909,3918,3907,3908,3912,3910,3932,3923,3928,3930,2220,3034,2980,3224,3223,1502,1504,982,3939,1496,3936,985,1498,3938,3937,1645,1127,1129,1646,1130,1131,1647,1634,1612,1117,1125,3935,1632,2941,2940,2969,2952,2964,2953,2967,2965,2958,2962,2939,2280,2276,2222,2262,2254,2252,2267,2278,2272,2250,2251,2256,2258,2260]"
30834,2026-DDTM85-411,2026-06-24,null,publie,,85,https://regleau.s3.gra.perf.cloud.ovh.net/arrete-cadre/30834/ACS85_RAA.pdf,"[10571,10572,10573,10574,10581,10583,10591,16724]","[""SUP"",""SUP"",""SUP"",""SUP"",""SUP"",""SUP"",""SOU"",""SUP""]","[""52_85_000003"",""52_85_000004"",""52_85_000005"",""52_85_000006"",""52_85_000013"",""52_85_000015"",""52_85_0008"",""""]","[""Logne, Boulogne, Ognon et Grand Lieu"",""Côtiers Breton"",""Vie et Jaunay"",""Côtiers Vendéens"",""Marais Breton réalimenté"",""Yeu"",""Nappe de Socle"",""Vie Aval""]","[443,444,445,446,463,468,476,3948]"
30826,2026-DDT/SABE/EAU-N57,2026-06-25,null,publie,,57,https://regleau.s3.gra.perf.cloud.ovh.net/arrete-cadre/30826/20260624-+SABE-EAU-ACD_Secheresse_compressed_high.pdf,"[7328,4573,7325,7326,7327]","[""SUP"",""SOU"",""SUP"",""SUP"",""SUP""]","[""44_57_04"",""41_57_01"",""44_57_01"",""44_57_02"",""44_57_03""]","[""Sarre partie du département 57"",""zone non couverte par l'arrêté cadre"",""Moselle amont et Meurthe partie du département 57"",""Moselle aval, Orne, Nied et Seille partie du département 57"",""Lauter, Sauer, Moder et Zorn partie du département 57""]","[132,18,48,50,58]"
30835,DDT60 - 26/06/2026 - V1,2026-06-26,null,publie,,60,https://regleau.s3.gra.perf.cloud.ovh.net/arrete-cadre/30835/20260626_127_Arr%C3%83%C2%AAt%C3%83%C2%A9_cadre_s%C3%83%C2%A9cheresse.pdf,"[9975,9992,9991,9977,9990,9976,9989,9988,10002,10001,9987,9986,10000,9999,9985,9984,9998,9997,9983,9996,9982,9981,9995,9994,9980,9979,9993,9978]","[""SUP"",""SOU"",""SOU"",""SUP"",""SOU"",""SUP"",""SOU"",""SUP"",""SOU"",""SOU"",""SUP"",""SUP"",""SOU"",""SOU"",""SUP"",""SUP"",""SOU"",""SOU"",""SUP"",""SOU"",""SUP"",""SUP"",""SOU"",""SOU"",""SUP"",""SUP"",""SOU"",""SUP""]","[""32_60_0001"",""32_60_0004"",""32_60_0003"",""32_60_0003"",""32_60_0002"",""32_60_0002"",""32_60_0001"",""32_60_0014"",""32_60_0014"",""32_60_0013"",""32_60_0013"",""32_60_0012"",""32_60_0012"",""32_60_0011"",""32_60_0011"",""32_60_0010"",""32_60_0010"",""32_60_0009"",""32_60_0009"",""32_60_0008"",""32_60_0008"",""32_60_0007"",""32_60_0007"",""32_60_0006"",""32_60_0006"",""32_60_0005"",""32_60_0005"",""32_60_0004""]","[""bassin de l'Aronde"",""bassin de la Brêche"",""bassin de l'Avre, Noye, Trois-Doms et Haute-Somme"",""bassin de l'Avre, Noye, Trois-Doms et Haute-Somme"",""bassin de l'Automne"",""bassin de l'Automne"",""bassin de l'Aronde"",""bassin du Thérain"",""bassin du Thérain"",""bassin de l'Ourcq"",""bassin de l'Ourcq"",""bassin Oise-Aisne"",""bassin Oise-Aisne"",""bassin de la Nonette et Thève"",""bassin de la Nonette et Thève"",""bassin du Matz"",""bassin du Matz"",""bassin de l'Esches"",""bassin de l'Esches"",""bassin de l'Epte, Troesne et Viosne"",""bassin de l'Epte, Troesne et Viosne"",""bassin de la Divette et Verse"",""bassin de la Divette et Verse"",""bassin de la Celle et Evoisson"",""bassin de la Celle et Evoisson"",""bassin de la Brele"",""bassin de la Brele"",""bassin de la Brêche""]","[649,663,643,641,662,650,661,660,673,672,659,658,671,670,657,656,669,668,655,667,654,653,666,665,642,652,664,651]"
30848,2A-2026-07-06-00001,2026-07-06,null,publie,,2A,https://regleau.s3.gra.perf.cloud.ovh.net/arrete-cadre/30848/20260706_ART_Cadre_s%C3%83%C2%A9cheresse_2A.pdf,"[16774,16767,16775,16769,16770,16766,16773,16772,16765,16764,16771,16768]","[""SOU"",""SOU"",""SOU"",""SOU"",""SUP"",""SUP"",""SOU"",""SUP"",""SOU"",""SUP"",""SUP"",""SUP""]",,"[""Zone 5"",""Zone 2"",""Zone 4"",""Zone 3"",""Zone 5"",""Zone 2"",""Zone 6"",""Zone 6"",""Zone 1"",""Zone 1"",""Zone 4"",""Zone 3""]","[4005,3999,4003,4001,4004,3998,4007,4006,3997,3996,4002,4000]"
30838,affluents Garonne,2026-07-07,null,publie,,65,https://regleau.s3.gra.perf.cloud.ovh.net/arrete-cadre/30838/424-DDT-Arr%C3%83%C2%AAt%C3%83%C2%A9%20cadre%20interd%C3%83%C2%A9partemental%20sous%20bassin%20Garonne.pdf,"[15902,15919,15923,15912,15910,15901]","[""SOU"",""SUP"",""SOU"",""SUP"",""SUP"",""SOU""]","[""34"",""3"",""22"",""17"",""15"",""36""]","[""BV des affluents de la Garonne"",""BV Neste amont"",""BV Neste amont"",""BV de la Garonne"",""BV des affluents de la Garonne"",""BV de la Garonne""]","[3169,3182,3187,3176,3174,3168]"
30839,"ACI Adour du 07/08/2023, modifié",2026-07-08,null,publie,40,"[""32"",""40"",""65"",""64""]",https://regleau.s3.gra.perf.cloud.ovh.net/arrete-cadre/30839/recueil-40-2023-179-recueil-des-actes-administratifs-special.pdf,"[16039,16101,15975,15985,16029,16131,16079,16073,16148,16018,15996,16043,16046,16099,16078,16025,16130,16009,16071,16057,15972,16064,15982,15966,16033,16021,16066,16132,16067,16063,16126,16137,16032,16056,15977,16003,16002,15991,16019,15983,16150,16028,15968,16042,16106,16007,16000,15987,16129,15992,16037,16072,16136,16100,15997,16044,16121,16102,16105,16114,16023,15995,16070,16091,16147,16074,16027,16092,16020,16011,16069,16133,16061,16085,16115,16135,15980,16013,16093,16031,15969,15974,16141,16143,16134,16086,15971,16111,15984,16113,16138,16094,16116,16062,16118,16005,15978,16103,16075,16128,16659,16660,16658,16664,16667,16663,16666,14756,16665,16661,16662,14748,14755,14762,14749,14759,14734,14751,14745,14742,14757,14754,14731,14727,14752,14726,14739,14746,14780,14777,15915,15930,15933,15917,15921,15922,15924,15900,15903,15936,15935,15928,15918,15927,15929,15916,16124,16087,16036,16080,16047,16146,15989,15986,16097,16125,15994,15993,16127,16145,16048,16055,16014,16104,15979,16010,15999,15976,16119,16120,16068,16041,16081,16060,15965,16035,16012,16006,16017,16001,15599,15661,15606,15603,15662,15595,16059,15596,15588,15618,15628,15605,15586,15585,15635,15591,15597,15587,15614,16745,16748,16749,16742,16746,16741,16743,15970,15973,16049,16008,16045,15998,16108,16747,16744]","[""SOU"",""SUP"",""SOU"",""SUP"",""SOU"",""SUP"",""SUP"",""SOU"",""SUP"",""SOU"",""SUP"",""SOU"",""SOU"",""SUP"",""SOU"",""SUP"",""SUP"",""SOU"",""SUP"",""SOU"",""SUP"",""SOU"",""SUP"",""SOU"",""SOU"",""SUP"",""SOU"",""SUP"",""SOU"",""SUP"",""SOU"",""SUP"",""SOU"",""SUP"",""SUP"",""SOU"",""SUP"",""SOU"",""SOU"",""SUP"",""SOU"",""SUP"",""SOU"",""SUP"",""SOU"",""SUP"",""SUP"",""SOU"",""SOU"",""SUP"",""SOU"",""SUP"",""SOU"",""SUP"",""SOU"",""SUP"",""SOU"",""SUP"",""SUP"",""SOU"",""SUP"",""SOU"",""SOU"",""SUP"",""SUP"",""SOU"",""SUP"",""SOU"",""SOU"",""SUP"",""SOU"",""SUP"",""SUP"",""SOU"",""SOU"",""SUP"",""SUP"",""SOU"",""SOU"",""SUP"",""SUP"",""SOU"",""SUP"",""SOU"",""SUP"",""SOU"",""SOU"",""SUP"",""SOU"",""SUP"",""SUP"",""SOU"",""SOU"",""SUP"",""SOU"",""SUP"",""SOU"",""SUP"",""SOU"",""SUP"",""SUP"",""SUP"",""SUP"",""SUP"",""SUP"",""SUP"",""SUP"",""SOU"",""SUP"",""SOU"",""SUP"",""SUP"",""SOU"",""SUP"",""SOU"",""SUP"",""SUP"",""SOU"",""SUP"",""SOU"",""SOU"",""SUP"",""SUP"",""SOU"",""SOU"",""SUP"",""SOU"",""SUP"",""SUP"",""SOU"",""SUP"",""SUP"",""SUP"",""SUP"",""SOU"",""SOU"",""SOU"",""SOU"",""SOU"",""SOU"",""SOU"",""SOU"",""SUP"",""SUP"",""SUP"",""SUP"",""SOU"",""SUP"",""SOU"",""SUP"",""SUP"",""SOU"",""SUP"",""SOU"",""SUP"",""SOU"",""SUP"",""SOU"",""SOU"",""SUP"",""SOU"",""SUP"",""SOU"",""SUP"",""SOU"",""SUP"",""SUP"",""SOU"",""SOU"",""SUP"",""SOU"",""SUP"",""SUP"",""SOU"",""SOU"",""SUP"",""SUP"",""SOU"",""SOU"",""SUP"",""SOU"",""SOU"",""SOU"",""SUP"",""SOU"",""SOU"",""SOU"",""SOU"",""SOU"",""SOU"",""SOU"",""SUP"",""SOU"",""SOU"",""SUP"",""SUP"",""SOU"",""SOU"",""SOU"",""SUP"",""SUP"",""SUP"",""SUP"",""SUP"",""SUP"",""SUP"",""SUP"",""SUP"",""SOU"",""SOU"",""SUP"",""SOU"",""SUP"",""SUP"",""SUP""]","[""75_040_0029"",""75_040_0029"",""75_040_0030"",""75_040_0030"",""75_040_0031"",""75_040_0031"",""75_040_0032"",""75_040_0032"",""75_040_0033"",""75_040_0033"",""75_040_0034"",""75_040_0034"",""75_040_0035"",""75_040_0035"",""75_040_0036"",""75_040_0036"",""75_040_0039"",""75_040_0039"",""75_040_0040"",""75_040_0040"",""75_040_0041"",""75_040_0041"",""75_040_0042"",""75_040_0042"",""75_040_0043"",""75_040_0043"",""75_040_0044"",""75_040_0044"",""75_040_0048"",""75_040_0048"",""75_040_0050"",""75_040_0050"",""75_040_0052"",""75_040_0052"",""75_040_0055"",""75_040_0055"",""75_040_0056"",""75_040_0056"",""75_040_0057"",""75_040_0057"",""75_040_0058"",""75_040_0058"",""75_040_0059"",""75_040_0059"",""75_040_0060"",""75_040_0060"",""75_040_0061"",""75_040_0061"",""75_040_0062"",""75_040_0062"",""75_040_0063"",""75_040_0063"",""75_040_0064"",""75_040_0064"",""75_040_0065"",""75_040_0065"",""75_040_0068"",""75_040_0068"",""75_040_0069"",""75_040_0069"",""75_040_0070"",""75_040_0070"",""75_040_0071"",""75_040_0071"",""75_040_0072"",""75_040_0072"",""75_040_0073"",""75_040_0073"",""75_040_0074"",""75_040_0074"",""75_040_0076"",""75_040_0076"",""75_040_0078"",""75_040_0078"",""75_040_0079"",""75_040_0079"",""75_040_0080"",""75_040_0080"",""75_040_0081"",""75_040_0081"",""75_040_0082"",""75_040_0082"",""75_040_0083"",""75_040_0083"",""75_040_0084"",""75_040_0084"",""75_040_0085"",""75_040_0085"",""75_040_0088"",""75_040_0088"",""75_040_0089"",""75_040_0089"",""75_040_0090"",""75_040_0090"",""75_040_0091"",""75_040_0091"",""75_040_0092"",""75_040_0092"",""75_040_0093"",""75_040_0093"","""","""","""","""","""","""","""","""","""","""","""","""",""75_64_0008"",""75_64_0008"",""75_64_0009"",""75_64_0009"",""75_64_0010"",""75_64_0010"",""75_64_0011"",""75_64_0011"",""75_64_0013"",""75_64_0013"",""75_64_0014"",""75_64_0014"",""75_64_0015"",""75_64_0015"",""75_64_0016"",""75_64_0016"",""75_64_0025"",""75_64_0025"",""1"",""11"",""12"",""2"",""20"",""21"",""23"",""24"",""26"",""28"",""30"",""31"",""4"",""5"",""7"",""9"",""75_040_0023"",""75_040_0023"",""75_040_0021"",""75_040_0021"",""75_040_0020"",""75_040_0020"",""75_040_0019"",""75_040_0019"",""75_040_0018"",""75_040_0018"",""75_040_0017"",""75_040_0017"",""75_040_0016"",""75_040_0016"",""75_040_0015"",""75_040_0015"",""75_040_0014"",""75_040_0014"",""75_040_0013"",""75_040_0013"",""75_040_0010"",""75_040_0010"",""75_040_0009"",""75_040_0009"",""75_040_0008"",""75_040_0008"",""75_040_0004"",""75_040_0004"",""75_040_0003"",""75_040_0003"",""75_040_0002"",""75_040_0002"",""75_040_0001"",""75_040_0001"","""","""","""","""","""","""",""75_040_0024"","""","""","""","""","""","""","""","""","""","""","""","""","""","""","""","""","""","""","""",""75_040_0024"",""75_040_0026"",""75_040_0026"",""75_040_0027"",""75_040_0027"",""75_040_0028"",""75_040_0028"","""",""""]","[""Bassin de l''Adour (Adour2-40)"",""Bassin de l''Adour (Adour2-40)"",""Bassin de l''Adour (Adour3)"",""Bassin de l''Adour (Adour3)"",""Bassin de Mont de Marsan (MDM1-40)"",""Bassin de Mont de Marsan (MDM1-40)"",""Bassin du Retjons"",""Bassin du Retjons"",""Bassin de la Douze (Douze7)"",""Bassin de la Douze (Douze7)"",""Midou réalimenté Charros"",""Midou réalimenté Charros"",""Bassin de l''Adour (Adour4-b)"",""Bassin de l''Adour (Adour4-b)"",""Bassin de la Midouze à Tartas"",""Bassin de la Midouze à Tartas"",""Luy de Béarn réalimenté-40"",""Luy de Béarn réalimenté-40"",""Bassin de l’Adour à Pontonx"",""Bassin de l’Adour à Pontonx"",""Bassin de l''Estrigon2"",""Bassin de l''Estrigon2"",""Bassin de Mont de Marsan (MDM4-a)"",""Bassin de Mont de Marsan (MDM4-a)"",""Bassin de l''Estrigon3"",""Bassin de l''Estrigon3"",""Bassin de l''Estrigon1"",""Bassin de l''Estrigon1"",""Bassin de la Douze (Douze1-40)"",""Bassin de la Douze (Douze1-40)"",""Bassin Adour Bernède-40"",""Bassin Adour Bernède-40"",""Bassin du Lespontes"",""Bassin du Lespontes"",""Bassin des Luys de Bearn aval-40"",""Bassin des Luys de Bearn aval-40"",""Gabas réalimenté"",""Gabas réalimenté"",""Bassin du Gabas (Gabas3-40)"",""Bassin du Gabas (Gabas3-40)"",""Bassin du Bès1"",""Bassin du Bès1"",""Bassin du Bès2"",""Bassin du Bès2"",""Bassin de la Douze (Douze2-b-40)"",""Bassin de la Douze (Douze2-b-40)"",""Bassin du Gabas (Gabas1)"",""Bassin du Gabas (Gabas1)"",""Louts réalimenté Hagetmau"",""Louts réalimenté Hagetmau"",""Bassin de la Douze (Douze3-a-40)"",""Bassin de la Douze (Douze3-a-40)"",""Bassin de la Douze (Douze8)"",""Bassin de la Douze (Douze8)"",""Bassin du Louts (Louts1)"",""Bassin du Louts (Louts1)"",""Bassin du Bas"",""Bassin du Bas"",""Bassin de Mont de Marsan (MDM2)"",""Bassin de Mont de Marsan (MDM2)"",""Douze - Réalimentation Tailluret"",""Douze - Réalimentation Tailluret"",""Bassin du Grauche"",""Bassin du Grauche"",""Bassin des Luys (Luys1-c-40)"",""Bassin des Luys (Luys1-c-40)"",""Bassin de l''Adour (Adour5)"",""Bassin de l''Adour (Adour5)"",""Adour réalimenté Amont Saint-Vincent-de-Paul"",""Adour réalimenté Amont Saint-Vincent-de-Paul"",""Bassin de Campagne"",""Bassin de Campagne"",""Bassin du Geloux"",""Bassin du Geloux"",""Bassin des Luys1-f"",""Bassin des Luys1-f"",""Midou réalimenté Arthez"",""Midou réalimenté Arthez"",""Bassin des Luys1-d"",""Bassin des Luys1-d"",""Bassin du Louts (Louts3-40)"",""Bassin du Louts (Louts3-40)"",""Bassin des Luys1-e"",""Bassin des Luys1-e"",""Bassin de l’Adour à St Vincent de Paul"",""Bassin de l’Adour à St Vincent de Paul"",""Bassin des Luys1-b"",""Bassin des Luys1-b"",""Luy de France réalimenté-40"",""Luy de France réalimenté-40"",""Bassin des Luys1-a"",""Bassin des Luys1-a"",""Lees réalimenté Bernède-40"",""Lees réalimenté Bernède-40"",""Adour réalimenté et autres axes influencés Amont Audon"",""Adour réalimenté et autres axes influencés Amont Audon"",""Bassin Les Luys de France-40"",""Bassin Les Luys de France-40"",""Bassin de Batanes"",""Bassin de Batanes"",""Le Lées de Lembeye réalimenté"",""Le Luy du Béarn amont réalimenté"",""L''Aubin réalimenté"",""Le Luy du Béarn médian réalimenté"",""Le Luy du Béarn aval réalimenté"",""Le Lées de Garlin réalimenté"",""Le Lées de Poundets réalimenté"",""Bassin de l''Adour de transition"",""Le Luy de France réalimenté"",""Bassin du Larcis"",""Bassin du Larcis"",""Bassin de l''Adour de transition"",""Bassin de Louts"",""Bassin de Louts"",""Bassin des Lées"",""Bassin des Lées"",""Bassin du Louet"",""Bassin du Louet"",""Bassin de l''Adour amont"",""Bassin de l''Adour amont"",""Bassin du Gabas"",""Bassin du Gabas"",""Bassin du Luy de France"",""Bassin du Luy de France"",""Bassin du Luy de Béarn aval"",""Bassin du Luy de Béarn aval"",""Bassin du Luy de Béarn médian"",""Bassin du Luy de Béarn médian"",""Bassin du Luy de Béarn amont"",""Bassin du Luy de Béarn amont"",""BV du Gabas"",""BV du canal d'Alaric"",""BV affluents de l'Echez amont"",""BV de l'Adour"",""BV du Gabas"",""BV de l'Adour"",""BV de l'Arros et de l'Estéous"",""BV du Louet à l'amont confluence canal de Sombrun"",""BV des Lees"",""BV de l'Echez"",""BV du canal d'Alaric"",""BV affluents de l'Echez amont"",""BV de l'Arros et de l'Estéous"",""BV du Louet à l'amont confluence canal de Sombrun"",""BV des Lees"",""BV de l'Echez"",""Bassin de Mont de Marsan (MDM3-40)"",""Bassin de Mont de Marsan (MDM3-40)"",""Bassin de la Douze (Douze3-b)"",""Bassin de la Douze (Douze3-b)"",""Bassin des Luys de Bearn median-40"",""Bassin des Luys de Bearn median-40"",""Bassin de la Douze (Douze2-a-40)"",""Bassin de la Douze (Douze2-a-40)"",""Bassin Adour-transition AG7-40"",""Bassin Adour-transition AG7-40"",""Douze - Réalimentation Cazaubon"",""Douze - Réalimentation Cazaubon"",""Bassin de l’Adour à Dax"",""Bassin de l’Adour à Dax"",""Adour Aval non réalimenté"",""Adour Aval non réalimenté"",""Bassin de Mont de Marsan (MDM4-b-40)"",""Bassin de Mont de Marsan (MDM4-b-40)"",""Bas-Bahus réalimenté Miramont"",""Bas-Bahus réalimenté Miramont"",""Bassin du Bahus-40"",""Bassin du Bahus-40"",""Bassin du Gabas (Gabas2-40)"",""Bassin du Gabas (Gabas2-40)"",""Bassin du Louts (Louts2)"",""Bassin du Louts (Louts2)"",""Bassin de la Douze (Douze9)"",""Bassin de la Douze (Douze9)"",""Bassin de la Douze (Douze5)"",""Bassin de la Douze (Douze5)"",""Bassin de l''Adour (Adour4-a)"",""Bassin de l''Adour (Adour4-a)"",""Adour réalimenté Amont Lees"",""Adour réalimenté Amont Lees"",""Z1-222- 32 - Rivière L'Arros réalimenté"",""Z1-221-32 - Complexe Cassagnac - rivière Adour réalimentée"",""Z1-221-32 - Bassin versant de l'Adour non réalimenté"",""Rivière Douze réalimentée"",""Z1-222-32 - Rivière Estous Alaric 32 réalimenté - Adour réalimenté"",""Z1-146-32 - Rivière Les Lées non réalimenté"",""Bassin de la Douze (Douze6)"",""Z1-221-32 - Rivière Adour réalimenté"",""Z4-151-32 - Bassin versant du Midour non réalimenté"",""Z4-149-32 - Bassin versant de l'Estampon non réalimenté"",""Z1-221-32 - Rivière Adour réalimenté - Canal de Tarsaguet"",""Bassin versant du Midour non réalimenté"",""Z4-151-32 - Rivière Le Petit Midour réalimenté"",""Z4-151-32 - Rivière Midour réalimenté"",""Bassin versant de la Douze non réalimenté"",""Rivière les Lées réalimentées"",""Z4-150-32 - Rivière La Douze réalimenté"",""Z4-150-32- Bassin versant de la Douze non réalimenté"",""Z1-222-32 - Bassin versant de l'Arros non réalimenté"",""Rivière Midour réalimentée par Charros"",""Rivière Estéous - Canal d''Alaric"",""Complexe Cassagnac - La Barne réalimentée"",""Bassin versant de l''Adour non réalimenté"",""Rivière Adour et canaux associés"",""Rivière l''Arros réalimenté"",""Rivière Midour réalimentée"",""Bassin de la Douze (Douze6)"",""Bassin de la Douze (Douze4)"",""Bassin de la Douze (Douze4)"",""Bassin de l''Adour (Adour1-40)"",""Bassin de l''Adour (Adour1-40)"",""Bassin de Saint-Vincent des Gaves"",""Bassin de Saint-Vincent des Gaves"",""Bassin versant Adour Aire-Aval-Audon non réalimenté"",""Bassin versant des Lées non réalimentés""]","[3298,3364,3230,3240,3288,3395,3342,3336,3412,3273,3251,3302,3305,3362,3341,3284,3394,3264,3334,3319,3347,3327,3237,3281,3292,3279,3329,3396,3330,3326,3390,3401,3291,3318,3232,3258,3256,3246,3274,3238,3414,3287,3311,3301,3369,3262,3255,3242,3393,3247,3296,3335,3400,3363,3252,3303,3384,3365,3368,3377,3276,3250,3333,3354,3411,3337,3286,3355,3278,3266,3332,3397,3323,3350,3378,3399,3235,3268,3356,3290,3325,3229,3405,3407,3398,3349,3309,3374,3239,3376,3402,3357,3379,3324,3381,3259,3233,3366,3338,3392,3880,3881,3879,3885,3888,3884,3887,1950,3886,3882,3883,1946,1954,1960,1947,1957,1972,1949,1983,1980,1955,1953,1967,1965,1951,1964,1977,1984,2000,1997,3180,3195,3196,3181,3185,3186,3188,3164,3166,3198,3200,3191,3183,3192,3194,3178,3388,3385,3295,3343,3306,3410,3244,3241,3360,3389,3249,3248,3391,3409,3307,3317,3269,3367,3234,3265,3254,3231,3382,3383,3331,3300,3344,3322,3280,3294,3267,3261,3272,3257,2851,2913,2858,2856,2914,2847,3321,2849,2839,2871,2880,2854,2838,2837,2886,2843,2848,2840,2866,3970,3972,3973,3968,3974,3966,3967,3283,3310,3308,3263,3304,3253,3371,3971,3969]"
30849,ACI BV ARIEGE 10 juillet 2026 DDT-SER-2026-058 ,2026-07-10,null,publie,09,"[""09"",""11"",""31""]",https://regleau.s3.gra.perf.cloud.ovh.net/arrete-cadre/30849/20260710_ACI_secheresse_DDT-SER-2026-058.pdf,"[16336,16334,16345,16351,16341,16343,16333,16295,16298,16296,16725,16730,16339,16337,16342,16335,16340,16348,16350,16347,16346,16344,16332,16338,16349]","[""SUP"",""SUP"",""SUP"",""SUP"",""SUP"",""SUP"",""SUP"",""SOU"",""SUP"",""SUP"",""SOU"",""SOU"",""SOU"",""SUP"",""SUP"",""SUP"",""SUP"",""SUP"",""SOU"",""SUP"",""SUP"",""SUP"",""SUP"",""SOU"",""SUP""]","[""76_09_5.2"",""76_09_5.3"",""76_09_5.4"",""76_09_5.5"",""76_09_6"",""76_09_7"",""76_09_8"",""76_11_0019"",""76_11_0018"",""76_11_0003"","""","""",""76_09_9"",""76_09_1"",""76_09_2.1"",""76_09_2.2"",""76_09_3.1"",""76_09_3.2"",""76_09_4.1"",""76_09_4.1"",""76_09_4.2"",""76_09_4.3"",""76_09_4.4"",""76_09_5.1"",""76_09_5.1""]","[""Zone d''alerte n°5.2_L''Hers-vif non réalimenté et autres affluents"",""Zone d''alerte n°5.3_Le Contirou"",""Zone d''alerte n°5.4_Le Douctouyre"",""Zone d''alerte n°5.5_Le Touyre"",""Zone d''alerte n°6_Le Salat"",""Zone d''alerte n°7_Le Volp"",""Zone d''alerte n°8_L''aude (Donezan)"",""Nappe déconnectée de l''Hers-Vif"",""14. Hers-Vif réalimenté"",""15. Hers-Vif non réalimenté et autres affluents"",""15. Hers-Vif non réalimenté et autres affluents"",""14. Hers-Vif réalimenté"",""Zone d''alerte n°9_Nappe_alluviale_déconnectée"",""Zone d''alerte n°1_Arize (non réalimenté)"",""Zone d''alerte n°2.1_Arize réalimenté amont"",""Zone d''alerte n°2.2_Arize réalimenté aval"",""Zone d''alerte n°3.1_La Lèze réalimentée"",""Zone d''alerte n°3.2_Les affluents de la Lèze"",""zone d''alerte n°4.1_Nappe d''accompagnement (connectée) de l''Ariège en aval de Foix"",""Zone d''alerte n°4.1_L''Ariège réalimentée en aval de Foix"",""Zone d''alerte n°4.2_L''Ariège amont et ses affluents"",""Zone d''alerte n°4.3_Les affluents de l''Ariège aval"",""Zone d''alerte n°4.4_Le Sios"",""zone d''alerte n°5.1_Nappe d''accompagnement (connectée) de l''Hers-Vif réalimenté\n"",""Zone d''alerte n°5.1_L''Hers-vif réalimenté""]","[3620,3633,3625,3632,3616,3618,3631,3578,3577,3575,3958,3962,3614,3623,3617,3622,3615,3628,3630,3627,3626,3619,3624,3621,3629]"
30844,Arrêté-cadre AEP,2026-07-11,null,publie,,17,https://regleau.s3.gra.perf.cloud.ovh.net/arrete-cadre/30844/Modele%20restrictions%20Arrete%20cadre%20Charente.pdf,"[12312,12342,12341,12323,12322,12340,12321,12339,12338,12320,12319,12337,12318,12317,12316,12336,12335,12315,12334,12314,12313,12333,12332,12331,12311,12310,12330,16762,16759,16761,16758,16763,16760,12325,12343,12326,12344,12345,12327,12329,12328,12346,12347,12324]","[""SUP"",""SOU"",""SOU"",""SUP"",""SUP"",""SOU"",""SUP"",""SOU"",""SOU"",""SUP"",""SUP"",""SOU"",""SUP"",""SUP"",""SUP"",""SOU"",""SOU"",""SUP"",""SOU"",""SUP"",""SUP"",""SOU"",""SOU"",""SOU"",""SUP"",""SUP"",""SOU"",""SUP"",""SUP"",""SOU"",""SOU"",""SOU"",""SUP"",""SUP"",""SOU"",""SUP"",""SOU"",""SOU"",""SUP"",""SUP"",""SUP"",""SOU"",""SOU"",""SUP""]","[""75_17_11"",""75_17_61"",""75_17_5"",""75_17_5"",""75_17_4"",""75_17_4"",""75_17_3"",""75_17_3"",""75_17_2"",""75_17_2"",""75_17_18"",""75_17_17"",""75_17_17"",""75_17_16"",""75_17_15"",""75_17_15"",""75_17_14"",""75_17_14"",""75_17_13"",""75_17_13"",""75_17_12"",""75_17_12"",""75_17_11"",""75_17_10"",""75_17_10"",""75_17_1"",""75_17_1"","""","""","""","""","""","""",""75_17_62"",""75_17_62"",""75_17_63"",""75_17_63"",""75_17_7"",""75_17_7"",""75_17_9"",""75_17_8"",""75_17_8"",""75_17_9"",""75_17_61""]","[""Bassin de l'Arnoult"",""Bassin de la Seudre aval"",""Bassin de l'Antenne-Rouzille"",""Bassin de l'Antenne-Rouzille"",""Bassin de la Boutonne aval et moyenne"",""Bassin de la Boutonne aval et moyenne"",""Bassin Le Mignon"",""Bassin Le Mignon"",""Bassin de la Géres-Devise"",""Bassin de la Géres-Devise"",""Marais Vendée"",""Marais Sèvre Niortaise"",""Marais Sèvre Niortaise"",""Marais Nord Aunis"",""Bassin du Bruant"",""Bassin du Bruant"",""Bassin de la Dronne aval"",""Bassin de la Dronne aval"",""Bassin d'Isle bassin aval (Lary-Palais)"",""Bassin d'Isle bassin aval (Lary-Palais)"",""Bassin des Fleuves côtiers de Gironde"",""Bassin des Fleuves côtiers de Gironde"",""Bassin de l'Arnoult"",""Bassin du Né"",""Bassin du Né"",""Bassin du Curé - Sèvre Niortaise"",""Bassin du Curé - Sèvre Niortaise"",""Ile de Ré"",""Bassin de la Livenne"",""Ile de Ré"",""Bassin de la Livenne"",""Ile d''Oléron"",""Ile d''Oléron"",""Bassin de la Seudre moyenne"",""Bassin de la Seudre moyenne"",""Bassin de la Seudre amont"",""Bassin de la Seudre amont"",""Bassin de l'Aume-Couture"",""Bassin de l'Aume-Couture"",""Bassin de la Seugne"",""Bassin de Charente-aval"",""Bassin de Charente-aval"",""Bassin de la Seugne"",""Bassin de la Seudre aval""]","[1712,1729,1728,1719,1718,1188,1339,1187,1727,1717,1338,1186,1337,1179,1716,1726,1725,1715,1724,1714,1713,1723,1722,1185,1178,1176,1181,3994,3991,3993,3990,3995,3992,1721,1730,1698,1700,1701,1182,1184,1183,1702,1703,1720]"
30847,58-2026-07-15-00004,2026-07-17,null,publie,,58,https://regleau.s3.gra.perf.cloud.ovh.net/arrete-cadre/30847/ACS_15juillet2026_en_vigueur_compresse.pdf,"[15126,15129,15133,15130,15139,15132,15125,15127,15138,15134,15131,15124,15128,15136,15135,15137]","[""SUP"",""SUP"",""SUP"",""SUP"",""SUP"",""SUP"",""SUP"",""SUP"",""SUP"",""SUP"",""SUP"",""SUP"",""SUP"",""SUP"",""SUP"",""SUP""]","[""26_58_238"",""26_58_260"",""26_58_012"",""26_58_291"",""26_58_063"",""26_58_065"",""26_58_109"",""26_58_131"",""26_58_145"",""26_58_059"",""26_58_225"",""26_58_013"",""26_58_014"",""26_58_015"",""26_58_037"",""26_58_058""]","[""LOIRE amont"",""ACOLIN - COLATRE"",""VRILLE"",""IXEURE - CANNE"",""YONNE amont"",""ARON vallée"",""NOHAIN - MAZOU"",""NIEVRE"",""YONNE aval"",""LOIRE aval"",""ALLIER"",""ALENE - CRESSONNE"",""DRAGNE"",""BEUVRON"",""CHALAUX - CURE"",""SAUZAY""]","[2378,2382,2386,2383,2392,2385,2379,2380,2391,2387,2384,2377,2381,2389,2388,2390]"
30850,Adour-Arros-AR+,2026-08-05,null,publie,65,"[""65"",""32""]",https://regleau.s3.gra.perf.cloud.ovh.net/arrete-cadre/30850/eaaf896c-1a35-40f7-8291-294df902c524/restriction-adour-AR%2B.pdf,"[15628,15596,15662,15606,15599,16741,16746,16742,16749,15922,15917,15930,15936,15935,16748,15916,16747,15614]","[""SOU"",""SOU"",""SOU"",""SOU"",""SOU"",""SUP"",""SUP"",""SUP"",""SUP"",""SOU"",""SUP"",""SUP"",""SOU"",""SOU"",""SUP"",""SUP"",""SUP"",""SOU""]","["""","""","""","""","""","""","""","""","""",""21"",""2"",""11"",""28"",""30"","""",""9"","""",""""]","[""Z1-221-32 - Rivière Adour réalimenté - Canal de Tarsaguet"",""Z1-221-32 - Rivière Adour réalimenté"",""Z1-222-32 - Rivière Estous Alaric 32 réalimenté - Adour réalimenté"",""Z1-221-32 - Bassin versant de l'Adour non réalimenté"",""Z1-222- 32 - Rivière L'Arros réalimenté"",""Rivière l''Arros réalimenté"",""Rivière Adour et canaux associés"",""Bassin versant de l''Adour non réalimenté"",""Complexe Cassagnac - La Barne réalimentée"",""BV de l'Adour"",""BV de l'Adour"",""BV du canal d'Alaric"",""BV de l'Echez"",""BV du canal d'Alaric"",""Rivière Estéous - Canal d''Alaric"",""BV de l'Echez"",""Bassin versant Adour Aire-Aval-Audon non réalimenté"",""Z1-222-32 - Bassin versant de l'Arros non réalimenté""]","[2880,2849,2914,2858,2851,3966,3974,3968,3973,3186,3181,3195,3198,3200,3972,3178,3971,2866]"